Tiempo_s,r_l,u
2130.32,9.45516014099121,55.7999992370605
2130.547,9.18720054626465,55.7999992370605
2130.774,9.44718551635742,55.7999992370605
2131.001,9.19039058685303,55.7999992370605
2131.227,9.18879508972168,55.7999992370605
2131.454,9.45675563812256,55.7999992370605
2131.681,9.19039058685303,55.7999992370605
2131.908,9.45197010040283,55.7999992370605
2132.135,9.18879508972168,55.7999992370605
2132.361,9.19039058685303,55.7999992370605
2132.588,9.45994567871094,55.7999992370605
2132.815,9.19039058685303,55.7999992370605
2133.042,9.45675563812256,55.7999992370605
2133.269,9.18879508972168,55.7999992370605
2133.495,9.18879508972168,55.7999992370605
2133.721,9.19039058685303,55.7999992370605
2133.948,9.40731048583984,55.7999992370605
2134.174,9.41528511047363,55.7999992370605
2134.402,9.18879508972168,55.7999992370605
2134.629,9.18879508972168,55.7999992370605
2134.855,9.18879508972168,55.7999992370605
2135.082,9.1856050491333,55.7999992370605
2135.309,9.18720054626465,55.7999992370605
2135.536,9.45835018157959,55.7999992370605
2135.764,9.18879508972168,55.7999992370605
2135.991,9.18720054626465,55.7999992370605
2136.218,9.45994567871094,55.7999992370605
2136.445,9.1856050491333,55.7999992370605
2136.672,9.42007064819336,55.7999992370605
2136.899,9.18879508972168,55.7999992370605
2137.126,9.45516014099121,55.7999992370605
2137.353,9.18720054626465,55.7999992370605
2137.58,9.45675563812256,55.7999992370605
2137.807,9.18879508972168,55.7999992370605
2138.034,9.45675563812256,8.69999980926514
2138.262,1.82468008995056,8.69999980926514
2138.489,1.82308506965637,8.69999980926514
2138.716,1.74971508979797,8.69999980926514
2138.942,1.81192004680634,8.69999980926514
2139.17,1.82468008995056,42
2139.397,7.06425523757935,42
2139.625,7.21578025817871,42
2139.852,6.95101022720337,42
2140.079,6.95420026779175,42
2140.306,7.2173752784729,42
2140.533,6.97014999389648,42
2140.76,7.21578025817871,42
2140.986,7.21897029876709,42
2141.213,6.94463014602661,42
2141.439,7.0562801361084,42
2141.666,7.2173752784729,42
2141.893,6.94941520690918,42
2142.121,7.21578025817871,42
2142.348,6.95260524749756,42
2142.575,6.94941520690918,42
2142.802,7.21578025817871,42
2143.028,7.2173752784729,42
2143.256,6.95101022720337,42
2143.483,6.95260524749756,42
2143.71,7.2030200958252,42
2143.937,6.96695995330811,42
2144.164,7.21578025817871,42
2144.39,7.21578025817871,42
2144.617,7.21418523788452,42
2144.845,7.21259021759033,42
2145.073,7.21418523788452,42
2145.3,6.94782018661499,42
2145.527,6.95260524749756,42
2145.755,7.21578025817871,42
2145.982,7.21418523788452,42
2146.208,7.2173752784729,42
2146.435,6.97174501419067,42
2146.662,7.21259021759033,42
2146.889,6.97493505477905,42
2147.116,6.95101022720337,42
2147.343,6.99726533889771,42
2147.57,7.21578025817871,42
2147.797,6.99886035919189,42
2148.024,7.21578025817871,42
2148.251,2.181960105896,10.8999996185303
2148.478,2.18036508560181,10.8999996185303
2148.705,2.17877006530762,10.8999996185303
2148.932,2.181960105896,10.8999996185303
2149.159,2.17877006530762,10.8999996185303
2149.386,2.18355512619019,10.8999996185303
2149.614,2.18355512619019,10.8999996185303
2149.841,2.181960105896,10.8999996185303
2150.068,2.181960105896,10.8999996185303
2150.296,2.18036508560181,10.8999996185303
2150.524,2.1261351108551,10.8999996185303
2150.75,2.181960105896,10.8999996185303
2150.977,2.17877006530762,10.8999996185303
2151.204,2.181960105896,10.8999996185303
2151.431,2.18355512619019,10.8999996185303
2151.657,2.18355512619019,10.8999996185303
2151.884,2.16919994354248,10.8999996185303
2152.111,14.6516704559326,89.5
2152.339,14.6516704559326,89.5
2152.566,14.699520111084,89.5
2152.793,10.0453100204468,61.0999984741211
2153.02,10.3148651123047,61.0999984741211
2153.247,10.0500955581665,61.0999984741211
2153.474,10.3148651123047,61.0999984741211
2153.7,10.2733955383301,61.0999984741211
2153.927,10.0500955581665,61.0999984741211
2154.153,10.0485000610352,61.0999984741211
2154.379,10.0516901016235,61.0999984741211
2154.605,10.0516901016235,61.0999984741211
2154.832,10.2718000411987,61.0999984741211
2155.058,10.316460609436,61.0999984741211
2155.286,10.0485000610352,61.0999984741211
2155.512,10.246280670166,61.0999984741211
2155.739,10.0500955581665,61.0999984741211
2155.965,10.0485000610352,61.0999984741211
2156.193,10.290940284729,61.0999984741211
2156.42,10.0453100204468,61.0999984741211
2156.647,10.0516901016235,61.0999984741211
2156.874,10.316460609436,61.0999984741211
2157.101,10.0516901016235,61.0999984741211
2157.329,10.3132705688477,61.0999984741211
2157.556,10.0485000610352,61.0999984741211
2157.782,10.3132705688477,32.0999984741211
2158.009,5.44533014297485,32.0999984741211
2158.236,5.61121034622192,32.0999984741211
2158.463,5.45490026473999,32.0999984741211
2158.689,5.53465032577515,32.0999984741211
2158.916,5.57611989974976,32.0999984741211
2159.143,5.42937994003296,32.0999984741211
2159.371,5.61439990997314,14.3999996185303
2159.597,2.74659013748169,14.3999996185303
2159.823,2.74659013748169,14.3999996185303
2160.05,2.74818515777588,14.3999996185303
2160.278,2.68119502067566,14.3999996185303
2160.505,2.74659013748169,14.3999996185303
2160.732,2.74659013748169,14.3999996185303
2160.959,2.74818515777588,14.3999996185303
2161.185,2.74659013748169,14.3999996185303
2161.412,2.74659013748169,14.3999996185303
2161.64,2.65886497497559,14.3999996185303
2161.867,2.74659013748169,14.3999996185303
2162.094,2.73542499542236,14.3999996185303
2162.321,2.74659013748169,14.3999996185303
2162.547,2.74659013748169,14.3999996185303
2162.775,2.74659013748169,14.3999996185303
2163.002,2.73542499542236,14.3999996185303
2163.228,2.74818515777588,14.3999996185303
2163.455,2.74659013748169,82
2163.682,13.5176248550415,82
2163.909,13.4330902099609,82
2164.137,13.4330902099609,82
2164.364,13.6133251190186,82
2164.591,13.4314956665039,82
2164.819,13.4825353622437,49.7999992370605
2165.046,8.46306991577148,49.7999992370605
2165.274,8.21744060516357,49.7999992370605
2165.5,8.48540019989014,49.7999992370605
2165.727,8.22063064575195,49.7999992370605
2165.954,8.48699474334717,49.7999992370605
2166.181,8.21903514862061,49.7999992370605
2166.409,8.48540019989014,49.7999992370605
2166.636,8.44712066650391,49.7999992370605
2166.863,8.22063064575195,49.7999992370605
2167.09,8.48540019989014,49.7999992370605
2167.316,8.48540019989014,49.7999992370605
2167.543,8.22222518920898,49.7999992370605
2167.769,8.23338985443115,49.7999992370605
2167.996,8.46785545349121,49.7999992370605
2168.223,8.22222518920898,49.7999992370605
2168.449,8.21903514862061,49.7999992370605
2168.676,8.48699474334717,49.7999992370605
2168.904,8.22222518920898,49.7999992370605
2169.13,8.42957496643066,49.7999992370605
2169.357,8.22541522979736,49.7999992370605
2169.584,8.48380565643311,49.7999992370605
2169.811,8.22381973266602,49.7999992370605
2170.037,8.3657751083374,49.7999992370605
2170.264,8.45668983459473,49.7999992370605
2170.491,8.22541522979736,49.7999992370605
2170.718,8.48221015930176,49.7999992370605
2170.945,8.22381973266602,49.7999992370605
2171.173,8.47902011871338,49.7999992370605
2171.4,8.47902011871338,49.7999992370605
2171.627,8.22381973266602,49.7999992370605
2171.854,8.42160034179688,49.7999992370605
2172.08,8.48540019989014,49.7999992370605
2172.306,8.48380565643311,49.7999992370605
2172.533,7.5985803604126,46
2172.76,7.86494541168213,46
2172.987,7.60336494445801,46
2173.215,7.86016035079956,46
2173.442,7.86175537109375,46
2173.668,7.86175537109375,46
2173.895,3.44360518455505,18.7999992370605
2174.123,3.46115016937256,18.7999992370605
2174.35,3.46274518966675,18.7999992370605
2174.577,3.45955514907837,18.7999992370605
2174.803,3.46115016937256,18.7999992370605
2175.03,3.46115016937256,18.7999992370605
2175.257,3.46115016937256,18.7999992370605
2175.484,3.46115016937256,18.7999992370605
2175.711,3.45955514907837,18.7999992370605
2175.939,3.46115016937256,18.7999992370605
2176.166,3.46274518966675,18.7999992370605
2176.393,10.9528656005859,66.6999969482422
2176.621,11.1777601242065,66.6999969482422
2176.848,11.2112550735474,66.6999969482422
2177.075,10.954460144043,66.6999969482422
2177.302,15.1413354873657,92.1999969482422
2177.528,15.1461200714111,92.1999969482422
2177.755,15.0823202133179,92.1999969482422
2177.982,15.1445255279541,92.1999969482422
2178.208,15.0839157104492,92.1999969482422
2178.434,15.1477155685425,92.1999969482422
2178.661,11.5254707336426,70.1999969482422
2178.888,11.7423906326294,70.1999969482422
2179.114,11.7790756225586,70.1999969482422
2179.342,11.5254707336426,70.1999969482422
2179.569,11.5190906524658,70.1999969482422
2179.795,11.5238752365112,70.1999969482422
2180.021,11.5222806930542,70.1999969482422
2180.248,11.7902402877808,70.1999969482422
2180.475,11.5238752365112,70.1999969482422
2180.702,11.7679100036621,70.1999969482422
2180.929,11.5270652770996,70.1999969482422
2181.156,11.7615299224854,70.1999969482422
2181.383,11.5254707336426,70.1999969482422
2181.611,11.6833753585815,70.1999969482422
2181.838,11.7886457443237,70.1999969482422
2182.065,11.5238752365112,70.1999969482422
2182.292,11.7902402877808,70.1999969482422
2182.519,11.5254707336426,70.1999969482422
2182.746,11.7663154602051,70.1999969482422
2182.973,11.688159942627,70.1999969482422
2183.2,11.7695055007935,70.1999969482422
2183.426,11.7455806732178,70.1999969482422
2183.653,11.5286598205566,70.1999969482422
2183.88,11.783860206604,70.1999969482422
2184.107,11.5270652770996,70.1999969482422
2184.334,11.7439851760864,70.1999969482422
2184.561,11.5238752365112,70.1999969482422
2184.788,11.7184648513794,42.7999992370605
2185.015,7.08339500427246,42.7999992370605
2185.243,7.34657001495361,42.7999992370605
2185.47,7.3481650352478,42.7999992370605
2185.697,7.08818006515503,42.7999992370605
2185.924,7.08339500427246,42.7999992370605
2186.151,7.17750024795532,42.7999992370605
2186.378,7.3481650352478,42.7999992370605
2186.605,7.08977508544922,42.7999992370605
2186.832,7.3481650352478,69.9000015258789
2187.059,11.4824056625366,69.9000015258789
2187.285,11.4824056625366,69.9000015258789
2187.513,11.5908651351929,69.9000015258789
2187.74,11.6993255615234,69.9000015258789
2187.966,11.7455806732178,69.9000015258789
2188.194,11.4808101654053,69.9000015258789
2188.421,11.4792156219482,69.9000015258789
2188.647,11.4824056625366,69.9000015258789
2188.874,11.7280349731445,69.9000015258789
2189.1,11.7455806732178,69.9000015258789
2189.327,11.4808101654053,69.9000015258789
2189.554,11.7009201049805,69.9000015258789
2189.781,11.4792156219482,69.9000015258789
2190.008,11.6977300643921,69.9000015258789
2190.236,11.4776201248169,69.9000015258789
2190.463,11.4808101654053,69.9000015258789
2190.689,11.4808101654053,12.1000003814697
2190.915,2.37176513671875,12.1000003814697
2191.142,2.25054502487183,12.1000003814697
2191.369,2.37973999977112,12.1000003814697
2191.596,2.37495493888855,12.1000003814697
2191.823,2.37176513671875,12.1000003814697
2192.05,2.37336015701294,12.1000003814697
2192.276,2.36857509613037,12.1000003814697
2192.503,2.37017011642456,12.1000003814697
2192.73,2.37495493888855,12.1000003814697
2192.957,2.37336015701294,12.1000003814697
2193.184,2.37336015701294,12.1000003814697
2193.411,2.37336015701294,12.1000003814697
2193.638,2.37495493888855,12.1000003814697
2193.865,2.37654995918274,12.1000003814697
2194.091,2.37495493888855,12.1000003814697
2194.318,2.33826994895935,12.1000003814697
2194.546,2.33986496925354,12.1000003814697
2194.773,2.37176513671875,12.1000003814697
2195.001,2.37176513671875,12.1000003814697
2195.228,2.37336015701294,12.1000003814697
2195.456,2.35581517219543,12.1000003814697
2195.683,2.37495493888855,12.1000003814697
2195.91,2.36857509613037,12.1000003814697
2196.138,2.3271050453186,12.1000003814697
2196.364,2.37336015701294,12.1000003814697
2196.591,2.37176513671875,12.1000003814697
2196.818,2.37176513671875,12.1000003814697
2197.045,2.37495493888855,12.1000003814697
2197.272,2.37495493888855,12.1000003814697
2197.498,2.36857509613037,12.1000003814697
2197.725,2.37176513671875,12.1000003814697
2197.951,2.37495493888855,12.1000003814697
2198.178,2.36698007583618,12.1000003814697
2198.405,2.37176513671875,12.1000003814697
2198.632,2.35740995407104,12.1000003814697
2198.859,2.38133502006531,12.1000003814697
2199.085,15.2147054672241,93
2199.312,15.2178955078125,93
2199.539,15.2178955078125,93
2199.765,15.2163000106812,93
2199.993,15.2147054672241,93
2200.22,15.2689352035522,93
2200.446,15.2689352035522,93
2200.674,15.2163000106812,93
2200.901,15.2147054672241,93
2201.128,15.2131099700928,93
2201.354,15.2673406600952,93
2201.581,15.2147054672241,93
2201.807,15.2178955078125,93
2202.033,15.2163000106812,93
2202.259,15.2147054672241,93
2202.486,15.2163000106812,93
2202.712,15.2258701324463,93
2202.939,15.2147054672241,93
2203.166,15.2147054672241,93
2203.394,10.6593856811523,64.8000030517578
2203.621,10.656195640564,64.8000030517578
2203.848,10.9193706512451,64.8000030517578
2204.075,10.657790184021,64.8000030517578
2204.301,10.657790184021,64.8000030517578
2204.528,10.9193706512451,64.8000030517578
2204.755,10.6546001434326,64.8000030517578
2204.982,10.9193706512451,64.8000030517578
2205.209,10.657790184021,64.8000030517578
2205.437,10.9066104888916,64.8000030517578
2205.664,10.9193706512451,64.8000030517578
2205.892,10.6593856811523,64.8000030517578
2206.118,10.9193706512451,64.8000030517578
2206.345,10.6625757217407,64.8000030517578
2206.572,10.9193706512451,64.8000030517578
2206.799,10.6609802246094,64.8000030517578
2207.026,10.9193706512451,64.8000030517578
2207.253,10.6593856811523,64.8000030517578
2207.48,10.9177751541138,52.4000015258789
2207.707,8.64649486541748,52.4000015258789
2207.934,8.90328979492188,52.4000015258789
2208.16,8.90169525146484,52.4000015258789
2208.386,8.90169525146484,52.4000015258789
2208.613,8.64649486541748,52.4000015258789
2208.839,8.64490032196045,52.4000015258789
2209.066,8.86501026153564,52.4000015258789
2209.293,8.64649486541748,5.40000009536743
2209.52,1.28557002544403,5.40000009536743
2209.747,1.29514002799988,5.40000009536743
2209.973,1.29354500770569,5.40000009536743
2210.2,1.29354500770569,5.40000009536743
2210.427,1.29514002799988,5.40000009536743
2210.654,1.29354500770569,5.40000009536743
2210.881,1.29354500770569,5.40000009536743
2211.108,1.2919499874115,5.40000009536743
2211.335,1.29354500770569,5.40000009536743
2211.562,1.29514002799988,5.40000009536743
2211.788,1.29514002799988,5.40000009536743
2212.015,1.29354500770569,5.40000009536743
2212.241,1.2903550863266,5.40000009536743
2212.468,1.29514002799988,5.40000009536743
2212.695,1.29354500770569,5.40000009536743
2212.923,1.29514002799988,5.40000009536743
2213.151,1.29514002799988,5.40000009536743
2213.378,1.29354500770569,5.40000009536743
2213.606,1.29354500770569,5.40000009536743
2213.833,1.29514002799988,5.40000009536743
2214.06,1.29514002799988,5.40000009536743
2214.287,1.29514002799988,5.40000009536743
2214.515,1.29514002799988,5.40000009536743
2214.742,1.29514002799988,45.4000015258789
2214.97,7.51085519790649,45.4000015258789
2215.197,7.51404523849487,45.4000015258789
2215.424,7.77084016799927,45.4000015258789
2215.651,7.51404523849487,45.4000015258789
2215.878,7.77084016799927,45.4000015258789
2216.105,7.57465505599976,45.4000015258789
2216.332,7.77243518829346,45.4000015258789
2216.559,7.50607013702393,45.4000015258789
2216.787,7.77084016799927,45.4000015258789
2217.014,7.77084016799927,45.4000015258789
2217.241,7.5092601776123,45.4000015258789
2217.468,7.73734521865845,45.4000015258789
2217.695,7.77243518829346,45.4000015258789
2217.922,7.77084016799927,45.4000015258789
2218.149,7.50447511672974,45.4000015258789
2218.377,7.77084016799927,45.4000015258789
2218.604,7.75967502593994,45.4000015258789
2218.831,7.51723527908325,45.4000015258789
2219.058,7.73575019836426,45.4000015258789
2219.285,7.6049599647522,45.4000015258789
2219.512,7.77084016799927,45.4000015258789
2219.739,7.76924514770508,45.4000015258789
2219.967,7.76924514770508,45.4000015258789
2220.194,7.71182537078857,45.4000015258789
2220.421,7.77084016799927,45.4000015258789
2220.648,7.77243518829346,45.4000015258789
2220.875,7.51245021820068,45.4000015258789
2221.102,7.7086353302002,45.4000015258789
2221.329,7.50607013702393,45.4000015258789
2221.555,7.51404523849487,45.4000015258789
2221.782,7.77084016799927,45.4000015258789
2222.009,7.50447511672974,45.4000015258789
2222.235,7.50607013702393,45.4000015258789
2222.462,7.69747018814087,45.4000015258789
2222.689,7.50447511672974,45.4000015258789
2222.916,7.73575019836426,45.4000015258789
2223.144,7.51085519790649,45.4000015258789
2223.371,7.51085519790649,45.4000015258789
2223.597,7.54275512695312,45.4000015258789
2223.824,5.29699516296387,27.7000007629395
2224.051,4.78500032424927,27.7000007629395
2224.278,4.89505529403687,27.7000007629395
2224.505,4.89984035491943,27.7000007629395
2224.732,4.86315488815308,27.7000007629395
2224.959,4.8743200302124,27.7000007629395
2225.186,4.90302991867065,27.7000007629395
2225.413,4.84401512145996,27.7000007629395
2225.641,15.7570056915283,96.3000030517578
2225.868,15.7538156509399,96.3000030517578
2226.095,15.7586002349854,96.3000030517578
2226.322,15.7745504379272,96.3000030517578
2226.549,15.7570056915283,96.3000030517578
2226.776,15.7538156509399,96.3000030517578
2227.003,15.7570056915283,96.3000030517578
2227.23,15.7586002349854,96.3000030517578
2227.458,15.755410194397,96.3000030517578
2227.685,7.46779012680054,44.9000015258789
2227.912,7.68630504608154,44.9000015258789
2228.139,7.53478002548218,45.5999984741211
2228.367,7.79476499557495,45.5999984741211
2228.594,7.79955005645752,45.5999984741211
2228.821,7.53956508636475,45.5999984741211
2229.048,7.80114507675171,45.5999984741211
2229.275,7.57465505599976,45.5999984741211
2229.503,7.80114507675171,45.5999984741211
2229.73,7.80433511734009,45.5999984741211
2229.957,7.53956508636475,45.5999984741211
2230.184,6.36405038833618,36.7000007629395
2230.41,6.36405038833618,36.7000007629395
2230.638,6.09928035736084,36.7000007629395
2230.865,6.2364501953125,36.7000007629395
2231.092,6.36245536804199,36.7000007629395
2231.318,6.33214998245239,36.7000007629395
2231.545,6.14713001251221,36.7000007629395
2231.772,6.35767030715942,36.7000007629395
2231.999,6.11682510375977,36.7000007629395
2232.227,6.3608603477478,36.7000007629395
2232.454,6.36245536804199,36.7000007629395
2232.681,6.21252536773682,36.7000007629395
2232.908,6.36245536804199,36.7000007629395
2233.135,6.1997652053833,36.7000007629395
2233.362,6.36245536804199,36.7000007629395
2233.59,6.09928035736084,36.7000007629395
2233.818,6.09928035736084,36.7000007629395
2234.045,6.24123525619507,36.7000007629395
2234.271,6.26356506347656,36.7000007629395
2234.498,6.26835012435913,36.7000007629395
2234.725,6.32098531723022,36.7000007629395
2234.952,6.36405038833618,36.7000007629395
2235.179,6.2731351852417,36.7000007629395
2235.406,6.35288524627686,36.7000007629395
2235.633,6.17105531692505,36.7000007629395
2235.86,6.36405038833618,36.7000007629395
2236.086,6.36245536804199,36.7000007629395
2236.314,6.09768533706665,36.7000007629395
2236.542,6.09768533706665,36.7000007629395
2236.769,6.17902994155884,36.7000007629395
2236.996,6.36245536804199,36.7000007629395
2237.223,6.17743492126465,76.0999984741211
2237.45,12.7153406143188,76.0999984741211
2237.677,12.4824705123901,76.0999984741211
2237.905,12.5989055633545,76.0999984741211
2238.131,12.4808750152588,76.0999984741211
2238.359,12.543080329895,76.0999984741211
2238.585,12.4824705123901,76.0999984741211
2238.812,12.6627054214478,76.0999984741211
2239.038,12.6292104721069,76.0999984741211
2239.265,12.4808750152588,76.0999984741211
2239.492,12.7185306549072,76.0999984741211
2239.719,12.4808750152588,76.0999984741211
2239.945,12.4824705123901,76.0999984741211
2240.172,12.7137451171875,76.0999984741211
2240.399,12.4824705123901,76.0999984741211
2240.627,12.5733852386475,76.0999984741211
2240.855,12.5670051574707,76.0999984741211
2241.081,12.4856605529785,76.0999984741211
2241.308,12.6515407562256,76.0999984741211
2241.535,12.4792804718018,76.0999984741211
2241.762,12.6324005126953,76.0999984741211
2241.988,12.6196403503418,76.0999984741211
2242.214,12.7121505737305,76.0999984741211
2242.442,12.4824705123901,76.0999984741211
2242.669,12.4808750152588,76.0999984741211
2242.897,12.5717906951904,22.5
2243.124,4.06406021118164,22.5
2243.351,4.04172992706299,22.5
2243.578,4.06406021118164,22.5
2243.805,4.04332494735718,22.5
2244.032,4.02259016036987,22.5
2244.259,4.0178050994873,77.4000015258789
2244.486,12.8014707565308,77.4000015258789
2244.713,12.7998752593994,77.4000015258789
2244.94,12.9290704727173,77.4000015258789
2245.166,12.9115257263184,77.4000015258789
2245.394,12.6946048736572,77.4000015258789
2245.62,12.88440990448,14.3000001907349
2245.847,2.73223495483398,14.3000001907349
2246.074,2.72904515266418,14.3000001907349
2246.3,2.71947503089905,14.3000001907349
2246.528,2.71947503089905,14.3000001907349
2246.754,2.58230495452881,14.3000001907349
2246.981,2.73064017295837,14.3000001907349
2247.208,2.72904515266418,14.3000001907349
2247.436,2.72107005119324,14.3000001907349
2247.663,2.73064017295837,14.3000001907349
2247.889,2.73223495483398,14.3000001907349
2248.116,2.73223495483398,14.3000001907349
2248.343,2.73223495483398,14.3000001907349
2248.57,2.73064017295837,14.3000001907349
2248.797,2.72904515266418,14.3000001907349
2249.024,2.73223495483398,14.3000001907349
2249.251,2.72904515266418,14.3000001907349
2249.478,2.73064017295837,14.3000001907349
2249.705,2.73223495483398,14.3000001907349
2249.932,2.69714498519897,14.3000001907349
2250.158,2.73223495483398,14.3000001907349
2250.385,2.72904515266418,14.3000001907349
2250.613,2.72745013237,14.3000001907349
2250.84,2.73064017295837,14.3000001907349
2251.067,2.72904515266418,14.3000001907349
2251.294,2.73064017295837,14.3000001907349
2251.521,2.73382997512817,14.3000001907349
2251.748,2.73223495483398,14.3000001907349
2251.975,2.73223495483398,14.3000001907349
2252.202,2.73223495483398,14.3000001907349
2252.429,2.73382997512817,14.3000001907349
2252.656,2.72904515266418,14.3000001907349
2252.884,2.72107005119324,14.3000001907349
2253.111,2.73064017295837,14.3000001907349
2253.338,2.73223495483398,14.3000001907349
2253.565,2.72745013237,14.3000001907349
2253.793,2.72904515266418,14.3000001907349
2254.021,2.73064017295837,14.3000001907349
2254.248,15.0743455886841,92.0999984741211
2254.475,15.0727500915527,92.0999984741211
2254.703,4.62390518188477,26
2254.929,4.5967903137207,26
2255.156,4.62231016159058,26
2255.383,4.55532026290894,26
2255.61,4.62390518188477,26
2255.836,4.62231016159058,26
2256.064,4.44686031341553,26
2256.291,4.5297999382019,26
2256.517,4.56967496871948,26
2256.744,4.62231016159058,26
2256.971,4.62390518188477,26
2257.198,4.62231016159058,26
2257.425,5.73562002182007,34
2257.652,5.91904497146606,34
2257.879,5.8185601234436,34
2258.107,5.91904497146606,34
2258.334,5.9142599105835,34
2258.561,5.76432991027832,34
2258.788,5.9078803062439,34
2259.015,5.74359512329102,34
2259.242,5.92063999176025,34
2259.47,5.6574649810791,34
2259.697,5.76432991027832,34
2259.924,5.91904497146606,34
2260.151,5.87279033660889,34
2260.378,5.88555002212524,34
2260.605,5.70691013336182,34
2260.833,5.91904497146606,34
2261.059,5.76273536682129,34
2261.286,5.91904497146606,34
2261.513,5.76273536682129,34
2261.74,5.91904497146606,34
2261.967,5.70850515365601,34
2262.194,5.91744995117188,34
2262.421,5.79623031616211,34
2262.649,5.91904497146606,34
2262.877,5.91904497146606,34
2263.104,5.92063999176025,34
2263.331,5.81696510314941,34
2263.558,5.90947532653809,34
2263.785,5.70531511306763,34
2264.012,5.91904497146606,34
2264.239,5.79623031616211,34
2264.467,5.91904497146606,34
2264.694,5.91904497146606,34
2264.921,5.78825521469116,34
2265.148,5.91904497146606,34
2265.375,5.78985023498535,34
2265.602,5.88714504241943,34
2265.829,5.73242998123169,34
2266.056,5.91744995117188,34
2266.283,5.82175016403198,34
2266.51,5.91904497146606,34
2266.737,5.79144525527954,34
2266.964,5.91904497146606,34
2267.191,5.73881006240845,34
2267.418,5.91904497146606,34
2267.645,5.79942035675049,34
2267.872,5.91904497146606,34
2268.098,5.88395500183105,34
2268.326,5.6574649810791,34
2268.553,5.87598037719727,34
2268.78,5.9142599105835,8.19999980926514
2269.007,1.74173998832703,8.19999980926514
2269.234,1.74333500862122,8.19999980926514
2269.46,1.74493002891541,8.19999980926514
2269.687,1.74173998832703,8.19999980926514
2269.915,1.74333500862122,8.19999980926514
2270.143,1.74333500862122,8.19999980926514
2270.37,1.74173998832703,8.19999980926514
2270.597,1.74173998832703,8.19999980926514
2270.825,1.74333500862122,8.19999980926514
2271.052,1.74493002891541,8.19999980926514
2271.279,1.74173998832703,8.19999980926514
2271.505,1.74173998832703,8.19999980926514
2271.732,1.74333500862122,8.19999980926514
2271.96,1.74333500862122,8.19999980926514
2272.187,1.74493002891541,8.19999980926514
2272.415,1.74652504920959,8.19999980926514
2272.643,1.74493002891541,8.19999980926514
2272.87,1.74333500862122,8.19999980926514
2273.097,1.74173998832703,8.19999980926514
2273.323,1.74333500862122,8.19999980926514
2273.55,1.74333500862122,8.19999980926514
2273.777,1.74493002891541,8.19999980926514
2274.003,1.74173998832703,8.19999980926514
2274.23,1.73057508468628,8.19999980926514
2274.457,1.74333500862122,8.19999980926514
2274.683,1.74173998832703,8.19999980926514
2274.91,1.74333500862122,8.19999980926514
2275.137,1.74333500862122,8.19999980926514
2275.364,1.74173998832703,8.19999980926514
2275.591,1.74173998832703,8.19999980926514
2275.817,1.74173998832703,8.19999980926514
2276.043,1.74173998832703,8.19999980926514
2276.271,1.74493002891541,8.19999980926514
2276.498,1.74173998832703,8.19999980926514
2276.724,1.74333500862122,8.19999980926514
2276.95,1.67475008964539,8.19999980926514
2277.176,1.74493002891541,8.19999980926514
2277.404,11.9545249938965,72.8000030517578
2277.631,11.9545249938965,72.8000030517578
2277.858,12.1427354812622,72.8000030517578
2278.084,12.1395454406738,72.8000030517578
2278.31,12.176230430603,72.8000030517578
2278.537,11.9497404098511,72.8000030517578
2278.764,12.1347599029541,72.8000030517578
2278.992,11.9513349533081,72.8000030517578
2279.218,12.1363554000854,72.8000030517578
2279.446,11.9497404098511,72.8000030517578
2279.674,11.9529304504395,72.8000030517578
2279.901,11.9545249938965,72.8000030517578
2280.129,12.0821256637573,72.8000030517578
2280.356,12.2065353393555,72.8000030517578
2280.583,11.9513349533081,72.8000030517578
2280.809,11.9497404098511,72.8000030517578
2281.035,11.9529304504395,72.8000030517578
2281.262,11.9497404098511,72.8000030517578
2281.489,11.9513349533081,72.8000030517578
2281.715,11.9497404098511,72.8000030517578
2281.942,12.2161054611206,72.8000030517578
2282.169,11.9481449127197,72.8000030517578
2282.396,12.1682548522949,72.8000030517578
2282.624,15.9500007629395,98.5999984741211
2282.85,15.9500007629395,98.5999984741211
2283.077,15.9500007629395,98.5999984741211
2283.304,15.9500007629395,98.5999984741211
2283.531,15.9500007629395,98.5999984741211
2283.758,15.9500007629395,98.5999984741211
2283.984,15.9500007629395,98.5999984741211
2284.211,15.9500007629395,98.5999984741211
2284.437,15.9500007629395,98.5999984741211
2284.664,15.9500007629395,98.5999984741211
2284.89,15.9500007629395,30.2999992370605
2285.117,5.21086502075195,30.2999992370605
2285.344,5.32091999053955,30.2999992370605
2285.571,5.15504026412964,30.2999992370605
2285.797,5.21246004104614,30.2999992370605
2286.024,5.32570505142212,30.2999992370605
2286.251,5.23797988891602,30.2999992370605
2286.478,5.32091999053955,30.2999992370605
2286.704,5.32411003112793,30.2999992370605
2286.931,5.18534517288208,30.2999992370605
2287.159,5.32251501083374,30.2999992370605
2287.386,5.07529020309448,30.2999992370605
2287.613,5.32091999053955,30.2999992370605
2287.84,5.32570505142212,30.2999992370605
2288.066,5.32411003112793,30.2999992370605
2288.293,5.27307033538818,30.2999992370605
2288.521,5.32411003112793,30.2999992370605
2288.748,5.32091999053955,30.2999992370605
2288.974,5.32411003112793,30.2999992370605
2289.201,5.32411003112793,30.2999992370605
2289.429,5.32411003112793,30.2999992370605
2289.656,5.32411003112793,30.2999992370605
2289.883,5.15982532501221,30.2999992370605
2290.109,5.21246004104614,30.2999992370605
2290.336,5.3129448890686,30.2999992370605
2290.564,5.09762001037598,30.2999992370605
2290.791,5.23797988891602,30.2999992370605
2291.018,5.32091999053955,30.2999992370605
2291.245,5.23000526428223,30.2999992370605
2291.472,5.32091999053955,30.2999992370605
2291.699,5.20767498016357,30.2999992370605
2291.926,5.30975532531738,30.2999992370605
2292.153,5.15504026412964,30.2999992370605
2292.381,5.32091999053955,30.2999992370605
2292.607,5.21405506134033,30.2999992370605
2292.834,5.32091999053955,30.2999992370605
2293.06,5.32411003112793,30.2999992370605
2293.286,5.32251501083374,30.2999992370605
2293.513,5.21086502075195,65.5
2293.74,11.0310201644897,65.5
2293.967,10.7630605697632,65.5
2294.194,11.0310201644897,65.5
2294.42,11.0070953369141,65.5
2294.646,11.0182600021362,65.5
2294.874,10.7630605697632,65.5
2295.101,10.7646551132202,65.5
2295.328,11.0310201644897,65.5
2295.554,11.0310201644897,65.5
2295.781,10.7646551132202,65.5
2296.007,10.7630605697632,65.5
2296.234,11.0310201644897,65.5
2296.461,10.7614650726318,65.5
2296.687,10.7598705291748,73.4000015258789
2296.913,12.0486307144165,73.4000015258789
2297.14,12.3134002685547,73.4000015258789
2297.368,12.0486307144165,73.4000015258789
2297.595,12.0502252578735,73.4000015258789
2297.822,12.3134002685547,73.4000015258789
2298.049,12.0486307144165,73.4000015258789
2298.276,12.2767152786255,73.4000015258789
2298.502,12.2735252380371,73.4000015258789
2298.729,12.0502252578735,73.4000015258789
2298.956,12.3054256439209,73.4000015258789
2299.184,12.0454406738281,73.4000015258789
2299.411,12.0454406738281,73.4000015258789
2299.639,12.193775177002,73.4000015258789
2299.866,14.5272607803345,98.1999969482422
2300.093,15.9500007629395,98.1999969482422
2300.321,15.9500007629395,98.1999969482422
2300.549,12.1315698623657,69
2300.776,11.5860805511475,69
2301.004,11.3292856216431,69
2301.231,11.3308801651001,69
2301.457,11.3292856216431,69
2301.684,11.5892705917358,69
2301.912,11.3308801651001,69
2302.139,11.3276901245117,69
2302.367,11.504734992981,69
2302.595,11.5063304901123,69
2302.822,11.5828905105591,69
2303.048,11.5892705917358,69
2303.276,11.3324756622314,69
2303.503,5.58249998092651,31.8999996185303
2303.73,5.58249998092651,31.8999996185303
2303.957,5.42300033569336,31.8999996185303
2304.184,3.67328500747681,20.1000003814697
2304.41,3.63340997695923,20.1000003814697
2304.637,3.64617013931274,20.1000003814697
2304.864,3.67168998718262,20.1000003814697
2305.092,3.59194016456604,20.1000003814697
2305.32,3.47869515419006,20.1000003814697
2305.547,3.62384009361267,20.1000003814697
2305.773,3.61426997184753,20.1000003814697
2306,3.66690516471863,20.1000003814697
2306.228,3.59512996673584,20.1000003814697
2306.455,3.67009520530701,20.1000003814697
2306.683,3.67009520530701,20.1000003814697
2306.91,3.66690516471863,20.1000003814697
2307.137,3.67009520530701,20.1000003814697
2307.364,3.67168998718262,20.1000003814697
2307.591,3.62224507331848,20.1000003814697
2307.818,3.67009520530701,20.1000003814697
2308.045,3.66531014442444,20.1000003814697
2308.271,3.65095520019531,20.1000003814697
2308.498,3.67647504806519,20.1000003814697
2308.725,3.65893006324768,20.1000003814697
2308.951,3.62543511390686,20.1000003814697
2309.177,3.63181519508362,20.1000003814697
2309.404,3.67647504806519,20.1000003814697
2309.63,3.674880027771,20.1000003814697
2309.857,3.6015100479126,20.1000003814697
2310.084,3.67168998718262,20.1000003814697
2310.31,3.67647504806519,20.1000003814697
2310.537,3.674880027771,20.1000003814697
2310.764,3.67168998718262,20.1000003814697
2310.99,3.59991502761841,20.1000003814697
2311.217,3.67328500747681,20.1000003814697
2311.444,3.67647504806519,20.1000003814697
2311.671,3.674880027771,20.1000003814697
2311.898,3.67966508865356,20.1000003814697
2312.124,3.67168998718262,20.1000003814697
2312.351,3.59832000732422,20.1000003814697
2312.578,3.67168998718262,20.1000003814697
2312.805,3.65733504295349,20.1000003814697
2313.032,3.59512996673584,20.1000003814697
2313.258,3.674880027771,20.1000003814697
2313.485,3.67328500747681,20.1000003814697
2313.712,3.674880027771,20.1000003814697
2313.939,3.674880027771,20.1000003814697
2314.166,3.67328500747681,20.1000003814697
2314.393,3.64776515960693,17.1000003814697
2314.62,3.18681001663208,17.1000003814697
2314.847,3.18840503692627,17.1000003814697
2315.074,3.18840503692627,17.1000003814697
2315.302,3.11663007736206,17.1000003814697
2315.529,3.19159507751465,57.9000015258789
2315.756,9.79808521270752,57.9000015258789
2315.983,9.53331565856934,57.9000015258789
2316.21,9.75980567932129,57.9000015258789
2316.438,9.53331565856934,57.9000015258789
2316.665,9.53491020202637,57.9000015258789
2316.891,9.53012561798096,29.1000003814697
2317.118,5.12951993942261,29.1000003814697
2317.345,5.02903509140015,29.1000003814697
2317.571,5.05934000015259,29.1000003814697
2317.798,5.13430500030518,68.0999984741211
2318.026,11.1873302459717,68.0999984741211
2318.252,11.4520998001099,68.0999984741211
2318.48,11.1857357025146,68.0999984741211
2318.706,11.4536952972412,68.0999984741211
2318.933,11.1873302459717,68.0999984741211
2319.16,11.4552898406982,68.0999984741211
2319.387,11.1857357025146,68.0999984741211
2319.615,11.3739452362061,68.0999984741211
2319.843,11.4010601043701,68.0999984741211
2320.069,11.1841402053833,68.0999984741211
2320.296,11.4552898406982,68.0999984741211
2320.522,11.4552898406982,68.0999984741211
2320.749,11.1873302459717,68.0999984741211
2320.976,11.4026556015015,68.0999984741211
2321.203,11.1841402053833,68.0999984741211
2321.43,11.4106302261353,42.9000015258789
2321.656,7.37049531936646,42.9000015258789
2321.883,7.30988502502441,42.9000015258789
2322.11,7.35295009613037,42.9000015258789
2322.337,7.1440052986145,42.9000015258789
2322.564,7.30031538009644,42.9000015258789
2322.791,7.09934520721436,42.9000015258789
2323.018,7.34337997436523,32.2999992370605
2323.245,5.64949035644531,32.2999992370605
2323.472,5.64949035644531,32.2999992370605
2323.7,5.42300033569336,32.2999992370605
2323.927,5.5474100112915,32.2999992370605
2324.154,5.64949035644531,32.2999992370605
2324.381,5.55219507217407,32.2999992370605
2324.608,5.64949035644531,32.2999992370605
2324.835,5.59685516357422,32.2999992370605
2325.061,5.48839521408081,32.2999992370605
2325.288,5.64949035644531,32.2999992370605
2325.514,5.60802030563354,32.2999992370605
2325.741,5.46446990966797,32.2999992370605
2325.968,5.64949035644531,32.2999992370605
2326.195,5.59685516357422,32.2999992370605
2326.422,5.45809030532837,30.7999992370605
2326.649,5.23319530487061,30.7999992370605
2326.876,5.40386009216309,30.7999992370605
2327.103,5.40386009216309,30.7999992370605
2327.33,5.40386009216309,30.7999992370605
2327.556,5.40386009216309,30.7999992370605
2327.782,7.65121507644653,45.0999984741211
2328.009,7.50288009643555,45.0999984741211
2328.235,7.45502996444702,45.0999984741211
2328.462,7.72618007659912,45.0999984741211
2328.689,7.52999496459961,45.0999984741211
2328.916,4.62390518188477,26
2329.143,4.53458499908447,26
2329.37,4.62550020217896,26
2329.598,4.45642995834351,26
2329.826,4.45004987716675,26
2330.053,4.62390518188477,26
2330.279,4.59200525283813,26
2330.506,4.62550020217896,26
2330.733,4.5297999382019,26
2330.96,4.62390518188477,26
2331.186,4.62390518188477,26
2331.413,4.62231016159058,26
2331.64,4.62231016159058,26
2331.867,4.50428009033203,26
2332.094,4.45483493804932,26
2332.321,4.5664849281311,26
2332.549,4.62390518188477,26
2332.776,4.62390518188477,26
2333.003,4.62231016159058,26
2333.23,4.62231016159058,26
2333.456,4.62390518188477,26
2333.682,4.62550020217896,26
2333.909,4.62390518188477,26
2334.135,4.62071514129639,26
2334.362,4.62390518188477,26
2334.589,4.62231016159058,26
2334.816,4.62231016159058,26
2335.043,4.56329488754272,26
2335.27,4.62550020217896,26
2335.497,4.62231016159058,26
2335.724,4.62390518188477,26
2335.95,4.62390518188477,26
2336.177,4.61752510070801,26
2336.404,4.62550020217896,26
2336.63,4.62390518188477,26
2336.857,4.58881521224976,26
2337.084,4.62550020217896,26
2337.311,4.5601053237915,26
2337.538,4.62390518188477,26
2337.765,4.50428009033203,26
2337.991,4.50587511062622,26
2338.219,4.62390518188477,26
2338.446,4.62390518188477,26
2338.673,4.48354530334473,45.4000015258789
2338.899,7.54275512695312,45.4000015258789
2339.126,7.72618007659912,45.4000015258789
2339.353,7.53956508636475,45.4000015258789
2339.58,7.76924514770508,45.4000015258789
2339.807,7.50447511672974,45.4000015258789
2340.034,7.77243518829346,45.4000015258789
2340.262,7.5092601776123,49.2999992370605
2340.489,8.40884017944336,49.2999992370605
2340.715,8.13769054412842,49.2999992370605
2340.942,8.40565013885498,49.2999992370605
2341.169,8.1408805847168,49.2999992370605
2341.396,8.40405559539795,49.2999992370605
2341.623,8.13769054412842,49.2999992370605
2341.85,8.40884017944336,49.2999992370605
2342.077,8.15682983398438,49.2999992370605
2342.303,8.13609504699707,49.2999992370605
2342.53,8.40884017944336,49.2999992370605
2342.757,8.13928508758545,49.2999992370605
2342.983,8.13769054412842,86.8000030517578
2343.21,14.2975807189941,86.8000030517578
2343.437,14.2226152420044,86.8000030517578
2343.664,14.2991752624512,86.8000030517578
2343.891,14.219425201416,86.8000030517578
2344.117,14.2162351608276,86.8000030517578
2344.344,14.3454303741455,86.8000030517578
2344.571,14.2226152420044,32.7999992370605
2344.798,5.72604990005493,32.7999992370605
2345.025,5.70372009277344,32.7999992370605
2345.251,5.53465032577515,32.7999992370605
2345.478,5.73242998123169,32.7999992370605
2345.706,5.46765995025635,50.2000007629395
2345.933,8.28124046325684,50.2000007629395
2346.16,8.55079555511475,50.2000007629395
2346.387,8.28443050384521,50.2000007629395
2346.614,8.55398559570312,50.2000007629395
2346.841,8.28443050384521,50.2000007629395
2347.067,8.28443050384521,50.2000007629395
2347.294,8.55239009857178,50.2000007629395
2347.52,8.5492000579834,50.2000007629395
2347.747,8.28602504730225,50.2000007629395
2347.974,8.55239009857178,50.2000007629395
2348.201,8.28443050384521,50.2000007629395
2348.427,8.28443050384521,19.7000007629395
2348.653,3.54089999198914,19.7000007629395
2348.881,3.60629510879517,19.7000007629395
2349.108,3.59991502761841,19.7000007629395
2349.335,3.60470008850098,19.7000007629395
2349.561,3.60629510879517,19.7000007629395
2349.788,3.60629510879517,19.7000007629395
2350.016,3.53133010864258,19.7000007629395
2350.243,3.59194016456604,19.7000007629395
2350.47,3.60629510879517,19.7000007629395
2350.697,3.60629510879517,19.7000007629395
2350.923,3.60948514938354,19.7000007629395
2351.15,3.60948514938354,19.7000007629395
2351.378,3.50740504264832,25.1000003814697
2351.605,4.48354530334473,25.1000003814697
2351.832,4.48673534393311,25.1000003814697
2352.06,4.23153495788574,25.1000003814697
2352.286,4.48195028305054,25.1000003814697
2352.512,4.46440505981445,25.1000003814697
2352.739,4.43091011047363,25.1000003814697
2352.966,4.47876024246216,25.1000003814697
2353.193,4.48195028305054,25.1000003814697
2353.419,4.39741516113281,25.1000003814697
2353.646,4.48035526275635,25.1000003814697
2353.872,4.48035526275635,25.1000003814697
2354.098,4.48673534393311,25.1000003814697
2354.325,4.43729019165039,25.1000003814697
2354.552,4.48673534393311,25.1000003814697
2354.778,4.48354530334473,25.1000003814697
2355.006,4.31926012039185,25.1000003814697
2355.233,4.46281003952026,25.1000003814697
2355.46,4.48195028305054,25.1000003814697
2355.687,4.43729019165039,25.1000003814697
2355.914,6.18381500244141,35.5999984741211
2356.141,5.98603534698486,35.5999984741211
2356.368,6.1854100227356,35.5999984741211
2356.595,6.06737995147705,35.5999984741211
2356.822,6.1854100227356,35.5999984741211
2357.048,6.18700504302979,35.5999984741211
2357.274,6.18381500244141,35.5999984741211
2357.501,5.98284530639648,35.5999984741211
2357.728,6.1854100227356,35.5999984741211
2357.954,6.1854100227356,35.5999984741211
2358.18,6.18381500244141,35.5999984741211
2358.407,6.06578493118286,35.5999984741211
2358.635,6.1854100227356,35.5999984741211
2358.862,6.16467523574829,35.5999984741211
2359.089,5.98284530639648,35.5999984741211
2359.315,3.68445014953613,20.2000007629395
2359.541,3.66531014442444,20.2000007629395
2359.767,3.68604516983032,20.2000007629395
2359.994,3.68604516983032,20.2000007629395
2360.22,3.68604516983032,20.2000007629395
2360.447,3.68445014953613,20.2000007629395
2360.675,3.68604516983032,20.2000007629395
2360.902,3.68604516983032,20.2000007629395
2361.128,3.68604516983032,20.2000007629395
2361.355,3.68445014953613,20.2000007629395
2361.582,3.68604516983032,20.2000007629395
2361.809,3.66371512413025,20.2000007629395
2362.035,15.5767707824707,95.1999969482422
2362.262,15.5751752853394,95.1999969482422
2362.489,15.5751752853394,95.1999969482422
2362.715,14.6676206588745,89.5999984741211
2362.942,14.6915454864502,89.5999984741211
2363.169,8.40405559539795,50.9000015258789
2363.396,8.66563510894775,50.9000015258789
2363.623,8.39927005767822,50.9000015258789
2363.85,8.66404056549072,50.9000015258789
2364.078,8.4024600982666,50.9000015258789
2364.305,8.39608001708984,50.9000015258789
2364.532,8.66404056549072,50.9000015258789
2364.759,8.43276500701904,50.9000015258789
2364.985,8.39927005767822,50.9000015258789
2365.212,8.66563510894775,50.9000015258789
2365.44,8.39448547363281,50.9000015258789
2365.668,8.39288997650146,50.9000015258789
2365.895,8.39608001708984,50.9000015258789
2366.121,8.39448547363281,50.9000015258789
2366.348,8.61618995666504,39.5999984741211
2366.575,6.61446523666382,39.5999984741211
2366.801,6.5650200843811,39.5999984741211
2367.027,6.56821012496948,39.5999984741211
2367.254,6.83457517623901,39.5999984741211
2367.481,6.64477014541626,39.5999984741211
2367.708,6.83457517623901,39.5999984741211
2367.935,6.6383900642395,39.5999984741211
2368.162,6.83138513565063,39.5999984741211
2368.39,6.56661510467529,39.5999984741211
2368.617,6.6383900642395,39.5999984741211
2368.844,6.83298015594482,39.5999984741211
2369.071,6.64317512512207,39.5999984741211
2369.298,6.81543493270874,39.5999984741211
2369.525,6.56342506408691,39.5999984741211
2369.751,6.56183004379272,39.5999984741211
2369.977,6.65115022659302,39.5999984741211
2370.204,6.83298015594482,39.5999984741211
2370.431,6.61287021636963,39.5999984741211
2370.657,6.56342506408691,39.5999984741211
2370.883,6.6750750541687,39.5999984741211
2371.11,6.75323009490967,39.5999984741211
2371.337,6.64317512512207,39.5999984741211
2371.564,6.83457517623901,16.7999992370605
2371.792,3.02252507209778,16.7999992370605
2372.472,3.14215016365051,16.7999992370605
2372.698,3.13896012306213,16.7999992370605
2372.925,3.13577008247375,16.7999992370605
2373.152,3.1469349861145,16.7999992370605
2373.379,3.14055514335632,16.7999992370605
2373.605,3.1437451839447,16.7999992370605
2373.832,3.14533996582031,16.7999992370605
2374.06,3.06878018379211,16.7999992370605
2374.287,3.13896012306213,16.7999992370605
2374.514,3.13098502159119,82.1999969482422
2374.741,13.4618005752563,82.1999969482422
2374.968,13.6276807785034,82.1999969482422
2375.194,13.6388454437256,82.1999969482422
2375.421,13.4649906158447,82.1999969482422
2375.647,13.4649906158447,82.1999969482422
2375.874,13.598970413208,82.1999969482422
2376.101,13.4649906158447,82.1999969482422
2376.329,13.4921054840088,82.1999969482422
2376.555,13.4633951187134,82.1999969482422
2376.781,13.4649906158447,82.1999969482422
2377.008,13.642035484314,82.1999969482422
2377.236,13.4665851593018,82.1999969482422
2377.463,13.4649906158447,82.1999969482422
2377.69,13.6340599060059,82.1999969482422
2377.918,13.4649906158447,82.1999969482422
2378.145,13.4649906158447,82.1999969482422
2378.371,13.4681806564331,82.1999969482422
2378.598,13.5463352203369,82.1999969482422
2378.825,13.4633951187134,82.1999969482422
2379.052,13.6340599060059,82.1999969482422
2379.279,13.4633951187134,82.1999969482422
2379.506,13.5495252609253,82.1999969482422
2379.733,13.4633951187134,82.1999969482422
2379.96,13.5702600479126,82.1999969482422
2380.187,13.4649906158447,82.1999969482422
2380.413,13.4633951187134,82.1999969482422
2380.64,13.6388454437256,82.1999969482422
2380.867,13.4665851593018,82.1999969482422
2381.093,13.4633951187134,82.1999969482422
2381.32,13.5750455856323,82.1999969482422
2381.547,13.4665851593018,82.1999969482422
2381.774,6.0897102355957,27.7999992370605
2382.001,4.78340530395508,27.7999992370605
2382.228,4.91579008102417,27.7999992370605
2382.454,4.91579008102417,27.7999992370605
2382.681,4.87112998962402,27.7999992370605
2382.908,4.90940999984741,27.7999992370605
2383.135,4.8376350402832,27.7999992370605
2383.362,4.91738510131836,27.7999992370605
2383.589,4.84242010116577,27.7999992370605
2383.816,4.91419506072998,27.7999992370605
2384.042,4.91419506072998,27.7999992370605
2384.269,4.91260004043579,27.7999992370605
2384.496,4.91579008102417,27.7999992370605
2384.723,4.8902702331543,27.7999992370605
2384.949,4.82806491851807,27.7999992370605
2385.176,4.91898012161255,27.7999992370605
2385.403,4.86156034469604,27.7999992370605
2385.629,4.78659534454346,27.7999992370605
2385.856,5.42140531539917,30.8999996185303
2386.083,5.30816030502319,30.8999996185303
2386.31,5.40705013275146,30.8999996185303
2386.537,5.36398506164551,30.8999996185303
2386.763,5.34006023406982,30.8999996185303
2386.991,5.41981029510498,30.8999996185303
2387.217,5.31135034561157,30.8999996185303
2387.443,5.33368015289307,30.8999996185303
2387.67,12.769570350647,76.4000015258789
2387.896,12.656325340271,76.4000015258789
2388.123,1.42433500289917,6.19999980926514
2388.35,1.42752504348755,6.19999980926514
2388.577,1.42273998260498,6.19999980926514
2388.803,1.42273998260498,6.19999980926514
2389.03,1.40998005867004,6.19999980926514
2389.257,1.42273998260498,6.19999980926514
2389.484,1.42273998260498,6.19999980926514
2389.712,1.42114508152008,6.19999980926514
2389.939,1.42433500289917,6.19999980926514
2390.166,1.42273998260498,6.19999980926514
2390.393,1.42433500289917,6.19999980926514
2390.62,1.42593002319336,6.19999980926514
2390.847,1.22815001010895,5
2391.074,1.22815001010895,5
2391.301,1.22815001010895,82.5
2391.529,13.5144357681274,82.5
2391.756,13.6484155654907,82.5
2391.983,13.5128402709961,82.5
2392.209,13.5112457275391,82.5
2392.435,13.5096502304077,82.5
2392.663,13.5463352203369,82.5
2392.889,13.5144357681274,82.5
2393.116,13.6835050582886,82.5
2393.343,13.5128402709961,82.5
2393.57,13.5909957885742,82.5
2393.797,13.5160303115845,82.5
2394.023,13.5128402709961,82.5
2394.249,13.5160303115845,82.5
2394.476,13.6213006973267,82.5
2394.703,13.5128402709961,82.5
2394.929,13.5080556869507,82.5
2395.156,13.6213006973267,82.5
2395.383,13.5112457275391,82.5
2395.61,13.6213006973267,82.5
2395.837,13.5112457275391,82.5
2396.064,13.686695098877,82.5
2396.291,13.5128402709961,82.5
2396.518,13.6835050582886,82.5
2396.745,13.5160303115845,82.5
2396.973,13.5144357681274,82.5
2397.199,13.5112457275391,82.5
2397.425,13.5160303115845,82.5
2397.653,13.5144357681274,82.5
2397.88,13.5112457275391,82.5
2398.108,13.5112457275391,82.5
2398.335,13.5160303115845,82.5
2398.561,13.5128402709961,82.5
2398.789,13.5160303115845,82.5
2399.016,13.6532001495361,82.5
2399.243,13.5112457275391,82.5
2399.469,13.5144357681274,82.5
2399.696,13.6914806365967,82.5
2399.924,13.5112457275391,40.5999984741211
2400.151,6.799485206604,40.5999984741211
2400.378,6.99248027801514,40.5999984741211
2400.604,6.99088525772095,40.5999984741211
2400.832,6.71814012527466,40.5999984741211
2401.059,6.72292518615723,40.5999984741211
2401.286,6.97334003448486,40.5999984741211
2401.513,6.76439523696899,40.5999984741211
2401.739,6.71814012527466,40.5999984741211
2401.965,6.78832006454468,40.5999984741211
2402.191,6.78832006454468,40.5999984741211
2402.418,6.99407529830933,40.5999984741211
2402.645,6.72452020645142,40.5999984741211
2402.872,6.96855497360229,40.5999984741211
2403.098,6.99248027801514,40.5999984741211
2403.324,6.99088525772095,40.5999984741211
2403.551,6.84733533859253,40.5999984741211
2403.778,6.97334003448486,94.3000030517578
2404.005,15.4316253662109,94.3000030517578
2404.231,15.4316253662109,94.3000030517578
2404.458,15.4699048995972,94.3000030517578
2404.686,15.4348154067993,94.3000030517578
2404.913,15.4316253662109,94.3000030517578
2405.14,15.4667158126831,94.3000030517578
2405.366,15.4300308227539,94.3000030517578
2405.593,15.433219909668,52.2000007629395
2405.821,8.87936496734619,52.2000007629395
2406.047,8.60980987548828,52.2000007629395
2406.273,8.60821533203125,52.2000007629395
2406.501,8.87617492675781,52.2000007629395
2406.728,8.87936496734619,52.2000007629395
2406.956,8.60821533203125,52.2000007629395
2407.183,8.60821533203125,52.2000007629395
2407.409,8.60980987548828,52.2000007629395
2407.635,8.61299991607666,52.2000007629395
2407.862,8.87777042388916,52.2000007629395
2408.089,8.60980987548828,52.2000007629395
2408.315,8.60821533203125,52.2000007629395
2408.542,8.88096046447754,52.2000007629395
2408.768,8.88096046447754,52.2000007629395
2408.995,8.61140537261963,52.2000007629395
2409.221,8.60821533203125,52.2000007629395
2409.448,5.25871515274048,23.7999992370605
2409.675,4.21399021148682,23.7999992370605
2409.901,4.26821994781494,23.7999992370605
2410.128,4.26981496810913,23.7999992370605
2410.355,4.26981496810913,23.7999992370605
2410.582,4.27140998840332,23.7999992370605
2410.81,4.14700031280518,23.7999992370605
2411.038,4.13105010986328,23.7999992370605
2411.265,4.18368530273438,23.7999992370605
2411.492,4.26662492752075,23.7999992370605
2411.719,4.20282506942749,23.7999992370605
2411.945,4.26981496810913,23.7999992370605
2412.172,4.26821994781494,23.7999992370605
2412.399,4.23153495788574,23.7999992370605
2412.626,4.26981496810913,23.7999992370605
2412.854,4.14859533309937,23.7999992370605
2413.081,4.26502990722656,23.7999992370605
2413.307,4.26024532318115,23.7999992370605
2413.534,4.26821994781494,23.7999992370605
2413.76,4.27140998840332,23.7999992370605
2413.987,4.26821994781494,23.7999992370605
2414.213,4.26502990722656,23.7999992370605
2414.44,4.27140998840332,23.7999992370605
2414.666,4.24748516082764,23.7999992370605
2414.893,4.26662492752075,23.7999992370605
2415.12,4.26981496810913,23.7999992370605
2415.347,4.26502990722656,23.7999992370605
2415.574,4.26981496810913,23.7999992370605
2415.8,4.27300500869751,23.7999992370605
2416.028,4.09277009963989,23.7999992370605
2416.255,4.26024532318115,23.7999992370605
2416.482,4.26981496810913,23.7999992370605
2416.71,4.12626504898071,23.7999992370605
2416.937,4.26662492752075,23.7999992370605
2417.164,4.26821994781494,23.7999992370605
2417.392,4.12147998809814,23.7999992370605
2417.619,4.21080017089844,23.7999992370605
2417.846,4.27140998840332,23.7999992370605
2418.072,4.27140998840332,23.7999992370605
2418.298,4.27140998840332,23.7999992370605
2418.524,4.26981496810913,23.7999992370605
2418.75,4.26981496810913,23.7999992370605
2418.977,4.23472499847412,23.7999992370605
2420.566,9.23505020141602,54.4000015258789
2420.793,8.96549510955811,54.4000015258789
2421.02,9.164870262146,54.4000015258789
2421.248,8.96549510955811,54.4000015258789
2421.475,8.96549510955811,54.4000015258789
2421.702,9.24143028259277,54.4000015258789
2421.929,8.96709060668945,54.4000015258789
2422.155,8.96390056610107,54.4000015258789
2422.381,8.96709060668945,54.4000015258789
2422.608,9.19358062744141,54.4000015258789
2422.835,8.96230506896973,54.4000015258789
2423.061,8.96868515014648,54.4000015258789
2423.288,9.23505020141602,54.4000015258789
2423.514,9.23505020141602,54.4000015258789
2423.741,8.96390056610107,54.4000015258789
2423.968,9.22707557678223,54.4000015258789
2424.194,9.22069549560547,54.4000015258789
2424.421,8.96709060668945,54.4000015258789
2424.648,9.23026561737061,54.4000015258789
2424.875,8.96549510955811,54.4000015258789
2425.102,9.23345565795898,54.4000015258789
2425.329,8.96549510955811,54.4000015258789
2425.556,9.19677066802979,54.4000015258789
2425.783,8.96709060668945,54.4000015258789
2426.01,9.23345565795898,54.4000015258789
2426.237,8.96709060668945,54.4000015258789
2426.464,9.23186016082764,54.4000015258789
2426.691,8.96390056610107,54.4000015258789
2426.919,9.23186016082764,54.4000015258789
2427.145,8.96390056610107,54.4000015258789
2427.372,9.23345565795898,54.4000015258789
2427.599,8.96549510955811,54.4000015258789
2427.826,9.23345565795898,54.4000015258789
2428.053,8.96549510955811,54.4000015258789
2428.28,9.23345565795898,54.4000015258789
2428.507,8.96549510955811,54.4000015258789
2428.734,9.22867012023926,54.4000015258789
2428.961,8.96709060668945,54.4000015258789
2429.188,9.23345565795898,54.4000015258789
2429.414,9.23505020141602,54.4000015258789
2429.64,9.23664474487305,54.4000015258789
2429.868,8.96390056610107,54.4000015258789
2430.095,8.96549510955811,54.4000015258789
2430.322,9.23186016082764,54.4000015258789
2430.549,8.96709060668945,54.4000015258789
2430.775,8.96390056610107,54.4000015258789
2431.002,9.18720054626465,33.2000007629395
2431.229,5.62237501144409,33.2000007629395
2431.455,5.68298530578613,33.2000007629395
2431.681,5.5840950012207,6.40000009536743
2431.907,1.45144999027252,6.40000009536743
2432.134,1.43550002574921,6.40000009536743
2432.36,1.45304501056671,6.40000009536743
2432.586,1.43390500545502,6.40000009536743
2432.812,1.45304501056671,27.2999992370605
2433.038,4.83923006057739,27.2999992370605
2433.266,4.64783000946045,8.89999961853027
2433.493,1.85977005958557,8.89999961853027
2433.72,1.81989502906799,8.89999961853027
2433.946,1.85817503929138,8.89999961853027
2434.172,1.86136507987976,8.89999961853027
2434.399,1.85817503929138,8.89999961853027
2434.626,1.85977005958557,8.89999961853027
2434.853,1.85817503929138,8.89999961853027
2435.08,1.85977005958557,8.89999961853027
2435.307,1.85817503929138,8.89999961853027
2435.534,1.86296010017395,8.89999961853027
2435.761,1.85817503929138,8.89999961853027
2435.988,1.8183000087738,8.89999961853027
2436.215,1.854984998703,8.89999961853027
2436.442,1.85658001899719,8.89999961853027
2436.668,1.84541499614716,8.89999961853027
2436.895,5.06253004074097,39.7000007629395
2437.122,6.84893035888672,39.7000007629395
2437.349,6.66231536865234,39.7000007629395
2437.576,6.8521203994751,39.7000007629395
2437.802,6.83457517623901,39.7000007629395
2438.029,6.58894538879395,39.7000007629395
2438.257,6.84893035888672,39.7000007629395
2438.484,4.48354530334473,25.1000003814697
2438.712,4.26183986663818,25.1000003814697
2438.939,4.48035526275635,25.1000003814697
2439.165,4.37349033355713,25.1000003814697
2439.392,4.48354530334473,25.1000003814697
2439.62,4.33042526245117,25.1000003814697
2439.847,4.48195028305054,25.1000003814697
2440.074,4.47876024246216,25.1000003814697
2440.302,4.31607007980347,25.1000003814697
2440.529,4.48354530334473,25.1000003814697
2440.756,1.51844000816345,6.80000019073486
2440.984,1.45942509174347,6.80000019073486
2441.211,1.51844000816345,6.80000019073486
2441.437,1.51844000816345,6.80000019073486
2441.663,1.51844000816345,6.80000019073486
2441.89,1.51844000816345,6.80000019073486
2442.117,1.51844000816345,6.80000019073486
2442.343,1.51844000816345,6.80000019073486
2442.569,1.51844000816345,6.80000019073486
2442.796,1.47537505626678,6.80000019073486
2443.023,1.51844000816345,6.80000019073486
2443.25,1.52003502845764,6.80000019073486
2443.476,1.51844000816345,6.80000019073486
2443.703,1.51844000816345,6.80000019073486
2443.929,1.51844000816345,6.80000019073486
2444.156,1.50408506393433,6.80000019073486
2444.383,1.51844000816345,6.80000019073486
2444.61,1.5088700056076,6.80000019073486
2444.836,1.51844000816345,6.80000019073486
2445.062,1.51844000816345,6.80000019073486
2445.289,1.51844000816345,6.80000019073486
2445.516,1.51844000816345,6.80000019073486
2445.743,1.51844000816345,6.80000019073486
2445.97,1.51844000816345,6.80000019073486
2446.197,1.51844000816345,6.80000019073486
2446.424,1.51844000816345,6.80000019073486
2446.651,1.51844000816345,6.80000019073486
2446.877,1.51844000816345,6.80000019073486
2447.104,1.51844000816345,6.80000019073486
2447.331,1.51844000816345,6.80000019073486
2447.559,1.52003502845764,6.80000019073486
2447.786,1.51844000816345,6.80000019073486
2448.012,1.52003502845764,6.80000019073486
2448.239,1.51844000816345,6.80000019073486
2448.466,1.50568008422852,6.80000019073486
2448.693,1.52003502845764,6.80000019073486
2448.919,1.51844000816345,6.80000019073486
2449.146,1.51844000816345,6.80000019073486
2449.373,1.51844000816345,6.80000019073486
2449.601,1.52003502845764,6.80000019073486
2449.828,1.52003502845764,6.80000019073486
2450.055,1.51844000816345,6.80000019073486
2450.282,1.51844000816345,6.80000019073486
2450.509,1.51684498786926,6.80000019073486
2450.736,1.52003502845764,6.80000019073486
2450.962,1.52003502845764,6.80000019073486
2451.188,1.52003502845764,6.80000019073486
2451.415,1.51844000816345,6.80000019073486
2451.641,1.51844000816345,6.80000019073486
2451.867,1.51844000816345,6.80000019073486
2452.094,1.51844000816345,18.6000003814697
2452.321,3.40373015403748,18.6000003814697
2452.547,3.42606019973755,18.6000003814697
2452.775,3.43244004249573,18.6000003814697
2453.002,3.42765498161316,18.6000003814697
2453.229,3.43084502220154,18.6000003814697
2453.456,3.43244004249573,18.6000003814697
2453.683,3.42765498161316,18.6000003814697
2453.91,3.42925000190735,18.6000003814697
2454.138,3.34152507781982,18.6000003814697
2454.365,3.43244004249573,18.6000003814697
2454.591,3.42925000190735,18.6000003814697
2454.819,3.42925000190735,18.6000003814697
2455.046,3.42765498161316,18.6000003814697
2455.273,3.42446517944336,18.6000003814697
2455.501,3.42925000190735,18.6000003814697
2455.728,3.38778018951416,18.6000003814697
2455.955,3.43084502220154,87.9000015258789
2456.182,14.5097150802612,87.9000015258789
2456.409,14.3980655670166,87.9000015258789
2456.635,14.401255607605,87.9000015258789
2456.862,14.5065250396729,87.9000015258789
2457.089,14.401255607605,87.9000015258789
2457.315,14.3980655670166,87.9000015258789
2457.542,14.4395351409912,87.9000015258789
2457.768,14.4427251815796,87.9000015258789
2457.995,14.3948755264282,87.9000015258789
2458.223,14.3996601104736,87.9000015258789
2458.45,14.4363451004028,57.5999984741211
2458.677,9.48387050628662,57.5999984741211
2458.904,9.68643569946289,57.5999984741211
2459.131,9.48546504974365,57.5999984741211
2459.358,9.73747539520264,57.5999984741211
2459.585,9.48546504974365,57.5999984741211
2459.811,9.47908496856689,57.5999984741211
2460.038,9.74545001983643,36.4000015258789
2460.265,6.20933532714844,36.4000015258789
2460.492,6.30822515487671,36.4000015258789
2460.718,6.29546499252319,36.4000015258789
2460.945,6.10406494140625,36.4000015258789
2461.172,6.3098201751709,36.4000015258789
2461.4,6.04824018478394,36.4000015258789
2461.627,6.16148519515991,36.4000015258789
2461.854,6.04345512390137,36.4000015258789
2462.081,7.62569522857666,81.6999969482422
2462.308,13.5622854232788,81.6999969482422
2462.535,13.3852405548096,81.6999969482422
2462.762,13.5271949768066,81.6999969482422
2462.99,13.3852405548096,81.6999969482422
2463.217,13.3852405548096,81.6999969482422
2463.445,13.3884305953979,81.6999969482422
2463.672,13.528790473938,81.6999969482422
2463.898,13.554310798645,81.6999969482422
2464.125,13.3852405548096,81.6999969482422
2464.353,13.4330902099609,81.6999969482422
2464.58,13.5511207580566,81.6999969482422
2464.807,13.3836450576782,81.6999969482422
2465.034,13.4554204940796,81.6999969482422
2465.261,13.3852405548096,81.6999969482422
2465.488,13.3820505142212,81.6999969482422
2465.715,13.3836450576782,81.6999969482422
2465.943,13.4378757476807,81.6999969482422
2466.17,13.3852405548096,81.6999969482422
2466.397,13.3836450576782,81.6999969482422
2466.624,13.485725402832,81.6999969482422
2466.851,13.3852405548096,81.6999969482422
2467.079,13.4283056259155,81.6999969482422
2467.306,13.4713706970215,81.6999969482422
2467.533,13.3852405548096,81.6999969482422
2467.76,13.5176248550415,81.6999969482422
2467.987,1.45144999027252,6.40000009536743
2468.214,1.45304501056671,6.40000009536743
2468.442,1.45144999027252,6.40000009536743
2468.668,1.45144999027252,6.40000009536743
2468.895,1.45144999027252,6.40000009536743
2469.122,1.45144999027252,6.40000009536743
2469.348,1.4370950460434,6.40000009536743
2469.574,1.45144999027252,6.40000009536743
2469.801,1.45144999027252,6.40000009536743
2470.029,1.45304501056671,6.40000009536743
2470.256,1.45144999027252,6.40000009536743
2470.484,1.45144999027252,6.40000009536743
2470.711,1.45304501056671,6.40000009536743
2470.938,1.35734498500824,6.40000009536743
2471.165,1.45144999027252,6.40000009536743
2471.392,1.45144999027252,6.40000009536743
2471.619,1.45144999027252,6.40000009536743
2471.846,1.45304501056671,6.40000009536743
2472.073,1.45304501056671,6.40000009536743
2472.3,1.45304501056671,6.40000009536743
2472.527,1.45144999027252,6.40000009536743
2472.754,1.44187998771667,6.40000009536743
2472.981,1.45304501056671,6.40000009536743
2473.208,1.45144999027252,6.40000009536743
2473.434,1.45144999027252,6.40000009536743
2473.661,1.45144999027252,6.40000009536743
2473.888,1.45144999027252,96.0999984741211
2474.116,15.7251052856445,96.0999984741211
2474.343,15.7203207015991,96.0999984741211
2474.57,15.7298908233643,96.0999984741211
2474.797,15.7203207015991,96.0999984741211
2475.024,15.7251052856445,96.0999984741211
2475.251,15.7203207015991,96.0999984741211
2475.478,15.7171306610107,96.0999984741211
2475.705,15.7187252044678,96.0999984741211
2475.931,15.7171306610107,96.0999984741211
2476.158,15.7171306610107,96.0999984741211
2476.385,15.7187252044678,96.0999984741211
2476.612,15.7330799102783,96.0999984741211
2476.838,15.7362699508667,96.0999984741211
2477.064,15.7235107421875,96.0999984741211
2477.29,15.7346754074097,96.0999984741211
2477.517,15.7187252044678,96.0999984741211
2477.744,15.7155351638794,96.0999984741211
2477.97,15.7362699508667,96.0999984741211
2478.197,15.7219152450562,96.0999984741211
2478.424,15.7362699508667,96.0999984741211
2478.651,15.7187252044678,96.0999984741211
2478.878,15.7235107421875,96.0999984741211
2479.105,15.7219152450562,96.0999984741211
2479.332,15.737865447998,96.0999984741211
2479.559,15.7219152450562,96.0999984741211
2479.786,15.7219152450562,96.0999984741211
2480.014,15.7203207015991,96.0999984741211
2480.242,15.7235107421875,96.0999984741211
2480.468,15.7203207015991,96.0999984741211
2480.695,15.7203207015991,96.0999984741211
2480.921,15.7203207015991,96.0999984741211
2481.149,15.7187252044678,96.0999984741211
2481.376,15.7362699508667,96.0999984741211
2481.602,15.7203207015991,96.0999984741211
2481.829,15.7203207015991,96.0999984741211
2482.055,15.7251052856445,96.0999984741211
2482.282,15.7219152450562,17.2999992370605
2482.509,3.21552014350891,17.2999992370605
2482.736,3.21552014350891,17.2999992370605
2482.963,3.21552014350891,17.2999992370605
2483.19,3.21871018409729,17.2999992370605
2483.417,3.21552014350891,17.2999992370605
2483.644,3.2171151638031,17.2999992370605
2483.871,3.21552014350891,17.2999992370605
2484.098,3.2171151638031,17.2999992370605
2484.324,3.2171151638031,17.2999992370605
2484.551,3.21552014350891,17.2999992370605
2484.778,3.2171151638031,17.2999992370605
2485.006,3.1469349861145,17.2999992370605
2485.233,3.2171151638031,17.2999992370605
2485.46,3.21552014350891,17.2999992370605
2485.686,3.21552014350891,17.2999992370605
2485.913,3.21552014350891,17.2999992370605
2486.14,3.21552014350891,17.2999992370605
2486.366,3.2171151638031,17.2999992370605
2486.594,3.1469349861145,17.2999992370605
2486.821,3.21552014350891,17.2999992370605
2487.049,3.21871018409729,17.2999992370605
2487.276,3.2171151638031,17.2999992370605
2487.504,3.14533996582031,17.2999992370605
2487.731,3.21552014350891,17.2999992370605
2487.958,3.2171151638031,17.2999992370605
2488.184,3.2171151638031,17.2999992370605
2488.412,3.11663007736206,17.2999992370605
2488.639,3.20435500144958,17.2999992370605
2488.865,3.19797515869141,17.2999992370605
2489.091,3.21552014350891,17.2999992370605
2489.317,3.21552014350891,17.2999992370605
2489.545,3.2171151638031,17.2999992370605
2489.772,3.2171151638031,17.2999992370605
2489.999,2.17717504501343,9.10000038146973
2490.226,1.89326500892639,9.10000038146973
2490.453,1.8916699886322,9.10000038146973
2490.68,1.87731504440308,9.10000038146973
2490.907,1.8916699886322,9.10000038146973
2491.134,1.8741250038147,9.10000038146973
2491.361,1.89645504951477,9.10000038146973
2491.589,1.89805006980896,9.10000038146973
2491.816,1.89645504951477,9.10000038146973
2492.043,1.89326500892639,9.10000038146973
2492.27,1.89486002922058,9.10000038146973
2492.496,1.85817503929138,9.10000038146973
2492.722,1.8916699886322,9.10000038146973
2492.948,1.88050508499146,9.10000038146973
2493.175,1.8916699886322,9.10000038146973
2493.402,1.85020005702972,9.10000038146973
2493.629,1.89486002922058,9.10000038146973
2493.857,1.89486002922058,9.10000038146973
2494.085,1.89486002922058,9.10000038146973
2494.312,1.89486002922058,9.10000038146973
2494.54,1.89486002922058,9.10000038146973
2494.767,1.89486002922058,9.10000038146973
2494.994,1.85179507732391,9.10000038146973
2495.22,1.89326500892639,9.10000038146973
2495.447,1.8916699886322,9.10000038146973
2495.674,1.89645504951477,9.10000038146973
2495.9,1.87891006469727,9.10000038146973
2496.127,1.8916699886322,9.10000038146973
2496.354,1.89486002922058,9.10000038146973
2496.58,5.21086502075195,29.6000003814697
2496.807,5.10719013214111,29.6000003814697
2497.034,5.20927000045776,29.6000003814697
2497.261,5.13749504089355,29.6000003814697
2497.487,5.15344524383545,29.6000003814697
2497.713,5.1247353553772,29.6000003814697
2497.939,5.10719013214111,29.6000003814697
2498.166,5.20927000045776,29.6000003814697
2498.393,5.07688522338867,29.6000003814697
2498.62,5.20927000045776,29.6000003814697
2498.847,5.13270998001099,29.6000003814697
2499.074,5.18853521347046,29.6000003814697
2499.302,4.99394512176514,29.6000003814697
2499.528,5.16939496994019,29.6000003814697
2499.755,5.20927000045776,29.6000003814697
2499.982,5.20927000045776,29.6000003814697
2500.209,5.04020023345947,29.6000003814697
2500.435,5.16460990905762,29.6000003814697
2500.662,5.21086502075195,29.6000003814697
2500.889,5.11357021331787,29.6000003814697
2501.116,5.21086502075195,29.6000003814697
2501.343,5.0210599899292,29.6000003814697
2501.569,5.13909006118774,29.6000003814697
2501.796,5.21086502075195,29.6000003814697
2502.023,5.08007526397705,29.6000003814697
2502.25,5.20767498016357,29.6000003814697
2502.476,5.20927000045776,29.6000003814697
2502.703,5.10719013214111,29.6000003814697
2502.93,5.16620492935181,29.6000003814697
2503.156,5.20927000045776,29.6000003814697
2503.383,5.20927000045776,29.6000003814697
2503.609,5.07369518280029,29.6000003814697
2503.835,5.167799949646,29.6000003814697
2504.062,5.16620492935181,29.6000003814697
2504.288,5.18853521347046,29.6000003814697
2504.514,5.20927000045776,29.6000003814697
2504.741,5.19013023376465,29.6000003814697
2504.968,5.21086502075195,29.6000003814697
2505.195,5.02584505081177,29.6000003814697
2505.422,5.20288991928101,29.6000003814697
2505.649,5.0721001625061,29.6000003814697
2505.876,5.20927000045776,29.6000003814697
2506.102,5.20927000045776,29.6000003814697
2506.329,5.05455493927002,29.6000003814697
2506.556,5.20767498016357,29.6000003814697
2506.783,5.16301488876343,30.3999996185303
2507.01,5.33687019348145,30.3999996185303
2507.236,5.33846521377563,30.3999996185303
2507.463,5.22362518310547,30.3999996185303
2507.69,5.33846521377563,30.3999996185303
2507.916,5.33687019348145,30.3999996185303
2508.143,5.23000526428223,30.3999996185303
2508.37,5.32411003112793,30.3999996185303
2508.597,5.1614203453064,67.5999984741211
2508.824,11.3548049926758,67.5999984741211
2509.051,11.0980100631714,67.5999984741211
2509.277,11.1012001037598,67.5999984741211
2509.505,11.2894105911255,67.5999984741211
2509.732,11.3659706115723,67.5999984741211
2509.958,11.3659706115723,67.5999984741211
2510.185,11.1027956008911,67.5999984741211
2510.412,11.3659706115723,67.5999984741211
2510.639,11.0996055603027,67.5999984741211
2510.866,11.3516149520874,75.6999969482422
2511.093,12.4170751571655,75.6999969482422
2511.32,12.6547298431396,75.6999969482422
2511.546,12.6244249343872,75.6999969482422
2511.773,12.4186706542969,74.1999969482422
2512,12.4266452789307,74.1999969482422
2512.227,12.1682548522949,74.1999969482422
2512.454,12.3437051773071,74.1999969482422
2512.681,12.1682548522949,74.1999969482422
2512.908,12.1746349334717,74.1999969482422
2513.136,12.1698503494263,74.1999969482422
2513.363,12.1714448928833,74.1999969482422
2513.589,12.1666603088379,74.1999969482422
2513.815,12.1682548522949,74.1999969482422
2514.042,12.3740100860596,74.1999969482422
2514.268,12.4218606948853,74.1999969482422
2514.495,12.1698503494263,74.1999969482422
2514.721,12.1682548522949,74.1999969482422
2514.947,12.1698503494263,74.1999969482422
2515.174,12.3756055831909,74.1999969482422
2515.401,12.1698503494263,74.1999969482422
2515.628,12.4202651977539,74.1999969482422
2515.855,12.1682548522949,74.1999969482422
2516.082,12.4122905731201,74.1999969482422
2516.309,12.1698503494263,74.1999969482422
2516.535,12.1650657653809,74.1999969482422
2516.762,12.4282398223877,74.1999969482422
2516.989,12.1682548522949,74.1999969482422
2517.216,12.4011249542236,74.1999969482422
2517.443,12.1714448928833,74.1999969482422
2517.67,12.3213748931885,74.1999969482422
2517.897,12.1714448928833,74.1999969482422
2518.124,12.4011249542236,74.1999969482422
2518.352,12.1714448928833,74.1999969482422
2518.579,12.1698503494263,74.1999969482422
2518.805,12.1730403900146,74.1999969482422
2519.032,12.4106950759888,74.1999969482422
2519.259,12.1682548522949,74.1999969482422
2519.485,12.7647857666016,77.8000030517578
2519.711,12.7647857666016,77.8000030517578
2519.939,12.7807350158691,77.8000030517578
2520.166,12.9769201278687,77.8000030517578
2520.393,12.7663803100586,77.8000030517578
2520.62,12.9896802902222,77.8000030517578
2520.847,12.7615957260132,77.8000030517578
2521.075,12.8445348739624,77.8000030517578
2521.303,12.8158254623413,77.8000030517578
2521.531,12.8588905334473,77.8000030517578
2521.758,12.8971700668335,77.8000030517578
2521.985,6.32098531723022,37.7999992370605
2522.211,6.39914035797119,37.7999992370605
2522.438,6.54269027709961,37.7999992370605
2522.665,6.29067993164062,37.7999992370605
2522.891,6.27154016494751,37.7999992370605
2523.118,6.54269027709961,37.7999992370605
2523.345,6.54109525680542,37.7999992370605
2523.572,6.54269027709961,37.7999992370605
2523.8,6.27473020553589,37.7999992370605
2524.026,6.5283350944519,37.7999992370605
2524.253,6.34331512451172,37.7999992370605
2524.48,6.52674007415771,37.7999992370605
2524.706,6.53950023651123,37.7999992370605
2524.932,6.54269027709961,37.7999992370605
2525.158,5.27147531509399,30
2525.385,5.22841024398804,30
2525.612,5.27466535568237,30
2525.838,5.27307033538818,30
2526.064,5.24755001068115,30
2526.291,5.19013023376465,30
2526.518,5.27307033538818,30
2526.745,5.08486032485962,30
2526.971,5.19491529464722,30
2527.198,5.27147531509399,30
2527.425,5.15663528442383,30
2527.651,5.16460990905762,30
2527.878,5.27147531509399,30
2528.104,5.23000526428223,30
2528.33,5.27147531509399,30
2528.557,5.16620492935181,30
2528.784,5.25393009185791,37.2999992370605
2529.01,6.45496511459351,37.2999992370605
2529.236,6.45496511459351,37.2999992370605
2529.462,6.44220495223999,37.2999992370605
2529.689,6.31939029693604,37.2999992370605
2529.916,6.4342303276062,37.2999992370605
2530.143,6.29865503311157,95.0999984741211
2530.369,15.5560350418091,95.0999984741211
2530.596,15.5560350418091,95.0999984741211
2530.823,15.5576305389404,95.0999984741211
2531.05,15.5863399505615,95.0999984741211
2531.277,15.5576305389404,95.0999984741211
2531.503,15.5592250823975,95.0999984741211
2531.73,15.5544404983521,46.4000015258789
2531.956,7.93353033065796,46.4000015258789
2532.183,7.93353033065796,46.4000015258789
2532.41,7.93672037124634,46.4000015258789
2532.637,7.66557025909424,38.2999992370605
2532.863,6.45177507400513,38.2999992370605
2533.09,6.62403535842896,38.2999992370605
2533.317,6.35129022598267,31.7000007629395
2533.544,5.50753498077393,31.7000007629395
2533.771,5.42459535598755,31.7000007629395
2533.998,5.55538511276245,31.7000007629395
2534.224,5.55379009246826,31.7000007629395
2534.451,5.43097496032715,31.7000007629395
2534.678,5.55219507217407,31.7000007629395
2534.905,5.45968532562256,31.7000007629395
2535.132,5.55698013305664,31.7000007629395
2535.359,5.39748001098633,31.7000007629395
2535.585,5.49318027496338,31.7000007629395
2535.812,5.55060005187988,31.7000007629395
2536.039,5.43416500091553,31.7000007629395
2536.265,5.45649528503418,31.7000007629395
2536.492,5.55538511276245,31.7000007629395
2536.719,5.51870012283325,31.7000007629395
2536.946,5.33846521377563,31.7000007629395
2537.173,5.40864515304565,31.7000007629395
2537.399,5.41981029510498,31.7000007629395
2537.625,5.42459535598755,31.7000007629395
2537.853,5.55379009246826,31.7000007629395
2538.08,5.54900503158569,31.7000007629395
2538.306,5.55379009246826,31.7000007629395
2538.533,5.5107250213623,31.7000007629395
2538.76,5.55379009246826,31.7000007629395
2538.987,5.4022650718689,31.7000007629395
2539.213,5.39428997039795,31.7000007629395
2539.44,5.54900503158569,21.2000007629395
2539.667,3.85033011436462,21.2000007629395
2539.894,3.84075999259949,21.2000007629395
2540.121,3.85033011436462,48.4000015258789
2540.347,8.10579013824463,48.4000015258789
2540.573,7.99733018875122,48.4000015258789
2540.799,7.99892520904541,48.4000015258789
2541.026,8.24615001678467,48.4000015258789
2541.253,7.99095010757446,48.4000015258789
2541.479,8.09302997589111,9.30000019073486
2541.705,1.92037999629974,9.30000019073486
2541.932,1.92197501659393,9.30000019073486
2542.159,1.92037999629974,9.30000019073486
2542.386,1.92197501659393,9.30000019073486
2542.612,1.92197501659393,9.30000019073486
2542.838,1.87731504440308,9.30000019073486
2543.065,1.92037999629974,9.30000019073486
2543.292,1.92197501659393,9.30000019073486
2543.52,1.91559505462646,9.30000019073486
2543.747,1.92037999629974,9.30000019073486
2543.973,1.92037999629974,9.30000019073486
2544.2,1.92197501659393,9.30000019073486
2544.427,1.92037999629974,9.30000019073486
2544.654,1.92037999629974,9.30000019073486
2544.88,1.84541499614716,9.30000019073486
2545.106,1.88209998607635,9.30000019073486
2545.332,1.909215092659,9.30000019073486
2545.559,1.92357003688812,9.30000019073486
2545.787,1.92197501659393,9.30000019073486
2546.014,1.92357003688812,9.30000019073486
2546.24,1.92037999629974,9.30000019073486
2546.467,1.92037999629974,9.30000019073486
2546.694,1.92197501659393,9.30000019073486
2546.92,1.92357003688812,9.30000019073486
2547.148,1.92037999629974,9.30000019073486
2547.376,1.92037999629974,9.30000019073486
2547.603,1.92037999629974,9.30000019073486
2547.83,1.90283501148224,9.30000019073486
2548.057,1.92037999629974,9.30000019073486
2548.284,1.92037999629974,9.30000019073486
2548.511,1.92037999629974,9.30000019073486
2548.738,1.92197501659393,9.30000019073486
2548.965,1.92037999629974,9.30000019073486
2549.192,11.0677051544189,65.6999969482422
2549.419,10.7949600219727,65.6999969482422
2549.646,11.0645151138306,65.6999969482422
2549.873,11.0374002456665,65.6999969482422
2550.1,11.0182600021362,65.6999969482422
2550.327,10.796555519104,65.6999969482422
2550.553,10.7933654785156,65.6999969482422
2550.78,11.0421848297119,65.6999969482422
2551.007,10.796555519104,65.6999969482422
2551.233,10.7949600219727,65.6999969482422
2551.459,10.796555519104,65.6999969482422
2551.686,11.0645151138306,65.6999969482422
2551.913,10.7997455596924,65.6999969482422
2552.14,11.0693006515503,65.6999969482422
2552.368,10.796555519104,65.6999969482422
2552.595,10.796555519104,65.6999969482422
2552.821,10.7949600219727,65.6999969482422
2553.047,10.7949600219727,65.6999969482422
2553.274,1.24888503551483,5.19999980926514
2553.501,1.26323997974396,5.19999980926514
2553.727,1.26323997974396,5.19999980926514
2553.954,1.22336506843567,5.19999980926514
2554.181,1.2552649974823,5.19999980926514
2554.407,1.25845503807068,5.19999980926514
2554.634,1.24250507354736,5.19999980926514
2554.861,1.26323997974396,5.19999980926514
2555.088,1.18986999988556,5.19999980926514
2555.315,1.25686001777649,5.19999980926514
2555.542,1.21379506587982,5.19999980926514
2555.769,1.26323997974396,5.19999980926514
2555.995,1.26005005836487,5.19999980926514
2556.222,1.26323997974396,5.19999980926514
2556.449,1.26005005836487,5.19999980926514
2556.675,1.26323997974396,5.19999980926514
2556.902,1.26323997974396,0
2557.129,0.019140001386404,0
2565.066,8.20946502685547,48.4000015258789
2565.292,8.26210021972656,48.4000015258789
2565.519,7.99892520904541,48.4000015258789
2565.746,8.26210021972656,48.4000015258789
2565.974,7.99254512786865,98.5999984741211
2566.2,15.9500007629395,98.5999984741211
2566.426,15.9500007629395,98.5999984741211
2566.653,15.9500007629395,98.5999984741211
2566.879,15.9500007629395,98.5999984741211
2567.106,15.9500007629395,98.5999984741211
2567.332,15.9500007629395,98.5999984741211
2567.559,15.9500007629395,98.5999984741211
2567.786,15.9500007629395,98.5999984741211
2568.013,15.9500007629395,98.5999984741211
2568.24,15.9500007629395,98.5999984741211
2568.468,15.9500007629395,98.5999984741211
2568.694,15.9500007629395,98.5999984741211
2568.921,15.9500007629395,98.5999984741211
2569.147,15.9500007629395,84.6999969482422
2569.374,14.0152654647827,84.6999969482422
2569.6,13.9833650588989,84.6999969482422
2569.827,13.8669300079346,84.6999969482422
2570.053,13.8685255050659,84.6999969482422
2570.28,14.0152654647827,84.6999969482422
2570.507,13.8669300079346,84.6999969482422
2570.734,13.8685255050659,84.6999969482422
2570.962,13.8653354644775,84.6999969482422
2571.642,13.9833650588989,84.6999969482422
2571.869,13.8685255050659,84.6999969482422
2572.096,14.0152654647827,84.6999969482422
2572.323,13.8637399673462,84.6999969482422
2572.549,13.8653354644775,84.6999969482422
2572.776,13.9578456878662,84.6999969482422
2573.003,12.752025604248,30.2000007629395
2573.23,5.30816030502319,30.2000007629395
2573.457,5.26828527450562,30.2000007629395
2573.684,5.30816030502319,30.2000007629395
2573.911,5.2044849395752,30.2000007629395
2574.138,5.31135034561157,30.2000007629395
2574.365,5.26190519332886,30.2000007629395
2574.592,5.306565284729,30.2000007629395
2574.82,5.08964490890503,30.2000007629395
2575.047,5.1454701423645,30.2000007629395
2575.273,5.30816030502319,30.2000007629395
2575.499,5.19970035552979,30.2000007629395
2575.726,5.31135034561157,30.2000007629395
2575.952,5.30975532531738,30.2000007629395
2576.179,5.15025520324707,30.2000007629395
2576.406,5.30975532531738,30.2000007629395
2576.633,5.25871515274048,30.2000007629395
2576.86,5.23797988891602,30.2000007629395
2577.086,5.30975532531738,30.2000007629395
2577.313,5.20607995986938,30.2000007629395
2577.539,5.11676025390625,30.2000007629395
2577.765,5.30816030502319,30.2000007629395
2577.991,5.24276494979858,30.2000007629395
2578.218,5.3129448890686,30.2000007629395
2578.445,5.20288991928101,30.2000007629395
2578.672,5.30816030502319,30.2000007629395
2578.899,5.17098999023438,30.2000007629395
2579.126,5.30816030502319,30.2000007629395
2579.352,5.31135034561157,30.2000007629395
2579.579,5.22681522369385,30.2000007629395
2579.806,5.31453990936279,30.2000007629395
2580.032,2.12135004997253,10.5
2580.259,2.12135004997253,10.5
2580.486,2.12135004997253,10.5
2580.713,2.12135004997253,10.5
2580.939,2.11975502967834,10.5
2581.166,2.12135004997253,10.5
2581.393,2.11975502967834,10.5
2581.62,2.01767516136169,10.5
2581.847,2.12135004997253,10.5
2582.073,2.12135004997253,10.5
2582.3,2.12135004997253,10.5
2582.527,2.12135004997253,10.5
2582.754,2.12135004997253,10.5
2582.981,2.11975502967834,10.5
2583.209,2.12135004997253,10.5
2583.436,2.12135004997253,10.5
2583.663,2.12135004997253,10.5
2583.89,2.12135004997253,10.5
2584.117,2.12135004997253,10.5
2584.343,2.12135004997253,10.5
2584.57,2.12135004997253,10.5
2584.797,2.12135004997253,10.5
2585.023,2.12135004997253,10.5
2585.25,2.12135004997253,10.5
2585.476,2.12135004997253,10.5
2585.703,2.12135004997253,10.5
2585.931,2.12135004997253,10.5
2586.157,2.12135004997253,10.5
2586.383,2.12135004997253,10.5
2586.61,2.12135004997253,10.5
2586.837,2.12135004997253,10.5
2587.064,2.12135004997253,10.5
2587.29,2.12135004997253,10.5
2587.517,2.12135004997253,10.5
2587.743,2.11975502967834,10.5
2587.97,2.12135004997253,10.5
2588.196,2.12135004997253,10.5
2588.422,2.12135004997253,10.5
2588.648,2.09902000427246,10.5
2588.876,2.11975502967834,10.5
2589.102,2.12135004997253,59.5
2589.329,9.84912490844727,59.5
2589.555,9.79330062866211,59.5
2589.782,10.0644502639771,59.5
2590.462,10.0596656799316,59.5
2590.689,9.79011058807373,59.5
2590.915,9.79011058807373,59.5
2591.142,10.0644502639771,59.5
2591.369,9.79489517211914,59.5
2591.596,9.79330062866211,59.5
2591.824,9.79330062866211,59.5
2592.051,9.79011058807373,59.5
2592.277,9.79170513153076,59.5
2592.504,9.9894847869873,59.5
2592.73,10.0596656799316,59.5
2592.957,9.78851509094238,59.5
2593.183,9.78373050689697,59.5
2593.411,10.0516901016235,59.5
2593.638,10.0644502639771,59.5
2593.864,10.0628547668457,59.5
2594.091,9.78851509094238,59.5
2594.319,10.0548801422119,59.5
2594.545,9.78851509094238,59.5
2594.772,10.0548801422119,59.5
2594.999,9.78851509094238,59.5
2595.226,10.0612602233887,59.5
2595.453,9.79170513153076,59.5
2595.68,10.0548801422119,59.5
2595.907,9.79170513153076,59.5
2596.134,9.84593486785889,80.5
2596.361,13.1922454833984,80.5
2596.589,13.2432851791382,80.5
2596.815,13.1922454833984,80.5
2597.042,13.302300453186,80.5
2597.27,13.1906499862671,80.5
2597.497,13.1906499862671,80.5
2597.724,13.3007049560547,80.5
2597.951,13.1890554428101,80.5
2598.178,13.3246307373047,80.5
2598.405,13.1938400268555,80.5
2598.632,13.3836450576782,80.5
2598.859,13.1906499862671,80.5
2599.087,13.2129802703857,62.5999984741211
2599.314,10.5620899200439,62.5999984741211
2599.541,10.292534828186,53.5
2599.768,9.08512020111084,53.5
2599.994,9.08671474456787,53.5
2600.221,8.8139705657959,34.4000015258789
2600.447,5.83132028579712,34.4000015258789
2600.674,5.98603534698486,34.4000015258789
2600.901,5.77549505233765,34.4000015258789
2601.128,5.71648025512695,34.4000015258789
2601.354,5.98603534698486,34.4000015258789
2601.58,5.93340015411377,34.4000015258789
2601.807,5.82813024520874,34.4000015258789
2602.034,5.98603534698486,34.4000015258789
2602.261,5.7978253364563,34.4000015258789
2602.488,5.98603534698486,34.4000015258789
2602.714,5.98603534698486,34.4000015258789
2602.941,7.36890029907227,52.2000007629395
2603.168,8.87936496734619,52.2000007629395
2603.395,8.61140537261963,52.2000007629395
2603.621,8.60821533203125,52.2000007629395
2603.849,8.8713903427124,52.2000007629395
2604.076,8.85703563690186,52.2000007629395
2604.303,8.6066198348999,52.2000007629395
2604.529,8.60980987548828,52.2000007629395
2604.755,1.36053502559662,5.80000019073486
2604.982,1.36213004589081,5.80000019073486
2605.209,1.36053502559662,5.80000019073486
2605.436,1.36213004589081,5.80000019073486
2605.663,1.36053502559662,5.80000019073486
2605.89,1.36213004589081,5.80000019073486
2606.117,1.363725066185,5.80000019073486
2606.343,1.35894000530243,5.80000019073486
2606.57,1.36213004589081,5.80000019073486
2606.797,1.35894000530243,5.80000019073486
2607.024,1.26643002033234,5.80000019073486
2607.251,1.36053502559662,5.80000019073486
2607.478,1.36213004589081,5.80000019073486
2607.705,1.36053502559662,5.80000019073486
2607.933,1.36213004589081,5.80000019073486
2608.159,1.35894000530243,5.80000019073486
2608.386,1.36053502559662,5.80000019073486
2608.613,1.36053502559662,5.80000019073486
2608.84,1.34139502048492,5.80000019073486
2609.066,1.36053502559662,5.80000019073486
2609.292,1.36213004589081,5.80000019073486
2609.519,1.36053502559662,5.80000019073486
2609.745,1.36053502559662,5.80000019073486
2609.971,1.36053502559662,5.80000019073486
2610.198,1.34299004077911,5.80000019073486
2610.425,1.35894000530243,5.80000019073486
2610.651,1.36053502559662,5.80000019073486
2610.878,1.36213004589081,5.80000019073486
2611.105,1.36053502559662,5.80000019073486
2611.332,1.36053502559662,5.80000019073486
2611.559,1.36213004589081,5.80000019073486
2611.785,1.36213004589081,5.80000019073486
2612.013,1.35894000530243,5.80000019073486
2612.24,1.3079000711441,5.80000019073486
2612.466,1.36053502559662,5.80000019073486
2612.693,1.36053502559662,5.80000019073486
2612.92,1.34299004077911,5.80000019073486
2613.146,4.35435009002686,24.2999992370605
2613.373,4.28576517105103,24.2999992370605
2613.6,4.35435009002686,24.2999992370605
2613.827,4.34956502914429,24.2999992370605
2614.054,4.35435009002686,24.2999992370605
2614.281,4.29533529281616,24.2999992370605
2614.508,4.35435009002686,24.2999992370605
2614.735,4.26183986663818,24.2999992370605
2614.962,4.35435009002686,24.2999992370605
2615.189,4.31607007980347,24.2999992370605
2615.416,4.33042526245117,24.2999992370605
2615.643,4.31447505950928,24.2999992370605
2615.87,4.35435009002686,24.2999992370605
2616.096,4.35435009002686,24.2999992370605
2616.323,4.35435009002686,24.2999992370605
2616.55,4.35435009002686,24.2999992370605
2616.776,4.33202028274536,24.2999992370605
2617.003,4.34956502914429,24.2999992370605
2617.23,4.35594511032104,24.2999992370605
2617.456,4.35435009002686,24.2999992370605
2617.683,4.31607007980347,24.2999992370605
2617.909,4.2889552116394,24.2999992370605
2618.137,4.35435009002686,24.2999992370605
2618.364,4.35435009002686,24.2999992370605
2618.591,4.26343488693237,24.2999992370605
2618.818,4.35435009002686,24.2999992370605
2619.045,4.28417015075684,24.2999992370605
2619.271,4.35435009002686,24.2999992370605
2619.498,4.35435009002686,24.2999992370605
2619.725,4.3112850189209,24.2999992370605
2619.951,4.34158992767334,24.2999992370605
2620.178,4.35594511032104,24.2999992370605
2620.405,4.31607007980347,24.2999992370605
2620.631,4.28576517105103,24.2999992370605
2620.859,4.35435009002686,24.2999992370605
2621.086,4.35435009002686,24.2999992370605
2621.313,4.26183986663818,24.2999992370605
2621.54,4.35435009002686,24.2999992370605
2621.768,4.09436511993408,24.2999992370605
2621.995,4.35435009002686,24.2999992370605
2622.222,4.35275506973267,24.2999992370605
2622.448,4.35435009002686,24.2999992370605
2622.675,4.31607007980347,24.2999992370605
2622.902,4.35435009002686,24.2999992370605
2623.128,4.35435009002686,0
2623.355,0.019140001386404,0
2623.582,0.019140001386404,0
2623.809,0.019140001386404,0
2624.036,0.019140001386404,0
2624.263,0.019140001386404,0
2624.489,0.019140001386404,0
2624.716,0.019140001386404,0
2624.942,0.019140001386404,0
2625.169,0.019140001386404,0
2625.396,0.019140001386404,0
2625.623,0.019140001386404,0
2625.85,0.019140001386404,0
2626.076,0.019140001386404,0
2626.303,0.019140001386404,0
2626.529,0.019140001386404,0
2626.756,0.019140001386404,0
2626.982,0.019140001386404,0
2627.209,0.019140001386404,0
2627.435,0.019140001386404,0
2627.662,0.019140001386404,0
2627.888,0.019140001386404,0
2628.114,0.019140001386404,0
2628.341,0.019140001386404,0
2628.568,0.019140001386404,0
2628.795,0.019140001386404,0
2629.021,0.019140001386404,0
2629.247,0.019140001386404,0
2629.474,0.019140001386404,0
2629.701,0.019140001386404,0
2629.928,0.019140001386404,0
2630.155,0.019140001386404,0
2630.382,0.019140001386404,0
2630.609,0.019140001386404,0
2630.836,0.019140001386404,0
2631.063,0.019140001386404,0
2631.29,0.019140001386404,0
2631.517,0.019140001386404,0
2631.744,2.3637900352478,20.2000007629395
2631.97,3.68604516983032,20.2000007629395
2632.196,3.68445014953613,20.2000007629395
2632.423,3.68445014953613,20.2000007629395
2632.651,3.68604516983032,20.2000007629395
2632.878,3.55206513404846,20.2000007629395
2633.105,3.68445014953613,20.2000007629395
2633.332,3.58396506309509,20.2000007629395
2633.559,11.4106302261353,69.5
2633.786,11.6594505310059,69.5
2634.013,11.4106302261353,69.5
2634.24,11.6785898208618,69.5
2634.467,11.4106302261353,69.5
2634.694,11.4074401855469,69.5
2634.921,14.81276512146,90.5
2635.147,14.81276512146,90.5
2635.373,14.8063850402832,90.5
2635.6,14.8303108215332,90.5
2635.826,14.8861351013184,90.5
2636.053,14.8095750808716,90.5
2636.28,14.8765649795532,90.5
2636.507,14.8143606185913,90.5
2636.734,14.8909206390381,90.5
2636.961,14.8079805374146,90.5
2637.188,14.8111705780029,90.5
2637.415,14.8111705780029,90.5
2637.641,14.8111705780029,90.5
2637.868,14.8909206390381,90.5
2638.095,14.8063850402832,90.5
2638.322,14.8510456085205,90.5
2638.55,14.81276512146,90.5
2638.777,14.8111705780029,90.5
2639.004,14.8893251419067,90.5
2639.231,14.81276512146,90.5
2639.458,14.8095750808716,90.5
2639.685,14.8079805374146,90.5
2639.911,14.8095750808716,90.5
2640.138,14.8590202331543,90.5
2640.365,14.8175506591797,90.5
2640.591,14.8111705780029,90.5
2640.818,14.863805770874,90.5
2641.045,14.81276512146,90.5
2641.272,14.8255252838135,90.5
2641.499,14.8079805374146,90.5
2641.726,14.8925151824951,90.5
2641.952,14.8877305984497,90.5
2642.18,14.8047904968262,90.5
2642.406,14.8606157302856,90.5
2642.633,14.8079805374146,74.1999969482422
2642.86,12.4202651977539,74.1999969482422
2643.087,12.1666603088379,74.1999969482422
2643.313,12.1666603088379,74.1999969482422
2643.54,12.4170751571655,74.1999969482422
2643.767,12.1682548522949,74.1999969482422
2643.993,12.1682548522949,0
2644.22,0.019140001386404,0
2644.448,0.019140001386404,0
2644.676,0.019140001386404,0
2644.902,0.019140001386404,0
2645.129,0.019140001386404,0
2645.356,0.019140001386404,0
2645.583,0.019140001386404,0
2645.81,0.019140001386404,0
2646.037,0.019140001386404,0
2646.264,0.019140001386404,0
2646.491,0.019140001386404,0
2646.718,0.019140001386404,0
2646.945,0.019140001386404,0
2647.172,0.019140001386404,0
2647.398,0.019140001386404,0
2647.625,0.019140001386404,0
2647.852,0.019140001386404,0
2648.079,0.019140001386404,0
2648.306,0.019140001386404,0
2648.532,0.019140001386404,0
2648.759,0.019140001386404,0
2648.986,0.019140001386404,0
2649.212,0.019140001386404,0
2649.438,0.019140001386404,0
2649.664,0.019140001386404,0
2649.891,0.019140001386404,0
2650.118,0.019140001386404,0
2650.345,0.019140001386404,37
2650.572,6.41030502319336,37
2650.799,6.19657516479492,37
2651.026,6.41030502319336,13.8000001907349
2651.253,2.65567517280579,13.8000001907349
2651.48,2.6572699546814,13.8000001907349
2651.707,2.65567517280579,13.8000001907349
2651.934,2.6572699546814,13.8000001907349
2652.161,2.6572699546814,13.8000001907349
2652.387,2.6572699546814,13.8000001907349
2652.614,2.6572699546814,70.5999984741211
2652.84,11.8061904907227,70.5999984741211
2653.067,11.5860805511475,70.5999984741211
2653.293,11.5844850540161,70.5999984741211
2653.52,11.8604202270508,70.5999984741211
2653.747,11.5844850540161,70.5999984741211
2653.973,11.5828905105591,70.5999984741211
2654.2,11.8380899429321,70.5999984741211
2654.426,11.8572301864624,70.5999984741211
2654.652,11.8109750747681,70.5999984741211
2654.879,11.5844850540161,70.5999984741211
2655.105,11.5844850540161,70.5999984741211
2655.332,11.8141651153564,70.5999984741211
2655.559,11.5860805511475,70.5999984741211
2655.786,11.8572301864624,70.5999984741211
2656.012,11.8364953994751,70.5999984741211
2656.238,11.8141651153564,70.5999984741211
2656.465,11.5828905105591,70.5999984741211
2656.692,11.8301153182983,70.5999984741211
2656.919,11.5844850540161,70.5999984741211
2657.145,11.5844850540161,70.5999984741211
2657.372,11.8301153182983,70.5999984741211
2657.599,11.5860805511475,70.5999984741211
2657.826,11.8412799835205,70.5999984741211
2658.052,11.8364953994751,70.5999984741211
2658.279,11.5828905105591,70.5999984741211
2658.506,11.809380531311,70.5999984741211
2658.733,11.5860805511475,70.5999984741211
2658.961,11.7232503890991,70.5999984741211
2659.188,11.8364953994751,70.5999984741211
2659.415,11.5860805511475,70.5999984741211
2659.642,11.8572301864624,70.5999984741211
2659.869,11.5908651351929,70.5999984741211
2660.095,11.5828905105591,70.5999984741211
2660.322,11.8572301864624,70.5999984741211
2660.549,11.5828905105591,70.5999984741211
2660.775,5.61599493026733,30
2661.002,5.27147531509399,30
2661.228,4.99713516235352,30
2661.455,5.2698802947998,30
2661.682,5.27307033538818,30
2661.908,5.27147531509399,30
2662.135,5.25233507156372,30
2662.362,5.25074005126953,30
2662.589,5.11357021331787,30
2662.815,5.19491529464722,30
2663.042,5.2762598991394,30
2663.269,5.08167028427124,30
2663.496,3.30324506759644,17.7999992370605
2663.723,3.30324506759644,17.7999992370605
2663.949,3.30324506759644,17.7999992370605
2664.175,3.30324506759644,17.7999992370605
2664.402,3.27453517913818,17.7999992370605
2664.628,3.28251004219055,17.7999992370605
2664.855,3.25699019432068,17.7999992370605
2665.082,3.30484008789062,17.7999992370605
2665.309,3.30005502700806,17.7999992370605
2665.536,13.1061153411865,80
2665.763,13.1061153411865,80
2665.99,13.3102750778198,80
2666.217,13.1061153411865,80
2666.444,13.3086805343628,80
2666.67,13.2735900878906,80
2666.897,13.1061153411865,80
2667.124,13.1922454833984,80
2667.35,13.3086805343628,80
2667.577,13.1061153411865,80
2667.804,13.2385005950928,80
2668.031,13.1045198440552,80
2668.258,13.3054904937744,80
2668.485,13.1061153411865,80
2668.712,13.3086805343628,80
2668.939,13.1029253005981,80
2669.165,13.1077098846436,80
2669.391,13.1093053817749,80
2669.618,13.2273349761963,80
2669.845,13.1061153411865,80
2670.073,13.1778907775879,80
2670.3,13.3102750778198,80
2670.526,13.2799701690674,80
2670.752,13.3070850372314,80
2670.978,13.2831602096558,80
2671.205,13.1061153411865,80
2671.431,13.1061153411865,80
2671.658,13.3102750778198,80
2671.886,13.1061153411865,80
2672.113,13.1108999252319,80
2672.339,13.1045198440552,80
2672.566,13.2464752197266,80
2672.793,13.1061153411865,80
2673.019,13.1045198440552,80
2673.245,13.1093053817749,80
2673.472,13.3086805343628,80
2673.698,13.1874599456787,80
2673.925,13.1093053817749,80
2674.151,13.1077098846436,80
2674.377,13.1061153411865,80
2674.603,13.1045198440552,80
2674.83,13.3070850372314,80
2675.057,13.1045198440552,80
2675.284,13.2544498443604,80
2675.511,13.1045198440552,80
2675.738,13.2799701690674,49.2000007629395
2675.965,8.12014484405518,49.2000007629395
2676.193,8.39608001708984,49.2000007629395
2676.42,8.39767551422119,49.2000007629395
2676.647,8.12014484405518,49.2000007629395
2676.874,8.39608001708984,49.2000007629395
2677.101,8.12014484405518,49.2000007629395
2677.327,8.24615001678467,49.2000007629395
2677.554,8.39608001708984,49.2000007629395
2677.78,8.39448547363281,49.2000007629395
2678.007,8.12014484405518,49.2000007629395
2678.234,8.39448547363281,49.2000007629395
2678.46,8.39608001708984,49.2000007629395
2678.686,8.39608001708984,49.2000007629395
2678.912,8.39608001708984,49.2000007629395
2679.138,8.39608001708984,49.2000007629395
2679.365,8.12174034118652,49.2000007629395
2679.592,8.39448547363281,49.2000007629395
2679.818,8.39288997650146,49.2000007629395
2680.045,8.12014484405518,49.2000007629395
2680.272,8.39608001708984,49.2000007629395
2680.499,8.12014484405518,49.2000007629395
2680.725,8.14407062530518,49.2000007629395
2680.951,8.11855030059814,49.2000007629395
2681.178,8.39767551422119,49.2000007629395
2681.405,8.1169548034668,49.2000007629395
2681.631,8.12174034118652,49.2000007629395
2681.857,8.13450050354004,49.2000007629395
2682.084,8.39448547363281,49.2000007629395
2682.312,8.12174034118652,49.2000007629395
2682.538,8.34823036193848,49.2000007629395
2682.765,8.11855030059814,49.2000007629395
2682.991,8.12014484405518,49.2000007629395
2683.218,8.39288997650146,49.2000007629395
2683.445,8.39129543304443,49.2000007629395
2683.672,8.3450403213501,5.40000009536743
2683.898,1.29514002799988,5.40000009536743
2684.124,1.29514002799988,5.40000009536743
2684.352,1.29354500770569,5.40000009536743
2684.579,1.29514002799988,99.6999969482422
2684.806,15.9500007629395,99.6999969482422
2685.034,15.9500007629395,99.6999969482422
2685.262,15.9500007629395,99.6999969482422
2685.488,15.9500007629395,99.6999969482422
2685.715,15.9500007629395,99.6999969482422
2685.941,15.9500007629395,99.6999969482422
2686.168,15.9500007629395,99.6999969482422
2686.394,15.9500007629395,99.6999969482422
2686.621,15.9500007629395,99.6999969482422
2686.848,15.9500007629395,99.6999969482422
2687.075,15.9500007629395,99.6999969482422
2687.302,15.9500007629395,99.6999969482422
2687.529,15.9500007629395,99.6999969482422
2687.756,15.9500007629395,99.6999969482422
2687.983,15.9500007629395,99.6999969482422
2688.21,15.9500007629395,99.6999969482422
2688.437,15.9500007629395,99.6999969482422
2688.664,15.9500007629395,99.6999969482422
2688.89,15.9500007629395,99.6999969482422
2689.116,7.46460008621216,5.90000009536743
2689.343,1.37489008903503,5.90000009536743
2689.57,1.28078508377075,5.90000009536743
2689.797,1.37648499011993,5.90000009536743
2690.024,1.36851000785828,5.90000009536743
2690.251,1.37010502815247,5.90000009536743
2690.478,1.37489008903503,5.90000009536743
2690.705,1.37010502815247,5.90000009536743
2690.931,1.37808001041412,5.90000009536743
2691.157,1.37489008903503,5.90000009536743
2691.384,1.37648499011993,5.90000009536743
2691.611,1.37489008903503,5.90000009536743
2691.837,1.37170004844666,5.90000009536743
2692.064,1.37648499011993,5.90000009536743
2692.291,1.37648499011993,5.90000009536743
2692.517,1.37967503070831,5.90000009536743
2692.743,1.37648499011993,5.90000009536743
2692.97,1.37170004844666,5.90000009536743
2693.196,1.37170004844666,5.90000009536743
2693.422,1.37808001041412,5.90000009536743
2693.648,1.37808001041412,5.90000009536743
2693.875,1.37489008903503,5.90000009536743
2694.102,1.34299004077911,5.90000009536743
2694.329,1.37489008903503,5.90000009536743
2694.555,1.37329506874084,5.90000009536743
2694.782,1.37489008903503,5.90000009536743
2695.008,1.38286507129669,5.90000009536743
2695.234,1.31906497478485,5.90000009536743
2695.461,1.37489008903503,5.90000009536743
2695.689,1.37489008903503,5.90000009536743
2695.915,1.37648499011993,5.90000009536743
2696.141,1.37648499011993,5.90000009536743
2696.367,1.37489008903503,5.90000009536743
2696.594,1.34299004077911,5.90000009536743
2696.82,1.31268501281738,5.90000009536743
2697.047,1.37329506874084,5.90000009536743
2697.274,1.37329506874084,5.90000009536743
2697.501,1.37329506874084,5.90000009536743
2697.728,1.37648499011993,5.90000009536743
2697.955,1.37329506874084,5.90000009536743
2698.181,1.37329506874084,5.90000009536743
2698.408,1.37967503070831,5.90000009536743
2698.635,1.37808001041412,5.90000009536743
2698.861,1.37170004844666,5.90000009536743
2699.088,1.37489008903503,5.90000009536743
2699.314,2.49298501014709,12.8000001907349
2699.541,2.49458003044128,12.8000001907349
2699.768,2.49458003044128,12.8000001907349
2699.995,2.49458003044128,12.8000001907349
2700.222,2.44513511657715,12.8000001907349
2700.45,2.45310997962952,12.8000001907349
2700.677,2.49138998985291,12.8000001907349
2700.905,2.49458003044128,94.5999984741211
2701.132,15.4730949401855,94.5999984741211
2701.359,15.4730949401855,94.5999984741211
2701.586,15.4778804779053,94.5999984741211
2701.812,15.4730949401855,94.5999984741211
2702.04,15.4730949401855,94.5999984741211
2702.267,15.4715003967285,94.5999984741211
2702.493,15.4730949401855,94.5999984741211
2702.719,15.4730949401855,94.5999984741211
2702.946,15.4715003967285,94.5999984741211
2703.172,15.4715003967285,94.5999984741211
2703.399,15.4746904373169,94.5999984741211
2703.625,15.4715003967285,94.5999984741211
2703.852,15.4715003967285,94.5999984741211
2704.078,15.4746904373169,94.5999984741211
2704.306,15.4715003967285,94.5999984741211
2704.533,15.4715003967285,94.5999984741211
2704.759,15.4730949401855,94.5999984741211
2704.985,15.4715003967285,94.5999984741211
2705.211,15.4730949401855,94.5999984741211
2705.438,15.4762849807739,94.5999984741211
2705.664,15.5065908432007,94.5999984741211
2705.891,15.4730949401855,29.8999996185303
2706.118,5.25871515274048,29.8999996185303
2706.344,5.26350021362305,29.8999996185303
2706.57,5.26190519332886,29.8999996185303
2706.797,5.07848024368286,29.8999996185303
2707.024,5.26350021362305,29.8999996185303
2707.251,5.18694019317627,29.8999996185303
2707.478,5.21724510192871,29.8999996185303
2707.705,5.07369518280029,29.8999996185303
2707.932,5.25871515274048,29.8999996185303
2708.159,5.15663528442383,29.8999996185303
2708.386,5.25871515274048,29.8999996185303
2708.613,5.08645534515381,29.8999996185303
2708.839,5.24435997009277,29.8999996185303
2709.065,5.26031017303467,29.8999996185303
2709.292,5.22681522369385,29.8999996185303
2709.519,5.13430500030518,29.8999996185303
2709.745,5.24914503097534,29.8999996185303
2709.972,5.26190519332886,29.8999996185303
2710.198,5.26190519332886,29.8999996185303
2710.424,5.25871515274048,96
2710.651,15.6995849609375,96
2710.878,15.6995849609375,96
2711.104,15.7171306610107,96
2711.331,15.6995849609375,96
2711.557,15.7011804580688,42.2000007629395
2711.784,7.23332500457764,42.2000007629395
2712.01,7.25884532928467,42.2000007629395
2712.237,7.06585025787354,42.2000007629395
2712.464,6.98131513595581,42.2000007629395
2712.69,7.25725030899048,42.2000007629395
2712.918,6.98450517654419,42.2000007629395
2713.145,7.10094022750854,42.2000007629395
2713.372,7.25725030899048,9.69999980926514
2713.598,1.93154501914978,9.69999980926514
2713.825,1.98737001419067,9.69999980926514
2714.052,1.98737001419067,9.69999980926514
2714.278,1.98896503448486,9.69999980926514
2714.505,1.98737001419067,9.69999980926514
2714.731,1.98737001419067,9.69999980926514
2714.958,1.98896503448486,9.69999980926514
2715.185,1.98737001419067,9.69999980926514
2715.411,1.98737001419067,9.69999980926514
2715.638,1.96823000907898,9.69999980926514
2715.865,1.98737001419067,9.69999980926514
2716.092,1.98896503448486,9.69999980926514
2716.32,1.95228004455566,9.69999980926514
2716.546,1.98896503448486,9.69999980926514
2716.772,1.98737001419067,9.69999980926514
2716.999,1.98737001419067,9.69999980926514
2717.226,1.9108099937439,9.69999980926514
2717.452,1.99056005477905,9.69999980926514
2717.679,1.98737001419067,9.69999980926514
2717.905,1.98737001419067,9.69999980926514
2718.131,1.98737001419067,9.69999980926514
2718.358,1.9634450674057,9.69999980926514
2718.584,1.95706510543823,9.69999980926514
2718.81,1.98896503448486,9.69999980926514
2719.038,1.95068502426147,9.69999980926514
2719.264,1.98737001419067,9.69999980926514
2719.491,1.98737001419067,9.69999980926514
2719.718,1.98577499389648,9.69999980926514
2719.945,1.98737001419067,9.69999980926514
2720.172,1.98418009281158,9.69999980926514
2720.4,1.98737001419067,9.69999980926514
2720.627,1.98737001419067,9.69999980926514
2720.853,1.98737001419067,9.69999980926514
2721.08,1.98737001419067,9.69999980926514
2721.307,1.98737001419067,9.69999980926514
2721.535,1.98737001419067,9.69999980926514
2721.762,1.93154501914978,9.69999980926514
2721.989,1.98737001419067,9.69999980926514
2722.216,1.98737001419067,9.69999980926514
2722.896,1.98896503448486,9.69999980926514
2723.123,1.98737001419067,9.69999980926514
2723.35,1.98737001419067,9.69999980926514
2723.577,1.98737001419067,9.69999980926514
2723.803,7.36252021789551,44.4000015258789
2724.029,7.36890029907227,44.4000015258789
2724.255,7.42472505569458,44.4000015258789
2724.481,7.34497499465942,44.4000015258789
2724.708,7.61293506622314,44.4000015258789
2724.934,7.47895526885986,44.4000015258789
2725.161,7.37049531936646,44.4000015258789
2725.388,7.61453008651733,44.4000015258789
2725.615,7.34497499465942,44.4000015258789
2725.841,7.46300506591797,44.4000015258789
2726.068,7.61293506622314,44.4000015258789
2726.295,7.34497499465942,44.4000015258789
2726.521,7.36730527877808,44.4000015258789
2726.748,7.61453008651733,44.4000015258789
2726.975,7.34178495407104,44.4000015258789
2727.202,7.58103513717651,44.4000015258789
2727.429,7.37209033966064,44.4000015258789
2727.655,7.40399026870728,44.4000015258789
2727.882,7.60974502563477,44.4000015258789
2728.109,14.3119354248047,87.4000015258789
2728.336,14.3103399276733,87.4000015258789
2728.563,14.3151254653931,87.4000015258789
2728.79,14.428370475769,87.4000015258789
2729.017,14.3135299682617,87.4000015258789
2729.244,14.3422403335571,87.4000015258789
2729.471,14.3135299682617,87.4000015258789
2729.698,14.4092302322388,87.4000015258789
2729.925,14.3135299682617,87.4000015258789
2730.152,14.4076356887817,87.4000015258789
2730.379,14.3119354248047,87.4000015258789
2730.606,14.358190536499,87.4000015258789
2730.832,14.428370475769,87.4000015258789
2731.059,14.3151254653931,87.4000015258789
2731.285,14.3119354248047,87.4000015258789
2731.512,14.3709506988525,87.4000015258789
2731.739,14.3135299682617,87.4000015258789
2731.966,14.4203948974609,87.4000015258789
2732.193,14.3119354248047,87.4000015258789
2732.42,14.428370475769,87.4000015258789
2732.647,14.3135299682617,87.4000015258789
2732.874,14.3374557495117,87.4000015258789
2733.101,14.3119354248047,87.4000015258789
2733.328,14.4267749786377,87.4000015258789
2733.554,14.3996601104736,87.4000015258789
2733.781,14.3119354248047,87.4000015258789
2734.008,14.4299650192261,87.4000015258789
2734.234,14.4299650192261,68.5
2734.462,11.2479400634766,68.5
2734.689,11.2463455200195,68.5
2734.916,11.4903802871704,68.5
2735.143,11.2527256011963,68.5
2735.371,11.4122257232666,68.5
2735.597,11.2479400634766,68.5
2735.824,11.5222806930542,68.5
2736.051,11.2463455200195,68.5
2736.277,11.2463455200195,68.5
2736.504,11.4903802871704,68.5
2736.731,11.2479400634766,68.5
2736.957,11.2495355606079,68.5
2737.183,11.2479400634766,68.5
2737.41,11.5206851959229,94.1999969482422
2737.636,15.4077005386353,94.1999969482422
2737.863,15.4045104980469,94
2738.09,15.3789901733398,94
2738.316,15.3758001327515,94
2738.543,15.3758001327515,94
2738.771,15.3789901733398,94
2738.998,15.3789901733398,94
2739.224,15.3821802139282,94
2739.451,15.3773956298828,94
2740.359,15.3789901733398,94
2740.585,15.3789901733398,94
2740.811,15.3789901733398,94
2741.038,15.3805856704712,94
2741.264,15.4077005386353,94
2741.491,15.3773956298828,94
2741.718,15.3805856704712,94
2741.946,15.3773956298828,94
2742.173,15.3805856704712,94
2742.4,15.3917503356934,94
2742.627,15.3773956298828,94
2742.854,15.3758001327515,94
2743.081,15.3805856704712,94
2743.307,15.3805856704712,94
2743.533,15.3805856704712,94
2743.76,15.3789901733398,94
2743.987,15.3773956298828,94
2744.213,15.3758001327515,94
2744.44,15.4188652038574,94
2744.667,15.3789901733398,94
2744.893,15.3789901733398,94
2745.12,15.3789901733398,94
2745.347,15.3773956298828,94
2745.573,15.3773956298828,18.1000003814697
