Tiempo_s,b_l,u
5.716,112.659881591797,55.7999992370605
5.942,112.601150512695,55.7999992370605
6.168,112.620727539062,55.7999992370605
6.395,112.620727539062,55.7999992370605
6.622,116.105255126953,55.7999992370605
6.848,112.64030456543,55.7999992370605
7.074,112.620727539062,55.7999992370605
7.301,112.601150512695,55.7999992370605
7.527,116.203132629395,55.7999992370605
7.753,116.163986206055,55.7999992370605
7.98,116.163986206055,55.7999992370605
8.207,112.64030456543,55.7999992370605
8.433,116.183563232422,8.69999980926514
8.659,22.3362159729004,8.69999980926514
8.886,22.3557929992676,8.69999980926514
9.112,22.3362159729004,8.69999980926514
9.339,22.3362159729004,8.69999980926514
9.566,22.3362159729004,42
9.792,85.0772933959961,42
10.018,85.0968704223633,42
10.245,85.0772933959961,42
10.471,88.6009750366211,42
10.699,88.5813980102539,42
10.925,88.5813980102539,42
11.152,88.5618209838867,42
11.379,85.0772933959961,42
11.606,88.5813980102539,42
11.833,85.1164474487305,42
12.06,88.5618209838867,42
12.286,85.0968704223633,42
12.513,85.1164474487305,42
12.74,88.5226745605469,42
12.966,85.0968704223633,42
13.193,85.1360244750977,42
13.42,88.5422515869141,42
13.647,85.1360244750977,42
13.873,88.5618209838867,42
14.1,88.6401290893555,42
14.326,85.0968704223633,42
14.553,85.3709335327148,42
14.78,88.6205520629883,42
15.007,85.0968704223633,42
15.233,88.6205520629883,42
15.459,88.5813980102539,42
15.686,88.5422515869141,42
15.912,85.0772933959961,42
16.138,86.7216796875,42
16.365,85.0772933959961,42
16.591,88.5618209838867,42
16.818,88.5422515869141,42
17.045,85.6841506958008,42
17.272,88.5813980102539,42
17.499,85.0381469726562,42
17.725,88.6401290893555,42
17.951,88.5618209838867,42
18.178,88.5618209838867,42
18.405,85.0772933959961,42
18.631,79.7526245117188,10.8999996185303
18.858,26.7016639709473,10.8999996185303
19.084,26.740816116333,10.8999996185303
19.311,26.7603912353516,10.8999996185303
19.538,26.7016639709473,10.8999996185303
19.765,26.6820888519287,10.8999996185303
19.993,26.7603912353516,10.8999996185303
20.22,26.740816116333,10.8999996185303
20.446,26.740816116333,10.8999996185303
20.672,26.740816116333,10.8999996185303
20.899,26.5646324157715,10.8999996185303
21.126,26.7212409973145,10.8999996185303
21.352,26.6820888519287,10.8999996185303
21.578,26.7016639709473,10.8999996185303
21.805,26.6820888519287,10.8999996185303
22.031,26.7799682617188,10.8999996185303
22.258,26.7603912353516,10.8999996185303
22.485,179.727249145508,89.5
22.712,180.392837524414,89.5
22.939,179.70768737793,89.5
23.166,126.617568969727,61.0999984741211
23.393,123.191764831543,61.0999984741211
23.62,126.108589172363,61.0999984741211
23.848,123.21134185791,61.0999984741211
24.074,123.230918884277,61.0999984741211
24.3,123.191764831543,61.0999984741211
24.526,123.17219543457,61.0999984741211
24.753,123.21134185791,61.0999984741211
24.979,126.617568969727,61.0999984741211
25.206,126.617568969727,61.0999984741211
25.432,123.17219543457,61.0999984741211
25.658,123.17219543457,61.0999984741211
25.885,123.17219543457,61.0999984741211
26.111,126.617568969727,61.0999984741211
26.338,126.089019775391,61.0999984741211
26.565,123.191764831543,61.0999984741211
26.791,126.617568969727,61.0999984741211
27.017,126.637145996094,61.0999984741211
27.244,126.460960388184,61.0999984741211
27.47,123.152618408203,61.0999984741211
27.697,123.17219543457,61.0999984741211
27.924,125.34513092041,61.0999984741211
28.15,123.191764831543,32.0999984741211
28.376,67.341438293457,32.0999984741211
28.603,65.3251113891602,32.0999984741211
28.829,68.8487930297852,32.0999984741211
29.055,68.829216003418,32.0999984741211
29.282,68.829216003418,32.0999984741211
29.508,66.323486328125,32.0999984741211
29.734,67.3805923461914,14.3999996185303
29.961,33.396656036377,14.3999996185303
30.188,33.7098731994629,14.3999996185303
30.415,33.3183517456055,14.3999996185303
30.642,33.7098731994629,14.3999996185303
30.868,33.7098731994629,14.3999996185303
31.094,33.7098731994629,14.3999996185303
31.321,32.9659843444824,14.3999996185303
31.547,33.7098731994629,14.3999996185303
31.774,33.7294464111328,14.3999996185303
32.001,32.9855613708496,14.3999996185303
32.228,33.6902961730957,14.3999996185303
32.454,33.6902961730957,14.3999996185303
32.68,33.7098731994629,14.3999996185303
32.907,32.6527671813965,14.3999996185303
33.133,33.7098731994629,14.3999996185303
33.36,33.7098731994629,14.3999996185303
33.586,33.6315689086914,14.3999996185303
33.813,32.3199768066406,82
34.039,166.474304199219,82
34.265,165.789138793945,82
34.491,166.141510009766,82
34.717,165.730422973633,82
34.943,165.75,82
35.169,167.002853393555,49.7999992370605
35.395,104.16389465332,49.7999992370605
35.622,104.144317626953,49.7999992370605
35.849,100.659790039062,49.7999992370605
36.076,104.16389465332,49.7999992370605
36.302,100.659790039062,49.7999992370605
36.529,100.659790039062,49.7999992370605
36.756,104.183471679688,49.7999992370605
36.983,100.67936706543,49.7999992370605
37.21,104.144317626953,49.7999992370605
37.436,100.659790039062,49.7999992370605
37.662,100.640213012695,49.7999992370605
37.888,100.67936706543,49.7999992370605
38.114,100.659790039062,49.7999992370605
38.34,100.67936706543,49.7999992370605
38.568,100.659790039062,49.7999992370605
38.794,100.659790039062,49.7999992370605
39.021,100.67936706543,49.7999992370605
39.249,104.144317626953,49.7999992370605
39.475,104.183471679688,49.7999992370605
39.702,104.144317626953,49.7999992370605
39.928,100.67936706543,49.7999992370605
40.155,100.698944091797,49.7999992370605
40.382,104.144317626953,49.7999992370605
40.608,100.640213012695,49.7999992370605
40.834,100.640213012695,49.7999992370605
41.06,100.698944091797,49.7999992370605
41.287,100.640213012695,49.7999992370605
41.514,104.144317626953,49.7999992370605
41.74,100.659790039062,49.7999992370605
41.966,100.640213012695,49.7999992370605
42.193,100.67936706543,49.7999992370605
42.42,104.144317626953,49.7999992370605
42.647,100.67936706543,49.7999992370605
42.874,104.144317626953,46
43.102,93.0251541137695,46
43.328,93.0447311401367,46
43.555,93.0643005371094,46
43.781,96.5488357543945,46
44.008,96.5096817016602,46
44.234,93.0643005371094,18.7999992370605
44.461,41.5011215209961,18.7999992370605
44.688,42.4603424072266,18.7999992370605
44.915,40.1307983398438,18.7999992370605
45.141,42.4603424072266,18.7999992370605
45.368,42.4211921691895,18.7999992370605
45.595,40.8355369567871,18.7999992370605
45.821,42.4407691955566,18.7999992370605
46.048,42.4603424072266,18.7999992370605
46.275,40.8551139831543,18.7999992370605
46.502,42.4211921691895,18.7999992370605
46.729,40.7180786132812,66.6999969482422
46.957,136.699203491211,66.6999969482422
47.184,135.994476318359,66.6999969482422
47.411,134.369659423828,66.6999969482422
47.638,136.855819702148,92.1999969482422
47.864,185.110656738281,92.1999969482422
48.091,185.091079711914,92.1999969482422
48.317,185.110656738281,92.1999969482422
48.544,185.110656738281,92.1999969482422
49.224,142.434982299805,70.1999969482422
49.451,141.338714599609,70.1999969482422
49.677,144.705795288086,70.1999969482422
49.904,142.82649230957,70.1999969482422
50.131,141.240844726562,70.1999969482422
50.357,143.668258666992,70.1999969482422
50.584,144.25553894043,70.1999969482422
50.811,141.26042175293,70.1999969482422
51.038,142.806915283203,70.1999969482422
51.264,141.279998779297,70.1999969482422
51.491,141.299575805664,70.1999969482422
51.718,143.531234741211,70.1999969482422
51.945,141.279998779297,70.1999969482422
52.171,144.705795288086,70.1999969482422
52.398,143.237594604492,70.1999969482422
52.625,141.240844726562,70.1999969482422
52.852,141.788970947266,70.1999969482422
53.079,141.221267700195,70.1999969482422
53.305,144.705795288086,70.1999969482422
53.532,142.47412109375,70.1999969482422
53.758,141.26042175293,70.1999969482422
53.985,141.26042175293,70.1999969482422
54.212,142.865646362305,70.1999969482422
54.438,141.279998779297,70.1999969482422
54.665,141.240844726562,70.1999969482422
54.892,142.532852172852,70.1999969482422
55.118,141.299575805664,70.1999969482422
55.344,86.7216796875,42.7999992370605
55.571,86.7412567138672,42.7999992370605
55.798,90.1670532226562,42.7999992370605
56.024,86.7021026611328,42.7999992370605
56.251,86.7216796875,42.7999992370605
56.478,90.1670532226562,42.7999992370605
56.706,86.6825256347656,42.7999992370605
56.933,86.7216796875,42.7999992370605
57.16,90.1866302490234,69.9000015258789
57.386,140.771011352539,69.9000015258789
57.613,140.771011352539,69.9000015258789
57.839,143.550811767578,69.9000015258789
58.066,142.787338256836,69.9000015258789
58.293,140.751434326172,69.9000015258789
58.52,142.787338256836,69.9000015258789
58.747,140.790588378906,69.9000015258789
58.974,142.47412109375,69.9000015258789
59.201,140.790588378906,69.9000015258789
59.427,143.511657714844,69.9000015258789
59.654,143.159286499023,69.9000015258789
59.881,140.771011352539,69.9000015258789
60.108,143.100555419922,69.9000015258789
60.335,140.771011352539,69.9000015258789
60.563,143.100555419922,69.9000015258789
60.79,143.139709472656,69.9000015258789
61.017,140.771011352539,12.1000003814697
61.244,29.0899353027344,12.1000003814697
61.471,29.0703601837158,12.1000003814697
61.697,28.9529037475586,12.1000003814697
61.924,29.0507831573486,12.1000003814697
62.152,28.0328311920166,12.1000003814697
62.378,29.1095123291016,12.1000003814697
62.605,28.0328311920166,12.1000003814697
62.832,29.0899353027344,12.1000003814697
63.058,29.0507831573486,12.1000003814697
63.284,29.0507831573486,12.1000003814697
63.51,29.0507831573486,12.1000003814697
63.737,28.7571449279785,12.1000003814697
63.964,29.0703601837158,12.1000003814697
64.191,28.7571449279785,12.1000003814697
64.418,29.0703601837158,12.1000003814697
64.645,28.9920558929443,12.1000003814697
64.873,29.0899353027344,12.1000003814697
65.099,29.0703601837158,12.1000003814697
65.326,29.0703601837158,12.1000003814697
65.553,28.6592636108398,12.1000003814697
65.78,29.0703601837158,12.1000003814697
66.007,27.2693672180176,12.1000003814697
66.234,29.0703601837158,12.1000003814697
66.461,29.0507831573486,12.1000003814697
66.688,29.0703601837158,12.1000003814697
66.914,29.0507831573486,12.1000003814697
67.141,28.3460483551025,12.1000003814697
67.368,29.0899353027344,12.1000003814697
67.595,28.4635047912598,12.1000003814697
67.822,29.0703601837158,12.1000003814697
68.048,29.0899353027344,12.1000003814697
68.275,28.7179927825928,12.1000003814697
68.501,29.1095123291016,12.1000003814697
68.727,29.0899353027344,12.1000003814697
68.953,29.0899353027344,12.1000003814697
69.18,29.0703601837158,12.1000003814697
69.406,29.0703601837158,93
69.632,186.696319580078,93
69.858,186.696319580078,93
70.085,186.715881347656,93
70.312,186.696319580078,93
70.538,186.676742553711,93
70.765,186.676742553711,93
70.992,186.715881347656,93
71.219,186.696319580078,93
71.446,186.696319580078,93
71.673,186.676742553711,93
71.9,186.696319580078,93
72.126,186.676742553711,93
72.353,186.696319580078,93
72.579,186.696319580078,93
72.807,186.657165527344,93
73.034,186.637588500977,93
73.261,186.715881347656,93
73.488,186.637588500977,93
73.715,186.696319580078,64.8000030517578
73.943,133.625778198242,64.8000030517578
74.169,134.056442260742,64.8000030517578
74.396,133.351715087891,64.8000030517578
74.623,130.630645751953,64.8000030517578
74.85,133.351715087891,64.8000030517578
75.077,130.65022277832,64.8000030517578
75.304,132.392486572266,64.8000030517578
75.531,130.571914672852,64.8000030517578
75.758,133.664932250977,64.8000030517578
75.984,130.571914672852,64.8000030517578
76.211,130.630645751953,64.8000030517578
76.438,133.312561035156,64.8000030517578
76.664,130.591491699219,64.8000030517578
76.89,130.630645751953,64.8000030517578
77.116,130.591491699219,64.8000030517578
77.343,130.591491699219,64.8000030517578
77.57,132.979766845703,64.8000030517578
77.797,130.591491699219,64.8000030517578
78.024,133.664932250977,52.4000015258789
78.252,105.847434997559,52.4000015258789
78.479,105.827857971191,52.4000015258789
78.706,109.351539611816,52.4000015258789
78.932,105.847434997559,52.4000015258789
79.158,105.867012023926,52.4000015258789
79.384,105.827857971191,52.4000015258789
79.61,105.847434997559,52.4000015258789
79.837,75.563362121582,5.40000009536743
80.064,15.7782564163208,5.40000009536743
80.291,15.7782564163208,5.40000009536743
80.517,15.7978324890137,5.40000009536743
80.744,15.8174076080322,5.40000009536743
80.971,14.9560642242432,5.40000009536743
81.197,15.7978324890137,5.40000009536743
81.424,15.7978324890137,5.40000009536743
81.65,15.7782564163208,5.40000009536743
81.877,15.8174076080322,5.40000009536743
82.103,15.8174076080322,5.40000009536743
82.33,15.8369836807251,5.40000009536743
82.557,15.8369836807251,5.40000009536743
82.783,15.602071762085,5.40000009536743
83.01,15.8369836807251,5.40000009536743
83.236,15.7782564163208,5.40000009536743
83.463,15.7782564163208,5.40000009536743
83.69,15.7586803436279,5.40000009536743
83.917,15.7391042709351,5.40000009536743
84.144,15.7978324890137,5.40000009536743
84.371,15.7978324890137,5.40000009536743
84.598,15.7978324890137,5.40000009536743
84.825,15.7586803436279,5.40000009536743
85.052,15.8174076080322,45.4000015258789
85.279,91.8701705932617,45.4000015258789
85.506,95.3742752075195,45.4000015258789
85.733,91.8897476196289,45.4000015258789
85.959,95.3546981811523,45.4000015258789
86.185,95.3742752075195,45.4000015258789
86.412,95.3742752075195,45.4000015258789
86.639,91.9484710693359,45.4000015258789
86.867,95.3742752075195,45.4000015258789
87.094,95.3742752075195,45.4000015258789
87.321,91.9093170166016,45.4000015258789
87.547,95.3938446044922,45.4000015258789
87.774,95.3546981811523,45.4000015258789
88,91.8701705932617,45.4000015258789
88.227,91.9093170166016,45.4000015258789
88.454,95.3742752075195,45.4000015258789
88.68,91.9484710693359,45.4000015258789
88.906,91.9680480957031,45.4000015258789
89.132,91.9093170166016,45.4000015258789
89.359,91.9288940429688,45.4000015258789
89.586,95.3742752075195,45.4000015258789
89.813,91.8897476196289,45.4000015258789
90.04,95.3742752075195,45.4000015258789
90.267,91.9093170166016,45.4000015258789
90.493,95.3938446044922,45.4000015258789
90.72,95.3546981811523,45.4000015258789
90.947,91.9093170166016,45.4000015258789
91.174,95.3742752075195,45.4000015258789
91.402,91.9484710693359,45.4000015258789
91.63,91.9093170166016,45.4000015258789
91.857,91.9484710693359,45.4000015258789
92.084,95.3546981811523,45.4000015258789
92.311,91.9288940429688,45.4000015258789
92.537,95.3938446044922,45.4000015258789
92.763,95.3742752075195,45.4000015258789
92.989,95.3742752075195,45.4000015258789
93.216,95.3742752075195,45.4000015258789
93.442,91.8897476196289,45.4000015258789
93.668,92.0267791748047,45.4000015258789
93.895,91.8701705932617,45.4000015258789
94.121,95.3742752075195,27.7000007629395
94.348,60.0983200073242,27.7000007629395
94.574,58.4735107421875,27.7000007629395
94.801,57.4947128295898,27.7000007629395
95.028,60.0983200073242,27.7000007629395
95.255,57.88623046875,27.7000007629395
95.481,60.0983200073242,27.7000007629395
95.708,60.078742980957,27.7000007629395
95.935,57.514289855957,96.3000030517578
96.163,193.332580566406,96.3000030517578
96.389,193.313003540039,96.3000030517578
96.617,193.332580566406,96.3000030517578
96.843,193.313003540039,96.3000030517578
97.07,193.352157592773,96.3000030517578
97.297,193.293426513672,96.3000030517578
97.523,193.293426513672,96.3000030517578
97.75,193.313003540039,96.3000030517578
97.976,193.293426513672,44.9000015258789
98.203,90.9109420776367,44.9000015258789
98.431,94.3367462158203,45.5999984741211
98.658,95.7657928466797,45.5999984741211
98.885,92.3008422851562,45.5999984741211
99.111,95.7853698730469,45.5999984741211
99.338,95.7657928466797,45.5999984741211
99.565,92.3204193115234,45.5999984741211
99.792,95.7657928466797,45.5999984741211
100.019,92.3595657348633,45.5999984741211
100.246,95.7462158203125,45.5999984741211
100.473,92.3399887084961,36.7000007629395
100.701,78.069091796875,36.7000007629395
100.927,78.0495147705078,36.7000007629395
101.153,78.0495147705078,36.7000007629395
101.38,78.0495147705078,36.7000007629395
101.607,74.5845565795898,36.7000007629395
101.833,78.0299377441406,36.7000007629395
102.06,78.0299377441406,36.7000007629395
102.287,74.5649871826172,36.7000007629395
102.513,78.0886611938477,36.7000007629395
102.739,78.069091796875,36.7000007629395
102.966,78.069091796875,36.7000007629395
103.192,76.6204605102539,36.7000007629395
103.418,75.2109909057617,36.7000007629395
103.645,74.604133605957,36.7000007629395
103.872,78.069091796875,36.7000007629395
104.099,75.3480224609375,36.7000007629395
104.326,78.0299377441406,36.7000007629395
104.553,74.5845565795898,36.7000007629395
104.78,78.0103607177734,36.7000007629395
105.007,74.604133605957,36.7000007629395
105.234,78.0103607177734,36.7000007629395
105.461,74.604133605957,36.7000007629395
105.688,78.0886611938477,36.7000007629395
105.915,74.604133605957,36.7000007629395
106.142,78.0886611938477,36.7000007629395
106.369,74.5845565795898,36.7000007629395
106.596,78.0103607177734,36.7000007629395
106.824,74.6432876586914,36.7000007629395
107.052,74.5845565795898,36.7000007629395
107.279,74.5845565795898,36.7000007629395
107.505,78.069091796875,36.7000007629395
107.731,89.2469863891602,76.0999984741211
107.958,153.847778320312,76.0999984741211
108.184,153.006011962891,76.0999984741211
108.41,153.025588989258,76.0999984741211
108.637,153.006011962891,76.0999984741211
108.864,153.808639526367,76.0999984741211
109.091,152.986434936523,76.0999984741211
109.317,155.100646972656,76.0999984741211
109.545,153.7890625,76.0999984741211
109.772,153.86735534668,76.0999984741211
109.998,152.986434936523,76.0999984741211
110.225,153.025588989258,76.0999984741211
110.451,154.552520751953,76.0999984741211
110.677,154.552520751953,76.0999984741211
110.904,154.493789672852,76.0999984741211
111.131,153.006011962891,76.0999984741211
111.357,155.453018188477,76.0999984741211
111.584,154.121841430664,76.0999984741211
111.811,153.084320068359,76.0999984741211
112.038,154.160995483398,76.0999984741211
112.264,153.045166015625,76.0999984741211
112.491,153.045166015625,76.0999984741211
112.717,155.218109130859,76.0999984741211
112.944,153.397537231445,76.0999984741211
113.171,153.025588989258,76.0999984741211
113.397,49.8013458251953,22.5
113.624,49.8209190368652,22.5
113.851,47.2173118591309,22.5
114.077,49.7817687988281,22.5
114.304,49.8209190368652,22.5
114.53,48.9791526794434,77.4000015258789
114.757,155.727081298828,77.4000015258789
114.983,157.430191040039,77.4000015258789
115.209,157.35188293457,77.4000015258789
115.435,157.35188293457,77.4000015258789
115.662,156.294784545898,77.4000015258789
115.888,155.746658325195,14.3000001907349
116.114,33.4358062744141,14.3000001907349
116.341,31.7522716522217,14.3000001907349
116.568,33.4553833007812,14.3000001907349
116.795,33.1617431640625,14.3000001907349
117.021,33.4749603271484,14.3000001907349
117.248,33.4553833007812,14.3000001907349
117.475,33.4358062744141,14.3000001907349
117.702,33.4553833007812,14.3000001907349
117.929,32.3787040710449,14.3000001907349
118.155,33.0051345825195,14.3000001907349
118.382,33.4553833007812,14.3000001907349
118.609,32.4570083618164,14.3000001907349
118.836,33.4553833007812,14.3000001907349
119.063,31.6935443878174,14.3000001907349
119.291,33.4553833007812,14.3000001907349
119.518,33.4553833007812,14.3000001907349
119.744,33.4358062744141,14.3000001907349
119.971,32.4374313354492,14.3000001907349
120.198,33.4358062744141,14.3000001907349
120.424,33.4358062744141,14.3000001907349
120.65,33.4358062744141,14.3000001907349
120.877,33.0638656616211,14.3000001907349
121.104,33.4553833007812,14.3000001907349
121.33,33.4358062744141,14.3000001907349
121.558,32.7702255249023,14.3000001907349
121.784,33.4358062744141,14.3000001907349
122.011,32.6723442077637,14.3000001907349
122.237,33.4553833007812,14.3000001907349
122.463,33.4749603271484,14.3000001907349
122.689,33.4553833007812,14.3000001907349
122.916,33.4553833007812,14.3000001907349
123.142,33.4358062744141,14.3000001907349
123.369,31.4194793701172,14.3000001907349
123.596,33.4553833007812,14.3000001907349
123.823,32.3395538330078,14.3000001907349
124.05,33.4358062744141,14.3000001907349
124.277,31.0475368499756,14.3000001907349
124.504,33.4553833007812,92.0999984741211
124.731,184.875747680664,92.0999984741211
124.957,185.600051879883,26
125.183,56.7508239746094,26
125.41,56.7508239746094,26
125.636,55.1064414978027,26
125.863,54.0297584533691,26
126.09,56.7312469482422,26
126.317,54.3821296691895,26
126.544,56.7312469482422,26
126.771,53.3641777038574,26
126.998,56.7508239746094,26
127.225,54.0493354797363,26
127.452,56.7312469482422,26
127.678,55.0477104187012,34
127.905,69.4360733032227,34
128.132,72.6269607543945,34
128.359,69.2011566162109,34
128.586,72.6465377807617,34
128.812,70.1995391845703,34
129.039,69.2011566162109,34
129.266,72.6269607543945,34
129.494,69.2403106689453,34
129.72,70.1799621582031,34
129.946,70.1212310791016,34
130.172,69.84716796875,34
130.399,69.2207336425781,34
130.626,72.6465377807617,34
130.853,69.1620101928711,34
131.08,72.6465377807617,34
131.306,69.84716796875,34
131.533,69.1620101928711,34
131.76,72.6465377807617,34
131.987,69.1815872192383,34
132.214,72.6465377807617,34
132.44,69.84716796875,34
132.666,69.84716796875,34
132.893,69.1815872192383,34
133.12,72.6269607543945,34
133.347,69.2207336425781,34
133.574,72.6269607543945,34
133.802,69.2207336425781,34
134.029,69.4947967529297,34
134.256,72.6465377807617,34
134.482,70.5127487182617,34
134.709,69.1815872192383,34
134.936,72.6465377807617,34
135.163,69.2011566162109,34
135.39,72.6465377807617,34
135.616,70.1799621582031,34
135.843,69.2011566162109,34
136.071,72.6269607543945,34
136.298,72.6465377807617,34
136.524,70.5714797973633,34
136.75,69.7884368896484,34
136.976,69.8080139160156,34
137.203,69.4164962768555,34
137.43,72.6465377807617,34
137.657,69.2403106689453,34
137.884,72.6465377807617,34
138.111,69.2598876953125,34
138.337,72.6465377807617,34
138.564,72.6465377807617,34
138.791,69.2403106689453,34
139.018,72.6465377807617,34
139.245,38.1731986999512,8.19999980926514
139.471,21.3769912719727,8.19999980926514
139.698,21.3769912719727,8.19999980926514
139.926,21.3574161529541,8.19999980926514
140.154,20.8875923156738,8.19999980926514
140.381,21.3378391265869,8.19999980926514
140.607,21.3769912719727,8.19999980926514
140.834,21.3769912719727,8.19999980926514
141.061,21.3769912719727,8.19999980926514
141.287,21.3769912719727,8.19999980926514
141.514,21.3769912719727,8.19999980926514
141.741,21.3574161529541,8.19999980926514
141.967,20.5743751525879,8.19999980926514
142.194,21.3769912719727,8.19999980926514
142.42,21.3769912719727,8.19999980926514
142.647,21.3574161529541,8.19999980926514
142.875,21.3769912719727,8.19999980926514
143.102,21.3769912719727,8.19999980926514
143.329,21.2203845977783,8.19999980926514
143.556,21.3769912719727,8.19999980926514
143.782,21.3769912719727,8.19999980926514
144.01,21.2595367431641,8.19999980926514
144.236,21.3769912719727,8.19999980926514
144.463,21.2203845977783,8.19999980926514
144.69,21.3769912719727,8.19999980926514
144.916,21.3574161529541,8.19999980926514
145.143,21.3769912719727,8.19999980926514
145.371,21.3769912719727,8.19999980926514
145.597,21.3574161529541,8.19999980926514
145.824,21.3769912719727,8.19999980926514
146.051,20.5352249145508,8.19999980926514
146.278,21.3574161529541,8.19999980926514
146.505,21.3769912719727,8.19999980926514
146.732,21.3769912719727,8.19999980926514
146.958,21.3769912719727,8.19999980926514
147.185,21.3769912719727,8.19999980926514
147.412,21.3378391265869,8.19999980926514
147.639,21.3574161529541,72.8000030517578
147.865,149.149551391602,72.8000030517578
148.091,148.542694091797,72.8000030517578
148.318,147.485580444336,72.8000030517578
148.545,146.60466003418,72.8000030517578
148.772,147.348556518555,72.8000030517578
148.998,146.565505981445,72.8000030517578
149.224,146.585083007812,72.8000030517578
149.451,146.5263671875,72.8000030517578
149.678,148.444808959961,72.8000030517578
149.905,146.506790161133,72.8000030517578
150.131,148.758026123047,72.8000030517578
150.357,149.149551391602,72.8000030517578
150.584,148.464385986328,72.8000030517578
150.811,146.565505981445,72.8000030517578
151.038,147.426849365234,72.8000030517578
151.266,146.5263671875,72.8000030517578
151.492,146.585083007812,72.8000030517578
151.719,146.506790161133,72.8000030517578
151.946,147.759643554688,72.8000030517578
152.173,146.545928955078,72.8000030517578
152.399,149.032089233398,72.8000030517578
152.625,149.501907348633,72.8000030517578
152.852,147.74006652832,98.5999984741211
153.078,195.759994506836,98.5999984741211
153.305,195.759994506836,98.5999984741211
153.532,195.759994506836,98.5999984741211
153.758,195.759994506836,98.5999984741211
153.985,195.759994506836,98.5999984741211
154.212,195.759994506836,98.5999984741211
154.44,195.759994506836,98.5999984741211
154.667,195.759994506836,98.5999984741211
154.894,195.759994506836,98.5999984741211
155.121,195.759994506836,98.5999984741211
155.348,195.759994506836,30.2999992370605
155.575,61.762279510498,30.2999992370605
155.802,65.2468109130859,30.2999992370605
156.029,61.9384651184082,30.2999992370605
156.256,65.2468109130859,30.2999992370605
156.482,63.3870887756348,30.2999992370605
156.709,61.7818565368652,30.2999992370605
156.936,65.2468109130859,30.2999992370605
157.163,62.2712554931641,30.2999992370605
157.39,65.2468109130859,30.2999992370605
157.617,61.9580383300781,30.2999992370605
157.844,65.2859573364258,30.2999992370605
158.071,61.9384651184082,30.2999992370605
158.297,65.2663879394531,30.2999992370605
158.524,65.2468109130859,30.2999992370605
158.751,62.6040496826172,30.2999992370605
158.978,65.2468109130859,30.2999992370605
159.204,62.9564170837402,30.2999992370605
159.885,61.918888092041,30.2999992370605
160.112,65.2468109130859,30.2999992370605
160.339,62.5257453918457,30.2999992370605
160.565,65.2468109130859,30.2999992370605
160.793,65.2468109130859,30.2999992370605
161.02,65.2468109130859,30.2999992370605
161.247,63.0347213745117,30.2999992370605
161.474,65.2272338867188,30.2999992370605
161.701,61.8014335632324,30.2999992370605
161.927,65.2468109130859,30.2999992370605
162.154,65.2468109130859,30.2999992370605
162.381,62.2908325195312,30.2999992370605
162.608,65.2468109130859,30.2999992370605
162.835,62.2712554931641,30.2999992370605
163.062,65.2468109130859,30.2999992370605
163.288,63.3479347229004,30.2999992370605
163.515,61.762279510498,30.2999992370605
163.742,65.2468109130859,30.2999992370605
163.968,64.3267364501953,65.5
164.194,132.020538330078,65.5
164.421,131.981399536133,65.5
164.648,134.898223876953,65.5
164.874,131.922668457031,65.5
165.1,131.922668457031,65.5
165.328,131.942245483398,65.5
165.554,131.942245483398,65.5
165.781,131.981399536133,65.5
166.008,133.841110229492,65.5
166.234,131.981399536133,65.5
166.462,131.961822509766,65.5
166.689,131.961822509766,65.5
166.916,134.859069824219,65.5
167.142,140.986358642578,73.4000015258789
167.368,147.74006652832,73.4000015258789
167.595,147.759643554688,73.4000015258789
167.821,150.206649780273,73.4000015258789
168.048,149.16911315918,73.4000015258789
168.276,147.720489501953,73.4000015258789
168.503,147.759643554688,73.4000015258789
168.729,149.893432617188,73.4000015258789
168.956,150.637313842773,73.4000015258789
169.183,147.779220581055,73.4000015258789
169.41,148.581832885742,73.4000015258789
169.637,147.720489501953,73.4000015258789
169.864,149.149551391602,73.4000015258789
170.09,147.720489501953,73.4000015258789
170.318,195.759994506836,98.1999969482422
170.546,195.759994506836,98.1999969482422
170.773,195.759994506836,98.1999969482422
171,141.162536621094,69
171.227,138.930877685547,69
171.453,141.554061889648,69
171.68,140.281616210938,69
171.906,138.891723632812,69
172.132,138.852569580078,69
172.359,138.930877685547,69
172.586,141.358291625977,69
172.813,138.930877685547,69
173.04,141.025497436523,69
173.267,138.91130065918,69
173.493,141.651931762695,69
173.72,141.26042175293,31.8999996185303
173.946,66.0298461914062,31.8999996185303
174.173,65.0706253051758,31.8999996185303
174.4,68.4964218139648,20.1000003814697
174.626,44.4375190734863,20.1000003814697
174.852,44.4375190734863,20.1000003814697
175.079,41.9122161865234,20.1000003814697
175.306,44.9660720825195,20.1000003814697
175.532,44.7898864746094,20.1000003814697
175.758,44.1047286987305,20.1000003814697
175.985,43.4391441345215,20.1000003814697
176.212,44.9660720825195,20.1000003814697
176.44,43.8306655883789,20.1000003814697
176.666,44.3983688354492,20.1000003814697
176.893,43.0867767333984,20.1000003814697
177.12,44.9660720825195,20.1000003814697
177.347,43.8110885620117,20.1000003814697
177.573,44.9660720825195,20.1000003814697
177.8,44.9660720825195,20.1000003814697
178.026,44.1047286987305,20.1000003814697
178.253,42.3820419311523,20.1000003814697
178.48,44.9660720825195,20.1000003814697
178.707,42.7148323059082,20.1000003814697
178.934,44.9660720825195,20.1000003814697
179.161,43.0476226806641,20.1000003814697
179.387,44.9660720825195,20.1000003814697
179.613,44.9660720825195,20.1000003814697
179.84,44.9660720825195,20.1000003814697
180.066,44.4570960998535,20.1000003814697
180.293,43.7719345092773,20.1000003814697
180.52,44.9660720825195,20.1000003814697
180.747,43.8306655883789,20.1000003814697
180.974,44.9660720825195,20.1000003814697
181.201,42.342887878418,20.1000003814697
181.427,44.9660720825195,20.1000003814697
181.653,44.9660720825195,20.1000003814697
181.88,44.9660720825195,20.1000003814697
182.107,43.7915115356445,20.1000003814697
182.334,44.9660720825195,20.1000003814697
182.56,44.4375190734863,20.1000003814697
182.786,44.4375190734863,20.1000003814697
183.013,43.0280494689941,20.1000003814697
183.24,44.9660720825195,20.1000003814697
183.467,41.9905204772949,20.1000003814697
183.694,44.9464950561523,20.1000003814697
183.92,44.183032989502,20.1000003814697
184.147,43.7719345092773,20.1000003814697
184.374,44.9464950561523,20.1000003814697
184.601,43.0280494689941,20.1000003814697
184.828,44.9660720825195,17.1000003814697
185.055,38.2319297790527,17.1000003814697
185.282,39.0345458984375,17.1000003814697
185.509,38.2319297790527,17.1000003814697
185.736,39.0149688720703,17.1000003814697
185.964,36.8811836242676,57.9000015258789
186.191,116.809989929199,57.9000015258789
186.418,120.235794067383,57.9000015258789
186.645,116.888298034668,57.9000015258789
186.871,120.235794067383,57.9000015258789
187.098,119.394027709961,57.9000015258789
187.325,116.809989929199,29.1000003814697
187.551,62.8389587402344,29.1000003814697
187.778,62.9172630310059,29.1000003814697
188.005,59.7851028442383,29.1000003814697
188.232,62.8781127929688,68.0999984741211
188.459,137.149459838867,68.0999984741211
188.686,139.655181884766,68.0999984741211
188.912,137.1298828125,68.0999984741211
189.138,137.1298828125,68.0999984741211
189.365,137.1298828125,68.0999984741211
189.592,139.576873779297,68.0999984741211
189.819,137.149459838867,68.0999984741211
190.045,139.948822021484,68.0999984741211
190.271,140.066284179688,68.0999984741211
190.497,140.379501342773,68.0999984741211
190.724,138.637237548828,68.0999984741211
190.95,137.1298828125,68.0999984741211
191.177,137.169036865234,68.0999984741211
191.404,138.872146606445,68.0999984741211
191.631,137.149459838867,68.0999984741211
191.858,138.676391601562,42.9000015258789
192.085,86.9761657714844,42.9000015258789
192.311,90.3628158569336,42.9000015258789
192.537,90.3432388305664,42.9000015258789
192.764,90.3432388305664,42.9000015258789
192.991,86.9761657714844,42.9000015258789
193.217,90.3628158569336,42.9000015258789
193.443,90.3432388305664,32.2999992370605
193.67,69.2207336425781,32.2999992370605
193.897,66.323486328125,32.2999992370605
194.125,69.2794647216797,32.2999992370605
194.352,69.2598876953125,32.2999992370605
194.579,65.8340911865234,32.2999992370605
194.806,69.2207336425781,32.2999992370605
195.033,66.3430633544922,32.2999992370605
195.259,69.2794647216797,32.2999992370605
195.487,69.2598876953125,32.2999992370605
195.714,69.2011566162109,32.2999992370605
195.94,66.9890747070312,32.2999992370605
196.167,65.9906997680664,32.2999992370605
196.394,69.2794647216797,32.2999992370605
196.621,66.3430633544922,32.2999992370605
196.847,67.1456832885742,30.7999992370605
197.073,66.2843399047852,30.7999992370605
197.299,66.2843399047852,30.7999992370605
197.526,66.2451858520508,30.7999992370605
197.753,63.1325988769531,30.7999992370605
197.98,66.264762878418,30.7999992370605
198.207,91.3416137695312,45.0999984741211
198.433,94.7086868286133,45.0999984741211
198.66,94.7478408813477,45.0999984741211
198.887,91.3611907958984,45.0999984741211
199.114,94.7674179077148,45.0999984741211
199.341,54.3429756164551,26
199.567,56.7508239746094,26
199.794,56.7312469482422,26
200.021,55.0085601806641,26
200.249,56.7312469482422,26
200.475,56.7312469482422,26
200.701,56.6725196838379,26
200.928,56.7116737365723,26
201.155,53.8339996337891,26
201.381,56.7116737365723,26
201.607,56.7312469482422,26
201.834,56.7312469482422,26
202.062,54.3429756164551,26
202.289,53.990608215332,26
202.516,56.7508239746094,26
202.743,54.4017028808594,26
202.97,56.7312469482422,26
203.197,54.3233985900879,26
203.424,56.7312469482422,26
203.651,53.9710311889648,26
203.878,56.7312469482422,26
204.105,54.2646713256836,26
204.332,56.7508239746094,26
204.559,53.3446006774902,26
204.785,56.7312469482422,26
205.012,56.7312469482422,26
205.239,53.638240814209,26
205.466,56.7508239746094,26
205.692,55.0477104187012,26
205.92,53.3641777038574,26
206.147,54.3233985900879,26
206.373,56.7508239746094,26
206.599,56.7312469482422,26
206.825,56.7312469482422,26
207.051,56.7312469482422,26
207.278,56.7508239746094,26
207.505,54.7149200439453,26
207.732,56.7508239746094,26
207.959,53.9514579772949,26
208.185,56.7116737365723,26
208.412,56.7312469482422,26
208.639,53.6186637878418,26
208.866,56.7312469482422,26
209.092,56.0852394104004,45.4000015258789
209.318,91.9680480957031,45.4000015258789
209.544,91.9680480957031,45.4000015258789
209.771,91.9876251220703,45.4000015258789
209.998,95.315544128418,45.4000015258789
210.225,91.9680480957031,45.4000015258789
210.452,95.315544128418,45.4000015258789
210.679,91.9876251220703,49.2999992370605
210.906,103.048065185547,49.2999992370605
211.133,99.7592926025391,49.2999992370605
211.36,103.048065185547,49.2999992370605
211.586,99.7201461791992,49.2999992370605
211.813,99.7201461791992,49.2999992370605
212.04,103.067642211914,49.2999992370605
212.267,99.700569152832,49.2999992370605
212.494,103.048065185547,49.2999992370605
212.72,99.7397232055664,49.2999992370605
212.947,99.700569152832,49.2999992370605
213.174,103.067642211914,49.2999992370605
213.401,99.7397232055664,86.8000030517578
213.628,174.441741943359,86.8000030517578
213.856,174.441741943359,86.8000030517578
214.083,174.500457763672,86.8000030517578
214.31,174.461318969727,86.8000030517578
214.537,174.480895996094,86.8000030517578
214.764,174.500457763672,86.8000030517578
214.992,174.441741943359,32.7999992370605
215.22,66.8324661254883,32.7999992370605
215.447,66.8128890991211,32.7999992370605
215.674,70.1799621582031,32.7999992370605
215.901,66.8128890991211,32.7999992370605
216.127,70.1995391845703,50.2000007629395
216.353,104.888206481934,50.2000007629395
216.58,104.927360534668,50.2000007629395
216.807,101.540710449219,50.2000007629395
217.034,104.907783508301,50.2000007629395
217.26,101.540710449219,50.2000007629395
217.487,101.540710449219,50.2000007629395
217.714,104.927360534668,50.2000007629395
217.941,101.579864501953,50.2000007629395
218.168,104.927360534668,50.2000007629395
218.394,101.540710449219,50.2000007629395
218.62,101.579864501953,50.2000007629395
218.847,101.560287475586,19.7000007629395
219.074,44.1634559631348,19.7000007629395
219.301,42.342887878418,19.7000007629395
219.527,44.1438789367676,19.7000007629395
219.754,44.1634559631348,19.7000007629395
219.981,41.5989990234375,19.7000007629395
220.209,44.183032989502,19.7000007629395
220.436,44.1438789367676,19.7000007629395
220.663,42.6365280151367,19.7000007629395
220.889,44.1438789367676,19.7000007629395
221.115,44.1243057250977,19.7000007629395
221.341,44.1438789367676,19.7000007629395
221.567,44.1438789367676,19.7000007629395
221.794,44.1438789367676,25.1000003814697
222.021,52.1700401306152,25.1000003814697
222.248,54.8715286254883,25.1000003814697
222.476,52.1700401306152,25.1000003814697
222.703,54.6757698059082,25.1000003814697
222.93,54.8323745727539,25.1000003814697
223.157,52.6007118225098,25.1000003814697
223.384,54.8323745727539,25.1000003814697
223.611,53.2075691223145,25.1000003814697
223.838,54.8519515991211,25.1000003814697
224.065,52.6007118225098,25.1000003814697
224.291,54.8323745727539,25.1000003814697
224.518,54.8323745727539,25.1000003814697
224.745,52.2874946594238,25.1000003814697
224.971,54.8519515991211,25.1000003814697
225.198,54.8715286254883,25.1000003814697
225.425,52.9335060119629,25.1000003814697
225.652,54.8323745727539,25.1000003814697
225.879,52.9335060119629,25.1000003814697
226.106,54.8519515991211,25.1000003814697
226.333,72.4311981201172,35.5999984741211
226.56,75.8178482055664,35.5999984741211
226.787,72.4703521728516,35.5999984741211
227.014,75.7591171264648,35.5999984741211
227.241,72.4899291992188,35.5999984741211
227.468,75.7982711791992,35.5999984741211
227.695,72.4703521728516,35.5999984741211
227.922,75.7982711791992,35.5999984741211
228.149,72.4507751464844,35.5999984741211
228.376,75.719970703125,35.5999984741211
228.603,72.4899291992188,35.5999984741211
228.83,75.7982711791992,35.5999984741211
229.057,72.41162109375,35.5999984741211
229.284,75.7982711791992,35.5999984741211
229.511,72.4703521728516,20.2000007629395
229.738,45.1814079284668,20.2000007629395
229.964,44.2613372802734,20.2000007629395
230.19,44.3592147827148,20.2000007629395
230.417,43.0476226806641,20.2000007629395
230.644,45.2205619812012,20.2000007629395
230.871,42.9105911254883,20.2000007629395
231.098,45.200984954834,20.2000007629395
231.324,44.3200645446777,20.2000007629395
231.55,44.9269218444824,20.2000007629395
231.777,43.517448425293,20.2000007629395
232.004,45.200984954834,20.2000007629395
232.23,44.3200645446777,95.1999969482422
232.457,190.983459472656,95.1999969482422
232.684,190.983459472656,95.1999969482422
232.911,190.983459472656,89.5999984741211
233.138,179.92301940918,89.5999984741211
233.365,179.942596435547,50.9000015258789
233.592,106.258529663086,50.9000015258789
233.819,102.969757080078,50.9000015258789
234.047,106.317253112793,50.9000015258789
234.274,106.317253112793,50.9000015258789
234.501,102.969757080078,50.9000015258789
234.727,106.33683013916,50.9000015258789
234.955,106.29768371582,50.9000015258789
235.182,106.29768371582,50.9000015258789
235.409,102.930610656738,50.9000015258789
235.635,106.33683013916,50.9000015258789
235.862,106.29768371582,50.9000015258789
236.088,103.008911132812,50.9000015258789
236.314,102.989334106445,50.9000015258789
236.541,102.950187683105,50.9000015258789
236.767,106.278106689453,39.5999984741211
236.994,83.7852783203125,39.5999984741211
237.221,80.4573593139648,39.5999984741211
237.448,83.7461318969727,39.5999984741211
237.675,80.3790588378906,39.5999984741211
237.901,83.8048553466797,39.5999984741211
238.128,83.7461318969727,39.5999984741211
238.355,80.4182052612305,39.5999984741211
238.581,83.7852783203125,39.5999984741211
238.807,83.7265548706055,39.5999984741211
239.034,83.7657012939453,39.5999984741211
239.261,80.4182052612305,39.5999984741211
239.487,83.8048553466797,39.5999984741211
239.714,83.8440093994141,39.5999984741211
239.941,80.4377822875977,39.5999984741211
240.167,83.7852783203125,39.5999984741211
240.394,83.7069778442383,39.5999984741211
240.621,80.4182052612305,39.5999984741211
240.847,83.7852783203125,39.5999984741211
241.074,83.7265548706055,39.5999984741211
241.302,80.4377822875977,39.5999984741211
241.529,80.4573593139648,39.5999984741211
241.756,83.7657012939453,39.5999984741211
241.983,80.4377822875977,16.7999992370605
242.21,38.3885345458984,16.7999992370605
242.437,38.0165939331055,16.7999992370605
242.664,38.3885345458984,16.7999992370605
242.89,37.9578628540039,16.7999992370605
243.116,38.3689613342285,16.7999992370605
243.342,38.3885345458984,16.7999992370605
243.569,37.272705078125,16.7999992370605
243.795,38.3885345458984,16.7999992370605
244.021,38.3885345458984,16.7999992370605
244.248,38.3689613342285,16.7999992370605
244.475,37.2531280517578,16.7999992370605
244.702,38.3885345458984,16.7999992370605
244.929,35.6283187866211,82.1999969482422
245.157,165.221435546875,82.1999969482422
245.385,165.260589599609,82.1999969482422
245.612,165.201858520508,82.1999969482422
245.838,165.201858520508,82.1999969482422
246.065,165.201858520508,82.1999969482422
246.292,165.593383789062,82.1999969482422
246.518,165.201858520508,82.1999969482422
246.745,165.182281494141,82.1999969482422
246.972,165.162719726562,82.1999969482422
247.199,165.162719726562,82.1999969482422
247.426,165.632537841797,82.1999969482422
247.653,165.182281494141,82.1999969482422
247.88,165.299743652344,82.1999969482422
248.106,165.182281494141,82.1999969482422
248.333,165.201858520508,82.1999969482422
248.559,166.924545288086,82.1999969482422
248.786,165.61296081543,82.1999969482422
249.013,165.201858520508,82.1999969482422
249.239,167.042007446289,82.1999969482422
249.465,167.042007446289,82.1999969482422
249.692,165.554229736328,82.1999969482422
249.919,165.182281494141,82.1999969482422
250.145,166.983276367188,82.1999969482422
250.373,165.652114868164,82.1999969482422
250.6,165.319320678711,82.1999969482422
250.827,165.182281494141,82.1999969482422
251.053,166.298126220703,82.1999969482422
251.28,165.632537841797,82.1999969482422
251.507,165.182281494141,82.1999969482422
251.734,165.221435546875,82.1999969482422
251.961,165.182281494141,82.1999969482422
252.188,125.286399841309,27.7999992370605
252.415,56.9857368469238,27.7999992370605
252.642,60.3136558532715,27.7999992370605
252.869,57.6317443847656,27.7999992370605
253.095,60.2940788269043,27.7999992370605
253.321,60.2940788269043,27.7999992370605
253.548,60.2940788269043,27.7999992370605
253.775,58.042839050293,27.7999992370605
254.002,60.3136558532715,27.7999992370605
254.229,57.0248870849609,27.7999992370605
254.455,60.2745056152344,27.7999992370605
254.682,60.2940788269043,27.7999992370605
254.909,57.7296257019043,27.7999992370605
255.135,60.2940788269043,27.7999992370605
255.362,60.2940788269043,27.7999992370605
255.588,58.708423614502,27.7999992370605
255.814,58.3756332397461,27.7999992370605
256.04,59.6480712890625,27.7999992370605
256.268,63.915641784668,30.8999996185303
256.496,63.7394561767578,30.8999996185303
256.722,64.2680053710938,30.8999996185303
256.949,63.3283615112305,30.8999996185303
257.176,66.4213714599609,30.8999996185303
257.402,64.3658905029297,30.8999996185303
257.629,63.2109031677246,30.8999996185303
257.856,66.4017944335938,76.4000015258789
258.082,153.710754394531,76.4000015258789
258.308,153.730331420898,6.19999980926514
258.534,17.3443355560303,6.19999980926514
258.76,17.3247604370117,6.19999980926514
258.986,17.3051834106445,6.19999980926514
259.212,17.3051834106445,6.19999980926514
259.438,17.285608291626,6.19999980926514
259.665,17.3051834106445,6.19999980926514
259.891,17.3247604370117,6.19999980926514
260.117,17.3247604370117,6.19999980926514
260.344,17.3051834106445,6.19999980926514
260.571,17.3051834106445,6.19999980926514
260.798,17.3247604370117,6.19999980926514
261.024,17.3247604370117,5
261.25,14.9560642242432,5
261.476,14.975640296936,5
261.703,15.0147924423218,82.5
261.93,165.82829284668,82.5
262.156,165.769561767578,82.5
262.382,165.730422973633,82.5
262.609,165.769561767578,82.5
262.836,166.141510009766,82.5
263.063,165.769561767578,82.5
263.29,165.906600952148,82.5
263.517,165.769561767578,82.5
263.745,165.808715820312,82.5
263.971,166.474304199219,82.5
264.197,167.903350830078,82.5
264.424,166.846252441406,82.5
264.651,165.75,82.5
264.877,166.493881225586,82.5
265.104,165.769561767578,82.5
265.33,165.75,82.5
265.557,165.769561767578,82.5
265.784,166.141510009766,82.5
266.011,165.769561767578,82.5
266.237,167.179046630859,82.5
266.464,165.808715820312,82.5
266.69,165.769561767578,82.5
266.917,165.730422973633,82.5
267.144,166.141510009766,82.5
267.37,165.789138793945,82.5
267.596,165.75,82.5
267.822,165.769561767578,82.5
268.049,165.769561767578,82.5
268.276,166.787521362305,82.5
268.503,165.75,82.5
268.73,165.808715820312,82.5
268.956,165.75,82.5
269.183,165.789138793945,82.5
269.41,165.808715820312,82.5
269.637,165.75,82.5
269.863,166.474304199219,82.5
270.089,166.53303527832,82.5
270.315,166.513458251953,40.5999984741211
270.543,85.7624588012695,40.5999984741211
270.77,85.8016052246094,40.5999984741211
270.997,82.3953857421875,40.5999984741211
271.223,85.7428817749023,40.5999984741211
271.45,85.7624588012695,40.5999984741211
271.677,82.4149627685547,40.5999984741211
271.903,85.7624588012695,40.5999984741211
272.13,85.7233047485352,40.5999984741211
272.357,82.4541091918945,40.5999984741211
272.585,85.703727722168,40.5999984741211
272.812,85.7233047485352,40.5999984741211
273.038,83.6482467651367,40.5999984741211
273.265,82.4541091918945,40.5999984741211
273.491,85.703727722168,40.5999984741211
273.717,85.703727722168,40.5999984741211
273.943,85.703727722168,40.5999984741211
274.17,85.7233047485352,94.3000030517578
274.397,189.358642578125,94.3000030517578
274.623,189.358642578125,94.3000030517578
274.85,189.358642578125,94.3000030517578
275.077,189.31950378418,94.3000030517578
275.303,189.31950378418,94.3000030517578
275.53,189.339065551758,94.3000030517578
275.758,189.378219604492,94.3000030517578
275.985,189.358642578125,52.2000007629395
276.211,108.803405761719,52.2000007629395
276.438,108.822982788086,52.2000007629395
276.665,105.495063781738,52.2000007629395
276.891,108.822982788086,52.2000007629395
277.118,108.822982788086,52.2000007629395
277.345,105.475486755371,52.2000007629395
277.572,108.842559814453,52.2000007629395
277.798,105.475486755371,52.2000007629395
278.025,105.495063781738,52.2000007629395
278.251,108.822982788086,52.2000007629395
278.478,108.803405761719,52.2000007629395
278.705,105.534217834473,52.2000007629395
278.932,108.803405761719,52.2000007629395
279.159,105.475486755371,52.2000007629395
279.386,108.803405761719,52.2000007629395
279.612,105.475486755371,52.2000007629395
279.839,105.475486755371,23.7999992370605
280.065,52.3462257385254,23.7999992370605
280.292,52.3657989501953,23.7999992370605
280.519,49.8796463012695,23.7999992370605
280.746,52.3657989501953,23.7999992370605
280.972,51.6219139099121,23.7999992370605
281.199,49.9383773803711,23.7999992370605
281.426,52.3462257385254,23.7999992370605
281.653,50.271167755127,23.7999992370605
281.88,52.3657989501953,23.7999992370605
282.107,49.6643104553223,23.7999992370605
282.334,52.3657989501953,23.7999992370605
282.561,50.2320175170898,23.7999992370605
282.788,52.3266487121582,23.7999992370605
283.015,49.8796463012695,23.7999992370605
283.242,52.3657989501953,23.7999992370605
283.468,51.9351272583008,23.7999992370605
283.694,51.2695426940918,23.7999992370605
283.921,50.62353515625,23.7999992370605
284.148,52.3657989501953,23.7999992370605
284.375,50.9171752929688,23.7999992370605
284.602,52.3657989501953,23.7999992370605
284.828,50.9171752929688,23.7999992370605
285.055,50.2515907287598,23.7999992370605
285.281,52.3462257385254,23.7999992370605
285.508,52.3462257385254,23.7999992370605
285.735,49.957950592041,23.7999992370605
285.962,52.3462257385254,23.7999992370605
286.188,50.8975982666016,23.7999992370605
286.414,51.641487121582,23.7999992370605
286.641,50.2515907287598,23.7999992370605
286.867,52.0330085754395,23.7999992370605
287.093,52.3462257385254,23.7999992370605
287.319,52.3462257385254,23.7999992370605
287.546,52.3462257385254,23.7999992370605
287.772,50.8780250549316,23.7999992370605
287.999,50.6431121826172,23.7999992370605
288.226,52.3266487121582,23.7999992370605
288.453,50.2320175170898,23.7999992370605
288.68,52.3657989501953,23.7999992370605
288.907,50.3103218078613,23.7999992370605
289.133,52.3462257385254,23.7999992370605
289.359,52.3462257385254,23.7999992370605
289.586,52.3657989501953,23.7999992370605
289.814,49.5468559265137,23.7999992370605
290.041,50.2320175170898,23.7999992370605
290.268,52.3657989501953,54.4000015258789
290.495,109.840934753418,54.4000015258789
290.723,113.188430786133,54.4000015258789
290.949,113.188430786133,54.4000015258789
291.176,112.796913146973,54.4000015258789
291.403,109.860511779785,54.4000015258789
291.63,111.915992736816,54.4000015258789
291.857,109.860511779785,54.4000015258789
292.084,112.85563659668,54.4000015258789
292.312,109.860511779785,54.4000015258789
292.54,109.880088806152,54.4000015258789
292.766,109.860511779785,54.4000015258789
292.993,109.880088806152,54.4000015258789
293.221,113.188430786133,54.4000015258789
293.448,113.2080078125,54.4000015258789
293.676,109.860511779785,54.4000015258789
293.902,109.880088806152,54.4000015258789
294.129,109.860511779785,54.4000015258789
294.355,113.2080078125,54.4000015258789
294.581,113.2080078125,54.4000015258789
294.808,112.46411895752,54.4000015258789
295.035,109.880088806152,54.4000015258789
295.262,113.227584838867,54.4000015258789
295.488,109.880088806152,54.4000015258789
295.715,109.919242858887,54.4000015258789
295.942,113.2080078125,54.4000015258789
296.169,109.880088806152,54.4000015258789
296.396,113.188430786133,54.4000015258789
296.623,109.880088806152,54.4000015258789
296.849,113.188430786133,54.4000015258789
297.077,112.796913146973,54.4000015258789
297.304,113.188430786133,54.4000015258789
297.532,109.958389282227,54.4000015258789
297.759,109.938819885254,54.4000015258789
297.986,113.188430786133,54.4000015258789
298.212,109.919242858887,54.4000015258789
298.44,109.919242858887,54.4000015258789
298.667,109.938819885254,54.4000015258789
298.894,113.188430786133,54.4000015258789
299.122,109.860511779785,54.4000015258789
299.348,109.977966308594,54.4000015258789
299.575,109.938819885254,54.4000015258789
299.802,112.85563659668,54.4000015258789
300.03,109.938819885254,54.4000015258789
300.257,109.89966583252,54.4000015258789
300.484,113.188430786133,54.4000015258789
300.711,109.919242858887,54.4000015258789
300.939,113.188430786133,54.4000015258789
301.166,112.796913146973,54.4000015258789
301.393,109.997543334961,33.2000007629395
301.621,70.9825744628906,33.2000007629395
301.848,71.0021514892578,33.2000007629395
302.075,68.2419357299805,6.40000009536743
302.301,17.6575527191162,6.40000009536743
302.528,17.7554321289062,6.40000009536743
302.754,17.7554321289062,6.40000009536743
302.981,17.794584274292,6.40000009536743
303.208,17.7750072479248,27.2999992370605
303.435,56.5942153930664,27.2999992370605
303.661,59.2369766235352,8.89999961853027
303.888,22.7668876647949,8.89999961853027
304.115,22.3557929992676,8.89999961853027
304.342,22.7473125457764,8.89999961853027
304.569,22.0817279815674,8.89999961853027
304.796,22.7473125457764,8.89999961853027
305.022,22.7473125457764,8.89999961853027
305.249,22.3557929992676,8.89999961853027
305.477,22.7473125457764,8.89999961853027
305.704,22.7668876647949,8.89999961853027
305.931,22.7277355194092,8.89999961853027
306.158,22.7473125457764,8.89999961853027
306.385,21.1029281616211,8.89999961853027
306.612,22.7473125457764,8.89999961853027
306.838,22.7277355194092,8.89999961853027
307.065,22.0817279815674,8.89999961853027
307.292,22.7473125457764,39.7000007629395
307.519,80.5943908691406,39.7000007629395
307.745,83.9223098754883,39.7000007629395
307.972,83.9027328491211,39.7000007629395
308.198,80.5943908691406,39.7000007629395
308.424,80.633544921875,39.7000007629395
308.65,80.5748138427734,39.7000007629395
308.876,80.5748138427734,25.1000003814697
309.103,52.620288848877,25.1000003814697
309.33,54.8715286254883,25.1000003814697
309.558,51.9742813110352,25.1000003814697
309.785,52.8943519592285,25.1000003814697
310.012,54.8715286254883,25.1000003814697
310.239,52.2287673950195,25.1000003814697
310.465,54.8911056518555,25.1000003814697
310.692,54.8519515991211,25.1000003814697
310.918,54.5778884887695,25.1000003814697
311.145,32.8876800537109,6.80000019073486
311.371,18.558048248291,6.80000019073486
311.598,18.5384712219238,6.80000019073486
311.825,18.5384712219238,6.80000019073486
312.051,18.5384712219238,6.80000019073486
312.277,18.5384712219238,6.80000019073486
312.504,18.558048248291,6.80000019073486
312.73,18.558048248291,6.80000019073486
312.956,18.5384712219238,6.80000019073486
313.184,18.5188961029053,6.80000019073486
313.411,18.558048248291,6.80000019073486
313.638,18.5384712219238,6.80000019073486
313.864,18.5188961029053,6.80000019073486
314.091,18.5384712219238,6.80000019073486
314.318,18.558048248291,6.80000019073486
314.545,18.5384712219238,6.80000019073486
314.773,18.5776233673096,6.80000019073486
315,18.558048248291,6.80000019073486
315.228,18.4797439575195,6.80000019073486
315.456,17.8337364196777,6.80000019073486
315.683,18.5188961029053,6.80000019073486
315.91,18.5384712219238,6.80000019073486
316.138,18.5384712219238,6.80000019073486
316.366,18.558048248291,6.80000019073486
316.593,18.4405918121338,6.80000019073486
316.82,18.5384712219238,6.80000019073486
317.047,18.5384712219238,6.80000019073486
317.274,18.558048248291,6.80000019073486
317.5,18.4993209838867,6.80000019073486
317.727,18.5188961029053,6.80000019073486
317.953,18.5188961029053,6.80000019073486
318.18,18.558048248291,6.80000019073486
318.407,18.5384712219238,6.80000019073486
318.634,18.5384712219238,6.80000019073486
318.86,18.5384712219238,6.80000019073486
319.087,17.7750072479248,6.80000019073486
319.314,18.5776233673096,6.80000019073486
319.541,17.8141593933105,6.80000019073486
319.767,18.5384712219238,6.80000019073486
319.995,18.5776233673096,6.80000019073486
320.221,18.4993209838867,6.80000019073486
320.448,18.5188961029053,6.80000019073486
320.675,18.5384712219238,6.80000019073486
320.901,18.5188961029053,6.80000019073486
321.128,18.5384712219238,6.80000019073486
321.355,18.5384712219238,6.80000019073486
321.581,18.5384712219238,6.80000019073486
321.808,18.558048248291,6.80000019073486
322.035,18.5188961029053,6.80000019073486
322.262,18.5384712219238,6.80000019073486
322.489,18.460168838501,18.6000003814697
322.716,41.9513664245605,18.6000003814697
323.397,40.6006240844727,18.6000003814697
323.624,41.9513664245605,18.6000003814697
323.85,41.6577262878418,18.6000003814697
324.077,40.1699523925781,18.6000003814697
324.303,41.5402717590332,18.6000003814697
324.53,41.9513664245605,18.6000003814697
324.758,39.8958892822266,18.6000003814697
324.985,40.2482566833496,18.6000003814697
325.211,41.9513664245605,18.6000003814697
325.438,41.9513664245605,18.6000003814697
325.665,39.5043678283691,18.6000003814697
325.893,41.9317932128906,18.6000003814697
326.12,41.9513664245605,18.6000003814697
326.346,41.9122161865234,87.9000015258789
326.573,176.614669799805,87.9000015258789
326.8,176.653823852539,87.9000015258789
327.027,176.614669799805,87.9000015258789
327.253,176.634246826172,87.9000015258789
327.481,176.653823852539,87.9000015258789
327.707,176.810440063477,87.9000015258789
327.934,176.634246826172,87.9000015258789
328.16,176.614669799805,87.9000015258789
328.387,176.653823852539,87.9000015258789
328.613,176.849578857422,87.9000015258789
328.839,176.634246826172,57.5999984741211
329.066,119.491905212402,57.5999984741211
329.293,117.142784118652,57.5999984741211
329.52,119.51148223877,57.5999984741211
329.748,116.30101776123,57.5999984741211
329.975,116.340171813965,57.5999984741211
330.202,119.354873657227,57.5999984741211
330.429,116.261863708496,36.4000015258789
330.656,77.3252029418945,36.4000015258789
330.883,74.0755844116211,36.4000015258789
331.109,77.3252029418945,36.4000015258789
331.336,77.3252029418945,36.4000015258789
331.563,73.9777069091797,36.4000015258789
331.79,77.3056259155273,36.4000015258789
332.018,74.0560073852539,36.4000015258789
332.245,74.2321929931641,36.4000015258789
332.472,77.3252029418945,81.6999969482422
332.699,164.203491210938,81.6999969482422
332.926,164.242645263672,81.6999969482422
333.153,164.18391418457,81.6999969482422
333.38,164.223068237305,81.6999969482422
333.608,164.242645263672,81.6999969482422
333.836,164.242645263672,81.6999969482422
334.064,164.301361083984,81.6999969482422
334.291,164.242645263672,81.6999969482422
334.518,164.575439453125,81.6999969482422
334.744,164.223068237305,81.6999969482422
334.97,164.223068237305,81.6999969482422
335.196,164.203491210938,81.6999969482422
335.423,164.203491210938,81.6999969482422
335.65,164.242645263672,81.6999969482422
335.877,164.203491210938,81.6999969482422
336.104,164.536285400391,81.6999969482422
336.33,164.203491210938,81.6999969482422
336.558,164.203491210938,81.6999969482422
336.785,164.242645263672,81.6999969482422
337.012,164.555862426758,81.6999969482422
337.239,164.164337158203,81.6999969482422
337.467,164.203491210938,81.6999969482422
337.694,164.18391418457,81.6999969482422
337.922,164.242645263672,81.6999969482422
338.149,164.18391418457,81.6999969482422
338.376,36.254753112793,6.40000009536743
338.602,17.7554321289062,6.40000009536743
338.829,17.4226398468018,6.40000009536743
339.057,17.7358551025391,6.40000009536743
339.284,17.7554321289062,6.40000009536743
339.512,16.7374801635742,6.40000009536743
339.739,17.7162799835205,6.40000009536743
339.965,17.7750072479248,6.40000009536743
340.192,17.7554321289062,6.40000009536743
340.418,17.7554321289062,6.40000009536743
340.645,17.7554321289062,6.40000009536743
340.872,17.7554321289062,6.40000009536743
341.098,17.7554321289062,6.40000009536743
341.324,17.7358551025391,6.40000009536743
341.551,17.7554321289062,6.40000009536743
341.779,17.7358551025391,6.40000009536743
342.006,17.7750072479248,6.40000009536743
342.232,17.7358551025391,6.40000009536743
342.458,17.7554321289062,6.40000009536743
342.685,17.7554321289062,6.40000009536743
342.912,17.7750072479248,6.40000009536743
343.138,17.7554321289062,6.40000009536743
343.365,17.7358551025391,6.40000009536743
343.591,17.7358551025391,6.40000009536743
343.819,17.794584274292,6.40000009536743
344.046,17.794584274292,6.40000009536743
344.274,17.794584274292,96.0999984741211
344.501,192.901901245117,96.0999984741211
344.729,192.784454345703,96.0999984741211
344.955,192.784454345703,96.0999984741211
345.183,192.784454345703,96.0999984741211
345.41,192.745300292969,96.0999984741211
345.637,192.784454345703,96.0999984741211
345.864,192.764877319336,96.0999984741211
346.09,192.784454345703,96.0999984741211
346.317,192.784454345703,96.0999984741211
346.544,192.784454345703,96.0999984741211
346.772,192.823593139648,96.0999984741211
346.999,192.80403137207,96.0999984741211
347.227,192.764877319336,96.0999984741211
347.455,192.745300292969,96.0999984741211
347.683,192.784454345703,96.0999984741211
347.909,192.784454345703,96.0999984741211
348.135,192.784454345703,96.0999984741211
348.361,192.784454345703,96.0999984741211
348.589,192.764877319336,96.0999984741211
348.816,192.784454345703,96.0999984741211
349.043,192.80403137207,96.0999984741211
349.27,192.764877319336,96.0999984741211
349.496,192.784454345703,96.0999984741211
349.722,192.784454345703,96.0999984741211
349.948,192.784454345703,96.0999984741211
350.175,192.764877319336,96.0999984741211
350.402,192.764877319336,96.0999984741211
350.63,192.784454345703,96.0999984741211
350.857,192.80403137207,96.0999984741211
351.084,192.80403137207,96.0999984741211
351.311,192.784454345703,96.0999984741211
351.538,192.745300292969,96.0999984741211
351.765,192.784454345703,96.0999984741211
351.992,192.764877319336,96.0999984741211
352.22,192.764877319336,96.0999984741211
352.447,192.784454345703,96.0999984741211
352.675,192.823593139648,17.2999992370605
352.902,39.3869132995605,17.2999992370605
353.129,37.1748237609863,17.2999992370605
353.356,39.4064865112305,17.2999992370605
353.583,38.5842971801758,17.2999992370605
353.81,39.4064865112305,17.2999992370605
354.037,37.1552467346191,17.2999992370605
354.264,39.4064865112305,17.2999992370605
354.491,38.1927757263184,17.2999992370605
354.717,39.3673362731934,17.2999992370605
354.944,39.4064865112305,17.2999992370605
355.17,39.3086090087891,17.2999992370605
355.397,38.2515029907227,17.2999992370605
355.625,39.3869132995605,17.2999992370605
355.852,39.3869132995605,17.2999992370605
356.079,38.5255699157715,17.2999992370605
356.306,39.4260635375977,17.2999992370605
356.533,37.8208312988281,17.2999992370605
356.759,39.3673362731934,17.2999992370605
356.986,39.4064865112305,17.2999992370605
357.214,36.5875434875488,17.2999992370605
357.441,39.4064865112305,17.2999992370605
357.669,39.4064865112305,17.2999992370605
357.895,39.4064865112305,17.2999992370605
358.122,39.4260635375977,17.2999992370605
358.349,38.2123527526855,17.2999992370605
358.576,39.3869132995605,17.2999992370605
358.802,38.9758148193359,17.2999992370605
359.028,39.4064865112305,17.2999992370605
359.256,37.8208312988281,17.2999992370605
359.483,38.310230255127,17.2999992370605
359.71,39.3869132995605,17.2999992370605
359.937,37.8795585632324,17.2999992370605
360.164,39.4064865112305,17.2999992370605
360.391,37.1356735229492,9.10000038146973
360.618,23.0605278015137,9.10000038146973
360.845,23.0409526824951,9.10000038146973
361.073,23.0409526824951,9.10000038146973
361.3,23.0801048278809,9.10000038146973
361.527,21.9838485717773,9.10000038146973
361.754,23.0996799468994,9.10000038146973
361.981,23.0996799468994,9.10000038146973
362.209,23.0996799468994,9.10000038146973
362.436,23.0801048278809,9.10000038146973
362.664,23.0213756561279,9.10000038146973
362.892,23.0801048278809,9.10000038146973
363.119,23.0801048278809,9.10000038146973
363.345,23.0605278015137,9.10000038146973
363.572,23.0409526824951,9.10000038146973
363.799,23.0605278015137,9.10000038146973
364.026,23.0996799468994,9.10000038146973
364.253,23.0409526824951,9.10000038146973
364.48,23.0996799468994,9.10000038146973
364.707,23.0801048278809,9.10000038146973
364.933,23.0996799468994,9.10000038146973
365.16,23.0801048278809,9.10000038146973
365.387,23.0409526824951,9.10000038146973
365.614,23.0801048278809,9.10000038146973
365.841,21.7097835540771,9.10000038146973
366.069,23.0996799468994,9.10000038146973
366.296,23.0996799468994,9.10000038146973
366.524,22.0230007171631,9.10000038146973
366.751,23.0213756561279,29.6000003814697
366.978,63.8764877319336,29.6000003814697
367.205,60.6268730163574,29.6000003814697
367.432,63.8569107055664,29.6000003814697
367.658,61.9580383300781,29.6000003814697
367.885,60.6268730163574,29.6000003814697
368.112,63.8764877319336,29.6000003814697
368.339,62.6236228942871,29.6000003814697
368.566,63.8569107055664,29.6000003814697
368.792,61.6252479553223,29.6000003814697
369.019,60.9792404174805,29.6000003814697
369.246,63.8373374938965,29.6000003814697
369.473,60.9988174438477,29.6000003814697
369.7,63.8569107055664,29.6000003814697
369.927,61.6056709289551,29.6000003814697
370.153,63.8569107055664,29.6000003814697
370.381,63.8569107055664,29.6000003814697
370.608,63.8569107055664,29.6000003814697
370.835,61.5469436645508,29.6000003814697
371.062,63.8569107055664,29.6000003814697
371.289,60.587718963623,29.6000003814697
371.515,63.8569107055664,29.6000003814697
371.742,63.8569107055664,29.6000003814697
371.969,60.6464500427246,29.6000003814697
372.196,63.8569107055664,29.6000003814697
372.423,60.587718963623,29.6000003814697
372.65,63.8569107055664,29.6000003814697
372.877,60.587718963623,29.6000003814697
373.104,63.8569107055664,29.6000003814697
373.331,60.9400863647461,29.6000003814697
373.559,63.8764877319336,29.6000003814697
373.787,63.8569107055664,29.6000003814697
374.014,63.8569107055664,29.6000003814697
374.24,61.9776153564453,29.6000003814697
374.467,60.7051773071289,29.6000003814697
374.694,63.8569107055664,29.6000003814697
374.921,60.8617858886719,29.6000003814697
375.148,63.8373374938965,29.6000003814697
375.374,62.3104095458984,29.6000003814697
375.6,61.6644020080566,29.6000003814697
375.828,61.3316078186035,29.6000003814697
376.055,60.5485687255859,29.6000003814697
376.282,63.8764877319336,29.6000003814697
376.509,60.6072959899902,29.6000003814697
376.736,63.8569107055664,29.6000003814697
376.962,61.6448249816895,29.6000003814697
377.189,60.5681457519531,30.3999996185303
377.415,65.4034194946289,30.3999996185303
377.641,65.4229888916016,30.3999996185303
377.869,65.4229888916016,30.3999996185303
378.096,65.4034194946289,30.3999996185303
378.323,62.7606544494629,30.3999996185303
378.55,65.4425659179688,30.3999996185303
378.777,62.1146469116211,30.3999996185303
379.004,65.4034194946289,67.5999984741211
379.231,136.190231323242,67.5999984741211
379.457,139.459426879883,67.5999984741211
379.684,136.170654296875,67.5999984741211
379.911,136.209808349609,67.5999984741211
380.138,136.56217956543,67.5999984741211
380.365,136.288116455078,67.5999984741211
380.592,137.893341064453,67.5999984741211
380.819,136.190231323242,67.5999984741211
381.046,137.501831054688,67.5999984741211
381.274,136.190231323242,75.6999969482422
381.502,152.340438842773,75.6999969482422
381.728,152.281707763672,75.6999969482422
381.955,152.242553710938,75.6999969482422
382.182,152.242553710938,74.1999969482422
382.409,149.247421264648,74.1999969482422
382.636,150.069610595703,74.1999969482422
382.863,149.227844238281,74.1999969482422
383.09,151.028839111328,74.1999969482422
383.317,149.286575317383,74.1999969482422
383.544,149.227844238281,74.1999969482422
383.771,149.227844238281,74.1999969482422
383.998,150.402404785156,74.1999969482422
384.224,149.247421264648,74.1999969482422
384.451,149.227844238281,74.1999969482422
384.677,152.125091552734,74.1999969482422
384.904,149.971740722656,74.1999969482422
385.131,149.227844238281,74.1999969482422
385.358,149.247421264648,74.1999969482422
385.585,149.247421264648,74.1999969482422
385.812,150.715621948242,74.1999969482422
386.039,149.266998291016,74.1999969482422
386.266,150.656890869141,74.1999969482422
386.492,149.325729370117,74.1999969482422
386.719,149.266998291016,74.1999969482422
386.946,150.030471801758,74.1999969482422
387.173,149.247421264648,74.1999969482422
387.399,151.283325195312,74.1999969482422
387.626,152.340438842773,74.1999969482422
387.853,149.266998291016,74.1999969482422
388.081,149.638946533203,74.1999969482422
388.307,151.400787353516,74.1999969482422
388.533,151.400787353516,74.1999969482422
388.76,149.736831665039,74.1999969482422
388.987,149.266998291016,74.1999969482422
389.214,149.913009643555,74.1999969482422
389.441,149.247421264648,74.1999969482422
389.668,150.010894775391,74.1999969482422
389.895,153.965240478516,77.8000030517578
390.122,157.449768066406,77.8000030517578
390.349,156.529693603516,77.8000030517578
390.576,157.782562255859,77.8000030517578
390.803,156.529693603516,77.8000030517578
391.031,156.725463867188,77.8000030517578
391.258,157.430191040039,77.8000030517578
391.485,156.588424682617,77.8000030517578
391.711,158.095779418945,77.8000030517578
391.938,157.410614013672,77.8000030517578
392.165,156.56884765625,77.8000030517578
392.392,80.1049957275391,37.7999992370605
392.62,76.8358001708984,37.7999992370605
392.848,76.8553771972656,37.7999992370605
393.075,76.8749542236328,37.7999992370605
393.302,80.0462646484375,37.7999992370605
393.529,76.8553771972656,37.7999992370605
393.756,80.0266876220703,37.7999992370605
393.983,76.8749542236328,37.7999992370605
394.211,80.1637191772461,37.7999992370605
394.438,80.1245651245117,37.7999992370605
394.666,76.8749542236328,37.7999992370605
394.893,76.8358001708984,37.7999992370605
395.12,80.1049957275391,37.7999992370605
395.347,76.8162231445312,30
395.574,64.6203765869141,30
395.801,61.7231292724609,30
396.028,64.6399536132812,30
396.254,62.3104095458984,30
396.481,61.3707618713379,30
396.708,64.5812225341797,30
396.935,62.0167694091797,30
397.162,64.6399536132812,30
397.388,62.6627769470215,30
397.614,62.3299827575684,30
397.841,62.2712554931641,30
398.067,64.6986770629883,30
398.294,64.6791076660156,30
398.521,61.6839752197266,30
398.748,64.6399536132812,30
398.974,62.3104095458984,30
399.202,61.3316078186035,37.2999992370605
399.429,75.876579284668,37.2999992370605
399.656,79.1849212646484,37.2999992370605
399.882,76.2289428710938,37.2999992370605
400.109,75.8961486816406,37.2999992370605
400.336,79.1261901855469,37.2999992370605
400.563,75.876579284668,95.0999984741211
400.79,190.768127441406,95.0999984741211
401.017,190.787689208984,95.0999984741211
401.244,190.807266235352,95.0999984741211
401.471,190.807266235352,95.0999984741211
401.698,190.807266235352,95.0999984741211
401.925,190.748550415039,95.0999984741211
402.152,190.787689208984,46.4000015258789
402.378,94.0431060791016,46.4000015258789
402.605,94.0431060791016,46.4000015258789
402.831,97.2731475830078,46.4000015258789
403.057,97.3122940063477,38.2999992370605
403.285,81.1425170898438,38.2999992370605
403.512,81.1229476928711,38.2999992370605
403.738,77.8145980834961,31.7000007629395
403.965,64.6791076660156,31.7000007629395
404.192,67.9874496459961,31.7000007629395
404.87,65.7753601074219,31.7000007629395
405.097,64.6399536132812,31.7000007629395
405.324,67.9874496459961,31.7000007629395
405.551,64.6791076660156,31.7000007629395
405.778,67.9874496459961,31.7000007629395
406.004,66.4605178833008,31.7000007629395
406.231,64.7378311157227,31.7000007629395
406.458,67.9874496459961,31.7000007629395
406.685,65.1097793579102,31.7000007629395
406.912,67.9874496459961,31.7000007629395
407.139,64.6791076660156,31.7000007629395
407.367,67.9874496459961,31.7000007629395
407.593,67.9874496459961,31.7000007629395
407.82,67.9678726196289,31.7000007629395
408.047,64.776985168457,31.7000007629395
408.274,67.9874496459961,31.7000007629395
408.501,64.7182540893555,31.7000007629395
408.727,67.9874496459961,31.7000007629395
408.953,67.9874496459961,31.7000007629395
409.179,67.9874496459961,31.7000007629395
409.406,67.9874496459961,31.7000007629395
409.633,64.6595306396484,31.7000007629395
409.86,67.9874496459961,21.2000007629395
410.087,45.7491111755371,21.2000007629395
410.313,47.1585845947266,21.2000007629395
410.539,47.1585845947266,48.4000015258789
410.766,101.305801391602,48.4000015258789
410.992,97.9778823852539,48.4000015258789
411.219,97.9583053588867,48.4000015258789
411.445,101.286224365234,48.4000015258789
411.672,101.2470703125,48.4000015258789
411.899,97.9583053588867,9.30000019073486
412.126,23.4911994934082,9.30000019073486
412.353,23.5303516387939,9.30000019073486
412.58,23.4716243743896,9.30000019073486
412.807,23.4716243743896,9.30000019073486
413.034,23.5303516387939,9.30000019073486
413.261,21.8272399902344,9.30000019073486
413.488,23.5107765197754,9.30000019073486
413.715,23.5695037841797,9.30000019073486
413.942,23.5303516387939,9.30000019073486
414.168,23.5499286651611,9.30000019073486
414.395,23.4911994934082,9.30000019073486
414.622,23.5499286651611,9.30000019073486
414.848,23.4911994934082,9.30000019073486
415.076,22.5123996734619,9.30000019073486
415.304,23.0605278015137,9.30000019073486
415.532,23.4716243743896,9.30000019073486
415.759,23.5107765197754,9.30000019073486
415.986,23.5303516387939,9.30000019073486
416.213,23.5499286651611,9.30000019073486
416.44,23.5107765197754,9.30000019073486
416.667,23.1192569732666,9.30000019073486
416.894,23.5303516387939,9.30000019073486
417.121,22.7864646911621,9.30000019073486
417.349,23.5303516387939,9.30000019073486
417.575,23.5499286651611,9.30000019073486
417.801,23.5303516387939,9.30000019073486
418.029,23.5499286651611,9.30000019073486
418.256,23.5107765197754,9.30000019073486
418.482,23.5303516387939,9.30000019073486
418.71,23.1192569732666,9.30000019073486
418.937,21.8272399902344,9.30000019073486
419.164,23.5695037841797,9.30000019073486
419.392,22.4145202636719,9.30000019073486
419.619,132.412063598633,65.6999969482422
419.846,134.722030639648,65.6999969482422
420.073,132.333755493164,65.6999969482422
420.3,135.368041992188,65.6999969482422
420.527,132.412063598633,65.6999969482422
420.754,135.093978881836,65.6999969482422
420.981,132.392486572266,65.6999969482422
421.208,135.074401855469,65.6999969482422
421.435,132.372909545898,65.6999969482422
421.662,134.800338745117,65.6999969482422
421.89,132.353332519531,65.6999969482422
422.117,132.372909545898,65.6999969482422
422.344,134.036865234375,65.6999969482422
422.571,132.353332519531,65.6999969482422
422.798,134.722030639648,65.6999969482422
423.024,132.372909545898,65.6999969482422
423.251,132.314178466797,65.6999969482422
423.478,134.017303466797,5.19999980926514
423.705,15.347583770752,5.19999980926514
423.932,15.3671598434448,5.19999980926514
424.159,15.347583770752,5.19999980926514
424.385,15.347583770752,5.19999980926514
424.612,15.347583770752,5.19999980926514
424.838,15.347583770752,5.19999980926514
425.064,15.347583770752,5.19999980926514
425.291,15.347583770752,5.19999980926514
425.519,15.3671598434448,5.19999980926514
425.745,15.347583770752,5.19999980926514
425.971,14.2709035873413,5.19999980926514
426.198,15.3671598434448,5.19999980926514
426.424,15.347583770752,5.19999980926514
426.65,15.3280076980591,5.19999980926514
426.878,15.347583770752,5.19999980926514
427.105,15.347583770752,5.19999980926514
427.332,15.3671598434448,0
427.56,0.176183998584747,0
427.786,0.195759996771812,0
428.012,0.195759996771812,0
428.239,0.195759996771812,0
428.466,0.176183998584747,0
428.693,0.195759996771812,0
428.919,0.195759996771812,0
429.145,0.195759996771812,0
429.372,0.195759996771812,0
429.6,0.176183998584747,0
429.827,0.195759996771812,0
430.053,0.195759996771812,0
430.28,0.195759996771812,0
430.507,0.195759996771812,0
430.734,0.195759996771812,0
430.961,0.176183998584747,0
431.187,0.195759996771812,0
431.414,0.176183998584747,0
431.64,0.195759996771812,0
431.868,0.176183998584747,0
432.095,0.195759996771812,0
432.322,0.195759996771812,0
432.55,0.195759996771812,0
432.777,0.176183998584747,0
433.004,0.176183998584747,0
433.231,0.195759996771812,0
433.458,0.195759996771812,0
433.685,0.195759996771812,0
433.912,0.176183998584747,0
434.139,0.195759996771812,0
434.366,0.195759996771812,0
434.594,0.195759996771812,0
434.82,0.176183998584747,48.4000015258789
435.047,98.1149139404297,48.4000015258789
435.273,101.266647338867,48.4000015258789
435.499,101.20792388916,48.4000015258789
435.726,101.012161254883,48.4000015258789
435.953,97.9778823852539,48.4000015258789
436.179,101.266647338867,48.4000015258789
436.406,101.20792388916,98.5999984741211
436.633,195.759994506836,98.5999984741211
436.86,195.759994506836,98.5999984741211
437.086,195.759994506836,98.5999984741211
437.314,195.759994506836,98.5999984741211
437.542,195.759994506836,98.5999984741211
437.769,195.759994506836,98.5999984741211
437.995,195.759994506836,98.5999984741211
438.222,195.759994506836,98.5999984741211
438.45,195.759994506836,98.5999984741211
438.678,195.759994506836,98.5999984741211
438.904,195.759994506836,98.5999984741211
439.131,195.759994506836,98.5999984741211
439.359,195.759994506836,98.5999984741211
439.586,195.759994506836,84.6999969482422
439.812,170.154586791992,84.6999969482422
440.039,170.174163818359,84.6999969482422
440.266,170.174163818359,84.6999969482422
440.494,170.193740844727,84.6999969482422
440.72,170.213317871094,84.6999969482422
440.946,170.174163818359,84.6999969482422
441.173,170.174163818359,84.6999969482422
441.401,170.154586791992,84.6999969482422
441.628,170.135009765625,84.6999969482422
441.854,170.154586791992,84.6999969482422
442.08,170.174163818359,84.6999969482422
442.306,170.154586791992,84.6999969482422
442.533,170.213317871094,84.6999969482422
442.76,170.135009765625,84.6999969482422
442.986,170.174163818359,84.6999969482422
443.213,170.193740844727,84.6999969482422
443.439,124.718696594238,30.2000007629395
443.666,64.992317199707,30.2000007629395
443.893,62.5648956298828,30.2000007629395
444.12,64.9727478027344,30.2000007629395
444.346,64.3463134765625,30.2000007629395
444.573,61.6644020080566,30.2000007629395
444.8,64.9727478027344,30.2000007629395
445.027,61.9580383300781,30.2000007629395
445.254,65.0118942260742,30.2000007629395
445.481,61.6839752197266,30.2000007629395
445.708,64.992317199707,30.2000007629395
446.388,62.6823539733887,30.2000007629395
446.615,61.9384651184082,30.2000007629395
446.841,64.9727478027344,30.2000007629395
447.068,64.9727478027344,30.2000007629395
447.295,61.918888092041,30.2000007629395
447.522,64.992317199707,30.2000007629395
447.749,61.6839752197266,30.2000007629395
447.976,64.9531707763672,30.2000007629395
448.202,62.6823539733887,30.2000007629395
448.428,63.7003059387207,30.2000007629395
448.655,62.3299827575684,30.2000007629395
448.881,64.992317199707,30.2000007629395
449.108,64.9727478027344,30.2000007629395
449.334,62.9955673217773,30.2000007629395
449.561,61.6839752197266,30.2000007629395
449.788,64.9727478027344,30.2000007629395
450.014,62.6431999206543,30.2000007629395
450.242,61.6644020080566,10.5
450.469,25.8990478515625,10.5
450.695,25.8011684417725,10.5
450.922,25.8990478515625,10.5
451.149,25.3509197235107,10.5
451.376,25.8990478515625,10.5
451.602,25.8794727325439,10.5
451.83,25.6054077148438,10.5
452.057,24.9398231506348,10.5
452.284,25.8794727325439,10.5
452.511,24.0784797668457,10.5
452.738,25.8990478515625,10.5
452.965,25.7032871246338,10.5
453.192,25.8403205871582,10.5
453.418,25.8598957061768,10.5
453.644,25.8598957061768,10.5
453.871,25.820743560791,10.5
454.098,25.8794727325439,10.5
454.326,25.7032871246338,10.5
454.553,24.2546634674072,10.5
454.781,25.8598957061768,10.5
455.008,25.8990478515625,10.5
455.235,24.03932762146,10.5
455.463,25.8794727325439,10.5
455.689,25.8598957061768,10.5
455.916,25.8598957061768,10.5
456.143,25.2726154327393,10.5
456.369,25.8598957061768,10.5
456.595,25.8794727325439,10.5
456.822,25.8990478515625,10.5
457.049,24.0197525024414,10.5
457.276,25.8794727325439,10.5
457.504,25.8990478515625,10.5
457.731,25.8990478515625,10.5
457.957,25.8598957061768,10.5
458.184,25.8794727325439,10.5
458.411,25.2921924591064,10.5
458.639,25.8794727325439,10.5
458.865,25.8403205871582,10.5
459.093,25.8990478515625,10.5
459.32,25.8598957061768,10.5
459.547,25.2530403137207,59.5
459.773,123.328804016113,59.5
460,122.956855773926,59.5
460.226,120.059608459473,59.5
460.453,120.020454406738,59.5
460.681,122.976432800293,59.5
460.907,123.328804016113,59.5
461.134,123.230918884277,59.5
461.361,120.020454406738,59.5
461.588,123.309226989746,59.5
461.814,120.020454406738,59.5
462.042,120.059608459473,59.5
462.27,120.098762512207,59.5
462.497,120.040031433105,59.5
462.724,122.487030029297,59.5
462.951,120.07918548584,59.5
463.178,121.880172729492,59.5
463.405,119.981307983398,59.5
463.633,122.937278747559,59.5
463.859,123.328804016113,59.5
464.087,122.917701721191,59.5
464.314,123.328804016113,59.5
464.54,120.020454406738,59.5
464.767,120.059608459473,59.5
464.994,121.566963195801,59.5
465.221,120.059608459473,59.5
465.448,123.348373413086,59.5
465.676,120.040031433105,59.5
465.902,120.059608459473,59.5
466.13,120.040031433105,59.5
466.357,120.920951843262,59.5
466.583,123.328804016113,80.5
466.81,161.815216064453,80.5
467.036,161.815216064453,80.5
467.263,161.815216064453,80.5
467.489,163.107238769531,80.5
467.716,162.441650390625,80.5
467.943,161.83479309082,80.5
468.17,161.83479309082,80.5
468.397,161.83479309082,80.5
468.624,162.030548095703,80.5
468.851,161.815216064453,80.5
469.078,161.776062011719,80.5
469.305,161.815216064453,80.5
469.531,158.467727661133,62.5999984741211
469.758,127.929161071777,62.5999984741211
469.985,121.057983398438,53.5
470.212,111.348289489746,53.5
470.439,108.137825012207,53.5
470.666,92.3791427612305,34.4000015258789
470.893,70.0625076293945,34.4000015258789
471.12,73.370849609375,34.4000015258789
471.347,70.0820770263672,34.4000015258789
471.575,73.3512725830078,34.4000015258789
471.802,73.370849609375,34.4000015258789
472.029,70.1603851318359,34.4000015258789
472.255,73.4100036621094,34.4000015258789
472.482,73.370849609375,34.4000015258789
472.709,70.4148712158203,34.4000015258789
472.936,73.3512725830078,34.4000015258789
473.163,70.3757171630859,34.4000015258789
473.39,108.803405761719,52.2000007629395
473.617,105.534217834473,52.2000007629395
473.843,108.803405761719,52.2000007629395
474.071,108.783828735352,52.2000007629395
474.299,108.803405761719,52.2000007629395
474.526,108.803405761719,52.2000007629395
474.754,105.514640808105,52.2000007629395
474.981,105.475486755371,5.80000019073486
475.207,16.522144317627,5.80000019073486
475.435,16.5417194366455,5.80000019073486
475.662,16.5417194366455,5.80000019073486
475.888,16.5025672912598,5.80000019073486
476.115,16.522144317627,5.80000019073486
476.341,16.5025672912598,5.80000019073486
476.568,16.5417194366455,5.80000019073486
476.795,16.2480792999268,5.80000019073486
477.021,16.5612964630127,5.80000019073486
477.248,16.522144317627,5.80000019073486
477.475,16.5417194366455,5.80000019073486
477.701,16.5612964630127,5.80000019073486
477.928,16.5808715820312,5.80000019073486
478.156,16.463415145874,5.80000019073486
478.384,16.5417194366455,5.80000019073486
478.611,15.8957118988037,5.80000019073486
478.838,16.522144317627,5.80000019073486
479.066,16.5025672912598,5.80000019073486
479.293,16.3068084716797,5.80000019073486
479.52,16.522144317627,5.80000019073486
479.747,16.3459606170654,5.80000019073486
479.974,16.5612964630127,5.80000019073486
480.201,16.522144317627,5.80000019073486
480.427,16.522144317627,5.80000019073486
480.654,16.5025672912598,5.80000019073486
480.882,16.5025672912598,5.80000019073486
481.109,16.522144317627,5.80000019073486
481.337,16.5612964630127,5.80000019073486
481.563,16.5025672912598,5.80000019073486
481.789,16.522144317627,5.80000019073486
482.016,16.522144317627,5.80000019073486
482.243,16.5025672912598,5.80000019073486
482.47,16.522144317627,5.80000019073486
482.697,16.5025672912598,5.80000019073486
482.924,16.522144317627,5.80000019073486
483.151,16.5417194366455,5.80000019073486
483.378,16.5025672912598,24.2999992370605
483.605,51.0933609008789,24.2999992370605
483.832,53.1879920959473,24.2999992370605
484.059,49.9775276184082,24.2999992370605
484.286,53.2858734130859,24.2999992370605
484.513,51.445728302002,24.2999992370605
484.74,53.2271423339844,24.2999992370605
484.966,52.0525856018066,24.2999992370605
485.193,50.9954795837402,24.2999992370605
485.419,53.2662963867188,24.2999992370605
485.645,53.2858734130859,24.2999992370605
485.871,53.325023651123,24.2999992370605
486.097,53.2467193603516,24.2999992370605
486.324,53.3054466247559,24.2999992370605
486.551,51.5044555664062,24.2999992370605
486.778,53.2467193603516,24.2999992370605
487.004,52.0721588134766,24.2999992370605
487.231,51.2108154296875,24.2999992370605
487.458,53.325023651123,24.2999992370605
487.685,50.780143737793,24.2999992370605
487.913,53.3054466247559,24.2999992370605
488.14,53.3054466247559,24.2999992370605
488.368,51.4065742492676,24.2999992370605
488.595,50.6626892089844,24.2999992370605
488.822,53.2271423339844,24.2999992370605
489.048,51.8763999938965,24.2999992370605
489.275,50.4277763366699,24.2999992370605
489.501,53.2858734130859,24.2999992370605
489.728,53.2858734130859,24.2999992370605
489.954,52.1308898925781,24.2999992370605
490.181,51.0933609008789,24.2999992370605
490.407,53.2858734130859,24.2999992370605
490.634,53.2662963867188,24.2999992370605
490.861,51.0933609008789,24.2999992370605
491.088,53.2271423339844,24.2999992370605
491.315,50.7409934997559,24.2999992370605
491.541,53.2858734130859,24.2999992370605
491.767,53.2271423339844,24.2999992370605
491.994,53.2858734130859,24.2999992370605
492.221,52.4245300292969,24.2999992370605
492.449,53.2467193603516,24.2999992370605
492.676,53.325023651123,24.2999992370605
492.903,50.0949859619141,24.2999992370605
493.13,53.3054466247559,24.2999992370605
493.357,50.0166816711426,24.2999992370605
493.583,53.3054466247559,0
493.809,0.195759996771812,0
494.035,0.195759996771812,0
494.262,0.195759996771812,0
494.489,0.195759996771812,0
494.715,0.195759996771812,0
494.943,0.176183998584747,0
495.171,0.176183998584747,0
495.398,0.195759996771812,0
495.624,0.195759996771812,0
495.85,0.195759996771812,0
496.077,0.176183998584747,0
496.304,0.195759996771812,0
496.531,0.195759996771812,0
496.758,0.195759996771812,0
496.985,0.176183998584747,0
497.213,0.195759996771812,0
497.439,0.176183998584747,0
497.665,0.195759996771812,0
497.892,0.176183998584747,0
498.119,0.195759996771812,0
498.346,0.195759996771812,0
498.573,0.195759996771812,0
498.8,0.176183998584747,0
499.028,0.195759996771812,0
499.255,0.195759996771812,0
499.482,0.195759996771812,0
499.71,0.176183998584747,0
499.937,0.176183998584747,0
500.164,0.176183998584747,0
500.391,0.195759996771812,0
500.619,0.195759996771812,0
500.845,0.176183998584747,0
501.072,0.195759996771812,0
501.299,0.195759996771812,0
501.525,0.176183998584747,0
501.752,0.176183998584747,0
501.979,0.195759996771812,20.2000007629395
502.206,45.1618309020996,20.2000007629395
502.433,43.204231262207,20.2000007629395
502.66,45.1814079284668,20.2000007629395
502.886,44.2809104919434,20.2000007629395
503.113,42.8714408874512,20.2000007629395
503.34,45.1422576904297,20.2000007629395
503.568,44.2613372802734,20.2000007629395
503.795,43.5370254516602,69.5
504.022,142.376251220703,69.5
504.249,139.90966796875,69.5
504.476,141.808547973633,69.5
504.702,139.948822021484,69.5
504.928,139.890090942383,69.5
505.154,139.929244995117,90.5
505.381,181.724014282227,90.5
505.608,181.724014282227,90.5
505.835,181.704437255859,90.5
506.062,181.684860229492,90.5
506.288,181.704437255859,90.5
506.515,181.743591308594,90.5
506.741,182.683227539062,90.5
506.968,181.763153076172,90.5
507.195,181.704437255859,90.5
507.422,181.743591308594,90.5
507.65,181.684860229492,90.5
507.877,181.684860229492,90.5
508.104,181.724014282227,90.5
508.331,181.743591308594,90.5
508.559,181.704437255859,90.5
508.785,181.743591308594,90.5
509.013,181.704437255859,90.5
509.24,181.704437255859,90.5
509.467,181.704437255859,90.5
509.694,181.684860229492,90.5
509.921,181.704437255859,90.5
510.149,181.704437255859,90.5
510.375,181.880615234375,90.5
510.603,181.743591308594,90.5
510.829,181.704437255859,90.5
511.056,181.684860229492,90.5
511.284,181.743591308594,90.5
511.51,181.684860229492,90.5
511.737,181.704437255859,90.5
511.964,181.704437255859,90.5
512.191,181.684860229492,90.5
512.418,181.645706176758,90.5
512.645,181.704437255859,90.5
512.871,182.174255371094,90.5
513.098,181.743591308594,74.1999969482422
513.324,149.247421264648,74.1999969482422
513.551,149.266998291016,74.1999969482422
513.778,150.108764648438,74.1999969482422
514.005,149.227844238281,74.1999969482422
514.232,150.735198974609,74.1999969482422
514.459,149.266998291016,0
514.685,0.176183998584747,0
514.912,0.195759996771812,0
515.139,0.195759996771812,0
515.366,0.195759996771812,0
515.593,0.176183998584747,0
515.819,0.195759996771812,0
516.045,0.195759996771812,0
516.272,0.195759996771812,0
516.499,0.176183998584747,0
516.727,0.195759996771812,0
516.954,0.176183998584747,0
517.181,0.195759996771812,0
517.408,0.176183998584747,0
517.635,0.195759996771812,0
517.862,0.176183998584747,0
518.089,0.195759996771812,0
518.315,0.176183998584747,0
518.542,0.195759996771812,0
518.769,0.195759996771812,0
518.996,0.195759996771812,0
519.223,0.176183998584747,0
519.45,0.195759996771812,0
519.677,0.195759996771812,0
519.903,0.195759996771812,0
520.13,0.176183998584747,0
520.358,0.195759996771812,0
520.585,0.195759996771812,0
520.812,0.195759996771812,37
521.039,75.2697219848633,37
521.266,78.4801864624023,37
521.493,75.2697219848633,13.8000001907349
521.72,32.4374313354492,13.8000001907349
521.947,30.1078872680664,13.8000001907349
522.174,32.3787040710449,13.8000001907349
522.401,31.7522716522217,13.8000001907349
522.628,32.4374313354492,13.8000001907349
522.855,30.6755924224854,13.8000001907349
523.081,48.568058013916,70.5999984741211
523.307,144.74494934082,70.5999984741211
523.534,143.355041503906,70.5999984741211
523.761,142.102188110352,70.5999984741211
523.988,144.392578125,70.5999984741211
524.214,142.102188110352,70.5999984741211
524.441,142.121765136719,70.5999984741211
524.667,144.647064208984,70.5999984741211
524.894,144.098937988281,70.5999984741211
525.121,142.082611083984,70.5999984741211
525.348,143.355041503906,70.5999984741211
525.576,142.121765136719,70.5999984741211
525.803,142.102188110352,70.5999984741211
526.03,144.118515014648,70.5999984741211
526.257,142.532852172852,70.5999984741211
526.483,144.842819213867,70.5999984741211
526.709,144.8232421875,70.5999984741211
526.936,142.630737304688,70.5999984741211
527.163,142.513275146484,70.5999984741211
527.39,143.707412719727,70.5999984741211
527.617,142.082611083984,70.5999984741211
527.843,144.510025024414,70.5999984741211
528.07,144.373001098633,70.5999984741211
528.298,142.063034057617,70.5999984741211
528.525,142.082611083984,70.5999984741211
528.753,142.356674194336,70.5999984741211
528.98,144.333847045898,70.5999984741211
529.207,142.063034057617,70.5999984741211
529.434,143.335479736328,70.5999984741211
529.661,142.082611083984,70.5999984741211
529.888,143.668258666992,70.5999984741211
530.115,142.063034057617,70.5999984741211
530.342,143.707412719727,70.5999984741211
530.569,142.102188110352,70.5999984741211
530.796,144.353424072266,70.5999984741211
531.022,142.121765136719,30
531.249,61.2924575805664,30
531.476,64.6203765869141,30
531.704,61.6644020080566,30
531.932,61.3707618713379,30
532.159,61.2924575805664,30
532.385,64.6203765869141,30
532.612,64.6203765869141,30
532.84,61.7035522460938,30
533.067,61.8993110656738,30
533.294,64.6595306396484,30
533.52,62.3299827575684,30
533.746,62.2908325195312,17.7999992370605
533.974,37.4880409240723,17.7999992370605
534.201,39.7588577270508,17.7999992370605
534.428,40.3852882385254,17.7999992370605
534.655,39.4064865112305,17.7999992370605
534.882,40.3265609741211,17.7999992370605
535.109,38.7604789733887,17.7999992370605
535.336,40.3852882385254,17.7999992370605
535.564,39.0345458984375,17.7999992370605
535.791,40.0720710754395,80
536.017,162.108856201172,80
536.243,162.089279174805,80
536.47,161.482421875,80
536.696,160.816833496094,80
536.923,160.797271728516,80
537.149,161.815216064453,80
537.376,160.816833496094,80
537.604,160.777694702148,80
537.831,160.855987548828,80
538.057,162.774444580078,80
538.284,160.836410522461,80
538.511,160.875564575195,80
538.738,160.797271728516,80
538.966,160.758117675781,80
539.194,160.816833496094,80
539.421,160.855987548828,80
539.648,161.032180786133,80
539.875,160.855987548828,80
540.102,160.816833496094,80
540.328,160.875564575195,80
540.555,160.836410522461,80
540.783,161.090911865234,80
541.01,160.836410522461,80
541.238,160.816833496094,80
541.465,160.797271728516,80
541.693,160.797271728516,80
541.92,161.071334838867,80
542.147,160.816833496094,80
542.374,160.797271728516,80
542.601,160.855987548828,80
542.828,161.325820922852,80
543.055,160.816833496094,80
543.282,160.777694702148,80
543.508,160.836410522461,80
543.735,160.797271728516,80
543.962,160.797271728516,80
544.189,160.797271728516,80
544.416,163.322570800781,80
544.643,160.836410522461,80
544.87,161.717330932617,80
545.097,160.797271728516,80
545.324,162.05012512207,80
545.55,160.816833496094,80
545.776,160.836410522461,80
546.002,160.816833496094,80
546.229,160.797271728516,49.2000007629395
546.455,102.832725524902,49.2000007629395
546.681,102.832725524902,49.2000007629395
546.907,102.793579101562,49.2000007629395
547.134,102.832725524902,49.2000007629395
547.362,99.5635375976562,49.2000007629395
547.589,99.6026916503906,49.2000007629395
547.816,102.793579101562,49.2000007629395
548.043,99.6026916503906,49.2000007629395
548.27,102.793579101562,49.2000007629395
548.497,99.6026916503906,49.2000007629395
548.725,102.774002075195,49.2000007629395
548.952,102.813148498535,49.2000007629395
549.179,99.5831146240234,49.2000007629395
549.407,102.85230255127,49.2000007629395
549.634,102.85230255127,49.2000007629395
549.86,100.170394897461,49.2000007629395
550.087,99.5831146240234,49.2000007629395
550.314,102.85230255127,49.2000007629395
550.542,99.5439605712891,49.2000007629395
550.769,99.5635375976562,49.2000007629395
550.997,102.85230255127,49.2000007629395
551.224,102.480361938477,49.2000007629395
551.452,99.5635375976562,49.2000007629395
551.679,99.5831146240234,49.2000007629395
551.907,102.793579101562,49.2000007629395
552.134,102.832725524902,49.2000007629395
552.361,99.5439605712891,49.2000007629395
552.588,102.793579101562,49.2000007629395
552.815,99.5635375976562,49.2000007629395
553.043,102.774002075195,49.2000007629395
553.27,102.774002075195,49.2000007629395
553.497,99.5831146240234,49.2000007629395
553.724,102.774002075195,49.2000007629395
553.95,99.5635375976562,49.2000007629395
554.177,15.6999521255493,5.40000009536743
554.405,15.6999521255493,5.40000009536743
554.632,15.7391042709351,5.40000009536743
554.859,15.7195281982422,99.6999969482422
555.087,195.759994506836,99.6999969482422
555.314,195.759994506836,99.6999969482422
555.541,195.759994506836,99.6999969482422
555.769,195.759994506836,99.6999969482422
555.996,195.759994506836,99.6999969482422
556.224,195.759994506836,99.6999969482422
556.451,195.759994506836,99.6999969482422
556.679,195.759994506836,99.6999969482422
556.906,195.759994506836,99.6999969482422
557.134,195.759994506836,99.6999969482422
557.361,195.759994506836,99.6999969482422
557.588,195.759994506836,99.6999969482422
557.815,195.759994506836,99.6999969482422
558.042,195.759994506836,99.6999969482422
558.269,195.759994506836,99.6999969482422
558.496,195.759994506836,99.6999969482422
558.723,195.759994506836,99.6999969482422
558.95,195.759994506836,99.6999969482422
559.177,195.759994506836,99.6999969482422
559.404,195.759994506836,5.90000009536743
559.631,15.8174076080322,5.90000009536743
559.858,16.717903137207,5.90000009536743
560.085,16.717903137207,5.90000009536743
560.312,16.717903137207,5.90000009536743
560.54,16.717903137207,5.90000009536743
560.767,16.717903137207,5.90000009536743
560.994,16.7374801635742,5.90000009536743
561.221,16.717903137207,5.90000009536743
561.448,16.717903137207,5.90000009536743
561.674,16.717903137207,5.90000009536743
561.901,16.717903137207,5.90000009536743
562.128,16.7374801635742,5.90000009536743
562.356,16.717903137207,5.90000009536743
562.582,16.717903137207,5.90000009536743
562.809,16.717903137207,5.90000009536743
563.036,16.7374801635742,5.90000009536743
563.263,15.7586803436279,5.90000009536743
563.489,16.7374801635742,5.90000009536743
563.716,16.717903137207,5.90000009536743
563.943,16.717903137207,5.90000009536743
564.17,16.7374801635742,5.90000009536743
564.396,16.717903137207,5.90000009536743
564.623,16.717903137207,5.90000009536743
564.849,16.7374801635742,5.90000009536743
565.076,16.7374801635742,5.90000009536743
565.303,16.463415145874,5.90000009536743
565.53,16.7374801635742,5.90000009536743
565.757,16.717903137207,5.90000009536743
565.983,16.717903137207,5.90000009536743
566.209,16.717903137207,5.90000009536743
566.435,16.717903137207,5.90000009536743
566.662,16.717903137207,5.90000009536743
566.888,16.717903137207,5.90000009536743
567.115,16.717903137207,5.90000009536743
567.342,16.7374801635742,5.90000009536743
567.568,16.717903137207,5.90000009536743
567.795,16.717903137207,5.90000009536743
568.022,16.7374801635742,5.90000009536743
568.249,16.717903137207,5.90000009536743
568.475,16.717903137207,5.90000009536743
568.703,16.717903137207,5.90000009536743
568.93,16.7374801635742,5.90000009536743
569.157,16.717903137207,5.90000009536743
569.383,16.7374801635742,5.90000009536743
569.609,16.717903137207,12.8000001907349
569.836,30.4406795501709,12.8000001907349
570.062,30.4211044311523,12.8000001907349
570.289,30.1861915588379,12.8000001907349
570.517,30.4406795501709,12.8000001907349
570.744,30.4211044311523,12.8000001907349
570.972,28.8354473114014,12.8000001907349
571.199,30.4211044311523,12.8000001907349
571.426,30.4406795501709,94.5999984741211
571.653,189.808898925781,94.5999984741211
571.88,189.828475952148,94.5999984741211
572.106,189.828475952148,94.5999984741211
572.333,189.808898925781,94.5999984741211
572.559,189.828475952148,94.5999984741211
572.786,189.828475952148,94.5999984741211
573.013,189.828475952148,94.5999984741211
573.24,189.828475952148,94.5999984741211
573.466,189.769744873047,94.5999984741211
573.694,189.808898925781,94.5999984741211
573.921,189.808898925781,94.5999984741211
574.148,189.789321899414,94.5999984741211
574.375,189.789321899414,94.5999984741211
574.601,189.808898925781,94.5999984741211
574.827,189.769744873047,94.5999984741211
575.054,189.808898925781,94.5999984741211
575.281,189.789321899414,94.5999984741211
575.508,189.808898925781,94.5999984741211
575.735,189.828475952148,94.5999984741211
575.962,189.808898925781,94.5999984741211
576.189,189.808898925781,94.5999984741211
576.416,122.956855773926,29.8999996185303
576.643,61.3903350830078,29.8999996185303
576.87,64.4050369262695,29.8999996185303
577.097,61.409912109375,29.8999996185303
577.324,64.4246139526367,29.8999996185303
577.55,62.4474411010742,29.8999996185303
577.777,62.1538009643555,29.8999996185303
578.005,64.4050369262695,29.8999996185303
578.232,64.4050369262695,29.8999996185303
578.459,61.1945762634277,29.8999996185303
578.686,64.4246139526367,29.8999996185303
578.914,61.8014335632324,29.8999996185303
579.14,62.1538009643555,29.8999996185303
579.367,61.1162719726562,29.8999996185303
579.593,64.2288589477539,29.8999996185303
579.821,64.4050369262695,29.8999996185303
580.048,64.4050369262695,29.8999996185303
580.275,61.4294891357422,29.8999996185303
580.502,64.4050369262695,29.8999996185303
580.729,61.8405838012695,96
580.956,192.647415161133,96
581.182,192.608261108398,96
581.409,192.627838134766,96
581.637,192.588684082031,96
581.863,192.88232421875,42.2000007629395
582.09,88.914192199707,42.2000007629395
582.317,85.6058502197266,42.2000007629395
582.544,88.8554611206055,42.2000007629395
582.771,85.6058502197266,42.2000007629395
582.998,88.8358917236328,42.2000007629395
583.225,85.6449966430664,42.2000007629395
583.453,88.8750381469727,42.2000007629395
583.679,88.914192199707,9.69999980926514
583.906,24.293815612793,9.69999980926514
584.134,23.1192569732666,9.69999980926514
584.361,24.3133926391602,9.69999980926514
584.587,24.2742404937744,9.69999980926514
584.813,24.2742404937744,9.69999980926514
585.04,24.2742404937744,9.69999980926514
585.267,24.293815612793,9.69999980926514
585.494,24.293815612793,9.69999980926514
585.721,24.293815612793,9.69999980926514
585.949,24.3133926391602,9.69999980926514
586.176,24.3133926391602,9.69999980926514
586.402,24.2742404937744,9.69999980926514
586.629,22.5711288452148,9.69999980926514
586.856,24.2742404937744,9.69999980926514
587.083,24.2742404937744,9.69999980926514
587.31,24.293815612793,9.69999980926514
587.537,24.2546634674072,9.69999980926514
587.764,24.293815612793,9.69999980926514
587.991,24.3133926391602,9.69999980926514
588.218,24.2742404937744,9.69999980926514
588.445,24.2742404937744,9.69999980926514
588.672,24.2742404937744,9.69999980926514
588.899,24.2742404937744,9.69999980926514
589.126,24.293815612793,9.69999980926514
589.353,23.4324722290039,9.69999980926514
589.58,24.2742404937744,9.69999980926514
589.807,24.0980567932129,9.69999980926514
590.034,24.293815612793,9.69999980926514
590.261,24.293815612793,9.69999980926514
590.489,24.3133926391602,9.69999980926514
590.716,24.293815612793,9.69999980926514
590.944,24.293815612793,9.69999980926514
591.172,24.2155113220215,9.69999980926514
591.399,24.2350883483887,9.69999980926514
591.626,24.3329677581787,9.69999980926514
591.853,24.2155113220215,9.69999980926514
592.081,24.293815612793,9.69999980926514
592.307,24.293815612793,9.69999980926514
592.535,24.293815612793,9.69999980926514
592.762,24.2742404937744,9.69999980926514
592.989,23.2171363830566,9.69999980926514
593.215,24.2742404937744,9.69999980926514
593.441,24.3721199035645,9.69999980926514
593.668,24.293815612793,9.69999980926514
593.895,24.3133926391602,9.69999980926514
594.123,24.2742404937744,44.4000015258789
594.35,93.2013397216797,44.4000015258789
594.577,89.9908752441406,44.4000015258789
594.804,93.2013397216797,44.4000015258789
595.031,90.0104446411133,44.4000015258789
595.258,92.809814453125,44.4000015258789
595.485,90.0104446411133,44.4000015258789
595.711,93.2209091186523,44.4000015258789
595.939,93.2600631713867,44.4000015258789
596.167,93.2404861450195,44.4000015258789
596.394,93.2600631713867,44.4000015258789
596.621,90.0104446411133,44.4000015258789
596.847,93.2992172241211,44.4000015258789
597.074,93.2404861450195,44.4000015258789
597.3,90.0300216674805,44.4000015258789
597.528,90.0300216674805,44.4000015258789
597.754,90.0300216674805,44.4000015258789
597.982,89.9908752441406,44.4000015258789
598.209,89.9908752441406,44.4000015258789
598.437,93.2600631713867,87.4000015258789
598.665,175.635879516602,87.4000015258789
598.892,175.675018310547,87.4000015258789
599.119,175.635879516602,87.4000015258789
599.346,175.694595336914,87.4000015258789
599.573,175.596725463867,87.4000015258789
599.8,175.65544128418,87.4000015258789
600.027,175.65544128418,87.4000015258789
600.254,175.675018310547,87.4000015258789
600.481,176.14485168457,87.4000015258789
600.708,175.65544128418,87.4000015258789
600.935,175.616302490234,87.4000015258789
601.162,175.635879516602,87.4000015258789
601.388,175.65544128418,87.4000015258789
601.615,175.65544128418,87.4000015258789
601.841,175.909942626953,87.4000015258789
602.069,175.635879516602,87.4000015258789
602.297,175.616302490234,87.4000015258789
602.523,175.851211547852,87.4000015258789
602.749,175.831634521484,87.4000015258789
602.977,175.65544128418,87.4000015258789
603.204,175.635879516602,87.4000015258789
603.431,175.65544128418,87.4000015258789
603.658,175.675018310547,87.4000015258789
603.885,175.675018310547,87.4000015258789
604.112,175.635879516602,87.4000015258789
604.34,175.635879516602,87.4000015258789
604.567,175.635879516602,87.4000015258789
604.794,138.872146606445,68.5
605.021,137.932495117188,68.5
605.249,139.55729675293,68.5
605.477,140.164154052734,68.5
605.703,140.966781616211,68.5
605.929,140.790588378906,68.5
606.156,139.439849853516,68.5
606.383,137.952072143555,68.5
606.61,139.498580932617,68.5
606.837,137.893341064453,68.5
607.064,139.850936889648,68.5
607.292,138.069534301758,68.5
607.519,137.91291809082,68.5
607.746,139.12663269043,94.1999969482422
607.973,189.025863647461,94.1999969482422
608.2,189.045425415039,94
608.427,188.634338378906,94
608.654,188.614761352539,94
608.88,188.595184326172,94
609.107,188.595184326172,94
609.334,188.634338378906,94
609.56,188.653915405273,94
609.786,188.653915405273,94
610.013,188.614761352539,94
610.239,188.614761352539,94
610.465,188.614761352539,94
610.692,188.614761352539,94
610.919,188.634338378906,94
611.146,188.595184326172,94
611.372,188.614761352539,94
611.6,188.595184326172,94
611.827,188.595184326172,94
612.054,188.595184326172,94
612.281,188.614761352539,94
612.508,188.575607299805,94
612.735,188.614761352539,94
612.962,188.614761352539,94
613.189,188.634338378906,94
613.415,188.614761352539,94
613.641,188.595184326172,94
613.868,188.614761352539,94
614.095,188.614761352539,94
614.322,188.595184326172,94
614.549,188.614761352539,94
614.776,188.614761352539,94
615.002,188.595184326172,94
615.228,188.614761352539,94
615.456,188.634338378906,94
615.683,188.595184326172,94
615.91,188.595184326172,18.1000003814697
616.137,38.9366645812988,18.1000003814697
616.363,40.9725685119629,18.1000003814697
616.59,40.9921455383301,18.1000003814697
616.817,39.4064865112305,18.1000003814697
617.044,40.9334144592285,18.1000003814697
617.272,40.1112251281738,18.1000003814697
617.498,40.3265609741211,18.1000003814697
617.725,39.6413993835449,18.1000003814697
617.952,40.9725685119629,18.1000003814697
618.179,40.0916481018066,18.1000003814697
618.406,40.9921455383301,18.1000003814697
618.633,40.3069839477539,18.1000003814697
618.86,40.9725685119629,18.1000003814697
619.086,40.9529914855957,18.1000003814697
619.313,39.3477592468262,18.1000003814697
619.541,40.9334144592285,18.1000003814697
619.768,40.9529914855957,18.1000003814697
619.995,38.8975105285645,18.1000003814697
620.222,41.01171875,0
620.449,0.176183998584747,0
620.676,0.176183998584747,0
620.902,0.176183998584747,0
621.129,0.195759996771812,0
621.356,0.176183998584747,0
621.583,0.195759996771812,0
621.81,0.195759996771812,0
622.037,0.195759996771812,0
622.264,0.176183998584747,0
622.491,0.195759996771812,0
622.717,0.195759996771812,0
622.945,0.176183998584747,0
623.172,0.176183998584747,0
623.399,0.176183998584747,0
623.626,0.195759996771812,0
623.853,0.176183998584747,0
624.08,0.176183998584747,0
624.307,0.195759996771812,0
624.534,0.195759996771812,0
624.761,0.176183998584747,0
624.988,0.176183998584747,0
625.214,0.176183998584747,0
625.441,0.195759996771812,0
625.669,0.176183998584747,0
625.895,0.176183998584747,0
626.122,0.176183998584747,0
626.349,0.195759996771812,0
626.577,0.176183998584747,0
626.804,0.176183998584747,0
627.032,0.176183998584747,0
627.26,0.195759996771812,0
627.486,0.195759996771812,0
627.713,0.176183998584747,0
627.941,0.195759996771812,0
628.168,0.176183998584747,0
628.394,84.3921356201172,88
628.621,176.810440063477,88
628.848,176.771286010742,88
629.075,90.5977249145508,37.5
629.302,79.4981384277344,37.5
629.529,76.2093658447266,37.5
629.756,79.5177154541016,37.5
629.983,76.2093658447266,37.5
630.211,79.4981384277344,37.5
630.438,79.4785614013672,37.5
630.664,77.9320526123047,37.5
630.891,76.2093658447266,37.5
631.118,79.4785614013672,37.5
631.345,76.2289428710938,37.5
631.572,79.4981384277344,37.5
631.799,76.1702194213867,37.5
632.026,79.4981384277344,37.5
632.253,76.2485198974609,37.5
632.48,79.5177154541016,37.5
632.707,76.2093658447266,37.5
632.934,79.4981384277344,37.5
633.161,76.2485198974609,37.5
633.388,79.4981384277344,37.5
633.615,77.4035034179688,37.5
633.842,79.4981384277344,37.5
634.069,76.2289428710938,37.5
634.296,79.4981384277344,37.5
634.522,76.1897888183594,37.5
634.748,77.1881713867188,37.5
634.974,76.7770690917969,5.09999990463257
635.201,15.1322479248047,5.09999990463257
635.429,15.0930957794189,5.09999990463257
635.656,15.1322479248047,5.09999990463257
635.882,15.1322479248047,5.09999990463257
636.108,15.1126718521118,5.09999990463257
636.335,15.1714000701904,5.09999990463257
636.562,15.1322479248047,5.09999990463257
636.789,14.2904796600342,85.9000015258789
637.015,172.836502075195,85.9000015258789
637.241,173.893615722656,85.9000015258789
637.468,172.679901123047,85.9000015258789
637.696,172.66032409668,85.9000015258789
637.923,172.679901123047,85.9000015258789
638.15,172.621170043945,85.9000015258789
638.377,172.836502075195,85.9000015258789
638.604,172.699478149414,85.9000015258789
638.831,172.699478149414,85.9000015258789
639.058,172.699478149414,85.9000015258789
639.285,172.66032409668,85.9000015258789
639.512,172.699478149414,85.9000015258789
639.74,172.679901123047,85.9000015258789
639.968,172.66032409668,85.9000015258789
640.195,172.699478149414,85.9000015258789
640.422,172.679901123047,85.9000015258789
640.65,172.679901123047,85.9000015258789
640.876,172.66032409668,10.8999996185303
641.102,26.6625118255615,10.8999996185303
641.329,26.0165042877197,10.8999996185303
641.556,26.6820888519287,10.8999996185303
641.782,26.642936706543,10.8999996185303
642.008,26.6625118255615,10.8999996185303
642.234,26.642936706543,10.8999996185303
642.461,26.0948085784912,73
642.688,148.581832885742,73
642.916,146.937454223633,73
643.142,146.937454223633,73
643.369,146.898300170898,73
643.596,148.229476928711,43.5
643.823,88.2877578735352,43.5
644.049,91.5373764038086,43.5
644.276,91.5373764038086,43.5
644.502,88.3660659790039,43.5
644.728,88.1898803710938,43.5
644.956,88.2094573974609,43.5
645.182,88.2290344238281,43.5
645.409,88.2094573974609,43.5
645.636,91.5177993774414,43.5
645.863,88.2486114501953,43.5
646.09,91.478645324707,43.5
646.317,88.2486114501953,43.5
646.544,91.5177993774414,43.5
646.771,88.3073348999023,43.5
646.997,91.5177993774414,43.5
647.224,91.5177993774414,43.5
647.451,88.2290344238281,43.5
647.678,91.4982223510742,43.5
647.904,88.2290344238281,43.5
648.13,88.2290344238281,43.5
648.357,88.2094573974609,43.5
648.585,91.4982223510742,43.5
648.812,91.5177993774414,43.5
649.039,88.2290344238281,43.5
649.266,91.4982223510742,43.5
649.494,88.268180847168,43.5
649.721,88.268180847168,43.5
649.948,91.478645324707,43.5
650.175,88.2877578735352,43.5
650.402,91.5373764038086,43.5
650.628,88.2290344238281,43.5
650.856,88.2290344238281,43.5
651.083,88.268180847168,43.5
651.31,91.4982223510742,74
651.536,148.855911254883,74
651.763,148.836334228516,74
651.99,150.363250732422,74
652.216,148.855911254883,74
652.443,148.914627075195,74
652.67,149.619369506836,74
652.898,148.855911254883,74
653.125,148.875473022461,74
653.351,150.950531005859,74
653.577,151.048416137695,74
653.804,149.599792480469,74
654.031,148.95378112793,74
654.258,149.580215454102,74
654.485,149.364883422852,74
654.712,149.364883422852,74
654.939,148.836334228516,74
655.166,149.599792480469,74
655.393,148.875473022461,74
655.62,148.914627075195,74
655.847,148.836334228516,74
656.074,149.913009643555,74
656.301,148.855911254883,74
656.528,149.286575317383,74
656.755,148.836334228516,74
656.982,149.345306396484,74
657.209,148.836334228516,74
657.436,148.875473022461,74
657.664,148.875473022461,74
657.89,148.816757202148,74
658.116,148.836334228516,74
658.343,148.836334228516,74
658.57,168.647247314453,83.9000015258789
658.797,168.725540161133,83.9000015258789
659.023,169.136642456055,83.9000015258789
659.25,146.917877197266,72.5
659.476,145.860778808594,72.5
659.703,145.860778808594,72.5
659.93,146.17399597168,72.5
660.156,145.821624755859,72.5
660.383,145.880355834961,72.5
660.609,147.994567871094,72.5
660.836,146.95703125,72.5
661.062,145.919509887695,72.5
661.288,145.821624755859,72.5
661.515,145.919509887695,72.5
661.742,146.643814086914,72.5
661.968,145.880355834961,72.5
662.195,145.880355834961,29.7999992370605
662.421,64.1897048950195,29.7999992370605
662.648,64.1897048950195,9.19999980926514
662.874,23.2954406738281,9.19999980926514
663.101,23.2954406738281,9.19999980926514
663.327,23.2954406738281,9.19999980926514
663.553,23.0801048278809,9.19999980926514
663.78,23.2954406738281,9.19999980926514
664.007,23.2954406738281,9.19999980926514
664.234,23.3150157928467,9.19999980926514
664.46,23.2954406738281,9.19999980926514
664.687,23.2954406738281,9.19999980926514
664.913,23.2954406738281,9.19999980926514
665.14,23.2954406738281,9.19999980926514
665.366,23.2954406738281,9.19999980926514
665.594,23.2758636474609,9.19999980926514
665.821,21.9251194000244,9.19999980926514
666.048,23.2954406738281,51.2000007629395
666.275,103.615768432617,51.2000007629395
666.502,106.884963989258,51.2000007629395
666.729,103.59619140625,51.2000007629395
666.956,106.865386962891,51.2000007629395
667.183,103.59619140625,51.2000007629395
667.41,106.865386962891,51.2000007629395
667.637,103.576614379883,51.2000007629395
667.865,106.845809936523,51.2000007629395
668.091,106.884963989258,51.2000007629395
668.318,106.845809936523,51.2000007629395
668.545,103.59619140625,51.2000007629395
668.771,106.845809936523,51.2000007629395
668.998,106.865386962891,51.2000007629395
669.226,103.537467956543,51.2000007629395
669.453,103.517890930176,51.2000007629395
669.68,106.845809936523,51.2000007629395
669.907,103.576614379883,51.2000007629395
670.134,106.630470275879,51.2000007629395
670.36,103.517890930176,51.2000007629395
670.587,103.537467956543,51.2000007629395
670.813,106.865386962891,51.2000007629395
671.041,106.278106689453,51.2000007629395
671.268,106.865386962891,51.2000007629395
671.495,103.576614379883,51.2000007629395
671.721,106.219375610352,51.2000007629395
671.947,106.845809936523,51.2000007629395
672.173,106.90453338623,51.2000007629395
672.4,106.826232910156,51.2000007629395
672.627,103.537467956543,51.2000007629395
672.854,106.884963989258,51.2000007629395
673.081,103.615768432617,51.2000007629395
673.307,106.845809936523,51.2000007629395
673.533,106.884963989258,51.2000007629395
673.761,106.884963989258,51.2000007629395
673.988,106.826232910156,51.2000007629395
674.214,103.537467956543,26.2999992370605
674.44,55.8699035644531,26.2999992370605
674.667,54.8323745727539,26.2999992370605
674.894,57.2793769836426,26.2999992370605
675.12,55.8894805908203,26.2999992370605
675.348,55.2238960266113,26.2999992370605
675.574,56.1831207275391,26.2999992370605
675.8,55.8894805908203,26.2999992370605
676.027,55.2043190002441,26.2999992370605
676.253,57.2989540100098,26.2999992370605
676.48,57.2989540100098,26.2999992370605
676.707,54.1276397705078,26.2999992370605
676.934,57.2989540100098,26.2999992370605
677.16,55.478385925293,26.2999992370605
677.386,55.8503265380859,26.2999992370605
677.612,55.8699035644531,26.2999992370605
677.839,54.147216796875,26.2999992370605
678.066,57.2989540100098,26.2999992370605
678.293,54.0493354797363,26.2999992370605
678.52,57.2793769836426,26.2999992370605
678.746,55.9286308288574,26.2999992370605
678.972,56.1831207275391,26.2999992370605
679.199,54.8519515991211,26.2999992370605
679.426,57.2989540100098,26.2999992370605
679.653,54.7344970703125,26.2999992370605
679.879,57.2989540100098,26.2999992370605
680.105,57.2793769836426,26.2999992370605
680.332,57.2793769836426,26.2999992370605
680.559,54.7736473083496,26.2999992370605
680.786,57.2793769836426,26.2999992370605
681.013,54.0493354797363,26.2999992370605
681.24,57.2793769836426,26.2999992370605
681.467,55.165168762207,26.2999992370605
681.694,57.2793769836426,26.2999992370605
681.921,54.812801361084,26.2999992370605
682.147,57.2793769836426,26.2999992370605
682.374,57.2793769836426,26.2999992370605
682.6,55.830753326416,26.2999992370605
682.827,54.7932243347168,26.2999992370605
683.054,65.2076568603516,82
683.28,164.829925537109,82
683.507,164.849502563477,82
683.733,166.063201904297,82
683.96,164.771194458008,82
684.187,164.810348510742,82
684.414,164.771194458008,82
684.64,164.751617431641,82
684.866,164.790771484375,82
685.093,164.771194458008,82
685.319,166.04362487793,82
685.546,164.790771484375,82
685.773,143.687835693359,68.5
685.999,140.594833374023,68.5
686.226,140.183731079102,68.5
686.453,137.932495117188,68.5
686.679,140.908050537109,68.5
686.906,139.90966796875,68.5
687.132,137.932495117188,68.5
687.358,137.952072143555,68.5
687.584,137.91291809082,68.5
687.812,137.952072143555,68.5
688.039,137.932495117188,68.5
688.266,140.183731079102,68.5
688.492,137.932495117188,68.5
688.719,137.91291809082,68.5
688.945,141.182113647461,68.5
689.172,140.222885131836,68.5
689.398,137.91291809082,68.5
689.624,137.932495117188,68.5
689.851,137.91291809082,68.5
690.077,141.182113647461,68.5
690.303,141.221267700195,68.5
690.53,139.185363769531,68.5
690.758,137.952072143555,22.7000007629395
690.985,48.6267852783203,22.7000007629395
691.211,50.1537132263184,22.7000007629395
691.437,50.1537132263184,22.7000007629395
691.664,50.1537132263184,59.5
691.891,120.177062988281,59.5
692.117,123.328804016113,59.5
692.343,123.328804016113,59.5
692.571,123.328804016113,59.5
692.798,123.309226989746,59.5
693.024,120.07918548584,59.5
693.251,120.098762512207,59.5
693.478,122.937278747559,59.5
693.705,120.059608459473,59.5
693.931,123.309226989746,59.5
694.157,123.328804016113,59.5
694.383,123.328804016113,59.5
694.61,123.328804016113,59.5
694.838,120.059608459473,59.5
695.065,120.059608459473,59.5
695.292,123.328804016113,59.5
695.518,120.059608459473,59.5
695.745,120.040031433105,74.1999969482422
695.972,150.382827758789,74.1999969482422
696.198,149.266998291016,74.1999969482422
696.426,149.227844238281,74.1999969482422
696.653,149.266998291016,74.1999969482422
696.88,150.696044921875,74.1999969482422
697.106,149.247421264648,74.1999969482422
697.333,149.266998291016,74.1999969482422
697.56,150.617736816406,74.1999969482422
697.787,149.247421264648,74.1999969482422
698.014,151.028839111328,74.1999969482422
698.241,149.266998291016,74.1999969482422
698.468,149.971740722656,74.1999969482422
698.695,149.247421264648,19.7000007629395
698.922,44.1438789367676,19.7000007629395
699.149,42.6169509887695,41.7999992370605
699.377,88.0332717895508,41.7999992370605
699.604,88.052848815918,41.7999992370605
699.83,85.4492416381836,41.7999992370605
700.056,84.8032302856445,41.7999992370605
700.283,84.8619613647461,41.7999992370605
700.51,88.0724258422852,41.7999992370605
700.736,85.0577239990234,41.7999992370605
700.963,84.7836532592773,41.7999992370605
701.189,88.0136947631836,41.7999992370605
701.416,88.0136947631836,41.7999992370605
701.643,84.8032302856445,41.7999992370605
701.869,88.1311492919922,41.7999992370605
702.096,88.1115798950195,41.7999992370605
702.322,84.8032302856445,41.7999992370605
702.549,84.7836532592773,41.7999992370605
702.776,88.1703033447266,41.7999992370605
703.002,84.8228073120117,41.7999992370605
703.229,84.8032302856445,41.7999992370605
703.456,88.1115798950195,41.7999992370605
703.683,84.8032302856445,41.7999992370605
703.909,88.1311492919922,41.7999992370605
704.136,88.1115798950195,41.7999992370605
704.363,84.8228073120117,41.7999992370605
704.59,88.1115798950195,41.7999992370605
704.817,84.8228073120117,41.7999992370605
705.045,88.1115798950195,41.7999992370605
705.272,88.0724258422852,41.7999992370605
705.499,84.8228073120117,41.7999992370605
705.727,88.1115798950195,41.7999992370605
705.954,87.9941177368164,88.1999969482422
706.18,177.064926147461,88.1999969482422
706.407,177.064926147461,88.1999969482422
706.634,177.084503173828,88.1999969482422
706.861,177.104064941406,88.1999969482422
707.088,177.104064941406,88.1999969482422
707.314,177.064926147461,88.1999969482422
707.542,177.084503173828,88.1999969482422
707.769,177.084503173828,88.1999969482422
707.996,177.084503173828,88.1999969482422
708.222,177.084503173828,88.1999969482422
708.448,177.064926147461,88.1999969482422
708.675,177.064926147461,82.0999984741211
708.903,164.986526489258,82.0999984741211
709.131,165.358474731445,82.0999984741211
709.357,165.730422973633,82.0999984741211
709.584,164.986526489258,82.0999984741211
709.81,164.986526489258,82.0999984741211
710.037,164.947372436523,82.0999984741211
710.263,165.652114868164,82.0999984741211
710.49,164.947372436523,82.0999984741211
710.717,164.986526489258,82.0999984741211
710.945,165.064834594727,82.0999984741211
711.171,166.454727172852,82.0999984741211
711.398,164.947372436523,82.0999984741211
711.625,165.006103515625,82.0999984741211
711.851,166.31770324707,82.0999984741211
712.078,165.025680541992,82.0999984741211
712.306,164.966949462891,82.0999984741211
712.533,164.986526489258,82.0999984741211
712.76,165.045257568359,82.0999984741211
712.987,165.064834594727,82.0999984741211
713.215,165.006103515625,82.0999984741211
713.442,165.61296081543,82.0999984741211
713.668,165.025680541992,82.0999984741211
713.895,165.006103515625,82.0999984741211
714.122,164.986526489258,82.0999984741211
714.349,165.025680541992,82.0999984741211
714.575,165.730422973633,82.0999984741211
714.802,165.025680541992,82.0999984741211
715.03,165.025680541992,82.0999984741211
715.257,165.006103515625,82.0999984741211
715.483,165.691268920898,82.0999984741211
715.71,165.299743652344,82.0999984741211
715.938,165.006103515625,82.0999984741211
716.166,165.064834594727,82.0999984741211
716.393,165.025680541992,82.0999984741211
716.621,165.025680541992,82.0999984741211
716.847,166.39599609375,82.0999984741211
717.073,95.4525756835938,45.5
717.3,95.4917297363281,45.5
717.528,92.2029571533203,45.5
717.755,92.1442337036133,45.5
717.983,95.4917297363281,45.5
718.211,95.4134216308594,45.5
718.438,95.4525756835938,45.5
718.664,92.1833877563477,45.5
718.891,92.1638107299805,45.5
719.117,95.4721527099609,45.5
719.343,95.5113067626953,45.5
719.571,95.4134216308594,45.5
719.798,95.4917297363281,45.5
720.025,92.2029571533203,45.5
720.251,95.4525756835938,45.5
720.478,95.4134216308594,45.5
720.705,92.1833877563477,45.5
720.932,95.4329986572266,45.5
721.159,92.1833877563477,45.5
721.387,95.4329986572266,45.5
721.614,95.4721527099609,45.5
721.841,92.2225341796875,45.5
722.069,95.4917297363281,45.5
722.296,95.4525756835938,45.5
722.522,92.2029571533203,45.5
722.748,92.1833877563477,45.5
722.975,92.2225341796875,45.5
723.201,95.4917297363281,45.5
723.428,95.4917297363281,45.5
723.654,92.2225341796875,45.5
723.88,92.2225341796875,45.5
724.107,92.2225341796875,45.5
724.334,95.4525756835938,45.5
724.561,92.2225341796875,33.7999992370605
724.788,72.1375579833984,33.7999992370605
725.015,69.0837020874023,33.7999992370605
725.242,72.1179809570312,33.7999992370605
725.469,68.9662475585938,33.7999992370605
725.695,72.1962890625,33.7999992370605
725.921,72.1571350097656,33.7999992370605
726.148,72.1767120361328,33.7999992370605
726.375,68.8683700561523,33.7999992370605
726.602,72.1571350097656,19.1000003814697
726.829,40.4244384765625,19.1000003814697
727.056,43.008472442627,19.1000003814697
727.283,42.2450065612793,19.1000003814697
727.51,42.9888954162598,19.1000003814697
727.737,41.520694732666,19.1000003814697
727.964,42.9888954162598,19.1000003814697
728.191,41.9317932128906,19.1000003814697
728.417,42.9693183898926,19.1000003814697
728.644,42.9693183898926,19.1000003814697
728.871,40.9529914855957,19.1000003814697
729.099,42.9888954162598,19.1000003814697
729.326,42.9888954162598,19.1000003814697
729.552,42.2058563232422,19.1000003814697
729.779,41.7947616577148,19.1000003814697
730.006,43.008472442627,19.1000003814697
730.233,41.5989990234375,19.1000003814697
730.46,42.9301681518555,19.1000003814697
730.686,42.2645835876465,19.1000003814697
730.912,42.6169509887695,19.1000003814697
731.139,41.8730659484863,19.1000003814697
731.365,42.9888954162598,19.1000003814697
731.592,42.9497451782227,19.1000003814697
731.819,42.2841606140137,19.1000003814697
732.046,42.9693183898926,19.1000003814697
732.273,41.9122161865234,19.1000003814697
732.5,42.9888954162598,19.1000003814697
732.728,41.2857856750488,19.1000003814697
732.955,41.5402717590332,19.1000003814697
733.182,43.008472442627,19.1000003814697
733.409,41.5598487854004,19.1000003814697
733.635,43.008472442627,19.1000003814697
733.863,42.9888954162598,19.1000003814697
734.09,42.9497451782227,19.1000003814697
734.317,42.6169509887695,32.2000007629395
734.544,68.9858245849609,32.2000007629395
734.772,65.8928146362305,32.2000007629395
734.998,66.6954345703125,32.2000007629395
735.225,65.7166290283203,32.2000007629395
735.452,68.9662475585938,32.2000007629395
735.679,65.7557830810547,32.2000007629395
735.906,69.0054016113281,32.2000007629395
736.133,65.7949371337891,32.2000007629395
736.359,68.9858245849609,32.2000007629395
736.587,68.9858245849609,32.2000007629395
736.814,69.0054016113281,32.2000007629395
737.041,65.7557830810547,32.2000007629395
737.269,69.0054016113281,32.2000007629395
737.496,69.0445556640625,32.2000007629395
737.723,66.3626403808594,32.2000007629395
737.949,69.0054016113281,32.2000007629395
738.176,69.0641250610352,32.2000007629395
738.403,65.7362060546875,32.2000007629395
738.631,69.0641250610352,32.2000007629395
738.858,69.0249786376953,32.2000007629395
739.085,66.0494232177734,32.2000007629395
739.312,69.0054016113281,32.2000007629395
739.539,65.8145141601562,32.2000007629395
739.766,68.9858245849609,32.2000007629395
739.993,65.8732376098633,32.2000007629395
740.22,69.0249786376953,32.2000007629395
740.448,66.4605178833008,32.2000007629395
740.676,72.8814468383789,36.4000015258789
740.902,75.4654769897461,36.4000015258789
741.129,43.6153297424316,20.6000003814697
741.356,45.9252967834473,20.6000003814697
741.582,45.9057197570801,20.6000003814697
741.808,45.9644470214844,20.6000003814697
742.035,44.2417602539062,20.6000003814697
742.262,45.9252967834473,20.6000003814697
742.489,43.9481201171875,20.6000003814697
742.717,45.9252967834473,20.6000003814697
742.945,184.817016601562,92.0999984741211
743.173,184.83659362793,92.0999984741211
743.399,185.071502685547,92.0999984741211
743.626,184.83659362793,92.0999984741211
743.854,184.856170654297,92.0999984741211
744.082,184.875747680664,92.0999984741211
744.309,185.639205932617,92.0999984741211
744.535,184.83659362793,92.0999984741211
744.762,184.83659362793,92.0999984741211
744.988,184.875747680664,92.0999984741211
745.215,184.856170654297,92.0999984741211
745.442,184.875747680664,92.0999984741211
745.668,184.856170654297,92.0999984741211
745.894,184.856170654297,92.0999984741211
746.12,184.817016601562,92.0999984741211
746.347,184.83659362793,92.0999984741211
746.574,184.83659362793,92.0999984741211
746.801,184.856170654297,12.1999998092651
747.028,29.2661209106445,12.1999998092651
747.254,29.2856960296631,12.1999998092651
747.481,28.1111354827881,12.1999998092651
747.707,29.3248481750488,12.1999998092651
747.934,29.2661209106445,12.1999998092651
748.162,28.4047756195068,62
748.388,125.012336730957,62
748.615,125.012336730957,62
748.843,126.715446472168,62
749.07,126.813331604004,62
749.297,125.051490783691,62
749.524,127.870429992676,62
749.751,124.973182678223,62
749.978,127.400611877441,62
750.206,124.99275970459,62
750.433,124.99275970459,62
750.66,128.164077758789,62
750.887,124.973182678223,62
751.113,127.968315124512,62
751.34,126.852478027344,62
751.567,125.012336730957,62
751.794,127.537643432617,62
752.021,125.012336730957,62
752.249,128.124923706055,62
752.475,128.261947631836,62
752.701,128.261947631836,62
752.928,126.813331604004,62
753.154,125.031913757324,62
753.381,125.031913757324,62
753.607,128.261947631836,62
753.835,128.222793579102,62
754.061,128.261947631836,62
754.288,126.754600524902,62
754.515,124.953605651855,62
754.742,128.183654785156,62
754.969,124.973182678223,62
755.196,127.948738098145,62
755.423,124.973182678223,62
755.649,128.261947631836,62
755.876,127.51806640625,62
756.103,124.953605651855,62
756.329,128.261947631836,62
756.556,128.281524658203,62
756.783,124.953605651855,62
757.009,128.281524658203,62
757.235,128.281524658203,62
757.461,128.261947631836,62
757.688,127.811706542969,62
757.915,125.051490783691,62
758.141,128.261947631836,62
758.368,126.460960388184,82.8000030517578
758.595,166.474304199219,82.8000030517578
758.821,167.394378662109,82.8000030517578
759.048,166.474304199219,82.8000030517578
759.275,166.513458251953,82.8000030517578
759.501,167.805465698242,82.8000030517578
759.727,167.688018798828,82.8000030517578
759.953,167.707595825195,82.8000030517578
760.18,166.689636230469,82.8000030517578
760.407,166.493881225586,82.8000030517578
760.635,166.474304199219,82.8000030517578
760.862,166.611343383789,82.8000030517578
761.088,166.493881225586,82.8000030517578
761.315,166.454727172852,82.8000030517578
761.542,166.454727172852,82.8000030517578
761.768,166.474304199219,82.8000030517578
761.995,166.493881225586,82.8000030517578
762.222,166.513458251953,82.8000030517578
762.45,166.630905151367,82.8000030517578
762.678,166.474304199219,82.8000030517578
762.905,166.454727172852,82.8000030517578
763.133,166.454727172852,82.8000030517578
763.36,166.493881225586,82.8000030517578
763.587,166.493881225586,82.8000030517578
763.814,166.493881225586,82.8000030517578
764.041,166.435150146484,82.8000030517578
764.267,167.296493530273,82.8000030517578
764.494,166.454727172852,21.2999992370605
764.721,45.2792892456055,21.2999992370605
764.947,47.3543434143066,21.2999992370605
765.173,47.3543434143066,21.2999992370605
765.401,47.3347663879395,21.2999992370605
765.628,47.3543434143066,21.2999992370605
765.855,45.2205619812012,21.2999992370605
766.082,47.3347663879395,21.2999992370605
766.309,46.2385139465332,21.2999992370605
766.536,47.3347663879395,21.2999992370605
766.762,46.5908813476562,21.2999992370605
766.99,45.8861427307129,21.2999992370605
767.217,46.2580871582031,21.2999992370605
767.444,47.3151931762695,21.2999992370605
767.67,46.5125770568848,21.2999992370605
767.897,45.2988624572754,21.2999992370605
768.123,47.3151931762695,21.2999992370605
768.35,47.3543434143066,21.2999992370605
768.577,45.6903839111328,21.2999992370605
768.803,47.3347663879395,21.2999992370605
769.03,47.3739204406738,21.2999992370605
769.256,46.9236717224121,21.2999992370605
769.483,45.2401351928711,21.2999992370605
769.71,47.3543434143066,21.2999992370605
769.937,46.5321502685547,21.2999992370605
770.164,47.3151931762695,21.2999992370605
770.391,45.200984954834,21.2999992370605
770.618,47.3543434143066,21.2999992370605
770.845,45.200984954834,21.2999992370605
771.072,47.3347663879395,21.2999992370605
771.299,45.5729293823242,21.2999992370605
771.527,47.3739204406738,21.2999992370605
771.754,47.2173118591309,21.2999992370605
771.982,44.9073448181152,21.2999992370605
772.21,44.4766731262207,59.2999992370605
772.437,119.628936767578,59.2999992370605
772.664,122.898124694824,59.2999992370605
772.891,119.628936767578,59.2999992370605
773.117,122.917701721191,59.2999992370605
773.344,122.46745300293,59.2999992370605
773.57,119.628936767578,59.2999992370605
773.798,119.648513793945,59.2999992370605
774.026,119.609359741211,59.2999992370605
774.253,119.589782714844,59.2999992370605
774.48,122.839401245117,12.3000001907349
774.708,27.6021595001221,12.3000001907349
774.935,29.3835754394531,12.3000001907349
775.162,29.4423046112061,12.3000001907349
775.389,29.3835754394531,12.3000001907349
775.615,29.4618797302246,12.3000001907349
775.842,29.4814567565918,12.3000001907349
776.069,29.2465438842773,12.3000001907349
776.295,29.4423046112061,12.3000001907349
776.522,29.4227275848389,12.3000001907349
776.749,28.7375679016113,78.6999969482422
776.976,159.13330078125,78.6999969482422
777.203,158.252380371094,78.6999969482422
777.43,158.722213745117,37.4000015258789
777.657,76.0723342895508,37.4000015258789
777.884,79.3611068725586,37.4000015258789
778.111,76.0331878662109,37.4000015258789
778.338,79.2632217407227,37.4000015258789
778.564,76.2876739501953,37.4000015258789
778.791,76.0136108398438,37.4000015258789
779.017,79.302375793457,37.4000015258789
779.244,79.3611068725586,37.4000015258789
779.471,76.0723342895508,37.4000015258789
779.698,79.3611068725586,37.4000015258789
779.926,76.0723342895508,37.4000015258789
780.153,76.0723342895508,37.4000015258789
780.379,79.3611068725586,37.4000015258789
780.606,79.4002532958984,37.4000015258789
780.833,76.0527572631836,37.4000015258789
781.06,79.3415298461914,37.4000015258789
781.287,76.091911315918,37.4000015258789
781.513,79.3611068725586,37.4000015258789
781.741,79.302375793457,33.4000015258789
781.968,71.3545227050781,33.4000015258789
782.196,68.1244812011719,33.4000015258789
782.423,68.1244812011719,33.4000015258789
782.649,71.3545227050781,33.4000015258789
782.876,71.393669128418,33.4000015258789
783.103,68.5355758666992,33.4000015258789
783.33,71.3545227050781,33.4000015258789
783.557,68.5551528930664,33.4000015258789
783.784,71.393669128418,33.4000015258789
784.01,68.613883972168,33.4000015258789
784.236,68.6334533691406,33.4000015258789
784.464,68.1049041748047,65.4000015258789
784.691,131.86393737793,65.4000015258789
784.918,133.821533203125,0
785.146,0.195759996771812,0
785.373,0.195759996771812,0
785.599,0.176183998584747,0
785.826,0.195759996771812,0
786.052,0.195759996771812,0
786.279,0.195759996771812,0
786.505,0.176183998584747,0
786.731,0.195759996771812,0
786.958,0.195759996771812,0
787.185,0.195759996771812,0
787.412,0.195759996771812,0
787.639,0.195759996771812,0
787.865,0.195759996771812,0
788.093,0.176183998584747,0
788.32,0.176183998584747,0
788.547,0.195759996771812,0
788.775,0.195759996771812,0
789.001,0.195759996771812,0
789.227,0.176183998584747,0
789.454,0.195759996771812,0
789.681,0.195759996771812,0
789.908,0.195759996771812,0
790.135,0.176183998584747,0
790.362,0.195759996771812,0
790.589,0.195759996771812,0
790.816,0.195759996771812,0
791.043,0.176183998584747,0
791.269,0.195759996771812,0
791.497,0.195759996771812,0
791.724,0.195759996771812,0
791.952,0.176183998584747,0
792.178,0.195759996771812,0
792.405,0.195759996771812,0
792.632,0.195759996771812,0
792.859,0.176183998584747,0
793.086,0.195759996771812,0
793.313,0.195759996771812,0
793.54,0.195759996771812,0
793.766,75.6808166503906,98.5
793.993,195.759994506836,98.5
794.221,134.99609375,52.5999984741211
794.447,109.606025695801,52.5999984741211
794.674,109.606025695801,52.5999984741211
794.901,106.317253112793,52.5999984741211
795.128,109.625602722168,52.5999984741211
795.355,106.33683013916,52.5999984741211
795.582,109.625602722168,52.5999984741211
795.809,106.356407165527,52.5999984741211
796.035,147.446426391602,72.1999969482422
796.262,146.976608276367,72.1999969482422
796.489,145.253921508789,72.1999969482422
796.716,146.369750976562,72.1999969482422
796.942,145.312652587891,72.1999969482422
797.168,145.312652587891,72.1999969482422
797.395,145.371383666992,72.1999969482422
797.622,147.387710571289,72.1999969482422
797.849,145.821624755859,72.1999969482422
798.076,147.015762329102,72.1999969482422
798.304,145.312652587891,72.1999969482422
798.53,145.351806640625,72.1999969482422
798.757,145.312652587891,72.1999969482422
798.984,145.625869750977,72.1999969482422
799.212,145.312652587891,72.1999969482422
799.439,145.293075561523,72.1999969482422
799.666,146.565505981445,72.1999969482422
799.893,145.332229614258,72.1999969482422
800.12,145.978225708008,99.8000030517578
800.346,195.759994506836,99.8000030517578
800.573,195.759994506836,99.8000030517578
800.8,195.759994506836,99.8000030517578
801.027,195.759994506836,99.8000030517578
801.254,195.759994506836,99.8000030517578
801.481,195.759994506836,99.8000030517578
801.708,195.759994506836,99.8000030517578
801.935,195.759994506836,99.8000030517578
802.163,195.759994506836,99.8000030517578
802.389,195.759994506836,99.8000030517578
802.615,195.759994506836,99.8000030517578
802.843,195.759994506836,99.8000030517578
803.069,195.759994506836,99.8000030517578
803.296,195.759994506836,99.8000030517578
803.523,195.759994506836,99.8000030517578
803.75,195.759994506836,99.8000030517578
803.977,195.759994506836,99.8000030517578
804.203,195.759994506836,99.8000030517578
804.43,195.759994506836,99.8000030517578
804.656,195.759994506836,99.8000030517578
804.883,195.759994506836,99.8000030517578
805.11,195.759994506836,99.8000030517578
805.337,195.759994506836,99.8000030517578
805.564,195.759994506836,99.8000030517578
805.791,195.759994506836,45.9000015258789
806.018,96.2160415649414,45.9000015258789
806.244,93.0055770874023,45.9000015258789
806.471,93.0055770874023,45.9000015258789
806.698,96.1964645385742,45.9000015258789
806.925,92.9860000610352,45.9000015258789
807.152,96.1964645385742,45.9000015258789
807.38,92.966423034668,45.9000015258789
807.607,92.9860000610352,45.9000015258789
807.835,96.2160415649414,45.9000015258789
808.062,96.1964645385742,45.9000015258789
808.29,92.9468460083008,45.9000015258789
808.517,92.9468460083008,45.9000015258789
808.743,96.2356185913086,45.9000015258789
808.969,96.1964645385742,55.2000007629395
809.196,114.734939575195,55.2000007629395
809.423,111.563621520996,55.2000007629395
809.651,114.793663024902,55.2000007629395
809.878,114.793663024902,55.2000007629395
810.105,111.524475097656,55.2000007629395
810.332,114.793663024902,55.2000007629395
810.558,111.563621520996,55.2000007629395
810.786,111.504898071289,55.2000007629395
811.013,111.563621520996,55.2000007629395
811.241,114.754508972168,55.2000007629395
811.468,114.637054443359,55.2000007629395
811.694,111.563621520996,55.2000007629395
811.921,111.524475097656,53.4000015258789
812.148,111.191680908203,53.4000015258789
812.374,107.961639404297,53.4000015258789
812.601,107.94206237793,53.4000015258789
812.828,111.21125793457,53.4000015258789
813.056,107.961639404297,53.4000015258789
813.283,107.981216430664,53.4000015258789
813.51,111.172103881836,53.4000015258789
813.736,107.981216430664,53.4000015258789
813.964,107.94206237793,53.4000015258789
814.19,107.981216430664,53.4000015258789
814.416,107.981216430664,53.4000015258789
814.643,107.90291595459,53.4000015258789
814.87,111.191680908203,53.4000015258789
815.098,107.922485351562,53.4000015258789
815.325,107.922485351562,53.4000015258789
815.551,111.172103881836,53.4000015258789
815.778,111.152526855469,11.8000001907349
816.005,28.3068962097168,11.8000001907349
816.233,28.4830799102783,11.8000001907349
816.46,28.5026569366455,11.8000001907349
816.687,28.4830799102783,11.8000001907349
816.914,28.4830799102783,11.8000001907349
817.141,27.3280963897705,11.8000001907349
817.368,28.4635047912598,11.8000001907349
817.595,26.9561519622803,11.8000001907349
817.822,28.5026569366455,11.8000001907349
818.049,28.4635047912598,11.8000001907349
818.276,28.4635047912598,11.8000001907349
818.503,28.0524082183838,11.8000001907349
818.729,28.5026569366455,11.8000001907349
818.955,28.4830799102783,11.8000001907349
819.182,28.5222320556641,11.8000001907349
819.409,27.0344562530518,11.8000001907349
819.636,28.4830799102783,11.8000001907349
819.863,28.0719833374023,11.8000001907349
820.09,28.4635047912598,11.8000001907349
820.317,28.5026569366455,11.8000001907349
820.544,28.5026569366455,11.8000001907349
820.771,27.6804637908936,11.8000001907349
820.998,28.4635047912598,11.8000001907349
821.224,28.5026569366455,11.8000001907349
821.451,26.4471759796143,11.8000001907349
821.678,28.4635047912598,11.8000001907349
821.905,28.4635047912598,11.8000001907349
822.132,28.4830799102783,11.8000001907349
822.359,26.6820888519287,11.8000001907349
822.586,28.4635047912598,11.8000001907349
822.813,28.3460483551025,11.8000001907349
823.041,28.5026569366455,11.8000001907349
823.268,147.074493408203,72.0999984741211
823.495,145.077743530273,72.0999984741211
823.721,147.700927734375,72.0999984741211
823.948,145.077743530273,72.0999984741211
824.176,145.097305297852,72.0999984741211
824.403,145.097305297852,72.0999984741211
824.63,146.761276245117,72.0999984741211
824.858,145.097305297852,72.0999984741211
825.085,145.097305297852,72.0999984741211
825.311,147.485580444336,72.0999984741211
825.538,145.351806640625,72.0999984741211
825.764,145.116882324219,72.0999984741211
825.992,145.136459350586,72.0999984741211
826.22,145.077743530273,72.0999984741211
826.448,145.077743530273,72.0999984741211
826.676,146.545928955078,72.0999984741211
826.903,145.097305297852,72.0999984741211
827.13,145.410522460938,72.0999984741211
827.358,145.097305297852,72.0999984741211
827.586,145.136459350586,72.0999984741211
827.814,145.097305297852,72.0999984741211
828.042,145.077743530273,72.0999984741211
828.269,145.077743530273,88.8000030517578
828.496,178.435241699219,88.8000030517578
828.724,178.415664672852,88.8000030517578
828.951,178.454818725586,88.8000030517578
829.178,178.435241699219,88.8000030517578
829.404,178.454818725586,88.8000030517578
829.631,178.415664672852,88.8000030517578
829.858,178.376510620117,88.8000030517578
830.085,178.454818725586,88.8000030517578
830.312,178.435241699219,88.8000030517578
830.539,178.474395751953,88.8000030517578
830.765,178.748458862305,88.8000030517578
830.993,178.415664672852,88.8000030517578
831.22,178.454818725586,88.8000030517578
831.448,178.435241699219,88.8000030517578
831.675,178.435241699219,88.8000030517578
831.902,178.454818725586,88.8000030517578
832.128,178.415664672852,88.8000030517578
832.356,178.474395751953,88.8000030517578
832.583,178.435241699219,88.8000030517578
832.81,178.435241699219,65.5
833.037,131.961822509766,65.5
833.264,134.193481445312,65.5
833.49,131.981399536133,65.5
833.717,131.981399536133,65.5
833.944,133.880264282227,65.5
834.17,131.922668457031,65.5
834.397,131.942245483398,65.5
834.624,133.860687255859,65.5
834.851,131.981399536133,65.5
835.078,134.173904418945,65.5
835.306,132.059692382812,65.5
835.533,131.961822509766,65.5
835.759,135.152709960938,65.5
835.986,134.937362670898,65.5
836.213,131.961822509766,65.5
836.44,133.606201171875,65.5
836.667,131.942245483398,65.5
836.895,134.232635498047,65.5
837.122,133.899841308594,65.5
837.35,131.942245483398,65.5
837.577,132.451217651367,65.5
837.804,134.252212524414,65.5
838.03,131.942245483398,65.5
838.258,131.981399536133,65.5
838.485,132.000961303711,65.5
838.712,131.961822509766,65.5
838.94,131.961822509766,65.5
839.167,131.922668457031,79.5999984741211
839.394,160.758117675781,79.5999984741211
839.62,160.053375244141,79.5999984741211
839.847,159.994644165039,79.5999984741211
840.074,160.621078491211,79.5999984741211
840.302,160.092529296875,79.5999984741211
840.529,160.053375244141,79.5999984741211
840.756,160.660232543945,79.5999984741211
840.983,160.014221191406,79.5999984741211
841.209,161.756484985352,79.5999984741211
841.436,160.053375244141,79.5999984741211
841.663,160.033798217773,79.5999984741211
841.889,161.364974975586,79.5999984741211
842.116,160.660232543945,79.5999984741211
842.343,160.072952270508,79.5999984741211
842.57,160.993026733398,79.5999984741211
842.797,160.053375244141,79.5999984741211
843.024,160.053375244141,79.5999984741211
843.251,160.033798217773,79.5999984741211
843.478,160.053375244141,79.5999984741211
843.705,160.033798217773,79.5999984741211
843.932,160.033798217773,79.5999984741211
844.159,160.072952270508,79.5999984741211
844.385,161.227935791016,79.5999984741211
844.612,160.249130249023,79.5999984741211
844.84,160.014221191406,79.5999984741211
845.067,160.072952270508,79.5999984741211
845.294,160.288284301758,79.5999984741211
845.522,160.033798217773,79.5999984741211
845.749,160.072952270508,79.5999984741211
845.976,160.347015380859,79.5999984741211
846.203,160.053375244141,79.5999984741211
846.43,160.640655517578,79.5999984741211
846.657,160.033798217773,79.5999984741211
846.884,161.012603759766,79.5999984741211
847.111,160.092529296875,79.5999984741211
847.337,161.854370117188,79.5999984741211
847.564,160.347015380859,79.5999984741211
847.791,160.033798217773,79.5999984741211
848.018,160.033798217773,79.5999984741211
848.244,160.053375244141,79.5999984741211
848.471,160.033798217773,79.5999984741211
848.699,160.601501464844,79.5999984741211
848.926,160.347015380859,79.5999984741211
849.153,159.994644165039,79.5999984741211
849.38,160.973449707031,79.5999984741211
849.607,160.014221191406,79.5999984741211
849.835,160.640655517578,14.1000003814697
850.063,33.0051345825195,14.1000003814697
850.289,32.9855613708496,14.1000003814697
850.516,33.0051345825195,14.1000003814697
850.742,33.0247116088867,14.1000003814697
850.969,32.3003997802734,14.1000003814697
851.197,32.9855613708496,14.1000003814697
851.423,33.0247116088867,14.1000003814697
851.65,33.0051345825195,14.1000003814697
851.877,31.8697280883789,14.1000003814697
852.104,33.0442886352539,14.1000003814697
852.331,31.9676074981689,14.1000003814697
852.558,32.9855613708496,14.1000003814697
852.786,32.8876800537109,14.1000003814697
853.013,31.5173606872559,14.1000003814697
853.24,33.0247116088867,14.1000003814697
853.467,32.3199768066406,14.1000003814697
853.694,32.9855613708496,14.1000003814697
853.922,32.9659843444824,14.1000003814697
854.148,33.0051345825195,14.1000003814697
854.376,31.5173606872559,14.1000003814697
854.603,31.8110008239746,14.1000003814697
854.83,33.0247116088867,14.1000003814697
855.057,32.5353126525879,14.1000003814697
855.284,33.0247116088867,14.1000003814697
855.511,32.2808227539062,14.1000003814697
855.738,33.0051345825195,14.1000003814697
855.965,32.2612495422363,14.1000003814697
856.193,33.0051345825195,14.1000003814697
856.42,33.0051345825195,14.1000003814697
856.646,32.9659843444824,14.1000003814697
856.873,32.3591270446777,14.1000003814697
857.1,33.0247116088867,14.1000003814697
857.327,31.9284553527832,14.1000003814697
857.554,33.0442886352539,14.1000003814697
857.781,32.1633682250977,14.1000003814697
858.009,32.9855613708496,14.1000003814697
858.236,33.0247116088867,14.1000003814697
858.464,31.5565128326416,14.1000003814697
858.691,31.4977836608887,42.5999984741211
858.918,89.6189270019531,42.5999984741211
859.145,86.4084625244141,42.5999984741211
859.372,89.6580810546875,42.5999984741211
859.598,86.878288269043,42.5999984741211
859.825,86.4084625244141,42.5999984741211
860.053,89.6580810546875,42.5999984741211
860.28,89.6580810546875,42.5999984741211
860.507,86.4280395507812,42.5999984741211
860.734,89.6189270019531,42.5999984741211
860.962,86.4280395507812,47.5999984741211
861.189,96.3726501464844,47.5999984741211
861.417,99.0937118530273,47.5999984741211
861.644,99.6222610473633,47.5999984741211
861.871,96.3139190673828,47.5999984741211
862.098,99.6222610473633,47.5999984741211
862.325,96.4509506225586,47.5999984741211
862.551,99.6026916503906,47.5999984741211
862.778,99.6026916503906,47.5999984741211
863.005,96.4705276489258,47.5999984741211
863.232,99.5831146240234,47.5999984741211
863.459,96.4509506225586,47.5999984741211
863.686,99.5635375976562,47.5999984741211
863.913,96.4509506225586,47.5999984741211
864.139,99.5635375976562,47.5999984741211
864.366,99.5831146240234,47.5999984741211
864.593,96.4509506225586,47.5999984741211
864.82,99.5831146240234,47.5999984741211
865.047,96.4509506225586,47.5999984741211
865.274,99.5831146240234,47.5999984741211
865.502,96.4117965698242,47.5999984741211
865.728,96.4509506225586,47.5999984741211
865.955,96.3726501464844,47.5999984741211
866.182,99.6614151000977,47.5999984741211
866.409,96.3922271728516,47.5999984741211
866.635,99.6026916503906,47.5999984741211
866.862,99.6809921264648,47.5999984741211
867.09,96.4313735961914,47.5999984741211
867.317,96.4313735961914,47.5999984741211
867.544,99.6026916503906,47.5999984741211
867.771,96.4313735961914,47.5999984741211
867.998,99.6418380737305,47.5999984741211
868.226,96.4313735961914,47.5999984741211
868.454,96.4313735961914,47.5999984741211
868.681,96.4705276489258,47.5999984741211
868.909,84.1768035888672,11.3999996185303
869.137,27.7000408172607,11.3999996185303
869.364,27.6804637908936,11.3999996185303
869.591,26.9757289886475,11.3999996185303
869.818,27.6804637908936,11.3999996185303
870.045,26.9561519622803,11.3999996185303
870.273,27.6804637908936,11.3999996185303
870.5,27.6804637908936,11.3999996185303
870.727,27.6804637908936,11.3999996185303
870.954,27.6804637908936,11.3999996185303
871.181,26.9365768432617,11.3999996185303
871.408,27.6804637908936,11.3999996185303
871.634,27.6804637908936,11.3999996185303
871.862,27.660888671875,11.3999996185303
872.089,26.58420753479,11.3999996185303
872.316,27.7000408172607,11.3999996185303
872.543,27.3085193634033,11.3999996185303
872.77,27.6804637908936,11.3999996185303
872.997,47.4913749694824,22.2999992370605
873.223,49.3315200805664,22.2999992370605
873.451,49.2923698425293,22.2999992370605
873.679,49.2923698425293,22.2999992370605
873.906,49.3119430541992,22.2999992370605
874.133,46.5713043212891,22.2999992370605
874.36,49.3315200805664,22.2999992370605
874.587,48.0786552429199,22.2999992370605
874.815,49.3510971069336,22.2999992370605
875.042,49.2923698425293,22.2999992370605
875.27,47.2760391235352,22.2999992370605
875.498,46.9628257751465,22.2999992370605
875.724,49.3119430541992,22.2999992370605
875.951,46.7474899291992,22.2999992370605
876.178,49.3315200805664,22.2999992370605
876.405,46.6496086120605,22.2999992370605
876.631,49.3315200805664,22.2999992370605
876.858,49.3119430541992,22.2999992370605
877.085,48.1178092956543,22.2999992370605
877.312,49.3119430541992,28.7000007629395
877.539,59.1195182800293,28.7000007629395
877.766,61.9580383300781,28.7000007629395
877.993,59.060791015625,28.7000007629395
878.22,61.9580383300781,28.7000007629395
878.447,58.8650321960449,28.7000007629395
878.674,61.9580383300781,28.7000007629395
878.9,60.1766242980957,28.7000007629395
879.127,59.3935852050781,28.7000007629395
879.354,61.9580383300781,28.7000007629395
879.581,58.8063049316406,28.7000007629395
879.808,61.9580383300781,28.7000007629395
880.035,58.7671508789062,28.7000007629395
880.262,61.9580383300781,28.7000007629395
880.488,60.078742980957,28.7000007629395
880.715,58.7475776672363,28.7000007629395
880.941,61.9580383300781,28.7000007629395
881.167,61.9580383300781,28.7000007629395
881.393,61.9580383300781,28.7000007629395
881.62,61.9580383300781,28.7000007629395
881.847,59.4523124694824,28.7000007629395
882.074,61.9580383300781,28.7000007629395
882.3,60.0983200073242,28.7000007629395
882.527,58.8650321960449,28.7000007629395
882.754,61.9580383300781,28.7000007629395
882.981,59.0803680419922,28.7000007629395
883.208,61.9776153564453,28.7000007629395
883.435,59.0803680419922,28.7000007629395
883.662,61.9776153564453,28.7000007629395
883.889,59.8046798706055,28.7000007629395
884.117,61.9971923828125,28.7000007629395
884.344,61.9580383300781,28.7000007629395
884.571,59.4914627075195,28.7000007629395
884.798,61.9580383300781,28.7000007629395
885.025,59.0412178039551,28.7000007629395
885.252,61.9776153564453,28.7000007629395
885.479,59.413158416748,28.7000007629395
885.707,61.9580383300781,28.7000007629395
885.934,61.9776153564453,28.7000007629395
886.161,59.0999450683594,28.7000007629395
886.387,61.9580383300781,28.7000007629395
886.614,61.9580383300781,28.7000007629395
886.841,59.7851028442383,28.7000007629395
887.068,61.9776153564453,28.7000007629395
887.296,58.8650321960449,28.7000007629395
887.523,60.0395927429199,26.3999996185303
887.751,57.4359855651855,26.3999996185303
887.978,57.4359855651855,26.3999996185303
888.206,55.5958404541016,26.3999996185303
888.433,55.5175361633301,26.3999996185303
888.66,57.3968315124512,26.3999996185303
888.887,54.5583114624023,26.3999996185303
889.113,57.4164085388184,26.3999996185303
889.34,57.4359855651855,26.3999996185303
889.567,54.2646713256836,26.3999996185303
889.794,57.3968315124512,26.3999996185303
890.021,54.5387344360352,26.3999996185303
890.248,57.4359855651855,26.3999996185303
890.475,54.5778884887695,26.3999996185303
890.702,57.3968315124512,26.3999996185303
890.929,55.2043190002441,26.3999996185303
891.156,57.4164085388184,26.3999996185303
891.383,55.478385925293,26.3999996185303
891.609,57.4164085388184,26.3999996185303
891.837,57.3968315124512,26.3999996185303
892.064,57.4164085388184,26.3999996185303
892.291,55.2238960266113,26.3999996185303
892.518,57.377254486084,26.3999996185303
892.745,54.2842483520508,26.3999996185303
892.971,57.377254486084,26.3999996185303
893.198,57.377254486084,26.3999996185303
893.425,54.2646713256836,26.3999996185303
893.651,57.3968315124512,26.3999996185303
893.878,57.3968315124512,26.3999996185303
894.105,54.2646713256836,26.3999996185303
894.332,57.4164085388184,26.3999996185303
894.56,54.8715286254883,26.3999996185303
894.787,55.1260147094727,26.3999996185303
895.014,57.4359855651855,26.3999996185303
895.24,55.9482078552246,26.3999996185303
895.468,55.2630462646484,26.3999996185303
895.695,54.499584197998,26.3999996185303
895.922,57.4555587768555,26.3999996185303
896.149,83.6678237915039,45.2000007629395
896.376,94.8065719604492,45.2000007629395
896.604,91.6939849853516,45.2000007629395
896.831,91.6548309326172,45.2000007629395
897.058,94.8261413574219,45.2000007629395
897.285,91.6548309326172,45.2000007629395
897.512,94.8261413574219,45.2000007629395
897.739,195.759994506836,99.8000030517578
897.967,195.759994506836,99.8000030517578
898.194,195.759994506836,99.8000030517578
898.421,195.759994506836,99.8000030517578
898.648,195.759994506836,99.8000030517578
898.876,79.0478897094727,38.9000015258789
899.103,79.0674667358398,38.9000015258789
899.33,82.2387771606445,38.9000015258789
899.557,79.087043762207,38.9000015258789
899.784,82.2192001342773,38.9000015258789
900.01,79.3219528198242,38.9000015258789
900.238,79.087043762207,38.9000015258789
900.465,79.9483871459961,38.9000015258789
900.691,82.2387771606445,38.9000015258789
900.918,82.2387771606445,38.9000015258789
901.146,79.0478897094727,38.9000015258789
901.373,79.0674667358398,38.9000015258789
901.6,82.2192001342773,38.9000015258789
901.827,79.0478897094727,38.9000015258789
902.054,82.2387771606445,38.9000015258789
902.282,79.0283126831055,38.9000015258789
902.51,79.0478897094727,62.9000015258789
902.737,126.852478027344,62.9000015258789
902.964,129.064575195312,62.9000015258789
903.191,126.872055053711,62.9000015258789
903.418,130.043365478516,62.9000015258789
903.644,126.852478027344,62.9000015258789
903.871,126.872055053711,62.9000015258789
904.098,130.043365478516,62.9000015258789
904.325,126.77417755127,62.9000015258789
904.552,129.965057373047,62.9000015258789
904.779,126.872055053711,62.9000015258789
905.006,127.69425201416,62.9000015258789
905.233,126.813331604004,62.9000015258789
905.46,128.692626953125,62.9000015258789
905.687,126.793754577637,62.9000015258789
905.914,129.984634399414,62.9000015258789
906.141,128.320678710938,62.9000015258789
906.368,129.084136962891,62.9000015258789
906.594,126.852478027344,62.9000015258789
906.822,126.832901000977,62.9000015258789
907.049,126.77417755127,62.9000015258789
907.276,128.027038574219,62.9000015258789
907.503,126.832901000977,62.9000015258789
907.731,129.005844116211,62.9000015258789
907.958,128.066192626953,62.9000015258789
908.185,126.852478027344,62.9000015258789
908.411,130.004211425781,62.9000015258789
908.637,129.984634399414,62.9000015258789
908.864,130.043365478516,62.9000015258789
909.091,126.872055053711,49.2000007629395
909.319,102.774002075195,49.2000007629395
909.546,102.774002075195,49.2000007629395
909.772,99.5243835449219,49.2000007629395
909.999,99.5635375976562,49.2000007629395
910.227,102.774002075195,49.2000007629395
910.453,102.774002075195,49.2000007629395
910.68,102.774002075195,49.2000007629395
910.907,99.5831146240234,49.2000007629395
911.133,102.774002075195,49.2000007629395
911.36,102.774002075195,49.2000007629395
911.587,99.5439605712891,49.2000007629395
911.814,102.734848022461,49.2000007629395
912.041,99.6026916503906,49.2000007629395
912.268,102.774002075195,49.2000007629395
912.495,99.5635375976562,49.2000007629395
912.722,102.774002075195,49.2000007629395
912.949,99.6222610473633,49.2000007629395
913.176,102.774002075195,49.2000007629395
913.404,99.6418380737305,49.2000007629395
913.631,99.6809921264648,49.2000007629395
913.857,102.774002075195,49.2000007629395
914.085,102.774002075195,49.2000007629395
914.311,102.774002075195,49.2000007629395
914.537,102.774002075195,49.2000007629395
914.764,102.774002075195,49.2000007629395
914.992,99.6026916503906,49.2000007629395
915.219,99.6026916503906,76.6999969482422
915.445,156.294784545898,76.6999969482422
915.672,154.298034667969,76.6999969482422
915.898,154.278457641602,76.6999969482422
916.125,154.298034667969,76.6999969482422
916.352,154.298034667969,74.3000030517578
916.579,149.560638427734,74.3000030517578
916.806,150.598175048828,74.3000030517578
917.034,149.580215454102,74.3000030517578
917.261,149.580215454102,74.3000030517578
917.488,150.813507080078,74.3000030517578
917.715,149.599792480469,74.3000030517578
917.941,152.320861816406,74.3000030517578
918.168,150.891815185547,92.0999984741211
918.394,184.817016601562,92.0999984741211
918.621,184.797439575195,92.0999984741211
918.848,184.83659362793,92.0999984741211
919.075,184.797439575195,92.0999984741211
919.301,184.817016601562,92.0999984741211
919.528,184.817016601562,92.0999984741211
919.755,184.817016601562,92.0999984741211
919.983,184.83659362793,92.0999984741211
920.21,184.83659362793,92.0999984741211
920.436,184.856170654297,92.0999984741211
920.663,184.817016601562,92.0999984741211
920.89,184.856170654297,92.0999984741211
921.116,184.817016601562,92.0999984741211
921.344,184.817016601562,92.0999984741211
921.57,184.83659362793,92.0999984741211
921.797,184.856170654297,92.0999984741211
922.025,184.83659362793,92.0999984741211
922.251,184.83659362793,92.0999984741211
922.478,184.83659362793,92.0999984741211
922.705,184.797439575195,92.0999984741211
922.932,184.875747680664,92.0999984741211
923.159,184.817016601562,92.0999984741211
923.387,184.797439575195,92.0999984741211
923.614,163.361724853516,80.9000015258789
923.84,162.656982421875,80.9000015258789
924.067,162.676559448242,80.9000015258789
924.295,163.126815795898,80.9000015258789
924.522,163.440017700195,80.9000015258789
924.748,162.617828369141,80.9000015258789
924.975,162.637405395508,80.9000015258789
925.203,162.891891479492,80.9000015258789
925.43,162.676559448242,80.9000015258789
925.657,162.676559448242,80.9000015258789
925.884,162.696136474609,80.9000015258789
926.111,162.656982421875,80.9000015258789
926.337,163.714080810547,80.9000015258789
926.564,162.656982421875,80.9000015258789
926.791,162.656982421875,53.4000015258789
927.017,111.172103881836,53.4000015258789
927.243,111.21125793457,53.4000015258789
927.471,111.172103881836,53.4000015258789
927.698,111.113372802734,53.4000015258789
927.925,107.981216430664,53.4000015258789
928.152,111.191680908203,53.4000015258789
928.378,108.000793457031,53.4000015258789
928.605,107.981216430664,53.4000015258789
928.831,111.152526855469,53.4000015258789
929.058,111.152526855469,23.8999996185303
929.284,51.6023368835449,23.8999996185303
929.511,50.2907447814941,23.8999996185303
929.739,52.4441032409668,23.8999996185303
929.966,52.463680267334,23.8999996185303
930.193,49.9775276184082,23.8999996185303
930.421,52.4441032409668,23.8999996185303
930.648,52.4441032409668,5.90000009536743
930.875,16.717903137207,5.90000009536743
931.102,16.717903137207,5.90000009536743
931.33,16.717903137207,5.90000009536743
931.557,16.0327434539795,15.6000003814697
931.783,35.9806861877441,15.6000003814697
932.009,35.9611129760742,15.6000003814697
932.236,35.941535949707,15.6000003814697
932.463,35.2955284118652,15.6000003814697
932.69,35.941535949707,34.7000007629395
932.917,70.7280883789062,34.7000007629395
933.145,73.9581298828125,34.7000007629395
933.372,73.8993988037109,34.7000007629395
933.599,70.7868194580078,34.7000007629395
933.826,73.9581298828125,34.7000007629395
934.054,70.865119934082,34.7000007629395
934.282,70.7868194580078,34.7000007629395
934.509,70.7476654052734,34.7000007629395
934.735,73.9189758300781,34.7000007629395
934.962,73.9189758300781,34.7000007629395
935.189,70.7672424316406,34.7000007629395
935.416,73.9189758300781,34.7000007629395
935.642,71.237060546875,34.7000007629395
935.869,70.7476654052734,34.7000007629395
936.096,73.9777069091797,34.7000007629395
936.323,70.7672424316406,34.7000007629395
936.55,73.9189758300781,34.7000007629395
936.777,70.7476654052734,34.7000007629395
937.004,73.9581298828125,34.7000007629395
937.231,70.7476654052734,34.7000007629395
937.458,73.9777069091797,34.7000007629395
937.685,70.7476654052734,34.7000007629395
937.912,73.9581298828125,34.7000007629395
938.139,70.7868194580078,34.7000007629395
938.366,73.9777069091797,34.7000007629395
938.593,70.7476654052734,34.7000007629395
938.82,73.9189758300781,34.7000007629395
939.046,71.1391830444336,34.7000007629395
939.273,70.7672424316406,34.7000007629395
939.501,73.9972839355469,34.7000007629395
939.729,73.9581298828125,34.7000007629395
939.956,73.9972839355469,18.3999996185303
940.183,40.1895294189453,18.3999996185303
940.41,41.5598487854004,18.3999996185303
940.637,40.1895294189453,18.3999996185303
940.864,41.5598487854004,18.3999996185303
941.091,39.4456405639648,92
941.319,184.660415649414,92
941.546,184.640838623047,92
941.773,184.660415649414,92
942.001,184.679977416992,92
942.228,184.719131469727,92
942.455,184.660415649414,61.2000007629395
942.682,126.637145996094,61.2000007629395
942.908,123.465835571289,61.2000007629395
943.135,123.407104492188,61.2000007629395
943.363,126.323928833008,61.2000007629395
943.59,126.245620727539,54.9000015258789
943.817,110.898040771484,54.9000015258789
944.044,114.147659301758,54.9000015258789
944.27,110.898040771484,54.9000015258789
944.498,110.898040771484,54.9000015258789
944.725,110.956771850586,54.9000015258789
944.951,114.16722869873,54.9000015258789
945.178,114.108505249023,54.9000015258789
945.406,110.956771850586,54.9000015258789
945.634,110.956771850586,54.9000015258789
945.861,110.937194824219,54.9000015258789
946.088,114.128082275391,54.9000015258789
946.315,110.917617797852,54.9000015258789
946.541,114.049774169922,54.9000015258789
946.768,114.069351196289,54.9000015258789
946.995,110.956771850586,54.9000015258789
947.222,114.16722869873,54.9000015258789
947.449,110.937194824219,54.9000015258789
947.677,114.108505249023,54.9000015258789
947.903,114.069351196289,54.9000015258789
948.13,114.069351196289,54.9000015258789
948.356,110.917617797852,54.9000015258789
948.582,110.976341247559,54.9000015258789
948.808,110.937194824219,54.9000015258789
949.036,110.937194824219,54.9000015258789
949.263,110.878463745117,54.9000015258789
949.491,113.540802001953,54.9000015258789
949.718,114.088928222656,54.9000015258789
949.944,110.976341247559,54.9000015258789
950.171,110.976341247559,54.9000015258789
950.398,113.579956054688,54.9000015258789
950.625,169.763076782227,84.5
950.852,170.330780029297,84.5
951.079,169.782653808594,84.5
951.306,169.821807861328,84.5
951.533,169.821807861328,84.5
951.76,169.997985839844,84.5
951.987,169.802230834961,84.5
952.213,170.937637329102,84.5
952.439,170.330780029297,84.5
952.666,169.743499755859,84.5
952.893,169.743499755859,84.5
953.119,170.115447998047,69.1999969482422
953.346,140.125015258789,69.1999969482422
953.573,139.34196472168,82.3000030517578
953.8,166.141510009766,82.3000030517578
954.027,165.456359863281,82.3000030517578
954.254,165.475921630859,82.3000030517578
954.481,165.554229736328,82.3000030517578
954.708,165.495498657227,82.3000030517578
954.935,165.515075683594,16
955.162,36.7441520690918,16
955.389,36.4309349060059,16
955.616,36.7441520690918,16
955.843,35.3934097290039,16
956.07,36.7441520690918,16
956.297,34.7278251647949,16
956.524,36.763729095459,19.2000007629395
956.751,41.6968803405762,19.2000007629395
956.977,43.0867767333984,19.2000007629395
957.204,43.1455039978027,19.2000007629395
957.431,41.9709434509277,19.2000007629395
957.658,43.1259269714355,19.2000007629395
957.885,41.2662086486816,19.2000007629395
958.112,43.1259269714355,19.2000007629395
958.339,40.8746871948242,19.2000007629395
958.565,43.0671997070312,19.2000007629395
958.792,43.1455039978027,19.2000007629395
959.019,42.2450065612793,19.2000007629395
959.246,43.1063537597656,19.2000007629395
959.474,42.2450065612793,19.2000007629395
959.701,41.2662086486816,19.2000007629395
959.928,43.1259269714355,19.2000007629395
960.154,42.6365280151367,19.2000007629395
960.381,42.2254333496094,19.2000007629395
960.608,43.1259269714355,19.2000007629395
960.836,41.5989990234375,19.2000007629395
961.063,42.3233108520508,19.2000007629395
961.29,43.1259269714355,19.2000007629395
961.517,41.5989990234375,19.2000007629395
961.744,43.0867767333984,19.2000007629395
961.971,41.4619674682617,19.2000007629395
962.198,43.1063537597656,19.2000007629395
962.425,41.2466316223145,19.2000007629395
962.653,43.1650810241699,19.2000007629395
962.88,43.0671997070312,19.2000007629395
963.108,42.0100975036621,19.2000007629395
963.335,40.9921455383301,19.2000007629395
963.562,43.1259269714355,19.2000007629395
963.789,42.3820419311523,19.2000007629395
964.016,43.1063537597656,19.2000007629395
964.243,40.9138412475586,19.2000007629395
964.47,43.1455039978027,19.2000007629395
964.698,41.9709434509277,19.2000007629395
964.925,41.9905204772949,19.2000007629395
965.152,43.1259269714355,19.2000007629395
965.38,40.0133438110352,19.2000007629395
965.607,42.3233108520508,19.2000007629395
965.834,43.1650810241699,19.2000007629395
966.061,42.0100975036621,19.2000007629395
966.288,43.0867767333984,19.2000007629395
966.515,41.8730659484863,19.2000007629395
966.743,43.1259269714355,19.2000007629395
966.97,43.1063537597656,19.2000007629395
967.197,41.3053588867188,19.2000007629395
967.424,43.1455039978027,19.2000007629395
967.65,42.6365280151367,19.2000007629395
967.876,42.7148323059082,29.2000007629395
968.103,61.0966949462891,29.2000007629395
968.33,63.0151443481445,29.2000007629395
968.557,59.8046798706055,29.2000007629395
968.784,63.0151443481445,29.2000007629395
969.011,60.1178970336914,29.2000007629395
969.238,63.0347213745117,29.2000007629395
969.465,59.8634071350098,29.2000007629395
969.692,63.0151443481445,29.2000007629395
969.92,59.8634071350098,29.2000007629395
970.147,59.8046798706055,29.2000007629395
970.373,63.0542945861816,29.2000007629395
970.6,63.0347213745117,29.2000007629395
970.828,59.8242568969727,29.2000007629395
971.055,59.8634071350098,29.2000007629395
971.282,63.0347213745117,29.2000007629395
971.509,60.4115371704102,29.2000007629395
971.736,63.0347213745117,29.2000007629395
971.963,61.4686393737793,29.2000007629395
972.19,63.0347213745117,29.2000007629395
972.418,60.4311103820801,29.2000007629395
972.645,61.1162719726562,29.2000007629395
972.871,62.936840057373,29.2000007629395
973.098,63.0347213745117,29.2000007629395
973.325,60.4115371704102,29.2000007629395
973.551,63.0151443481445,29.2000007629395
973.777,63.0347213745117,29.2000007629395
974.003,63.0151443481445,29.2000007629395
974.231,63.0347213745117,29.2000007629395
974.459,63.0151443481445,29.2000007629395
974.687,62.9759902954102,29.2000007629395
974.914,63.0347213745117,29.2000007629395
975.596,59.8438339233398,29.2000007629395
975.823,60.1178970336914,29.2000007629395
976.05,63.0347213745117,29.2000007629395
976.277,59.8438339233398,29.2000007629395
976.504,63.0151443481445,29.2000007629395
976.73,61.0771217346191,81.5
976.957,163.811965942383,81.5
977.184,163.753234863281,81.5
977.411,163.733657836914,81.5
977.638,163.753234863281,81.5
977.865,163.772811889648,81.5
978.092,163.714080810547,81.5
978.319,163.753234863281,81.5
978.545,164.790771484375,81.5
978.773,163.811965942383,81.5
979,164.418823242188,81.5
979.227,163.733657836914,81.5
979.454,164.790771484375,81.5
979.681,163.733657836914,81.5
979.907,164.673309326172,81.5
980.135,163.753234863281,81.5
980.361,165.064834594727,81.5
980.587,165.417205810547,9.39999961853027
980.814,23.6282329559326,9.39999961853027
981.042,23.1975593566895,9.39999961853027
981.27,23.6478080749512,9.39999961853027
981.497,22.4536724090576,39.5999984741211
981.724,83.6286697387695,39.5999984741211
981.951,80.4377822875977,39.5999984741211
982.178,83.6286697387695,39.5999984741211
982.404,80.8684539794922,39.5999984741211
982.631,80.4573593139648,39.5999984741211
982.858,83.6286697387695,39.5999984741211
983.086,80.4377822875977,39.5999984741211
983.313,80.476936340332,39.5999984741211
983.539,83.6482467651367,39.5999984741211
983.766,83.6090927124023,39.5999984741211
983.993,80.3986358642578,39.5999984741211
984.22,83.6090927124023,39.5999984741211
984.447,80.4573593139648,39.5999984741211
984.675,83.6286697387695,39.5999984741211
984.902,83.6090927124023,39.5999984741211
985.129,80.5160903930664,39.5999984741211
985.356,83.6286697387695,39.5999984741211
985.583,80.4377822875977,39.5999984741211
985.811,83.6286697387695,39.5999984741211
986.038,83.6678237915039,39.5999984741211
986.265,80.4573593139648,39.5999984741211
986.493,83.6286697387695,39.5999984741211
986.72,83.6090927124023,39.5999984741211
986.947,80.4573593139648,39.5999984741211
987.174,83.6286697387695,39.5999984741211
987.401,80.4573593139648,39.5999984741211
987.628,83.6090927124023,39.5999984741211
987.854,80.6139678955078,39.5999984741211
988.08,80.4182052612305,39.5999984741211
988.307,80.4182052612305,39.5999984741211
988.534,83.6482467651367,39.5999984741211
988.761,80.3986358642578,39.5999984741211
988.987,83.6286697387695,70.1999969482422
989.214,143.178863525391,70.1999969482422
989.441,141.319137573242,70.1999969482422
989.668,142.963531494141,92.1999969482422
989.895,185.071502685547,92.1999969482422
990.122,185.05192565918,92.1999969482422
990.349,185.071502685547,92.1999969482422
990.575,185.071502685547,92.1999969482422
990.802,185.05192565918,92.1999969482422
991.029,185.071502685547,92.1999969482422
991.256,185.071502685547,92.1999969482422
991.482,185.091079711914,92.1999969482422
991.71,185.208541870117,92.1999969482422
991.937,185.05192565918,92.1999969482422
992.164,185.012771606445,92.1999969482422
992.392,185.032348632812,92.1999969482422
992.619,185.032348632812,92.1999969482422
992.846,185.071502685547,92.1999969482422
993.073,185.091079711914,92.1999969482422
993.299,185.071502685547,92.1999969482422
993.526,185.05192565918,92.1999969482422
993.753,185.05192565918,92.1999969482422
993.98,185.05192565918,92.1999969482422
994.207,185.05192565918,48.2999992370605
994.435,101.051315307617,48.2999992370605
994.662,100.992584228516,48.2999992370605
994.889,97.7429656982422,48.2999992370605
995.116,101.03173828125,48.2999992370605
995.343,97.7625427246094,48.2999992370605
995.569,101.07088470459,48.2999992370605
995.795,101.012161254883,48.2999992370605
996.022,101.051315307617,48.2999992370605
996.25,97.8016967773438,47.2000007629395
996.477,95.6091842651367,47.2000007629395
996.704,98.8588027954102,47.2000007629395
996.932,95.6287612915039,47.2000007629395
997.159,95.5504531860352,47.2000007629395
997.386,76.8553771972656,8.5
997.612,21.9251194000244,8.5
997.839,21.5923271179199,8.5
998.065,21.9251194000244,8.5
998.292,21.9251194000244,8.5
998.519,21.6314792633057,8.5
998.745,21.9251194000244,8.5
998.971,21.9251194000244,8.5
999.198,21.9251194000244,8.5
999.425,21.9055442810059,8.5
999.652,21.9251194000244,8.5
999.88,21.2791118621826,8.5
1000.107,21.6902084350586,8.5
1000.334,21.9251194000244,8.5
1000.561,21.6314792633057,8.5
1000.788,21.9251194000244,8.5
1001.015,21.2595367431641,8.5
1001.241,21.9251194000244,8.5
1001.467,21.9251194000244,8.5
1001.694,21.9251194000244,8.5
1001.921,21.9055442810059,8.5
1002.148,21.9251194000244,8.5
1002.375,21.5531768798828,8.5
1002.602,21.9446964263916,8.5
1002.829,21.9251194000244,8.5
1003.056,21.9446964263916,8.5
1003.283,21.9251194000244,8.5
1003.511,21.9251194000244,8.5
1003.739,21.9055442810059,8.5
1003.965,21.9251194000244,8.5
1004.193,21.9251194000244,8.5
1004.42,21.9251194000244,8.5
1004.647,21.6314792633057,8.5
1004.874,21.9251194000244,8.5
1005.101,21.6706314086914,8.5
1005.329,21.9446964263916,8.5
1005.556,21.9446964263916,8.5
1005.783,21.9055442810059,8.5
1006.01,21.9251194000244,8.5
1006.238,21.9055442810059,8.5
1006.465,21.5923271179199,8.5
1006.692,21.9251194000244,8.5
1006.92,21.9251194000244,8.5
1007.147,21.6314792633057,8.5
1007.375,21.9055442810059,85.0999984741211
1007.602,170.976791381836,85.0999984741211
1007.83,170.976791381836,85.0999984741211
1008.058,170.87890625,85.0999984741211
1008.285,170.937637329102,85.0999984741211
1008.512,170.918060302734,85.0999984741211
1008.739,170.937637329102,85.0999984741211
1008.965,171.779403686523,85.0999984741211
1009.192,170.918060302734,85.0999984741211
1009.418,170.996353149414,85.0999984741211
1009.645,170.918060302734,85.0999984741211
1009.872,170.918060302734,85.0999984741211
1010.099,170.918060302734,85.0999984741211
1010.325,172.229644775391,85.0999984741211
1010.552,171.152969360352,85.0999984741211
1010.779,170.957214355469,85.0999984741211
1011.006,170.957214355469,85.0999984741211
1011.233,170.918060302734,85.0999984741211
1011.459,171.44660949707,85.0999984741211
1011.686,170.957214355469,85.0999984741211
1011.913,170.976791381836,92
1012.14,184.660415649414,92
1012.367,184.699554443359,92
1012.595,184.660415649414,92
1012.822,184.660415649414,92
1013.049,184.640838623047,92
1013.276,184.660415649414,38.5999984741211
1013.502,79.1457672119141,38.5999984741211
1013.73,78.4606094360352,75.4000015258789
1013.957,151.772735595703,75.4000015258789
1014.183,153.926086425781,75.4000015258789
1014.41,152.947280883789,75.4000015258789
1014.637,151.733581542969,75.4000015258789
1014.864,152.262130737305,75.4000015258789
1015.091,151.733581542969,75.4000015258789
1015.318,152.281707763672,75.4000015258789
1015.545,151.674850463867,75.4000015258789
1015.772,152.301284790039,75.4000015258789
1015.999,151.772735595703,75.4000015258789
1016.226,153.338806152344,75.4000015258789
1016.454,151.772735595703,75.4000015258789
1016.681,151.772735595703,75.4000015258789
1016.908,152.594924926758,75.4000015258789
1017.135,151.753158569336,75.4000015258789
1017.361,153.86735534668,75.4000015258789
1017.588,151.909759521484,75.4000015258789
1017.815,151.753158569336,75.4000015258789
1018.042,152.868988037109,75.4000015258789
1018.269,151.714004516602,75.4000015258789
1018.496,153.260498046875,75.4000015258789
1018.723,151.772735595703,75.4000015258789
1018.95,152.908142089844,75.4000015258789
1019.177,151.714004516602,75.4000015258789
1019.404,152.340438842773,75.4000015258789
1019.63,151.733581542969,75.4000015258789
1019.857,151.851028442383,75.4000015258789
1020.084,151.714004516602,75.4000015258789
1020.311,151.753158569336,75.4000015258789
1020.538,152.281707763672,75.4000015258789
1020.765,151.714004516602,75.4000015258789
1020.992,151.714004516602,75.4000015258789
1021.219,151.733581542969,75.4000015258789
1021.445,153.710754394531,33.2999992370605
1021.672,71.1196060180664,33.2999992370605
1021.898,69.7297134399414,33.2999992370605
1022.125,67.9091415405273,33.2999992370605
1022.352,71.178337097168,39.5999984741211
1022.579,80.8880310058594,39.5999984741211
1022.806,83.7265548706055,39.5999984741211
1023.033,80.4573593139648,39.5999984741211
1023.26,83.7657012939453,39.5999984741211
1023.486,80.4377822875977,39.5999984741211
1023.713,80.3986358642578,39.5999984741211
1023.94,83.7265548706055,39.5999984741211
1024.168,55.5371131896973,16.2999992370605
1024.394,37.429313659668,16.2999992370605
1024.621,36.9986419677734,16.2999992370605
1024.849,37.3510093688965,16.2999992370605
1025.076,37.3901596069336,16.2999992370605
1025.303,35.5304412841797,16.2999992370605
1025.53,37.4097366333008,16.2999992370605
1025.757,36.1960258483887,16.2999992370605
1025.984,37.4097366333008,16.2999992370605
1026.21,37.3705825805664,16.2999992370605
1026.437,35.9806861877441,16.2999992370605
1026.664,88.268180847168,41.9000015258789
1026.89,84.9794158935547,41.9000015258789
1027.117,84.9989929199219,41.9000015258789
1027.344,88.268180847168,41.9000015258789
1027.571,85.0185699462891,41.9000015258789
1027.798,88.2486114501953,41.9000015258789
1028.024,84.9989929199219,41.9000015258789
1028.25,85.0185699462891,41.9000015258789
1028.477,84.9989929199219,41.9000015258789
1028.704,88.2486114501953,41.9000015258789
1028.931,84.9598388671875,41.9000015258789
1029.158,88.268180847168,41.9000015258789
1029.384,85.0381469726562,41.9000015258789
1029.611,84.9989929199219,41.9000015258789
1029.837,88.268180847168,41.9000015258789
1030.064,88.2486114501953,41.9000015258789
1030.29,84.9598388671875,41.9000015258789
1030.517,85.0185699462891,41.9000015258789
1030.743,88.268180847168,41.9000015258789
1030.97,88.268180847168,41.9000015258789
1031.196,85.6645736694336,41.9000015258789
1031.423,84.9989929199219,41.9000015258789
1031.649,88.268180847168,41.9000015258789
1031.877,88.2486114501953,41.9000015258789
1032.103,88.268180847168,41.9000015258789
1032.331,88.2486114501953,41.9000015258789
1032.558,88.2486114501953,41.9000015258789
1032.784,84.9794158935547,41.9000015258789
1033.011,84.9794158935547,41.9000015258789
1033.238,88.2486114501953,41.9000015258789
1033.464,85.0381469726562,41.9000015258789
1033.691,85.0381469726562,41.9000015258789
1033.918,88.2486114501953,41.9000015258789
1034.144,85.0577239990234,41.9000015258789
1034.371,84.9794158935547,41.9000015258789
1034.598,88.2486114501953,41.9000015258789
1034.825,84.9598388671875,41.9000015258789
1035.052,88.268180847168,41.9000015258789
1035.279,84.9402618408203,41.9000015258789
1035.507,87.896240234375,41.9000015258789
1035.735,88.2486114501953,41.9000015258789
1035.962,88.2486114501953,41.9000015258789
1036.188,84.9402618408203,41.9000015258789
1036.415,84.9794158935547,72.3000030517578
1036.641,147.681350708008,72.3000030517578
1036.867,147.994567871094,72.3000030517578
1037.094,146.232727050781,72.3000030517578
1037.321,145.527984619141,72.3000030517578
1037.548,145.567138671875,72.3000030517578
1037.775,145.547561645508,72.3000030517578
1038.002,147.289825439453,72.3000030517578
1038.228,145.527984619141,72.3000030517578
1038.456,145.547561645508,27.7000007629395
1038.683,58.0624160766602,27.7000007629395
1038.91,60.0395927429199,27.7000007629395
1039.137,57.7296257019043,27.7000007629395
1039.364,60.0200157165527,27.7000007629395
1039.591,58.395206451416,27.7000007629395
1039.817,60.0200157165527,27.7000007629395
1040.044,60.0395927429199,27.7000007629395
1040.271,56.9857368469238,27.7000007629395
1040.498,60.0395927429199,27.7000007629395
1040.725,57.9841117858887,27.7000007629395
1040.951,60.0395927429199,27.7000007629395
1041.178,60.0395927429199,27.7000007629395
1041.406,58.0036888122559,27.7000007629395
1041.633,56.7899780273438,27.7000007629395
1041.86,60.0395927429199,27.7000007629395
1042.086,58.4343605041504,27.7000007629395
1042.313,58.0036888122559,27.7000007629395
1042.54,60.0395927429199,68.9000015258789
1042.767,138.793838500977,68.9000015258789
1042.994,141.319137573242,68.9000015258789
1043.221,138.832992553711,68.9000015258789
1043.449,140.790588378906,68.9000015258789
1043.675,141.808547973633,68.9000015258789
1043.902,140.203308105469,68.9000015258789
1044.129,138.832992553711,68.9000015258789
1044.355,141.671508789062,68.9000015258789
1044.582,141.084228515625,68.9000015258789
1044.809,138.832992553711,68.9000015258789
1045.035,142.121765136719,68.9000015258789
1045.262,141.338714599609,68.9000015258789
1045.488,138.793838500977,68.9000015258789
1045.715,138.793838500977,68.9000015258789
1045.943,139.244094848633,68.9000015258789
1046.17,139.518157958984,68.9000015258789
1046.398,138.793838500977,68.9000015258789
1046.625,138.813415527344,68.9000015258789
1046.853,141.025497436523,68.9000015258789
1047.079,141.730239868164,68.9000015258789
1047.306,140.379501342773,68.9000015258789
1047.533,138.813415527344,68.9000015258789
1047.76,140.966781616211,68.9000015258789
1047.986,138.813415527344,68.9000015258789
1048.213,138.852569580078,68.9000015258789
1048.439,141.69108581543,68.9000015258789
1048.666,141.064651489258,68.9000015258789
1048.893,138.813415527344,68.9000015258789
1049.12,140.418655395508,68.9000015258789
1049.346,138.813415527344,68.9000015258789
1049.573,138.832992553711,68.9000015258789
1049.8,139.850936889648,46.5
1050.027,94.2192916870117,46.5
1050.255,97.3710250854492,46.5
1050.481,97.4101791381836,46.5
1050.708,97.4101791381836,46.5
1050.936,94.1605606079102,46.5
1051.164,94.2192916870117,46.5
1051.391,144.862396240234,97.5
1051.618,195.525085449219,97.5
1051.845,195.544662475586,97.5
1052.072,195.564239501953,97.5
1052.298,195.58381652832,97.5
1052.525,195.564239501953,97.5
1052.752,195.564239501953,97.5
1052.979,195.58381652832,97.5
1053.206,195.505508422852,97.5
1053.432,195.525085449219,97.5
1053.659,195.544662475586,97.5
1053.886,195.544662475586,97.5
1054.113,195.505508422852,97.5
1054.34,195.525085449219,97.5
1054.568,195.505508422852,97.5
1054.795,195.525085449219,97.5
1055.022,195.505508422852,97.5
1055.249,195.505508422852,97.5
1055.476,195.525085449219,97.5
1055.702,195.564239501953,97.5
1055.928,195.525085449219,97.5
1056.156,195.485931396484,97.5
1056.383,195.544662475586,97.5
1056.609,195.525085449219,97.5
1056.836,195.564239501953,97.5
1057.063,195.564239501953,97.5
1057.289,195.58381652832,97.5
1057.515,195.525085449219,97.5
1057.742,195.564239501953,97.5
1057.97,195.58381652832,97.5
1058.197,195.58381652832,97.5
1058.423,195.544662475586,97.5
1058.651,195.544662475586,97.5
1058.877,195.544662475586,97.5
1059.104,195.505508422852,97.5
1059.33,195.544662475586,97.5
1059.558,195.544662475586,97.5
1059.785,195.544662475586,97.5
1060.012,195.544662475586,97.5
1060.238,195.564239501953,97.5
1060.465,195.564239501953,97.5
1060.692,195.544662475586,97.5
1060.918,195.525085449219,97.5
1061.145,195.544662475586,97.5
1061.371,195.525085449219,57.0999984741211
1061.597,118.532676696777,57.0999984741211
1061.824,118.454376220703,57.0999984741211
1062.051,115.263488769531,57.0999984741211
1062.278,118.47395324707,57.0999984741211
1062.505,115.263488769531,57.0999984741211
1062.732,118.552253723145,79.1999969482422
1062.958,159.231185913086,79.1999969482422
1063.185,159.231185913086,79.1999969482422
1063.412,159.211608886719,77.5
1063.638,155.78581237793,77.5
1063.865,155.805389404297,77.5
1064.092,155.824966430664,77.5
1064.319,155.883682250977,77.5
1064.546,156.588424682617,77.5
1064.773,155.824966430664,77.5
1065,155.883682250977,77.5
1065.226,155.844543457031,77.5
1065.452,155.824966430664,77.5
1065.68,155.824966430664,77.5
1065.906,155.844543457031,77.5
1066.132,155.824966430664,77.5
1066.358,155.824966430664,77.5
1066.585,155.844543457031,77.5
1066.812,156.549270629883,77.5
1067.039,155.844543457031,77.5
1067.266,157.528076171875,77.5
1067.493,155.844543457031,77.5
1067.719,157.254013061523,77.5
1067.946,155.922836303711,77.5
1068.172,155.805389404297,77.5
1068.399,155.805389404297,77.5
1068.626,156.745025634766,77.5
1068.853,155.844543457031,77.5
1069.08,155.981567382812,77.5
1069.307,155.766235351562,77.5
1069.534,155.824966430664,77.5
1069.761,155.824966430664,77.5
1069.988,156.079452514648,77.5
1070.215,155.805389404297,77.5
1070.441,157.821716308594,77.5
1070.668,156.353515625,77.5
1070.894,155.78581237793,77.5
1071.12,155.824966430664,77.5
1071.347,155.805389404297,77.5
1071.574,157.195281982422,77.5
1071.801,155.78581237793,61.0999984741211
1072.029,126.402229309082,61.0999984741211
1072.256,125.756225585938,61.0999984741211
1072.483,123.250495910645,61.0999984741211
1072.709,126.500114440918,61.0999984741211
1072.936,125.893257141113,46.5
1073.163,94.140983581543,46.5
1073.39,97.4884796142578,46.5
1073.618,94.1801376342773,46.5
1073.844,94.1801376342773,46.5
1074.07,94.1801376342773,46.5
1074.297,94.1214065551758,46.5
1074.524,97.5276336669922,46.5
1074.75,94.1801376342773,46.5
1074.977,94.140983581543,46.5
1075.204,97.4297485351562,46.5
1075.431,94.1605606079102,46.5
1075.658,97.5276336669922,46.5
1075.885,94.1605606079102,46.5
1076.111,97.4493255615234,46.5
1076.337,97.508056640625,46.5
1076.564,97.4493255615234,46.5
1076.79,94.1997146606445,46.5
1077.017,94.1605606079102,46.5
1077.243,97.4884796142578,46.5
1077.469,97.4884796142578,46.5
1077.696,97.4689025878906,46.5
1077.923,94.1605606079102,46.5
1078.15,97.4884796142578,46.5
1078.377,94.1605606079102,46.5
1078.604,97.4884796142578,46.5
1078.831,94.1605606079102,46.5
1079.057,109.821357727051,75.4000015258789
1079.285,153.084320068359,75.4000015258789
1079.512,152.379577636719,75.4000015258789
1079.739,151.733581542969,75.4000015258789
1079.966,96.1964645385742,19.7000007629395
1080.193,43.2433853149414,19.7000007629395
1080.419,44.1438789367676,19.7000007629395
1080.646,44.1438789367676,19.7000007629395
1080.873,42.2450065612793,19.7000007629395
1081.1,44.1438789367676,19.7000007629395
1081.327,42.6365280151367,19.7000007629395
1081.553,44.1438789367676,19.7000007629395
1081.78,44.1438789367676,19.7000007629395
1082.007,41.2270545959473,19.7000007629395
1082.234,44.1438789367676,19.7000007629395
1082.46,43.6544799804688,19.7000007629395
1082.687,40.9921455383301,19.7000007629395
1082.914,44.1438789367676,19.7000007629395
1083.14,44.0460014343262,19.7000007629395
1083.367,41.6185760498047,19.7000007629395
1083.594,44.1243057250977,19.7000007629395
1083.821,41.3836631774902,19.7000007629395
1084.048,44.1438789367676,19.7000007629395
1084.275,42.6169509887695,19.7000007629395
1084.503,44.1438789367676,43
1084.73,90.4411239624023,43
1084.957,87.1523513793945,43
1085.184,90.4411239624023,43
1085.411,87.1719284057617,43
1085.638,90.4411239624023,43
1085.864,87.1719284057617,49
1086.091,99.2111663818359,49
1086.318,102.480361938477,49
1086.545,99.2307434082031,49
1086.772,101.325378417969,49
1086.999,99.1915893554688,49
1087.226,102.441207885742,49
1087.452,99.2111663818359,49
1087.678,99.1524429321289,13.3000001907349
1087.905,30.4602565765381,13.3000001907349
1088.132,31.4782085418701,13.3000001907349
1088.358,31.4586315155029,13.3000001907349
1088.585,31.4586315155029,13.3000001907349
1088.811,31.4194793701172,13.3000001907349
1089.037,31.4390563964844,13.3000001907349
1089.264,31.4586315155029,13.3000001907349
1089.491,31.2041435241699,13.3000001907349
1089.718,31.4782085418701,13.3000001907349
1089.945,30.5385608673096,99.1999969482422
1090.172,195.759994506836,99.1999969482422
1090.399,195.759994506836,99.1999969482422
1090.626,195.759994506836,99.1999969482422
1090.853,195.759994506836,99.1999969482422
1091.08,195.759994506836,99.1999969482422
1091.307,195.759994506836,71.6999969482422
1091.533,146.487213134766,71.6999969482422
1091.76,144.8232421875,71.6999969482422
1091.987,144.333847045898,71.6999969482422
1092.214,145.449676513672,71.6999969482422
1092.442,144.333847045898,71.6999969482422
1092.669,144.314270019531,71.6999969482422
1092.896,145.077743530273,71.6999969482422
1093.123,144.294692993164,71.6999969482422
1093.35,145.527984619141,71.6999969482422
1093.576,144.275115966797,71.6999969482422
1093.802,144.333847045898,71.6999969482422
1094.029,144.314270019531,71.6999969482422
1094.256,146.115264892578,71.6999969482422
1094.483,144.314270019531,71.6999969482422
1094.71,145.469253540039,71.6999969482422
1094.937,144.294692993164,71.6999969482422
1095.164,146.859146118164,71.6999969482422
1095.39,144.314270019531,71.6999969482422
1095.617,144.294692993164,71.6999969482422
1095.844,146.448059082031,71.6999969482422
1096.071,144.25553894043,71.6999969482422
1096.298,145.743316650391,71.6999969482422
1096.525,144.333847045898,71.6999969482422
1096.752,146.350173950195,71.6999969482422
1096.978,144.25553894043,71.6999969482422
1097.204,144.235961914062,71.6999969482422
1097.43,144.25553894043,71.6999969482422
1097.657,144.294692993164,71.6999969482422
1097.883,146.545928955078,71.6999969482422
1098.109,147.622619628906,71.6999969482422
1098.336,144.979858398438,28.1000003814697
1098.562,59.1782493591309,28.1000003814697
1098.789,58.1407203674316,28.1000003814697
1099.016,60.8422088623047,28.1000003814697
1099.242,59.1390953063965,28.1000003814697
1099.468,59.9025611877441,28.1000003814697
1099.695,57.7883529663086,28.1000003814697
1099.922,60.8422088623047,28.1000003814697
1100.149,58.4735107421875,28.1000003814697
1100.375,60.8617858886719,28.1000003814697
1100.602,60.8422088623047,28.1000003814697
1100.829,57.8666572570801,28.1000003814697
1101.056,60.8422088623047,28.1000003814697
1101.282,58.8454551696777,28.1000003814697
1101.509,57.8079299926758,28.1000003814697
1101.735,60.8617858886719,28.1000003814697
1101.962,60.8422088623047,28.1000003814697
1102.189,59.9025611877441,41.5999984741211
1102.416,87.7200546264648,41.5999984741211
1102.644,84.4312896728516,41.5999984741211
1102.871,84.3921356201172,41.5999984741211
1103.098,87.7004776000977,41.5999984741211
1103.324,86.2322769165039,41.5999984741211
1103.551,84.3921356201172,41.5999984741211
1103.779,87.7004776000977,41.5999984741211
1104.007,87.7004776000977,41.5999984741211
1104.235,87.6417541503906,41.5999984741211
1104.462,87.7200546264648,41.5999984741211
1104.688,84.4312896728516,41.5999984741211
1104.915,84.4312896728516,41.5999984741211
1105.141,87.7004776000977,41.5999984741211
1105.368,87.7004776000977,41.5999984741211
1106.956,87.6809005737305,41.5999984741211
1107.183,84.4704437255859,41.5999984741211
1107.41,87.6809005737305,41.5999984741211
1107.637,84.4508666992188,41.5999984741211
1107.864,86.9174423217773,40.7000007629395
1108.091,82.6498718261719,40.7000007629395
1108.318,85.8994903564453,40.7000007629395
1108.544,83.4133377075195,40.7000007629395
1108.772,82.6302947998047,40.7000007629395
1109,82.6107177734375,40.7000007629395
1109.227,82.6498718261719,40.7000007629395
1109.453,122.330421447754,60.4000015258789
1109.681,124.914459228516,60.4000015258789
1109.908,125.090637207031,60.4000015258789
1110.135,121.841026306152,60.4000015258789
1110.362,125.129791259766,60.4000015258789
1110.59,121.841026306152,60.4000015258789
1110.816,121.86060333252,60.4000015258789
1111.043,121.978057861328,60.4000015258789
1111.269,125.129791259766,60.4000015258789
1111.496,116.986175537109,56.2999992370605
1111.723,113.658256530762,56.2999992370605
1111.95,116.986175537109,56.2999992370605
1112.177,113.716987609863,56.2999992370605
1112.403,117.005752563477,56.2999992370605
1112.63,116.986175537109,56.2999992370605
1112.857,113.697410583496,56.2999992370605
1113.084,116.966598510742,56.2999992370605
1113.311,113.736557006836,56.2999992370605
1113.538,116.927452087402,56.2999992370605
1113.765,113.756134033203,56.2999992370605
1113.991,116.986175537109,56.2999992370605
1114.218,116.947021484375,49.9000015258789
1114.444,100.973007202148,49.9000015258789
1114.671,100.992584228516,49.9000015258789
1114.898,104.222625732422,49.9000015258789
1115.124,100.992584228516,49.9000015258789
1115.35,100.953430175781,49.9000015258789
1115.577,100.953430175781,49.9000015258789
1115.805,104.203048706055,49.9000015258789
1116.032,104.222625732422,49.9000015258789
1116.259,101.051315307617,49.9000015258789
1116.486,104.242202758789,49.9000015258789
1116.713,100.933853149414,49.9000015258789
1116.941,104.222625732422,49.9000015258789
1117.167,104.242202758789,49.9000015258789
1117.394,104.242202758789,49.9000015258789
1117.62,100.933853149414,49.9000015258789
1117.846,100.933853149414,49.9000015258789
1118.074,100.933853149414,49.9000015258789
1118.301,100.933853149414,49.9000015258789
1118.527,104.222625732422,49.9000015258789
1118.753,104.203048706055,49.9000015258789
1118.979,104.203048706055,49.9000015258789
1119.206,104.261779785156,49.9000015258789
1119.433,100.973007202148,49.9000015258789
1119.66,104.203048706055,49.9000015258789
1119.887,100.875129699707,49.9000015258789
1120.114,104.222625732422,49.9000015258789
1120.341,100.953430175781,49.9000015258789
1120.567,104.203048706055,49.9000015258789
1120.794,104.222625732422,83.4000015258789
1121.021,167.688018798828,83.4000015258789
1121.248,167.668441772461,83.4000015258789
1121.475,167.668441772461,83.4000015258789
1121.702,167.74674987793,83.4000015258789
1121.928,167.668441772461,83.4000015258789
1122.154,167.707595825195,83.4000015258789
1122.381,167.668441772461,83.4000015258789
1122.607,168.588516235352,83.4000015258789
1122.834,167.727172851562,83.4000015258789
1123.061,167.668441772461,83.4000015258789
1123.288,167.668441772461,83.4000015258789
1123.514,167.648864746094,83.4000015258789
1123.74,167.668441772461,83.4000015258789
1123.966,167.688018798828,83.4000015258789
1124.193,167.648864746094,83.4000015258789
1124.419,168.549362182617,83.4000015258789
1124.646,167.629287719727,83.4000015258789
1124.873,167.727172851562,83.4000015258789
1125.099,168.843002319336,83.4000015258789
1125.326,167.648864746094,83.4000015258789
1125.553,167.648864746094,83.4000015258789
1125.78,168.079528808594,83.4000015258789
1126.007,167.648864746094,83.4000015258789
1126.234,167.922927856445,83.4000015258789
1126.46,167.688018798828,83.4000015258789
1126.688,167.668441772461,83.4000015258789
1126.914,167.688018798828,83.4000015258789
1127.141,167.648864746094,83.4000015258789
1127.367,168.490631103516,83.4000015258789
1127.594,167.668441772461,83.4000015258789
1127.82,167.668441772461,43.2999992370605
1128.046,89.6972351074219,43.2999992370605
1128.272,87.7983627319336,43.2999992370605
1128.499,87.6809005737305,43.2999992370605
1128.726,91.1067047119141,43.2999992370605
1128.953,87.7787857055664,43.2999992370605
1129.18,91.1067047119141,43.2999992370605
1129.407,87.7200546264648,43.2999992370605
1129.634,91.0675506591797,43.2999992370605
1129.861,87.7983627319336,43.2999992370605
1130.088,91.1262817382812,43.2999992370605
1130.314,87.7004776000977,43.2999992370605
1130.541,87.7787857055664,43.2999992370605
1130.768,91.0871276855469,43.2999992370605
1130.996,87.7592086791992,43.2999992370605
1131.223,87.7592086791992,43.2999992370605
1131.449,91.1067047119141,43.2999992370605
1131.675,91.0479736328125,43.2999992370605
1131.902,91.0871276855469,43.2999992370605
1132.13,87.8179397583008,43.2999992370605
1132.357,87.7592086791992,43.2999992370605
1132.584,91.0675506591797,43.2999992370605
1132.81,87.7787857055664,43.2999992370605
1133.037,87.739631652832,43.2999992370605
1133.264,91.1458587646484,43.2999992370605
1133.49,87.7983627319336,43.2999992370605
1133.717,87.739631652832,43.2999992370605
1133.944,91.0675506591797,43.2999992370605
1134.171,87.7592086791992,43.2999992370605
1134.397,91.0871276855469,43.2999992370605
1134.624,91.0871276855469,43.2999992370605
1134.851,87.7983627319336,43.2999992370605
1135.077,91.0871276855469,43.2999992370605
1135.304,91.0871276855469,43.2999992370605
1135.531,87.739631652832,43.2999992370605
1135.758,91.0871276855469,43.2999992370605
1135.984,87.7983627319336,43.2999992370605
1136.21,87.8179397583008,43.2999992370605
1136.437,87.739631652832,43.2999992370605
1136.664,91.0675506591797,43.2999992370605
1136.891,87.7592086791992,43.2999992370605
1137.118,91.0871276855469,43.2999992370605
1137.344,87.739631652832,43.2999992370605
1137.571,87.7983627319336,43.2999992370605
1137.798,91.0283966064453,43.2999992370605
1138.025,87.7787857055664,43.2999992370605
1138.253,106.004043579102,52
1138.48,108.411888122559,52
1138.707,105.162269592285,52
1138.934,108.392311096191,52
1139.16,105.142692565918,52
1139.386,105.142692565918,52
1139.612,105.123123168945,52
1139.839,105.123123168945,52
1140.066,108.431465148926,52
1140.293,105.142692565918,52
1140.521,108.411888122559,52
1140.748,107.746307373047,52
1140.975,105.103546142578,52
1141.202,108.392311096191,52
1141.429,105.142692565918,52
1141.656,108.333587646484,52
1141.883,105.181846618652,52
1142.11,108.47061920166,52
1142.336,105.103546142578,52
1142.562,105.162269592285,52
1142.789,105.123123168945,52
1143.016,108.392311096191,52
1143.242,105.162269592285,52
1143.469,105.142692565918,52
1143.696,108.353157043457,52
1143.924,105.142692565918,52
1144.151,105.142692565918,52
1144.378,108.451042175293,52
1144.605,105.123123168945,52
1144.831,108.451042175293,52
1145.058,108.411888122559,52
1145.284,105.142692565918,52
1145.511,105.103546142578,52
1145.739,108.353157043457,52
1145.966,108.431465148926,52
1146.193,105.142692565918,52
1146.42,108.353157043457,52
1146.646,105.142692565918,52
1146.873,105.20142364502,52
1147.099,108.411888122559,52
1147.326,108.451042175293,52
1147.553,105.123123168945,87.5999984741211
1147.78,175.968658447266,87.5999984741211
1148.006,175.968658447266,87.5999984741211
1148.234,175.949081420898,87.5999984741211
1148.46,175.92951965332,87.5999984741211
1148.687,175.988235473633,87.5999984741211
1148.914,176.516799926758,87.5999984741211
1149.141,175.949081420898,87.5999984741211
1149.367,175.92951965332,87.5999984741211
1149.594,175.949081420898,87.5999984741211
1149.82,175.968658447266,87.5999984741211
1150.046,175.968658447266,87.5999984741211
1150.273,175.92951965332,87.5999984741211
1150.5,175.949081420898,87.5999984741211
1150.727,175.988235473633,87.5999984741211
1150.955,175.968658447266,87.5999984741211
1151.182,175.949081420898,87.5999984741211
1151.408,175.949081420898,87.5999984741211
1151.635,175.988235473633,87.5999984741211
1151.861,175.92951965332,87.5999984741211
1152.088,175.92951965332,87.5999984741211
1152.315,175.968658447266,87.5999984741211
1152.542,175.909942626953,87.5999984741211
1152.769,175.949081420898,87.5999984741211
1152.995,176.14485168457,87.5999984741211
1153.221,175.949081420898,87.5999984741211
1153.448,175.92951965332,87.5999984741211
1153.675,175.909942626953,39.0999984741211
1153.902,82.7477493286133,39.0999984741211
1154.129,79.4785614013672,39.0999984741211
1154.356,82.7086029052734,39.0999984741211
1154.584,79.458984375,39.0999984741211
1154.81,79.458984375,39.0999984741211
1155.037,79.458984375,39.0999984741211
1155.263,82.7869033813477,39.0999984741211
1155.489,82.7673263549805,39.0999984741211
1155.716,82.7281799316406,39.0999984741211
1155.943,79.458984375,39.0999984741211
1156.17,82.7281799316406,39.0999984741211
1156.397,79.4394073486328,39.0999984741211
1156.624,82.7281799316406,39.0999984741211
1156.851,79.4785614013672,39.0999984741211
1157.077,82.7673263549805,39.0999984741211
1157.303,82.7673263549805,39.0999984741211
1157.529,82.7673263549805,39.0999984741211
1157.756,82.7673263549805,39.0999984741211
1157.983,79.5177154541016,39.0999984741211
1158.209,82.7477493286133,39.0999984741211
1158.436,82.7086029052734,39.0999984741211
1158.663,79.4394073486328,39.0999984741211
1158.89,82.7477493286133,39.0999984741211
1159.117,79.5177154541016,39.0999984741211
1159.344,82.7477493286133,39.0999984741211
1159.57,80.2420272827148,39.0999984741211
1159.797,79.458984375,39.0999984741211
1160.024,82.7673263549805,39.0999984741211
1160.251,79.4981384277344,39.0999984741211
1160.478,82.7673263549805,39.0999984741211
1160.705,80.6139678955078,39.0999984741211
1160.932,82.7477493286133,39.0999984741211
1161.159,79.4785614013672,39.0999984741211
1161.386,82.7086029052734,39.0999984741211
1161.612,79.8700790405273,10.6999998092651
1161.839,26.0360794067383,10.6999998092651
1162.066,26.3101444244385,56.2000007629395
1162.292,113.462493896484,56.2000007629395
1162.519,113.482070922852,56.2000007629395
1162.746,116.751266479492,56.2000007629395
1162.973,113.501647949219,56.2000007629395
1163.2,116.751266479492,56.2000007629395
1163.426,113.521224975586,13.5
1163.654,31.3999042510986,13.5
1163.882,31.4782085418701,13.5
1164.109,31.3999042510986,13.5
1164.336,31.8110008239746,13.5
1164.562,31.7914237976074,13.5
1164.789,69.0445556640625,61
1165.016,126.304351806641,61
1165.695,123.093887329102,61
1165.923,125.619194030762,61
1166.149,126.343505859375,61
1166.375,166.39599609375,84.5
1166.602,169.743499755859,84.5
1166.83,169.763076782227,84.5
1167.057,169.743499755859,84.5
1167.283,170.506958007812,84.5
1167.51,169.743499755859,84.5
1167.737,169.763076782227,84.5
1167.964,169.782653808594,84.5
1168.19,169.782653808594,84.5
1168.417,169.763076782227,84.5
1168.644,169.743499755859,84.5
1168.871,169.782653808594,84.5
1169.098,169.782653808594,84.5
1169.324,169.763076782227,84.5
1169.551,169.763076782227,84.5
1169.778,169.802230834961,84.5
1170.005,169.723922729492,84.5
1170.232,169.763076782227,84.5
1170.459,169.763076782227,84.5
1170.685,170.350357055664,84.5
1170.911,170.115447998047,84.5
1171.139,169.763076782227,84.5
1171.366,170.017562866211,67.6999969482422
1171.594,136.366409301758,67.6999969482422
1171.822,136.34684753418,67.6999969482422
1172.049,136.366409301758,67.6999969482422
1172.276,137.991226196289,67.6999969482422
1172.502,136.34684753418,67.6999969482422
1172.728,136.34684753418,67.6999969482422
1172.955,136.385986328125,67.6999969482422
1173.182,139.400695800781,67.6999969482422
1173.41,136.327270507812,67.6999969482422
1173.636,136.327270507812,67.6999969482422
1173.862,136.34684753418,67.6999969482422
1174.089,136.327270507812,67.6999969482422
1174.316,139.009170532227,67.6999969482422
1174.542,136.34684753418,67.6999969482422
1174.768,136.34684753418,67.6999969482422
1174.995,136.366409301758,67.6999969482422
1175.222,138.793838500977,67.6999969482422
1175.449,136.34684753418,67.6999969482422
1175.676,138.441467285156,67.6999969482422
1175.902,136.34684753418,67.6999969482422
1176.128,136.385986328125,67.6999969482422
1176.354,136.366409301758,67.6999969482422
1176.58,136.366409301758,67.6999969482422
1176.807,136.366409301758,67.6999969482422
1177.033,139.420272827148,67.6999969482422
1177.259,139.635604858398,67.6999969482422
1177.487,137.423522949219,67.6999969482422
1177.714,138.500198364258,67.6999969482422
1177.941,136.366409301758,67.6999969482422
1178.167,139.400695800781,67.6999969482422
1178.394,138.010803222656,67.6999969482422
1178.62,136.34684753418,67.6999969482422
1178.847,136.34684753418,67.6999969482422
1179.074,137.638854980469,67.6999969482422
1179.301,136.366409301758,67.6999969482422
1179.528,138.832992553711,8.39999961853027
1179.754,21.6510562896729,8.39999961853027
1179.98,21.6510562896729,8.39999961853027
1180.207,21.6706314086914,8.39999961853027
1180.433,21.6706314086914,8.39999961853027
1180.66,21.6706314086914,8.39999961853027
1180.887,20.6722564697266,8.39999961853027
1181.114,21.6706314086914,8.39999961853027
1181.341,21.3769912719727,8.39999961853027
1181.569,21.6706314086914,8.39999961853027
1181.796,21.6706314086914,8.39999961853027
1182.024,21.6510562896729,8.39999961853027
1182.25,21.6706314086914,8.39999961853027
1182.478,21.6706314086914,8.39999961853027
1182.705,21.6706314086914,8.39999961853027
1182.931,21.6706314086914,8.39999961853027
1183.158,21.6902084350586,8.39999961853027
1183.385,21.6510562896729,8.39999961853027
1183.612,21.6706314086914,8.39999961853027
1183.839,21.6706314086914,8.39999961853027
1184.066,21.6706314086914,8.39999961853027
1184.293,21.0246238708496,8.39999961853027
1184.52,21.6706314086914,8.39999961853027
1184.746,21.6510562896729,8.39999961853027
1184.972,21.6510562896729,8.39999961853027
1185.199,21.6510562896729,8.39999961853027
1185.426,21.6706314086914,8.39999961853027
1185.653,21.3965682983398,8.39999961853027
1185.879,21.6902084350586,8.39999961853027
1186.106,21.7097835540771,8.39999961853027
1186.332,21.6510562896729,8.39999961853027
1186.559,21.6510562896729,8.39999961853027
1186.786,21.6706314086914,8.39999961853027
1187.013,21.6510562896729,8.39999961853027
1187.24,21.6902084350586,8.39999961853027
1187.467,21.6902084350586,8.39999961853027
1187.693,21.6706314086914,8.39999961853027
1187.92,21.6706314086914,8.39999961853027
1188.147,21.6510562896729,8.39999961853027
1188.373,21.6706314086914,8.39999961853027
1188.6,21.6706314086914,8.39999961853027
1188.827,21.6706314086914,8.39999961853027
1189.053,21.6706314086914,8.39999961853027
1189.279,21.6706314086914,8.39999961853027
1189.505,21.6510562896729,24.2999992370605
1189.731,53.3054466247559,24.2999992370605
1189.959,53.2858734130859,24.2999992370605
1190.186,53.325023651123,24.2999992370605
1190.413,51.0737838745117,24.2999992370605
1190.64,53.2858734130859,24.2999992370605
1190.868,51.1520881652832,24.2999992370605
1191.094,52.1308898925781,24.2999992370605
1191.321,51.132511138916,24.2999992370605
1191.547,53.2662963867188,24.2999992370605
1191.773,53.325023651123,24.2999992370605
1191.999,53.3054466247559,24.2999992370605
1192.226,53.325023651123,24.2999992370605
1192.453,50.1341361999512,24.2999992370605
1192.679,53.3641777038574,24.2999992370605
1192.906,53.2271423339844,24.2999992370605
1193.132,52.1308898925781,24.2999992370605
1193.359,49.9971046447754,24.2999992370605
1193.585,53.2467193603516,24.2999992370605
1193.812,53.2858734130859,24.2999992370605
1194.039,51.4653053283691,24.2999992370605
1194.266,53.2858734130859,24.2999992370605
1194.493,51.0737838745117,24.2999992370605
1194.72,53.2858734130859,24.2999992370605
1194.947,51.0737838745117,24.2999992370605
1195.174,53.2858734130859,24.2999992370605
1195.401,50.975902557373,24.2999992370605
1195.627,53.2662963867188,24.2999992370605
1195.854,53.3054466247559,24.2999992370605
1196.081,51.5436096191406,24.2999992370605
1196.308,53.2662963867188,24.2999992370605
1196.534,52.1308898925781,24.2999992370605
1196.761,51.4653053283691,24.2999992370605
1196.988,53.2858734130859,24.2999992370605
1197.216,51.7589454650879,24.2999992370605
1197.443,50.975902557373,24.2999992370605
1197.671,53.2662963867188,24.2999992370605
1197.897,53.2467193603516,24.2999992370605
1198.124,53.2662963867188,24.2999992370605
1198.352,50.7409934997559,36.5999984741211
1198.579,74.4475250244141,36.5999984741211
1198.807,77.7558746337891,36.5999984741211
1199.034,77.6971435546875,36.5999984741211
1199.262,74.4671020507812,36.5999984741211
1199.489,74.4475250244141,36.5999984741211
1199.716,77.7167205810547,36.5999984741211
1199.943,74.5062561035156,36.5999984741211
1200.17,77.7362976074219,36.5999984741211
1200.396,76.1702194213867,36.5999984741211
1200.623,74.5062561035156,36.5999984741211
1200.851,77.7754516601562,36.5999984741211
1201.077,77.7558746337891,36.5999984741211
1201.303,77.1294403076172,36.5999984741211
1201.53,77.7754516601562,36.5999984741211
1201.758,74.4279556274414,36.5999984741211
1201.986,74.4475250244141,36.5999984741211
1202.213,74.5062561035156,36.5999984741211
1202.439,77.6971435546875,36.5999984741211
1202.665,77.7362976074219,36.5999984741211
1202.892,77.7167205810547,36.5999984741211
1203.119,74.4866790771484,36.5999984741211
1203.346,77.7754516601562,36.5999984741211
1203.573,74.4475250244141,36.5999984741211
1203.8,77.6971435546875,36.5999984741211
1204.027,74.4671020507812,36.5999984741211
1204.254,77.7167205810547,36.5999984741211
1204.48,74.4866790771484,36.5999984741211
1204.706,74.5649871826172,36.5999984741211
1204.932,74.917350769043,36.5999984741211
1205.159,74.4279556274414,36.5999984741211
1205.385,77.7362976074219,36.5999984741211
1205.612,77.7754516601562,36.5999984741211
1205.839,74.4866790771484,36.5999984741211
1206.066,77.6971435546875,36.5999984741211
1206.293,74.4671020507812,36.5999984741211
1206.519,77.7950210571289,36.5999984741211
1206.746,77.7558746337891,36.5999984741211
1206.973,74.5649871826172,36.5999984741211
1207.201,77.7167205810547,36.5999984741211
1207.428,77.7558746337891,36.5999984741211
1207.656,74.54541015625,36.5999984741211
1207.882,74.7998962402344,36.5999984741211
1208.109,74.5649871826172,36.5999984741211
1208.336,77.7362976074219,36.5999984741211
1208.562,74.5649871826172,36.5999984741211
1208.789,74.4475250244141,36.5999984741211
1209.015,77.7167205810547,74.4000015258789
1209.242,151.263748168945,74.4000015258789
1209.469,149.775970458984,74.4000015258789
1209.696,150.774353027344,74.4000015258789
1209.923,149.775970458984,74.4000015258789
1210.15,151.733581542969,74.4000015258789
1210.376,149.775970458984,74.4000015258789
1210.602,149.795547485352,74.4000015258789
1210.829,149.795547485352,74.4000015258789
1211.055,151.576965332031,74.4000015258789
1211.282,151.342056274414,74.4000015258789
1211.508,149.795547485352,74.4000015258789
1211.735,149.795547485352,74.4000015258789
1211.961,152.947280883789,74.4000015258789
1212.188,151.107147216797,74.4000015258789
1212.415,149.756393432617,74.4000015258789
1212.641,151.87060546875,74.4000015258789
1212.868,149.87385559082,74.4000015258789
1213.095,149.795547485352,74.4000015258789
1213.322,150.245803833008,74.4000015258789
1213.549,149.775970458984,74.4000015258789
1213.777,149.756393432617,74.4000015258789
1214.004,150.559020996094,74.4000015258789
1214.23,149.775970458984,74.4000015258789
1214.456,149.775970458984,74.4000015258789
1214.683,149.756393432617,74.4000015258789
1214.91,151.224594116211,74.4000015258789
1215.138,149.775970458984,74.4000015258789
1215.364,149.775970458984,74.4000015258789
1215.591,150.147918701172,74.4000015258789
1215.817,151.576965332031,7.19999980926514
1216.044,19.32151222229,7.19999980926514
1216.271,18.2644081115723,7.19999980926514
1216.497,19.3410873413086,7.19999980926514
1216.724,19.32151222229,7.19999980926514
1216.95,19.32151222229,7.19999980926514
1217.178,18.8321113586426,7.19999980926514
1217.405,19.3410873413086,7.19999980926514
1217.632,19.3019351959229,7.19999980926514
1217.858,19.2823600769043,7.19999980926514
1218.085,19.32151222229,7.19999980926514
1218.312,19.3019351959229,7.19999980926514
1218.539,18.4797439575195,7.19999980926514
1218.765,19.3019351959229,7.19999980926514
1218.992,19.3019351959229,7.19999980926514
1219.219,19.2432079315186,7.19999980926514
1219.446,19.3606643676758,56.9000015258789
1219.673,114.852394104004,56.9000015258789
1219.9,118.12158203125,83.3000030517578
1220.127,167.492263793945,83.3000030517578
1220.354,167.472686767578,83.3000030517578
1220.581,167.433532714844,83.3000030517578
1220.808,167.629287719727,83.3000030517578
1221.035,167.492263793945,83.3000030517578
1221.262,162.285034179688,76.6999969482422
1221.49,154.239303588867,76.6999969482422
1221.717,78.9695816040039,8.10000038146973
1221.943,21.1225032806396,8.10000038146973
1222.17,21.1029281616211,8.10000038146973
1222.397,21.1029281616211,8.10000038146973
1222.625,21.1225032806396,8.10000038146973
1222.852,21.1225032806396,8.10000038146973
1223.08,135.974899291992,67.5
1223.306,135.974899291992,67.5
1223.534,135.994476318359,67.5
1223.76,135.955322265625,67.5
1223.987,135.935745239258,67.5
1224.214,138.676391601562,67.5
1224.44,135.974899291992,67.5
1224.666,135.935745239258,67.5
1224.893,135.994476318359,67.5
1225.121,138.343597412109,67.5
1225.348,138.676391601562,67.5
1225.576,135.935745239258,67.5
1225.802,135.974899291992,67.5
1226.03,135.974899291992,67.5
1226.258,135.955322265625,67.5
1226.485,135.935745239258,67.5
1226.712,138.637237548828,67.5
1226.939,135.994476318359,67.5
1227.166,137.286483764648,67.5
1227.392,135.994476318359,67.5
1227.619,135.994476318359,67.5
1227.846,135.994476318359,34.4000015258789
1228.073,70.1016540527344,34.4000015258789
1228.3,73.3316955566406,34.4000015258789
1228.527,70.0820770263672,10
1228.755,24.9006729125977,10
1228.982,24.9006729125977,10
1229.21,24.9006729125977,10
1229.436,24.8810958862305,10
1229.663,24.9202480316162,10
1229.889,24.9006729125977,10
1230.116,24.8615207672119,10
1230.343,24.0001754760742,10
1230.569,24.9202480316162,10
1230.795,24.8810958862305,10
1231.021,24.8810958862305,10
1231.248,24.9202480316162,10
1231.475,24.9202480316162,10
1231.702,24.9006729125977,28
1231.93,57.9253845214844,28
1232.157,57.8666572570801,28
1232.385,60.6268730163574,28
1232.612,60.6268730163574,28
1232.839,57.514289855957,28
1233.067,60.587718963623,28
1233.294,60.6072959899902,28
1233.521,57.9645347595215,28
1233.748,60.6072959899902,28
1233.974,58.5713920593262,28
1234.201,57.8470802307129,28
1234.428,60.587718963623,28
1234.656,57.8666572570801,28
1234.882,58.6301193237305,28
1235.109,57.8666572570801,28
1235.336,60.587718963623,28
1235.563,57.514289855957,28
1235.79,60.6268730163574,28
1236.017,58.2190246582031,28
1236.244,60.6072959899902,28
1236.47,59.3348579406738,28
1236.697,57.8470802307129,28
1236.923,60.6072959899902,28
1237.15,60.5681457519531,28
1237.377,58.551815032959,28
1237.603,60.6268730163574,10.6999998092651
1237.829,26.3101444244385,10.6999998092651
1238.056,26.3101444244385,10.6999998092651
1238.283,25.4096488952637,29.2999992370605
1238.51,63.2304801940918,29.2999992370605
1238.737,59.9221343994141,29.2999992370605
1238.964,63.2304801940918,29.2999992370605
1239.19,62.4474411010742,29.2999992370605
1239.417,59.9221343994141,47.5
1239.644,99.4852294921875,47.5
1239.871,96.1377334594727,47.5
1240.098,99.3481979370117,47.5
1240.324,96.1964645385742,47.5
1240.55,96.176887512207,47.5
1240.777,96.176887512207,47.5
1241.004,99.4656524658203,47.5
1241.232,96.2160415649414,47.5
1241.459,96.2160415649414,47.5
1241.686,99.4460830688477,47.5
1241.912,96.2160415649414,47.5
1242.139,96.2356185913086,34
1242.365,72.5486526489258,34
1242.591,72.5486526489258,34
1242.817,72.568229675293,34
1243.044,72.568229675293,34
1243.27,70.0820770263672,34
1243.498,69.3969192504883,34
1243.725,69.3186187744141,34
1243.952,72.568229675293,34
1244.179,69.690559387207,34
1244.405,72.6073837280273,34
1244.632,72.568229675293,34
1244.859,69.3186187744141,34
1245.086,72.5878067016602,34
1245.313,69.2794647216797,34
1245.54,72.568229675293,34
1245.767,70.003776550293,34
1245.993,72.568229675293,34
1246.22,72.568229675293,34
1246.448,69.2990417480469,34
1246.675,69.4164962768555,34
1246.902,72.5486526489258,34
1247.129,69.2990417480469,34
1247.356,72.5878067016602,34
1247.583,69.3577651977539,34
1247.809,72.6073837280273,34
1248.036,72.568229675293,34
1248.263,69.3577651977539,34
1248.49,72.568229675293,34
1248.718,69.3186187744141,34
1248.944,69.7101364135742,34
1249.171,69.6122589111328,34
1249.397,72.5878067016602,34
1249.624,72.5486526489258,34
1249.851,69.2990417480469,34
1250.078,72.5878067016602,34
1250.305,69.3186187744141,34
1250.532,72.5878067016602,34
1250.759,69.3381958007812,34
1250.986,72.568229675293,34
1251.213,69.3577651977539,34
1251.441,72.5878067016602,34
1251.667,72.568229675293,34
1251.894,72.5878067016602,34
1252.121,69.3186187744141,34
1252.348,72.5878067016602,34
1252.575,69.3577651977539,34
1252.802,72.5290832519531,34
1253.029,69.3773422241211,34
1253.256,72.5486526489258,34
1253.483,69.2794647216797,14.1999998092651
1253.711,33.1813201904297,14.1999998092651
1253.938,33.2008972167969,14.1999998092651
1254.165,32.1046409606934,14.1999998092651
1254.392,33.1813201904297,14.1999998092651
1254.619,31.4586315155029,14.1999998092651
1254.845,33.1813201904297,14.1999998092651
1255.072,33.2008972167969,14.1999998092651
1255.299,32.1046409606934,14.1999998092651
1255.525,33.1813201904297,14.1999998092651
1255.752,33.1813201904297,14.1999998092651
1255.979,31.3803272247314,14.1999998092651
1256.206,33.2008972167969,14.1999998092651
1256.432,33.1813201904297,14.1999998092651
1256.659,30.8322010040283,14.1999998092651
1256.886,33.2204704284668,89.3000030517578
1257.113,179.374893188477,89.3000030517578
1257.339,179.374893188477,80.5999984741211
1257.566,163.870697021484,80.5999984741211
1257.793,161.991394042969,80.5999984741211
1258.02,162.030548095703,80.5999984741211
1258.247,161.991394042969,80.5999984741211
1258.474,163.26383972168,80.5999984741211
1258.701,161.991394042969,80.5999984741211
1258.928,162.872314453125,80.5999984741211
1259.155,161.991394042969,80.5999984741211
1259.381,162.911468505859,80.5999984741211
1259.608,162.010971069336,80.5999984741211
1259.835,162.010971069336,80.5999984741211
1260.062,162.83317565918,80.5999984741211
1260.288,162.010971069336,90.5999984741211
1260.515,181.841461181641,90.5999984741211
1260.742,181.841461181641,90.5999984741211
1260.969,181.841461181641,90.5999984741211
1261.196,181.841461181641,90.5999984741211
1261.423,181.802307128906,90.5999984741211
1261.65,181.841461181641,52.7000007629395
1261.877,106.493438720703,52.7000007629395
1262.104,109.743057250977,52.7000007629395
1262.33,106.51301574707,52.7000007629395
1262.557,106.51301574707,52.7000007629395
1262.784,109.801780700684,52.7000007629395
1263.012,106.493438720703,52.7000007629395
1263.239,106.51301574707,52.7000007629395
1263.465,109.782211303711,52.7000007629395
1263.692,109.782211303711,52.7000007629395
1263.918,106.532592773438,52.7000007629395
1264.145,106.51301574707,37
1264.372,78.5193328857422,37
1264.599,75.2305679321289,37
1264.825,78.4997634887695,37
1265.052,78.5389099121094,37
1265.28,75.2892990112305,37
1265.506,76.6008911132812,37
1265.733,75.2501449584961,37
1265.96,78.4997634887695,37
1266.187,75.2697219848633,37
1266.414,78.5389099121094,37
1266.642,75.2892990112305,37
1266.869,75.3088684082031,37
1267.095,78.5193328857422,37
1267.322,78.4997634887695,37
1267.548,75.5829391479492,37
1267.775,75.2305679321289,37
1268.002,78.4801864624023,37
1268.228,75.4850540161133,37
1268.455,75.2501449584961,37
1268.682,78.4997634887695,56.2999992370605
1268.909,113.716987609863,56.2999992370605
1269.136,116.986175537109,18.1000003814697
1269.363,40.3069839477539,18.1000003814697
1269.59,40.9529914855957,18.1000003814697
1269.817,39.6413993835449,18.1000003814697
1270.043,40.6985054016113,18.1000003814697
1270.27,40.9529914855957,18.1000003814697
1270.497,40.0524978637695,18.1000003814697
1270.724,40.9334144592285,18.1000003814697
1270.951,40.3657112121582,18.1000003814697
1271.178,40.9529914855957,18.1000003814697
1271.405,39.6413993835449,18.1000003814697
1271.632,40.9725685119629,18.1000003814697
1271.859,39.3086090087891,18.1000003814697
1272.086,40.9725685119629,18.1000003814697
1272.312,40.4440155029297,18.1000003814697
1272.539,40.0133438110352,18.1000003814697
1272.766,40.9334144592285,18.1000003814697
1272.993,40.3069839477539,57.9000015258789
1273.219,120.157485961914,57.9000015258789
1273.446,119.256988525391,57.9000015258789
1273.672,116.907875061035,57.9000015258789
1273.899,116.849143981934,57.9000015258789
1274.126,120.137908935547,57.9000015258789
1274.354,116.868721008301,57.9000015258789
1274.582,116.849143981934,57.9000015258789
1274.809,116.907875061035,57.9000015258789
1275.037,120.098762512207,57.9000015258789
1275.264,120.098762512207,57.9000015258789
1275.491,116.849143981934,57.9000015258789
1275.718,120.118339538574,57.9000015258789
1275.945,116.849143981934,57.9000015258789
1276.172,132.881881713867,66.9000015258789
1276.399,134.78076171875,66.9000015258789
1276.626,137.501831054688,66.9000015258789
1276.853,134.898223876953,66.9000015258789
1277.079,137.971649169922,66.9000015258789
1277.305,138.049957275391,66.9000015258789
1277.532,135.465927124023,66.9000015258789
1277.759,134.741607666016,66.9000015258789
1277.986,137.540969848633,66.9000015258789
1278.214,134.741607666016,66.9000015258789
1278.441,134.741607666016,66.9000015258789
1278.668,135.877014160156,66.9000015258789
1278.895,134.78076171875,66.9000015258789
1279.121,137.91291809082,66.9000015258789
1279.349,135.759567260742,66.9000015258789
1279.577,28.013256072998,11.6000003814697
1279.804,28.0328311920166,11.6000003814697
1280.032,27.9741039276123,11.6000003814697
1280.26,27.2302169799805,11.6000003814697
1280.487,26.2122650146484,11.6000003814697
1280.714,28.0524082183838,11.6000003814697
1280.941,27.9545288085938,11.6000003814697
1281.168,27.9741039276123,11.6000003814697
1281.395,26.2709922790527,11.6000003814697
1281.622,28.013256072998,11.6000003814697
1281.849,27.9349517822266,11.6000003814697
1282.076,28.0328311920166,11.6000003814697
1282.304,27.6021595001221,11.6000003814697
1282.531,27.8762245178223,11.6000003814697
1282.758,28.013256072998,11.6000003814697
1282.985,27.3280963897705,11.6000003814697
1283.213,27.9936809539795,11.6000003814697
1283.44,27.9936809539795,11.6000003814697
1283.667,27.5825843811035,11.6000003814697
1283.894,28.0328311920166,11.6000003814697
1284.121,28.0328311920166,11.6000003814697
1284.348,28.0524082183838,11.6000003814697
1284.575,28.0328311920166,11.6000003814697
1284.803,28.013256072998,11.6000003814697
1285.031,28.013256072998,11.6000003814697
1285.258,28.0524082183838,11.6000003814697
1285.485,27.3280963897705,11.6000003814697
1285.712,27.9936809539795,11.6000003814697
1285.939,27.3672485351562,11.6000003814697
1286.167,27.9936809539795,11.6000003814697
1286.395,28.0328311920166,11.6000003814697
1286.622,28.0328311920166,22.2999992370605
1286.848,48.4897537231445,22.2999992370605
1287.075,47.3347663879395,22.2999992370605
1287.303,49.3315200805664,22.2999992370605
1287.53,49.3315200805664,22.2999992370605
1287.757,47.4130706787109,22.2999992370605
1287.984,49.3119430541992,22.2999992370605
1288.211,48.0982322692871,22.2999992370605
1288.438,49.3315200805664,22.2999992370605
1288.664,48.1765365600586,22.2999992370605
1288.891,47.0802803039551,22.2999992370605
1289.118,49.3315200805664,22.2999992370605
1289.345,47.4718017578125,22.2999992370605
1289.572,49.3315200805664,22.2999992370605
1289.799,48.0982322692871,22.2999992370605
1290.025,49.3315200805664,22.2999992370605
1290.252,49.3315200805664,22.2999992370605
1290.479,46.7866401672363,22.2999992370605
1290.706,49.3510971069336,22.2999992370605
1290.933,46.1210556030273,22.2999992370605
1291.16,49.3510971069336,22.2999992370605
1291.388,47.393497467041,22.2999992370605
1291.615,46.7474899291992,22.2999992370605
1291.841,49.3315200805664,22.2999992370605
1292.068,49.3510971069336,22.2999992370605
1292.295,48.1178092956543,18.8999996185303
1292.523,42.5190734863281,18.8999996185303
1292.75,42.5190734863281,18.8999996185303
1292.978,40.4831695556641,18.8999996185303
1293.205,41.0704498291016,18.8999996185303
1293.431,42.538646697998,18.8999996185303
1293.658,42.538646697998,18.8999996185303
1293.885,41.1487503051758,18.8999996185303
1294.113,42.5190734863281,18.8999996185303
1294.339,42.5190734863281,18.8999996185303
1294.565,42.5582237243652,18.8999996185303
1294.792,42.538646697998,18.8999996185303
1295.018,42.1471290588379,18.8999996185303
1295.245,41.1291770935059,82.6999969482422
1295.473,166.298126220703,82.6999969482422
1295.7,166.141510009766,82.6999969482422
1295.927,166.924545288086,82.6999969482422
1296.153,166.983276367188,82.6999969482422
1296.38,166.161087036133,82.6999969482422
1296.606,166.1806640625,82.6999969482422
1296.832,166.121932983398,82.6999969482422
1297.058,166.141510009766,82.6999969482422
1297.285,166.141510009766,82.6999969482422
1297.512,166.141510009766,82.6999969482422
1297.739,166.141510009766,82.6999969482422
1297.966,166.121932983398,82.6999969482422
1298.192,166.161087036133,82.6999969482422
1298.419,166.1806640625,82.6999969482422
1298.646,166.161087036133,82.6999969482422
1298.872,166.141510009766,82.6999969482422
1299.099,166.200241088867,82.6999969482422
1299.325,166.807098388672,82.6999969482422
1299.552,166.141510009766,82.6999969482422
1299.779,166.121932983398,82.6999969482422
1300.005,167.727172851562,82.6999969482422
1300.232,166.141510009766,82.6999969482422
1300.458,166.141510009766,82.6999969482422
1300.685,166.141510009766,82.6999969482422
1300.913,122.976432800293,22.5
1301.139,49.6838874816895,22.5
1301.366,42.1275520324707,14.8999996185303
1301.592,34.5907936096191,14.8999996185303
1301.819,33.396656036377,14.8999996185303
1302.046,34.5907936096191,14.8999996185303
1302.273,34.1992721557617,14.8999996185303
1302.5,34.5907936096191,14.8999996185303
1302.726,34.5907936096191,14.8999996185303
1302.953,33.0247116088867,14.8999996185303
1303.179,34.5516395568848,14.8999996185303
1303.405,34.6103668212891,14.8999996185303
1303.632,34.6103668212891,14.8999996185303
1303.859,34.4929122924805,14.8999996185303
1304.086,34.571216583252,14.8999996185303
1304.312,34.414608001709,14.8999996185303
1304.539,33.8077507019043,14.8999996185303
1304.765,34.6299438476562,14.8999996185303
1304.992,34.5516395568848,14.8999996185303
1305.219,33.6902961730957,14.8999996185303
1305.446,34.5907936096191,14.8999996185303
1305.672,50.4865036010742,23.3999996185303
1305.898,50.1537132263184,23.3999996185303
1306.124,50.1732864379883,23.3999996185303
1306.35,50.5256576538086,23.3999996185303
1306.576,50.8975982666016,23.3999996185303
1306.803,50.1537132263184,23.3999996185303
1307.031,51.5436096191406,23.3999996185303
1307.258,51.5044555664062,23.3999996185303
1307.484,50.1928634643555,23.3999996185303
1307.711,50.1732864379883,23.3999996185303
1307.937,51.5044555664062,23.3999996185303
1308.165,51.5240325927734,23.3999996185303
1308.393,51.5240325927734,23.3999996185303
1308.62,51.5436096191406,23.3999996185303
1308.847,49.4098243713379,23.3999996185303
1309.074,51.5240325927734,23.3999996185303
1309.3,51.5044555664062,23.3999996185303
1309.528,49.7817687988281,23.3999996185303
1309.756,49.4294013977051,23.3999996185303
1309.983,49.7621917724609,23.3999996185303
1310.209,51.5240325927734,23.3999996185303
1310.437,51.4848785400391,23.3999996185303
1310.664,51.5436096191406,23.3999996185303
1310.891,49.1161842346191,23.3999996185303
1311.118,51.5240325927734,23.3999996185303
1311.345,50.0754089355469,23.3999996185303
1311.573,51.5240325927734,23.3999996185303
1311.799,51.5044555664062,23.3999996185303
1312.027,51.5240325927734,23.3999996185303
1312.254,51.5436096191406,23.3999996185303
1312.481,51.1716651916504,23.3999996185303
1312.708,51.5240325927734,23.3999996185303
1312.935,48.7833938598633,23.3999996185303
1313.163,51.4848785400391,23.3999996185303
1313.389,51.5240325927734,23.3999996185303
1313.616,51.5044555664062,23.3999996185303
1313.843,49.4098243713379,23.3999996185303
1314.07,51.5240325927734,23.3999996185303
1314.297,49.077033996582,23.3999996185303
1314.523,51.5240325927734,23.3999996185303
1314.75,51.5044555664062,23.3999996185303
1314.977,50.1341361999512,23.3999996185303
1315.204,51.5436096191406,23.3999996185303
1315.431,49.8404960632324,23.3999996185303
1315.658,51.5240325927734,23.3999996185303
1315.885,49.1161842346191,64.6999969482422
1316.112,133.195098876953,64.6999969482422
1316.338,130.395736694336,64.6999969482422
1316.565,130.43489074707,64.6999969482422
1316.793,133.018920898438,64.6999969482422
1317.019,133.567047119141,64.6999969482422
1317.245,133.625778198242,64.6999969482422
1317.472,133.645355224609,64.6999969482422
1317.699,130.43489074707,64.6999969482422
1317.927,132.725280761719,64.6999969482422
1318.154,132.098846435547,64.6999969482422
1318.381,130.395736694336,64.6999969482422
1318.608,132.07926940918,64.6999969482422
1318.835,130.395736694336,64.6999969482422
1319.062,133.527893066406,64.6999969482422
1319.29,130.415313720703,64.6999969482422
1319.516,130.356582641602,89.0999984741211
1319.743,178.92463684082,89.0999984741211
1319.969,179.179122924805,89.0999984741211
1320.195,178.885482788086,89.0999984741211
1320.421,179.296585083008,89.0999984741211
1320.648,178.826766967773,89.0999984741211
1320.875,178.905059814453,89.0999984741211
1321.103,178.885482788086,89.0999984741211
1321.331,178.865905761719,89.0999984741211
1321.557,178.92463684082,89.0999984741211
1321.784,178.846343994141,89.0999984741211
1322.01,178.885482788086,89.0999984741211
1322.238,178.92463684082,89.0999984741211
1322.465,178.963790893555,49.0999984741211
1322.693,102.597816467285,49.0999984741211
1322.92,102.578239440918,49.0999984741211
1323.602,99.3481979370117,49.0999984741211
1323.829,99.3481979370117,49.0999984741211
1324.055,102.617393493652,49.0999984741211
1324.282,102.578239440918,49.0999984741211
1324.509,99.3481979370117,98.6999969482422
1324.737,195.759994506836,98.6999969482422
1324.963,195.759994506836,98.6999969482422
1325.19,195.759994506836,98.6999969482422
1325.417,195.759994506836,98.6999969482422
1325.643,195.759994506836,98.6999969482422
1325.869,195.759994506836,98.6999969482422
1326.095,195.759994506836,98.6999969482422
1326.322,195.759994506836,98.6999969482422
1326.548,195.759994506836,98.6999969482422
1326.775,195.759994506836,98.6999969482422
1327.001,195.759994506836,98.6999969482422
1327.228,195.759994506836,98.6999969482422
1327.455,195.759994506836,98.6999969482422
1327.682,195.759994506836,98.6999969482422
1327.909,195.759994506836,98.6999969482422
1328.135,195.759994506836,98.6999969482422
1328.362,195.759994506836,98.6999969482422
1328.589,195.759994506836,98.6999969482422
1328.816,195.759994506836,98.6999969482422
1329.043,195.759994506836,98.6999969482422
1329.27,195.759994506836,98.6999969482422
1329.496,195.759994506836,98.6999969482422
1329.723,195.759994506836,98.6999969482422
1329.95,195.759994506836,98.6999969482422
1330.176,195.759994506836,98.6999969482422
1330.403,195.759994506836,98.6999969482422
1330.63,195.759994506836,98.6999969482422
1330.857,195.759994506836,98.6999969482422
1331.083,195.759994506836,98.6999969482422
1331.311,195.759994506836,98.6999969482422
1331.538,195.759994506836,98.6999969482422
1331.764,105.710403442383,52.2999992370605
1331.992,105.76912689209,52.2999992370605
1332.218,105.76912689209,52.2999992370605
1332.444,105.808280944824,52.2999992370605
1332.671,105.788703918457,52.2999992370605
1332.898,108.979591369629,52.2999992370605
1333.125,105.749549865723,52.2999992370605
1333.352,108.979591369629,52.2999992370605
1333.579,105.808280944824,52.2999992370605
1333.806,108.999168395996,52.2999992370605
1334.032,105.827857971191,52.2999992370605
1334.259,106.238952636719,52.2999992370605
1334.485,108.999168395996,52.2999992370605
1334.711,109.03832244873,52.2999992370605
1334.938,108.822982788086,52.2999992370605
1335.165,105.808280944824,52.2999992370605
1335.392,108.999168395996,52.2999992370605
1335.618,105.729972839355,52.2999992370605
1335.844,105.76912689209,52.2999992370605
1336.071,105.788703918457,52.2999992370605
1336.298,108.881713867188,52.2999992370605
1336.525,105.76912689209,52.2999992370605
1336.752,108.960014343262,52.2999992370605
1336.979,105.788703918457,52.2999992370605
1337.206,108.960014343262,52.2999992370605
1337.432,105.76912689209,52.2999992370605
1337.658,105.729972839355,52.2999992370605
1337.884,105.76912689209,52.2999992370605
1338.111,105.808280944824,52.2999992370605
1338.339,109.018745422363,52.2999992370605
1338.566,108.999168395996,52.2999992370605
1338.792,105.788703918457,52.2999992370605
1339.019,105.827857971191,52.2999992370605
1339.245,108.999168395996,52.2999992370605
1339.472,108.901290893555,52.2999992370605
1339.699,105.76912689209,52.2999992370605
1339.925,108.960014343262,84
1340.153,168.7451171875,84
1340.381,168.7451171875,84
1340.609,168.764694213867,84
1340.837,169.058334350586,84
1341.064,168.705963134766,84
1341.291,168.725540161133,84
1341.518,168.7451171875,84
1341.745,168.901733398438,84
1341.973,168.784271240234,84
1342.199,169.821807861328,84
1342.426,168.843002319336,84
1342.652,168.725540161133,84
1342.88,168.764694213867,84
1343.107,168.725540161133,84
1343.335,168.764694213867,84
1343.562,168.7451171875,84
1343.789,168.764694213867,84
1344.016,168.725540161133,84
1344.244,168.764694213867,84
1344.471,168.725540161133,84
1344.698,168.764694213867,84
1344.925,168.7451171875,84
1345.152,168.705963134766,84
1345.378,168.7451171875,84
1345.605,168.7451171875,84
1345.832,169.077911376953,84
1346.058,168.705963134766,84
1346.284,168.764694213867,84
1346.51,168.725540161133,84
1346.736,168.705963134766,84
1346.963,168.7451171875,84
1347.19,169.156219482422,84
1347.417,168.7451171875,84
1347.644,169.508590698242,84
1347.871,168.725540161133,84
1348.097,170.174163818359,84
1348.324,168.725540161133,84
1348.55,168.7451171875,84
1348.778,168.7451171875,84
1349.006,168.7451171875,84
1349.233,168.784271240234,24
1349.46,52.6398658752441,24
1349.687,49.4294013977051,24
1349.914,52.6398658752441,24
1350.141,51.1912384033203,77.3000030517578
1350.368,156.177322387695,77.3000030517578
1350.596,155.531326293945,77.3000030517578
1350.823,155.511749267578,77.3000030517578
1351.05,155.883682250977,7.40000009536743
1351.278,19.5368480682373,7.40000009536743
1351.505,19.732608795166,7.40000009536743
1351.732,19.732608795166,7.40000009536743
1351.959,19.6543045043945,7.40000009536743
1352.186,19.732608795166,7.40000009536743
1352.412,19.732608795166,7.40000009536743
1352.639,19.6347274780273,7.40000009536743
1352.866,19.732608795166,7.40000009536743
1353.092,19.732608795166,7.40000009536743
1353.319,19.7130317687988,7.40000009536743
1353.546,19.732608795166,7.40000009536743
1353.773,19.732608795166,7.40000009536743
1354.001,19.732608795166,7.40000009536743
1354.228,19.732608795166,7.40000009536743
1354.455,19.732608795166,7.40000009536743
1354.682,19.7521839141846,7.40000009536743
1354.908,19.732608795166,7.40000009536743
1355.135,19.732608795166,7.40000009536743
1355.362,19.732608795166,7.40000009536743
1355.588,19.732608795166,7.40000009536743
1355.816,19.732608795166,7.40000009536743
1356.043,19.4976959228516,7.40000009536743
1356.27,19.732608795166,7.40000009536743
1356.497,18.9104156494141,7.40000009536743
1356.724,19.732608795166,7.40000009536743
1356.951,19.7130317687988,7.40000009536743
1357.179,19.7521839141846,7.40000009536743
1357.406,19.732608795166,7.40000009536743
1357.634,19.2823600769043,7.40000009536743
1357.861,19.732608795166,7.40000009536743
1358.088,19.7521839141846,7.40000009536743
1358.315,19.732608795166,7.40000009536743
1358.542,131.178771972656,64.0999984741211
1358.77,129.182022094727,64.0999984741211
1358.996,129.201599121094,64.0999984741211
1359.222,129.182022094727,64.0999984741211
1359.449,129.201599121094,64.0999984741211
1359.676,132.059692382812,64.0999984741211
1359.902,129.201599121094,64.0999984741211
1360.129,129.201599121094,64.0999984741211
1360.356,131.296234130859,64.0999984741211
1360.583,129.182022094727,64.0999984741211
1360.81,130.532775878906,64.0999984741211
1361.036,129.221176147461,64.0999984741211
1361.263,129.201599121094,31.6000003814697
1361.489,67.7721099853516,31.6000003814697
1361.716,67.7916870117188,31.6000003814697
1361.943,64.5224990844727,31.6000003814697
1362.17,67.7329635620117,31.6000003814697
1362.397,64.5224990844727,31.6000003814697
1362.625,67.7329635620117,31.6000003814697
1362.851,67.7329635620117,31.6000003814697
1363.078,67.7133865356445,31.6000003814697
1363.305,64.5029220581055,31.6000003814697
1363.532,67.7329635620117,31.6000003814697
1363.76,64.5029220581055,31.6000003814697
1363.986,65.5012969970703,31.6000003814697
1364.212,65.5404510498047,31.6000003814697
1364.439,65.4621429443359,31.6000003814697
1364.666,67.6938095092773,31.6000003814697
1364.894,64.5029220581055,31.6000003814697
1365.12,65.7949371337891,31.6000003814697
1365.347,64.5224990844727,31.6000003814697
1365.575,67.8112640380859,31.6000003814697
1365.802,67.7525329589844,31.6000003814697
1366.029,64.5029220581055,31.6000003814697
1366.255,67.7721099853516,31.6000003814697
1366.482,67.7916870117188,11.6999998092651
1366.709,27.4651279449463,11.6999998092651
1366.937,28.2285919189453,11.6999998092651
1367.164,28.2481689453125,11.6999998092651
1367.391,27.1714878082275,11.6999998092651
1367.618,28.2481689453125,11.6999998092651
1367.845,27.8370723724365,11.6999998092651
1368.072,28.2481689453125,11.6999998092651
1368.299,27.504280090332,11.6999998092651
1368.526,28.2481689453125,11.6999998092651
1368.753,28.2285919189453,11.6999998092651
1368.979,28.2481689453125,11.6999998092651
1369.206,28.2285919189453,11.6999998092651
1369.433,26.7995433807373,11.6999998092651
1369.659,28.2481689453125,11.6999998092651
1369.886,28.2285919189453,11.6999998092651
1370.113,27.8762245178223,11.6999998092651
1370.339,28.2481689453125,11.6999998092651
1370.567,28.2481689453125,11.6999998092651
1370.794,28.2481689453125,11.6999998092651
1371.021,28.2285919189453,11.6999998092651
1371.248,28.2285919189453,11.6999998092651
1371.476,27.7196159362793,11.6999998092651
1371.703,26.7995433807373,11.6999998092651
1371.931,28.2285919189453,11.6999998092651
1372.158,28.2481689453125,11.6999998092651
1372.385,27.7783432006836,11.6999998092651
1372.611,28.2481689453125,11.6999998092651
1372.838,28.2481689453125,11.6999998092651
1373.065,28.2285919189453,11.6999998092651
1373.292,28.2481689453125,11.6999998092651
1373.518,28.2285919189453,11.6999998092651
1373.745,27.5434322357178,11.6999998092651
1373.972,28.2285919189453,11.6999998092651
1374.199,26.7995433807373,11.6999998092651
1374.426,28.2285919189453,11.6999998092651
1374.653,28.2285919189453,11.6999998092651
1374.88,28.2285919189453,11.6999998092651
1375.106,28.2285919189453,11.6999998092651
1375.333,27.8762245178223,11.6999998092651
1375.561,28.2481689453125,11.6999998092651
1375.789,28.2481689453125,93.6999969482422
1376.016,188.007904052734,93.6999969482422
1376.243,188.066635131836,93.6999969482422
1376.47,188.047058105469,93.6999969482422
1376.697,188.066635131836,93.6999969482422
1376.924,188.027481079102,93.6999969482422
1377.151,188.027481079102,93.6999969482422
1377.378,188.007904052734,93.6999969482422
1377.605,188.125366210938,93.6999969482422
1377.831,188.047058105469,93.6999969482422
1378.058,188.027481079102,93.6999969482422
1378.284,188.047058105469,93.6999969482422
1378.51,188.027481079102,93.6999969482422
1378.737,187.988327026367,93.6999969482422
1378.963,188.007904052734,93.6999969482422
1379.191,188.007904052734,93.6999969482422
1379.417,188.027481079102,93.6999969482422
1379.643,188.066635131836,93.6999969482422
1379.87,188.007904052734,93.6999969482422
1380.097,188.027481079102,93.6999969482422
1380.324,188.047058105469,93.6999969482422
1380.55,188.027481079102,93.6999969482422
1380.776,188.047058105469,93.6999969482422
1381.002,187.988327026367,93.6999969482422
1381.229,188.497299194336,97.0999984741211
1381.456,194.742050170898,97.0999984741211
1381.683,194.742050170898,97.0999984741211
1381.909,194.742050170898,97.0999984741211
1382.136,194.722473144531,97.0999984741211
1382.363,194.761627197266,97.0999984741211
1382.59,194.761627197266,97.0999984741211
1382.817,194.722473144531,97.0999984741211
1383.043,194.742050170898,97.0999984741211
1383.27,194.761627197266,97.0999984741211
1383.497,194.761627197266,97.0999984741211
1383.724,194.742050170898,97.0999984741211
1383.95,194.742050170898,97.0999984741211
1384.177,141.240844726562,68.0999984741211
1384.403,139.811798095703,68.0999984741211
1384.63,138.813415527344,68.0999984741211
1384.858,137.1298828125,68.0999984741211
1385.085,137.149459838867,68.0999984741211
1385.312,138.813415527344,68.0999984741211
1385.539,137.110305786133,68.0999984741211
1385.766,138.010803222656,68.0999984741211
1385.992,169.136642456055,84.1999969482422
1386.219,169.136642456055,84.1999969482422
1386.446,169.156219482422,84.1999969482422
1386.673,169.136642456055,84.1999969482422
1386.899,169.821807861328,84.1999969482422
1387.126,169.156219482422,84.1999969482422
1387.353,169.175796508789,84.1999969482422
1387.579,169.802230834961,84.1999969482422
1387.807,169.117065429688,84.1999969482422
1388.034,169.117065429688,84.1999969482422
1388.261,169.117065429688,84.1999969482422
1388.488,169.156219482422,45.7000007629395
1388.714,92.5553283691406,45.7000007629395
1388.941,92.5749053955078,45.7000007629395
1389.167,95.8636703491211,45.7000007629395
1389.394,95.8636703491211,45.7000007629395
1389.62,92.594482421875,45.7000007629395
1389.847,92.5749053955078,45.7000007629395
1390.073,95.8440933227539,60.5999984741211
1390.3,124.562088012695,60.5999984741211
1390.526,122.291275024414,60.5999984741211
1390.753,122.408729553223,60.5999984741211
1390.98,125.521308898926,60.5999984741211
1391.207,122.310852050781,60.5999984741211
1391.433,125.521308898926,60.5999984741211
1391.659,125.482162475586,60.5999984741211
1391.885,125.521308898926,60.5999984741211
1392.111,125.501739501953,60.5999984741211
1392.338,125.286399841309,60.5999984741211
1392.565,122.310852050781,60.5999984741211
1392.791,125.521308898926,60.5999984741211
1393.019,125.305976867676,60.5999984741211
1393.246,124.953605651855,60.5999984741211
1393.473,122.271697998047,60.5999984741211
1393.7,123.974807739258,60.5999984741211
1393.927,122.25212097168,60.5999984741211
1394.153,125.501739501953,60.5999984741211
1394.379,125.521308898926,60.5999984741211
1394.606,124.973182678223,60.5999984741211
1394.833,122.702369689941,60.5999984741211
1395.059,125.521308898926,60.5999984741211
1395.285,125.521308898926,60.5999984741211
1395.512,125.501739501953,60.5999984741211
1395.739,122.291275024414,60.5999984741211
1395.965,125.501739501953,60.5999984741211
1396.192,125.247245788574,60.5999984741211
1396.419,122.232543945312,60.5999984741211
1396.646,125.521308898926,60.5999984741211
1396.874,122.232543945312,60.5999984741211
1397.101,122.232543945312,60.5999984741211
1397.328,124.934028625488,60.5999984741211
1397.555,122.25212097168,60.5999984741211
1397.781,125.521308898926,6.09999990463257
1398.008,17.1485767364502,6.09999990463257
1398.235,17.0898475646973,6.09999990463257
1398.462,17.1485767364502,6.09999990463257
1398.689,16.7570552825928,6.09999990463257
1398.915,17.0898475646973,6.09999990463257
1399.142,17.128999710083,6.09999990463257
1399.37,17.0506954193115,6.09999990463257
1399.597,17.128999710083,6.09999990463257
1399.824,17.0702724456787,6.09999990463257
1400.051,17.1094245910645,6.09999990463257
1400.278,17.1485767364502,6.09999990463257
1400.504,17.1485767364502,6.09999990463257
1400.732,17.1681518554688,6.09999990463257
1400.959,17.1094245910645,6.09999990463257
1401.186,17.1485767364502,6.09999990463257
1401.414,16.5025672912598,6.09999990463257
1401.641,17.0702724456787,6.09999990463257
1401.868,17.0702724456787,6.09999990463257
1402.094,17.1485767364502,6.09999990463257
1402.321,16.4829921722412,6.09999990463257
1402.548,17.0898475646973,54
1402.775,109.097045898438,54
1403.001,112.346664428711,54
1403.228,112.366241455078,54
1403.456,109.116622924805,24.6000003814697
1403.683,51.9938545227051,24.6000003814697
1403.909,53.8535766601562,24.6000003814697
1404.136,53.8731536865234,24.6000003814697
1404.363,51.3282737731934,24.6000003814697
1404.59,53.9123039245605,24.6000003814697
1404.816,52.6398658752441,24.6000003814697
1405.042,52.620288848877,24.6000003814697
1405.269,52.3266487121582,24.6000003814697
1405.496,53.8731536865234,24.6000003814697
1405.722,53.4033279418945,24.6000003814697
1405.949,52.0134315490723,24.6000003814697
1406.176,53.8731536865234,24.6000003814697
1406.403,50.9367523193359,24.6000003814697
1406.63,53.8927268981934,24.6000003814697
1406.857,51.289119720459,24.6000003814697
1407.084,53.8339996337891,24.6000003814697
1407.312,51.6023368835449,24.6000003814697
1407.539,52.2483444213867,24.6000003814697
1407.765,53.8339996337891,24.6000003814697
1407.992,53.8339996337891,24.6000003814697
1408.219,50.975902557373,24.6000003814697
1408.446,53.8339996337891,24.6000003814697
1408.673,51.9742813110352,24.6000003814697
1408.9,53.8535766601562,24.6000003814697
1409.127,51.3086967468262,24.6000003814697
1409.353,53.8731536865234,24.6000003814697
1409.58,53.8535766601562,24.6000003814697
1409.807,51.9742813110352,24.6000003814697
1410.033,53.8731536865234,24.6000003814697
1410.26,53.8731536865234,24.6000003814697
1410.487,52.2483444213867,24.6000003814697
1410.714,53.8535766601562,24.6000003814697
1410.941,51.2499694824219,24.6000003814697
1411.168,53.8535766601562,24.6000003814697
1411.395,51.6806411743164,24.6000003814697
1411.622,53.8339996337891,24.6000003814697
1411.849,51.289119720459,24.6000003814697
1412.075,53.8731536865234,24.6000003814697
1412.302,53.8731536865234,24.6000003814697
1412.528,52.3462257385254,24.6000003814697
1412.755,51.3282737731934,24.6000003814697
1412.983,53.8731536865234,24.6000003814697
1413.209,0.176183998584747,0
1413.437,0.195759996771812,0
1413.664,0.176183998584747,0
1413.892,0.176183998584747,0
1414.119,0.176183998584747,0
1414.347,0.195759996771812,0
1414.574,0.195759996771812,0
1414.8,0.176183998584747,0
1415.026,0.176183998584747,0
1415.253,0.195759996771812,0
1415.48,0.176183998584747,0
1415.707,0.195759996771812,0
1415.933,0.176183998584747,0
1416.16,0.195759996771812,0
1416.386,0.176183998584747,0
1416.613,0.176183998584747,0
1416.839,0.195759996771812,0
1417.065,0.176183998584747,0
1417.292,0.176183998584747,0
1417.519,0.176183998584747,0
1417.747,0.195759996771812,0
1417.974,0.176183998584747,0
1418.201,0.195759996771812,0
1418.428,0.176183998584747,0
1418.656,0.195759996771812,0
1418.882,0.176183998584747,0
1419.109,0.195759996771812,0
1419.335,0.176183998584747,0
1419.562,0.195759996771812,0
1419.789,0.176183998584747,10.1999998092651
1420.015,25.2334632873535,10.1999998092651
1420.243,25.2334632873535,10.1999998092651
1420.47,25.2530403137207,10.1999998092651
1420.697,25.2726154327393,10.1999998092651
1420.924,25.2530403137207,10.1999998092651
1421.151,24.6657600402832,10.1999998092651
1421.378,25.2334632873535,10.1999998092651
1421.605,25.213888168335,10.1999998092651
1421.832,25.2334632873535,10.1999998092651
1422.059,24.7244873046875,10.1999998092651
1422.287,25.2530403137207,10.1999998092651
1422.514,25.2334632873535,10.1999998092651
1422.741,24.6266078948975,10.1999998092651
1422.968,25.2334632873535,10.1999998092651
1423.195,24.3916969299316,10.1999998092651
1423.422,25.2334632873535,10.1999998092651
1423.649,24.4112720489502,94.5
1423.875,189.691436767578,94.5
1424.102,189.652282714844,94.5
1424.329,189.652282714844,94.5
1424.556,189.632705688477,94.5
1424.782,189.652282714844,94.5
1425.01,189.652282714844,94.5
1425.236,189.632705688477,94.5
1425.462,189.691436767578,94.5
1425.689,189.671859741211,94.5
1425.916,189.652282714844,94.5
1426.143,189.691436767578,94.5
1426.371,189.632705688477,94.5
1426.597,189.691436767578,94.5
1426.824,189.652282714844,94.5
1427.051,189.632705688477,94.5
1427.278,189.613143920898,94.5
1427.504,189.671859741211,94.5
1427.73,189.632705688477,64.0999984741211
1427.957,129.182022094727,64.0999984741211
1428.184,131.080902099609,64.0999984741211
1428.411,129.182022094727,64.0999984741211
1428.637,132.451217651367,64.0999984741211
1428.864,132.138000488281,64.0999984741211
1429.091,129.162445068359,64.0999984741211
1429.318,131.374542236328,64.0999984741211
1429.544,129.182022094727,64.0999984741211
1429.771,129.182022094727,64.0999984741211
1429.997,132.470794677734,64.0999984741211
1430.224,131.080902099609,64.0999984741211
1430.451,129.201599121094,64.0999984741211
1430.677,132.431640625,64.0999984741211
1430.905,132.07926940918,64.0999984741211
1431.133,131.981399536133,64.0999984741211
1431.36,131.707321166992,26.5
1431.586,55.830753326416,26.5
1431.812,55.8503265380859,26.5
1432.038,55.8111763000488,26.5
1432.265,55.4588088989258,26.5
1432.493,57.6904716491699,26.5
1432.719,57.6513214111328,26.5
1432.946,57.6317443847656,26.5
1433.173,54.812801361084,26.5
1433.4,57.6121673583984,26.5
1433.627,55.4979591369629,26.5
1433.854,57.6904716491699,26.5
1434.081,55.478385925293,26.5
1434.307,57.6513214111328,26.5
1434.533,57.6513214111328,26.5
1434.759,57.6513214111328,26.5
1434.986,57.6513214111328,26.5
1435.213,55.1847457885742,26.5
1435.439,57.6317443847656,26.5
1435.666,57.6121673583984,26.5
1435.894,55.1260147094727,26.5
1436.12,55.8894805908203,26.5
1436.347,55.1455917358398,26.5
1436.574,57.6317443847656,26.5
1436.801,55.5371131896973,26.5
1437.028,57.6513214111328,26.5
1437.255,54.8911056518555,26.5
1437.482,57.6121673583984,26.5
1437.708,55.830753326416,26.5
1437.935,54.7932243347168,26.5
1438.162,57.6317443847656,26.5
1438.388,56.5354881286621,26.5
1438.616,54.7540702819824,26.5
1438.843,54.7149200439453,26.5
1439.07,57.6513214111328,26.5
1439.298,55.7915992736816,26.5
1439.526,54.3821296691895,26.5
1439.752,57.5730171203613,26.5
1439.979,95.1393585205078,47
1440.206,98.4281311035156,47
1440.432,95.1197814941406,47
1440.659,95.1980895996094,47
1440.886,98.4085540771484,47
1441.114,95.1393585205078,47
1441.341,95.1197814941406,47
1441.568,98.4085540771484,47
1441.795,95.158935546875,47
1442.021,98.3889770507812,47
1442.247,0.195759996771812,0
1442.474,0.195759996771812,0
1442.701,0.195759996771812,0
1442.928,0.176183998584747,0
1443.154,0.195759996771812,0
1450.186,112.601150512695,54.0999984741211
1450.413,109.371109008789,54.0999984741211
1450.64,112.581573486328,54.0999984741211
1450.867,109.331962585449,54.0999984741211
1451.094,112.620727539062,54.0999984741211
1451.322,109.410263061523,54.0999984741211
1451.549,109.429840087891,54.0999984741211
1451.776,112.601150512695,54.0999984741211
1452.002,109.351539611816,54.0999984741211
1452.229,109.390686035156,54.0999984741211
1452.456,112.620727539062,54.0999984741211
1452.683,109.390686035156,54.0999984741211
1452.91,112.620727539062,54.0999984741211
1453.137,109.351539611816,54.0999984741211
1453.364,112.562004089355,54.0999984741211
1453.591,109.292808532715,54.0999984741211
1453.818,112.620727539062,54.0999984741211
1454.044,109.331962585449,54.0999984741211
1454.271,109.312385559082,54.0999984741211
1454.498,112.581573486328,54.0999984741211
1454.725,109.331962585449,54.0999984741211
1454.951,112.601150512695,54.0999984741211
1455.178,112.620727539062,54.0999984741211
1455.405,109.331962585449,54.0999984741211
1455.632,112.581573486328,54.0999984741211
1455.858,109.371109008789,54.0999984741211
1456.085,109.351539611816,54.0999984741211
1456.312,112.542427062988,54.0999984741211
1456.539,109.351539611816,54.0999984741211
1456.766,112.562004089355,54.0999984741211
1456.993,109.371109008789,54.0999984741211
1457.22,112.542427062988,54.0999984741211
1457.447,109.351539611816,54.0999984741211
1457.673,112.620727539062,54.0999984741211
1457.9,112.562004089355,54.0999984741211
1458.127,109.527717590332,54.0999984741211
1458.355,111.21125793457,54.0999984741211
1458.582,112.601150512695,54.0999984741211
1458.809,109.331962585449,54.0999984741211
1459.036,112.620727539062,54.0999984741211
1459.263,109.351539611816,54.0999984741211
1459.49,112.64030456543,54.0999984741211
1459.716,109.312385559082,54.0999984741211
1459.943,109.331962585449,54.0999984741211
1460.17,112.581573486328,54.0999984741211
1460.397,109.292808532715,48
1460.624,100.46403503418,48
1460.851,97.1556854248047,48
1461.079,100.444458007812,48
1461.305,100.444458007812,48
1461.532,100.444458007812,48
1461.758,97.136116027832,48
1461.985,97.1556854248047,48
1462.212,100.405303955078,48
1462.439,97.1948394775391,48
1462.666,100.346572875977,48
1462.893,97.136116027832,48
1463.12,100.46403503418,48
1463.347,97.1752624511719,48
1463.575,100.424880981445,48
1463.802,100.385726928711,48
1464.029,99.2503204345703,62.7000007629395
1464.256,129.064575195312,62.7000007629395
1464.483,126.363082885742,62.7000007629395
1464.71,129.436508178711,62.7000007629395
1464.938,126.363082885742,62.7000007629395
1465.164,126.323928833008,62.7000007629395
1465.39,126.382659912109,62.7000007629395
1465.617,126.421806335449,62.7000007629395
1465.844,129.632278442383,62.7000007629395
1466.071,126.421806335449,62.7000007629395
1466.297,129.632278442383,62.7000007629395
1466.524,129.044998168945,62.7000007629395
1466.751,126.382659912109,62.7000007629395
1466.978,129.475662231445,62.7000007629395
1467.205,126.382659912109,62.7000007629395
1467.431,129.65185546875,62.7000007629395
1467.658,128.751358032227,62.7000007629395
1467.885,126.382659912109,62.7000007629395
1468.112,129.632278442383,62.7000007629395
1468.339,126.363082885742,62.7000007629395
1468.566,129.553970336914,62.7000007629395
1468.793,126.382659912109,62.7000007629395
1469.02,129.632278442383,62.7000007629395
1469.247,126.382659912109,62.7000007629395
1469.473,129.632278442383,62.7000007629395
1469.7,129.103713989258,62.7000007629395
1469.927,126.363082885742,62.7000007629395
1470.154,129.456085205078,62.7000007629395
1470.381,126.363082885742,62.7000007629395
1470.608,129.416931152344,62.7000007629395
1470.835,126.421806335449,62.7000007629395
1471.062,128.829650878906,62.7000007629395
1471.289,126.323928833008,62.7000007629395
1471.517,128.770935058594,62.7000007629395
1471.744,128.418563842773,76.8000030517578
1471.97,154.552520751953,76.8000030517578
1472.196,154.552520751953,76.8000030517578
1472.422,154.474212646484,76.8000030517578
1472.649,154.552520751953,76.8000030517578
1472.876,155.648773193359,76.8000030517578
1473.102,154.611251831055,76.8000030517578
1473.329,154.532943725586,76.8000030517578
1473.556,155.315979003906,76.8000030517578
1473.783,154.552520751953,76.8000030517578
1474.009,156.333938598633,76.8000030517578
1474.235,156.333938598633,76.8000030517578
1474.461,156.00114440918,76.8000030517578
1474.687,156.00114440918,76.8000030517578
1474.914,154.552520751953,76.8000030517578
1475.141,154.57209777832,76.8000030517578
1475.367,157.508499145508,76.8000030517578
1475.594,154.904891967773,76.8000030517578
1475.821,154.57209777832,76.8000030517578
1476.048,154.552520751953,76.8000030517578
1476.275,154.591674804688,76.8000030517578
1476.502,155.942413330078,76.8000030517578
1476.729,155.276824951172,76.8000030517578
1476.956,155.570465087891,76.8000030517578
1477.182,154.552520751953,76.8000030517578
1477.408,154.57209777832,17.6000003814697
1477.635,38.0361671447754,17.6000003814697
1477.862,40.0133438110352,17.6000003814697
1478.088,39.8763122558594,17.6000003814697
1478.314,39.5239448547363,17.6000003814697
1478.542,39.1715774536133,17.6000003814697
1478.769,38.0948944091797,17.6000003814697
1478.995,39.974193572998,17.6000003814697
1479.221,40.0133438110352,17.6000003814697
1479.448,39.993766784668,17.6000003814697
1479.675,38.799633026123,17.6000003814697
1479.902,39.974193572998,17.6000003814697
1480.129,38.0165939331055,17.6000003814697
1480.356,39.993766784668,17.6000003814697
1480.582,39.5043678283691,17.6000003814697
1480.809,39.1324234008789,17.6000003814697
1481.036,39.993766784668,17.6000003814697
1481.263,39.0932731628418,17.6000003814697
1481.489,40.0133438110352,17.6000003814697
1481.715,39.993766784668,17.6000003814697
1481.942,40.0133438110352,17.6000003814697
1482.168,39.993766784668,17.6000003814697
1482.394,40.0133438110352,17.6000003814697
1482.621,38.7409057617188,17.6000003814697
1482.848,40.0133438110352,17.6000003814697
1483.075,39.1911506652832,17.6000003814697
1483.302,40.0133438110352,17.6000003814697
1483.528,39.5435218811035,17.6000003814697
1483.754,40.0133438110352,17.6000003814697
1483.981,37.6837997436523,17.6000003814697
1484.207,40.0133438110352,17.6000003814697
1484.433,39.993766784668,17.6000003814697
1484.66,39.974193572998,17.6000003814697
1484.887,39.0345458984375,17.6000003814697
1485.114,40.0133438110352,17.6000003814697
1485.341,39.1520004272461,17.6000003814697
1485.568,40.0133438110352,17.6000003814697
1485.795,38.8387832641602,17.6000003814697
1486.021,40.0133438110352,17.6000003814697
1486.248,40.0133438110352,17.6000003814697
1486.475,38.4864158630371,17.6000003814697
1486.701,40.0329208374023,17.6000003814697
1486.929,40.0329208374023,50.0999984741211
1487.156,104.614143371582,50.0999984741211
1487.383,101.344955444336,50.0999984741211
1487.609,104.614143371582,50.0999984741211
1487.837,104.653297424316,50.0999984741211
1488.064,104.594566345215,50.0999984741211
1488.291,101.384101867676,50.0999984741211
1488.518,104.614143371582,50.0999984741211
1488.745,101.325378417969,50.0999984741211
1488.972,104.614143371582,50.0999984741211
1489.199,101.384101867676,50.0999984741211
1489.426,104.614143371582,50.0999984741211
1489.653,101.384101867676,52.2999992370605
1489.879,108.979591369629,52.2999992370605
1490.106,108.960014343262,52.2999992370605
1490.333,105.788703918457,0
1490.56,0.195759996771812,0
1490.788,0.176183998584747,0
1491.015,0.176183998584747,0
1491.242,0.195759996771812,0
1491.47,0.195759996771812,0
1491.697,0.195759996771812,0
1491.924,0.176183998584747,0
1492.151,0.195759996771812,0
1492.378,0.195759996771812,0
1492.606,0.195759996771812,0
1492.833,0.195759996771812,0
1493.06,0.176183998584747,0
1493.287,0.195759996771812,0
1493.513,0.195759996771812,0
1493.74,0.195759996771812,0
1493.968,0.176183998584747,0
1494.194,0.195759996771812,0
1494.421,0.195759996771812,0
1494.648,0.195759996771812,0
1494.875,0.176183998584747,0
1495.102,0.195759996771812,0
1495.329,0.195759996771812,0
1495.556,0.195759996771812,0
1495.783,0.195759996771812,0
1496.009,0.195759996771812,0
1496.236,0.195759996771812,0
1496.463,0.195759996771812,0
1496.69,0.176183998584747,0
1496.917,0.195759996771812,0
1497.144,0.195759996771812,0
1497.372,0.195759996771812,0
1497.599,188.869247436523,94.0999984741211
1497.826,188.849670410156,94.0999984741211
1498.053,188.888824462891,94.0999984741211
1498.28,188.888824462891,94.0999984741211
1498.508,188.908401489258,94.0999984741211
1498.735,188.849670410156,94.0999984741211
1498.961,188.849670410156,94.0999984741211
1499.187,188.869247436523,9.30000019073486
1499.414,23.5303516387939,9.30000019073486
1499.641,22.3557929992676,9.30000019073486
1499.868,23.4911994934082,9.30000019073486
1500.095,23.4520473480225,9.30000019073486
1500.322,23.5107765197754,9.30000019073486
1500.548,23.4911994934082,9.30000019073486
1500.776,23.4911994934082,9.30000019073486
1501.002,23.5107765197754,9.30000019073486
1501.229,22.6885833740234,9.30000019073486
1501.455,23.4716243743896,9.30000019073486
1501.682,23.4716243743896,9.30000019073486
1501.909,23.5107765197754,9.30000019073486
1502.136,23.4911994934082,9.30000019073486
1502.363,23.4911994934082,9.30000019073486
1502.59,23.5107765197754,9.30000019073486
1502.816,23.4716243743896,9.30000019073486
1503.043,23.4520473480225,9.30000019073486
1503.27,23.5303516387939,9.30000019073486
1503.498,23.4911994934082,9.30000019073486
1503.725,23.4911994934082,9.30000019073486
1503.952,23.5499286651611,9.30000019073486
1504.178,23.4911994934082,9.30000019073486
1504.405,23.4911994934082,9.30000019073486
1504.631,23.4716243743896,9.30000019073486
1504.858,23.5107765197754,9.30000019073486
1505.085,23.5499286651611,9.30000019073486
1505.311,23.5303516387939,9.30000019073486
1505.537,23.4911994934082,9.30000019073486
1505.764,23.5107765197754,9.30000019073486
1505.991,22.7473125457764,9.30000019073486
1506.218,23.5107765197754,9.30000019073486
1506.445,23.5107765197754,0
1506.671,0.195759996771812,0
1506.899,0.195759996771812,0
1507.125,0.176183998584747,0
1507.352,0.195759996771812,0
1507.579,0.195759996771812,0
1507.806,0.195759996771812,0
1508.032,0.176183998584747,0
1508.259,0.195759996771812,0
1508.486,0.195759996771812,0
1508.713,0.195759996771812,0
1508.939,0.176183998584747,0
1509.166,0.195759996771812,0
1509.393,0.195759996771812,0
1509.62,0.195759996771812,0
1509.847,0.195759996771812,0
1510.074,0.195759996771812,0
1510.301,0.195759996771812,0
1510.527,0.176183998584747,0
1510.753,0.195759996771812,0
1510.98,0.195759996771812,0
1511.207,0.195759996771812,0
1511.434,0.176183998584747,0
1511.66,0.195759996771812,0
1511.887,0.195759996771812,0
1512.115,0.195759996771812,0
1512.341,0.176183998584747,0
1512.568,0.195759996771812,0
1512.795,0.195759996771812,0
1513.023,0.176183998584747,0
1513.25,0.195759996771812,76.1999969482422
1513.477,153.280075073242,76.1999969482422
1513.704,154.630828857422,76.1999969482422
1513.931,153.280075073242,76.1999969482422
1514.158,154.317611694336,76.1999969482422
1514.385,153.260498046875,76.1999969482422
1514.612,153.710754394531,67
1514.839,134.956939697266,67
1515.066,136.092346191406,67
1515.293,134.976516723633,67
1515.52,137.423522949219,67
1515.747,134.917785644531,67
1515.974,138.108673095703,67
1516.201,134.956939697266,67
1516.427,137.795471191406,67
1516.653,138.147827148438,67
1516.88,138.206558227539,67
1517.107,134.956939697266,67
1517.334,136.425140380859,64.1999969482422
1517.561,129.397354125977,64.1999969482422
1517.788,132.29460144043,64.1999969482422
1518.015,129.416931152344,64.1999969482422
1518.242,130.845977783203,64.1999969482422
1518.47,129.456085205078,64.1999969482422
1518.698,129.416931152344,64.1999969482422
1518.926,129.436508178711,64.1999969482422
1519.153,129.416931152344,64.1999969482422
1519.379,132.64697265625,64.1999969482422
1519.605,132.64697265625,64.1999969482422
1519.832,132.255462646484,64.1999969482422
1520.059,129.377777099609,64.1999969482422
1520.286,131.942245483398,64.1999969482422
1520.512,129.416931152344,64.1999969482422
1520.739,129.377777099609,64.1999969482422
1520.966,131.903091430664,64.1999969482422
1521.193,129.416931152344,64.1999969482422
1521.419,132.64697265625,64.1999969482422
1521.645,132.627395629883,64.1999969482422
1521.872,131.159194946289,64.1999969482422
1522.098,129.416931152344,64.1999969482422
1522.325,129.397354125977,64.1999969482422
1522.553,86.3301620483398,37.0999984741211
1522.78,78.6759414672852,37.0999984741211
1523.006,75.719970703125,37.0999984741211
1523.233,75.4459075927734,37.0999984741211
1523.461,78.6759414672852,37.0999984741211
1523.689,78.6955184936523,37.0999984741211
1523.916,78.6759414672852,37.0999984741211
1524.143,75.4459075927734,37.0999984741211
1524.37,100.581489562988,48.0999984741211
1524.597,97.3906021118164,48.0999984741211
1524.824,32.2025184631348,13.6999998092651
1525.05,32.2025184631348,13.6999998092651
1525.277,32.222095489502,13.6999998092651
1525.504,32.222095489502,13.6999998092651
1525.731,31.5369358062744,13.6999998092651
1525.958,32.222095489502,13.6999998092651
1526.185,31.2041435241699,13.6999998092651
1526.412,32.222095489502,13.6999998092651
1526.639,31.5369358062744,13.6999998092651
1526.867,32.222095489502,22.3999996185303
1527.094,49.5272789001465,22.3999996185303
1527.32,48.9008483886719,22.3999996185303
1527.546,48.5093269348145,22.3999996185303
1527.772,48.6463584899902,22.3999996185303
1527.999,46.5125770568848,22.3999996185303
1528.226,49.4685516357422,22.3999996185303
1528.453,47.5109519958496,22.3999996185303
1528.679,49.4881286621094,22.3999996185303
1528.907,49.5077056884766,22.3999996185303
1529.133,49.5272789001465,22.3999996185303
1529.36,49.4685516357422,22.3999996185303
1529.586,49.4881286621094,22.3999996185303
1529.813,48.0003509521484,22.3999996185303
1530.039,49.5077056884766,22.3999996185303
1530.266,49.5077056884766,22.3999996185303
1530.493,47.2956161499023,22.3999996185303
1530.72,49.4881286621094,22.3999996185303
1530.947,47.6284065246582,22.3999996185303
1531.174,49.5077056884766,22.3999996185303
1531.401,47.9807777404785,22.3999996185303
1531.628,49.5077056884766,22.3999996185303
1531.855,47.902473449707,22.3999996185303
1532.081,49.4881286621094,22.3999996185303
1532.308,49.5077056884766,22.3999996185303
1532.535,48.0003509521484,22.3999996185303
1532.762,49.5272789001465,22.3999996185303
1532.99,48.2548408508301,22.3999996185303
1533.217,46.5908813476562,22.3999996185303
1533.445,49.5272789001465,22.3999996185303
1533.671,49.5077056884766,22.3999996185303
1533.898,49.4881286621094,22.3999996185303
1534.125,47.6675605773926,65.3000030517578
1534.352,133.625778198242,65.3000030517578
1534.579,131.64860534668,65.3000030517578
1534.806,134.682876586914,65.3000030517578
1535.032,131.668182373047,65.3000030517578
1535.259,131.64860534668,65.3000030517578
1535.486,133.978149414062,65.3000030517578
1535.713,131.668182373047,65.3000030517578
1535.939,134.937362670898,65.3000030517578
1536.165,134.976516723633,65.3000030517578
1536.392,133.782379150391,65.3000030517578
1536.619,131.707321166992,65.3000030517578
1536.846,132.64697265625,65.3000030517578
1537.073,131.687759399414,65.3000030517578
1537.3,134.878646850586,65.3000030517578
1537.527,131.668182373047,65.3000030517578
1537.753,134.878646850586,65.3000030517578
1537.979,134.859069824219,65.3000030517578
1538.206,133.606201171875,65.3000030517578
1538.433,131.64860534668,65.3000030517578
1538.66,134.330505371094,65.3000030517578
1538.887,131.668182373047,65.3000030517578
1539.113,134.917785644531,65.3000030517578
1539.339,134.800338745117,65.3000030517578
1539.565,134.937362670898,65.3000030517578
1539.792,133.684509277344,65.3000030517578
1540.019,131.687759399414,65.3000030517578
1540.245,134.761184692383,65.3000030517578
1540.471,134.956939697266,65.3000030517578
1540.699,133.762802124023,65.3000030517578
1540.927,133.351715087891,65.3000030517578
1541.153,134.937362670898,65.3000030517578
1541.38,134.036865234375,65.3000030517578
1541.606,131.668182373047,65.3000030517578
1541.833,131.668182373047,65.3000030517578
1542.06,133.273406982422,65.3000030517578
1542.286,131.64860534668,65.3000030517578
1542.514,131.64860534668,65.3000030517578
1542.741,131.668182373047,65.3000030517578
1542.968,134.447967529297,65.3000030517578
1543.195,131.668182373047,65.3000030517578
1543.422,134.42839050293,65.3000030517578
1543.649,131.668182373047,65.3000030517578
1543.876,133.586624145508,65.3000030517578
1544.103,131.668182373047,65.3000030517578
1544.331,134.408813476562,65.3000030517578
1544.558,134.369659423828,65.3000030517578
1544.785,131.687759399414,79.5999984741211
1545.012,159.994644165039,79.5999984741211
1545.239,159.975067138672,79.5999984741211
1545.466,160.288284301758,79.5999984741211
1545.694,160.014221191406,79.5999984741211
1545.92,159.994644165039,79.5999984741211
1546.147,160.033798217773,79.5999984741211
1546.373,161.423690795898,79.5999984741211
1546.6,160.307861328125,79.5999984741211
1546.827,160.053375244141,79.5999984741211
1547.053,161.69775390625,79.5999984741211
1547.279,161.0517578125,79.5999984741211
1547.506,160.69938659668,79.5999984741211
1547.733,160.014221191406,79.5999984741211
1547.96,160.444900512695,79.5999984741211
1548.187,160.014221191406,79.5999984741211
1548.414,160.053375244141,79.5999984741211
1548.641,160.033798217773,79.5999984741211
1548.868,168.7451171875,86.4000015258789
1549.096,173.619537353516,86.4000015258789
1549.323,173.619537353516,86.4000015258789
1549.55,173.619537353516,86.4000015258789
1549.776,173.599975585938,86.4000015258789
1550.003,173.599975585938,86.4000015258789
1550.23,173.58039855957,86.4000015258789
1550.457,173.58039855957,86.4000015258789
1550.685,29.8533992767334,12.5
1550.911,29.8533992767334,12.5
1551.138,29.8729763031006,12.5
1551.364,29.8729763031006,12.5
1551.591,111.113372802734,55
1551.818,114.343414306641,55
1552.046,111.074226379395,55
1552.273,34.0230865478516,15
1552.5,34.8061294555664,15
1552.727,32.8876800537109,15
1552.955,34.8257026672363,15
1553.182,34.8061294555664,15
1553.409,33.9252090454102,15
1553.635,34.8061294555664,15
1553.862,34.8061294555664,15
1554.089,34.257999420166,15
1554.316,34.8257026672363,15
1554.543,33.5728416442871,15
1554.77,34.8257026672363,15
1554.997,33.9447822570801,15
1555.224,34.8061294555664,15
1555.451,34.3363037109375,15
1555.678,34.8061294555664,19
1555.905,40.3069839477539,19
1556.132,42.7539825439453,8.69999980926514
1556.359,21.9446964263916,8.69999980926514
1556.586,22.2579116821289,8.69999980926514
1556.812,22.2970638275146,8.69999980926514
1557.04,22.2187595367432,8.69999980926514
1557.266,22.2579116821289,8.69999980926514
1557.493,21.2986888885498,8.69999980926514
1557.72,22.2970638275146,52.2000007629395
1557.947,105.55379486084,52.2000007629395
1558.174,108.803405761719,52.2000007629395
1558.401,105.514640808105,52.2000007629395
1558.627,108.803405761719,52.2000007629395
1558.855,108.803405761719,52.2000007629395
1559.082,108.803405761719,52.2000007629395
1559.309,105.55379486084,52.2000007629395
1559.536,108.783828735352,52.2000007629395
1559.763,105.59294128418,52.2000007629395
1559.989,108.803405761719,52.2000007629395
1560.216,108.803405761719,52.2000007629395
1560.443,105.573371887207,52.2000007629395
1560.67,108.744682312012,52.2000007629395
1560.897,105.573371887207,52.2000007629395
1561.124,108.783828735352,52.2000007629395
1561.351,105.573371887207,52.2000007629395
1561.578,108.803405761719,52.2000007629395
1561.805,105.632095336914,52.2000007629395
1562.032,108.803405761719,52.2000007629395
1562.26,105.573371887207,39.7000007629395
1562.487,80.6531219482422,39.7000007629395
1562.714,83.8831634521484,39.7000007629395
1562.942,80.5943908691406,39.7000007629395
1563.169,80.5943908691406,39.7000007629395
1563.395,83.8831634521484,39.7000007629395
1563.622,83.8831634521484,39.7000007629395
1563.849,80.5552368164062,39.7000007629395
1564.075,83.8831634521484,39.7000007629395
1564.302,83.8635864257812,39.7000007629395
1564.529,80.5748138427734,39.7000007629395
1564.755,83.8831634521484,39.7000007629395
1564.982,83.8635864257812,39.7000007629395
1565.208,80.5943908691406,39.7000007629395
1565.435,80.5943908691406,39.7000007629395
1565.662,83.8635864257812,39.7000007629395
1565.889,80.633544921875,39.7000007629395
1566.116,83.8635864257812,39.7000007629395
1566.343,80.6531219482422,39.7000007629395
1566.571,83.8635864257812,39.7000007629395
1566.798,83.8831634521484,35.5
1567.026,72.255012512207,35.5
1567.253,72.2354431152344,35.5
1567.479,75.5437850952148,43.4000015258789
1567.706,91.263313293457,43.4000015258789
1567.933,88.0332717895508,43.4000015258789
1568.16,91.263313293457,88.6999969482422
1568.386,178.122024536133,88.6999969482422
1568.613,178.102447509766,88.6999969482422
1568.841,178.1416015625,88.6999969482422
1569.068,178.102447509766,88.6999969482422
1569.295,178.180755615234,88.6999969482422
1569.522,178.122024536133,88.6999969482422
1569.75,178.102447509766,88.6999969482422
1569.977,178.161178588867,88.6999969482422
1570.205,178.1416015625,88.6999969482422
1570.432,178.1416015625,88.6999969482422
1570.659,178.1416015625,88.6999969482422
1570.886,178.102447509766,88.6999969482422
1571.113,178.082870483398,88.6999969482422
1571.34,178.102447509766,88.6999969482422
1571.567,178.1416015625,88.6999969482422
1571.795,178.082870483398,88.6999969482422
1572.022,178.49397277832,88.6999969482422
1572.249,178.102447509766,88.6999969482422
1572.476,178.122024536133,88.6999969482422
1572.702,178.122024536133,88.6999969482422
1572.929,178.122024536133,88.6999969482422
1573.155,178.259063720703,88.6999969482422
1573.382,178.082870483398,88.6999969482422
1573.609,178.1416015625,88.6999969482422
1573.836,178.1416015625,88.6999969482422
1574.062,178.122024536133,88.6999969482422
1574.289,178.102447509766,88.6999969482422
1574.516,178.122024536133,88.6999969482422
1574.744,178.102447509766,88.6999969482422
1574.971,178.1416015625,88.6999969482422
1575.199,178.063293457031,88.6999969482422
1575.425,178.239486694336,88.6999969482422
1575.652,178.122024536133,88.6999969482422
1575.879,23.6282329559326,9.19999980926514
1576.106,23.2954406738281,9.19999980926514
1576.332,23.2954406738281,9.19999980926514
1576.559,23.2954406738281,9.19999980926514
1576.786,23.2954406738281,9.19999980926514
1577.013,22.5907039642334,9.19999980926514
1577.239,23.2954406738281,9.19999980926514
1577.466,23.3150157928467,9.19999980926514
1577.693,187.048675537109,93.1999969482422
1577.92,187.068252563477,93.1999969482422
1578.146,187.029098510742,93.1999969482422
1578.373,187.068252563477,93.1999969482422
1578.601,187.029098510742,93.1999969482422
1578.829,187.029098510742,93.1999969482422
1579.056,187.048675537109,93.1999969482422
1579.283,187.009521484375,93.1999969482422
1579.509,186.989959716797,93.1999969482422
1579.736,187.029098510742,93.1999969482422
1579.964,187.009521484375,93.1999969482422
1580.191,187.048675537109,93.1999969482422
1580.418,187.029098510742,93.1999969482422
1580.645,187.048675537109,93.1999969482422
1580.872,187.009521484375,93.1999969482422
1581.099,187.048675537109,93.1999969482422
1581.326,187.009521484375,93.1999969482422
1581.553,187.048675537109,93.1999969482422
1581.779,187.087829589844,93.1999969482422
1582.006,187.048675537109,93.1999969482422
1582.233,187.048675537109,93.1999969482422
1582.461,187.068252563477,93.1999969482422
1582.688,187.068252563477,93.1999969482422
1582.914,187.048675537109,93.1999969482422
1583.141,187.009521484375,93.1999969482422
1583.368,187.048675537109,93.1999969482422
1583.595,187.087829589844,93.1999969482422
1583.821,187.048675537109,93.1999969482422
1584.048,187.087829589844,93.1999969482422
1584.274,187.048675537109,93.1999969482422
1584.501,187.087829589844,93.1999969482422
1584.728,187.048675537109,41.2999992370605
1584.955,83.8048553466797,41.2999992370605
1585.181,87.1523513793945,41.2999992370605
1585.408,87.0936279296875,41.2999992370605
1585.635,83.8440093994141,22
1585.861,48.7050895690918,22
1586.088,48.7050895690918,22
1586.315,47.1977348327637,22
1586.542,48.7442398071289,22
1586.768,47.5696792602539,22
1586.994,48.7246627807617,22
1587.221,47.4913749694824,22
1587.448,48.7246627807617,22
1587.675,47.0802803039551,22
1587.901,48.7050895690918,22
1588.127,48.7442398071289,22
1588.354,48.7442398071289,22
1588.581,47.1585845947266,22
1588.809,48.7442398071289,22
1589.036,48.6855125427246,22
1589.263,46.8062171936035,22
1589.491,48.7442398071289,22
1589.718,48.7050895690918,22
1589.945,47.4913749694824,22
1590.171,48.7050895690918,22
1590.397,48.7246627807617,22
1590.624,48.7442398071289,22
1590.85,48.5876312255859,22
1591.077,47.5305290222168,22
1591.304,48.7050895690918,22
1591.532,46.8649444580078,22
1591.759,46.4930000305176,22
1591.985,48.7442398071289,22
1592.665,48.7050895690918,59.0999984741211
1592.892,122.506607055664,59.0999984741211
1593.119,119.276565551758,59.0999984741211
1593.346,122.506607055664,59.0999984741211
1593.573,119.237419128418,59.0999984741211
1593.799,122.506607055664,59.0999984741211
1594.025,122.506607055664,59.0999984741211
1594.252,122.134666442871,59.0999984741211
1594.48,119.256988525391,59.0999984741211
1594.707,119.296142578125,59.0999984741211
1594.934,122.506607055664,59.0999984741211
1595.16,119.217842102051,59.0999984741211
1595.387,119.237419128418,0
1595.613,0.176183998584747,0
1595.84,0.195759996771812,0
1596.066,0.195759996771812,0
1596.292,0.176183998584747,0
1596.519,0.195759996771812,0
1596.746,0.195759996771812,0
1596.973,0.195759996771812,0
1597.2,0.176183998584747,0
1597.427,0.195759996771812,0
1597.654,0.195759996771812,0
1597.88,0.195759996771812,0
1598.106,0.176183998584747,0
1598.333,0.195759996771812,0
1598.56,0.195759996771812,0
1598.786,0.176183998584747,0
1599.012,0.195759996771812,0
1599.239,0.176183998584747,0
1599.465,0.195759996771812,0
1599.692,0.176183998584747,0
1599.918,0.195759996771812,0
1600.145,0.195759996771812,0
1600.373,0.176183998584747,0
1600.6,0.176183998584747,0
1600.826,0.195759996771812,18.3999996185303
1601.054,40.5614738464355,18.3999996185303
1601.281,40.6397743225098,18.3999996185303
1601.508,41.5794258117676,18.3999996185303
1601.736,40.2091026306152,18.3999996185303
1601.962,40.9138412475586,18.3999996185303
1602.189,39.7980079650879,18.3999996185303
1602.416,41.6577262878418,18.3999996185303
1602.643,39.1911506652832,18.3999996185303
1602.871,41.6381530761719,18.3999996185303
1603.098,41.5598487854004,18.3999996185303
1603.325,39.8958892822266,18.3999996185303
1603.552,41.5794258117676,18.3999996185303
1603.78,39.5043678283691,18.3999996185303
1604.007,40.2091026306152,18.3999996185303
1604.235,41.5402717590332,18.3999996185303
1604.461,41.5402717590332,18.3999996185303
1604.688,41.5794258117676,18.3999996185303
1604.915,40.5810470581055,18.3999996185303
1605.142,41.5402717590332,18.3999996185303
1605.368,41.2466316223145,18.3999996185303
1605.595,40.502742767334,18.3999996185303
1605.822,41.5402717590332,18.3999996185303
1606.049,40.2286796569824,18.3999996185303
1606.276,41.5989990234375,18.3999996185303
1606.503,40.502742767334,18.3999996185303
1606.729,41.5989990234375,18.3999996185303
1606.955,41.5794258117676,18.3999996185303
1607.182,41.5598487854004,18.3999996185303
1607.409,39.8763122558594,18.3999996185303
1607.636,41.5794258117676,18.3999996185303
1607.863,40.1307983398438,18.3999996185303
1608.089,41.5794258117676,18.3999996185303
1608.316,41.5598487854004,18.3999996185303
1608.542,40.9334144592285,18.3999996185303
1608.768,41.2270545959473,18.3999996185303
1608.995,41.3249359130859,18.3999996185303
1609.223,41.5402717590332,18.3999996185303
1609.451,41.5402717590332,47.7999992370605
1609.678,100.033363342285,47.7999992370605
1609.905,96.7445907592773,47.7999992370605
1610.132,100.033363342285,47.7999992370605
1610.358,96.7837448120117,47.7999992370605
1610.585,96.7641677856445,47.7999992370605
1610.811,100.052932739258,47.7999992370605
1611.037,100.052932739258,47.7999992370605
1611.264,100.033363342285,47.7999992370605
1611.49,96.7837448120117,47.7999992370605
1611.716,96.7641677856445,77.5
1611.943,155.805389404297,77.5
1612.17,157.038665771484,77.5
1612.396,155.824966430664,88.1999969482422
1612.623,177.064926147461,88.1999969482422
1612.85,177.182373046875,88.1999969482422
1613.077,177.104064941406,88.1999969482422
1613.305,177.084503173828,88.1999969482422
1613.532,177.123641967773,88.1999969482422
1613.758,177.104064941406,88.1999969482422
1613.985,177.104064941406,88.1999969482422
1614.212,177.064926147461,88.1999969482422
1614.439,177.045349121094,14.6999998092651
1614.665,34.257999420166,14.6999998092651
1614.891,34.2384223937988,14.6999998092651
1615.117,34.257999420166,63
1615.344,130.180404663086,63
1615.57,127.009086608887,63
1615.797,126.98950958252,63
1616.024,129.984634399414,63
1616.251,127.028663635254,63
1616.477,130.2978515625,63
1616.705,128.594741821289,63
1616.932,128.398986816406,63
1617.159,126.969932556152,63
1617.386,129.749725341797,63
1617.613,127.009086608887,63
1618.293,130.278274536133,63
1618.519,130.258697509766,63
1618.746,129.338638305664,63
1618.972,126.98950958252,63
1619.199,127.009086608887,63
1619.426,130.043365478516,63
1619.652,127.028663635254,97.6999969482422
1619.878,195.759994506836,97.6999969482422
1620.105,195.759994506836,97.6999969482422
1620.332,195.759994506836,97.6999969482422
1620.558,195.759994506836,97.6999969482422
1620.785,195.759994506836,97.6999969482422
1621.011,195.759994506836,97.6999969482422
1621.237,195.759994506836,97.6999969482422
1621.463,195.759994506836,97.6999969482422
1621.69,195.759994506836,97.6999969482422
1621.916,195.759994506836,97.6999969482422
1622.142,195.759994506836,97.6999969482422
1622.369,195.759994506836,97.6999969482422
1622.596,195.759994506836,97.6999969482422
1622.823,195.759994506836,97.6999969482422
1623.05,195.759994506836,97.6999969482422
1623.276,195.759994506836,97.6999969482422
1623.503,195.759994506836,97.6999969482422
1623.73,195.759994506836,97.6999969482422
1623.958,195.759994506836,97.6999969482422
1624.185,195.759994506836,97.6999969482422
1624.412,195.759994506836,97.6999969482422
1624.639,195.759994506836,97.6999969482422
1624.865,195.759994506836,88.3000030517578
1625.092,177.338989257812,88.3000030517578
1625.318,177.378143310547,88.3000030517578
1625.545,177.35856628418,88.3000030517578
1625.771,178.219909667969,88.3000030517578
1625.999,177.35856628418,88.3000030517578
1626.226,177.35856628418,25.2999992370605
1626.453,53.2858734130859,25.2999992370605
1626.679,55.2826232910156,25.2999992370605
1626.906,55.32177734375,25.2999992370605
1627.133,53.3054466247559,25.2999992370605
1627.36,55.2630462646484,25.2999992370605
1627.587,52.4245300292969,25.2999992370605
1627.814,55.2826232910156,25.2999992370605
1628.04,54.6366157531738,25.2999992370605
1628.267,52.8943519592285,25.2999992370605
1628.495,55.2238960266113,25.2999992370605
1628.722,55.2630462646484,25.2999992370605
1628.948,54.6366157531738,25.2999992370605
1629.175,53.5990867614746,25.2999992370605
1629.402,55.2826232910156,25.2999992370605
1629.629,52.8943519592285,25.2999992370605
1629.855,55.2630462646484,25.2999992370605
1630.082,55.2630462646484,25.2999992370605
1630.309,52.5615615844727,25.2999992370605
1630.536,65.6970596313477,43.7000007629395
1630.763,88.5813980102539,43.7000007629395
1630.99,91.8114395141602,43.7000007629395
1631.216,88.5618209838867,43.7000007629395
1631.443,88.5813980102539,43.7000007629395
1631.669,91.8505935668945,43.7000007629395
1631.897,91.8114395141602,43.7000007629395
1632.124,91.8310165405273,43.7000007629395
1632.351,88.5422515869141,43.7000007629395
1632.578,91.8114395141602,43.7000007629395
1632.805,88.5813980102539,43.7000007629395
1633.032,91.8310165405273,43.7000007629395
1633.259,88.5813980102539,43.7000007629395
1633.486,91.8310165405273,43.7000007629395
1633.712,50.2515907287598,23.2999992370605
1633.939,48.8225440979004,23.2999992370605
1634.165,51.2499694824219,23.2999992370605
1634.391,129.084136962891,62.4000015258789
1634.617,129.084136962891,62.4000015258789
1634.843,129.084136962891,62.4000015258789
1635.07,128.810073852539,62.4000015258789
1635.297,125.834526062012,62.4000015258789
1635.523,129.084136962891,62.4000015258789
1635.75,128.927536010742,62.4000015258789
1635.977,176.732131958008,88
1636.204,176.712554931641,11.8999996185303
1636.431,28.6396884918213,11.8999996185303
1636.658,28.6592636108398,11.8999996185303
1636.885,28.6005363464355,11.8999996185303
1637.112,28.6592636108398,11.8999996185303
1637.339,28.5026569366455,11.8999996185303
1637.565,28.6005363464355,11.8999996185303
1637.793,28.6201114654541,11.8999996185303
1638.019,28.6396884918213,11.8999996185303
1638.246,28.678840637207,11.8999996185303
1638.472,28.6592636108398,11.8999996185303
1638.699,26.58420753479,11.8999996185303
1638.925,28.6201114654541,11.8999996185303
1639.152,28.6201114654541,11.8999996185303
1639.38,27.1323356628418,11.8999996185303
1639.607,27.4455528259277,11.8999996185303
1639.834,28.6201114654541,0
1640.062,0.195759996771812,0
1640.289,0.195759996771812,0
1640.516,0.195759996771812,0
1640.742,0.195759996771812,0
1640.969,0.195759996771812,0
1641.196,0.195759996771812,0
1641.422,0.195759996771812,0
1641.649,0.195759996771812,0
1641.876,0.195759996771812,0
1642.103,0.195759996771812,0
1642.329,0.195759996771812,0
1642.556,0.195759996771812,0
1642.783,0.195759996771812,0
1643.01,0.176183998584747,0
1643.237,0.195759996771812,0
1643.464,0.195759996771812,0
1643.69,0.195759996771812,0
1643.917,0.195759996771812,0
1644.144,0.195759996771812,0
1644.371,0.195759996771812,0
1644.598,0.195759996771812,0
1644.825,0.176183998584747,0
1645.051,0.195759996771812,0
1645.278,0.195759996771812,0
1645.506,0.195759996771812,0
1645.733,0.176183998584747,0
1645.96,0.195759996771812,0
1646.187,0.195759996771812,0
1646.413,0.195759996771812,0
1646.641,0.176183998584747,75.8000030517578
1646.867,154.317611694336,75.8000030517578
1647.095,153.632446289062,75.8000030517578
1647.322,153.710754394531,75.8000030517578
1647.549,152.516616821289,75.8000030517578
1647.775,154.317611694336,75.8000030517578
1648.002,152.516616821289,75.8000030517578
1648.228,152.536193847656,75.8000030517578
1648.455,152.516616821289,75.8000030517578
1648.681,154.298034667969,75.8000030517578
1648.907,155.492172241211,75.8000030517578
1649.134,154.35676574707,75.8000030517578
1649.361,152.497039794922,75.8000030517578
1649.588,153.671600341797,75.8000030517578
1649.815,152.516616821289,75.8000030517578
1650.042,153.593292236328,75.8000030517578
1650.269,152.536193847656,75.8000030517578
1650.495,154.493789672852,75.8000030517578
1650.722,152.986434936523,75.8000030517578
1650.949,152.536193847656,75.8000030517578
1651.175,154.121841430664,75.8000030517578
1651.402,154.063125610352,75.8000030517578
1651.63,152.555770874023,75.8000030517578
1651.856,152.497039794922,75.8000030517578
1652.083,152.536193847656,75.8000030517578
1652.311,153.417114257812,75.8000030517578
1652.538,153.710754394531,75.8000030517578
1652.765,152.516616821289,75.8000030517578
1652.993,153.671600341797,75.8000030517578
1653.221,153.7890625,75.8000030517578
1653.447,154.337188720703,75.8000030517578
1653.674,153.965240478516,75.8000030517578
1653.901,152.536193847656,75.8000030517578
1654.128,153.671600341797,75.8000030517578
1654.355,152.516616821289,75.8000030517578
1654.581,155.609619140625,75.8000030517578
1654.808,153.612869262695,75.8000030517578
1655.035,152.516616821289,75.8000030517578
1655.262,152.771102905273,75.8000030517578
1655.489,152.477462768555,75.8000030517578
1655.716,153.280075073242,75.8000030517578
1655.944,152.516616821289,75.8000030517578
1656.172,152.516616821289,75.8000030517578
1656.399,152.497039794922,75.8000030517578
1656.626,152.516616821289,75.8000030517578
1656.853,152.516616821289,75.8000030517578
1657.08,153.358383178711,75.8000030517578
1657.307,152.516616821289,75.8000030517578
1657.534,154.023971557617,75.8000030517578
1657.76,152.555770874023,75.8000030517578
1657.986,152.575347900391,75.8000030517578
1658.213,150.187072753906,73.0999984741211
1658.439,149.384460449219,73.0999984741211
1658.665,95.8245239257812,19.2999992370605
1658.892,43.3216896057129,19.2999992370605
1659.118,42.8322868347168,19.2999992370605
1659.344,42.5582237243652,19.2999992370605
1659.57,42.5582237243652,19.2999992370605
1659.797,42.538646697998,19.2999992370605
1660.023,43.3412628173828,19.2999992370605
1660.249,43.3216896057129,19.2999992370605
1660.475,43.3021125793457,19.2999992370605
1660.702,43.3216896057129,19.2999992370605
1660.928,122.07593536377,60.7999992370605
1661.155,122.624061584473,60.7999992370605
1661.382,125.873680114746,60.7999992370605
1661.609,122.604484558105,60.7999992370605
1661.836,125.599617004395,60.7999992370605
1662.062,122.64363861084,60.7999992370605
1662.289,122.624061584473,60.7999992370605
1662.516,22.9039192199707,9
1662.743,22.5515518188477,9
1662.97,22.8647689819336,9
1663.197,63.5436973571777,31.1000003814697
1663.423,66.8128890991211,31.1000003814697
1663.65,66.7737350463867,31.1000003814697
1663.877,66.0102691650391,31.7999992370605
1664.104,68.2027816772461,31.7999992370605
1664.331,64.992317199707,31.7999992370605
1664.557,68.1832046508789,31.7999992370605
1664.784,68.2027816772461,31.7999992370605
1665.011,65.2663879394531,31.7999992370605
1665.239,68.2419357299805,31.7999992370605
1665.466,68.2223587036133,31.7999992370605
1665.693,64.93359375,31.7999992370605
1665.92,68.2027816772461,31.7999992370605
1666.147,65.0118942260742,31.7999992370605
1666.373,68.2223587036133,31.7999992370605
1666.6,68.1636352539062,31.7999992370605
1666.827,64.9140167236328,31.7999992370605
1667.053,68.2223587036133,31.7999992370605
1667.28,68.2223587036133,31.7999992370605
1667.507,64.992317199707,31.7999992370605
1667.734,68.2027816772461,31.7999992370605
1667.96,66.0690002441406,69.4000015258789
1668.186,139.811798095703,69.4000015258789
1668.413,139.850936889648,69.4000015258789
1668.64,142.278366088867,69.4000015258789
1668.867,139.811798095703,69.4000015258789
1669.094,142.650314331055,69.4000015258789
1669.32,139.772644042969,69.4000015258789
1669.546,139.772644042969,69.4000015258789
1669.773,139.792221069336,30.8999996185303
1670,66.3430633544922,30.8999996185303
1670.227,63.1130256652832,30.8999996185303
1670.454,66.3626403808594,30.8999996185303
1670.681,63.2304801940918,30.8999996185303
1670.908,66.3626403808594,30.8999996185303
1671.135,63.2696304321289,30.8999996185303
1671.362,66.3430633544922,30.8999996185303
1671.589,63.5045433044434,30.8999996185303
1671.815,66.3626403808594,30.8999996185303
1672.042,66.3430633544922,30.8999996185303
1672.269,63.602424621582,30.8999996185303
1672.496,66.3822174072266,30.8999996185303
1672.722,63.9939422607422,30.8999996185303
1672.949,63.5045433044434,30.8999996185303
1673.176,66.3430633544922,30.8999996185303
1673.403,63.5241203308105,30.8999996185303
1673.631,66.3626403808594,30.8999996185303
1673.858,66.3626403808594,30.8999996185303
1674.084,66.0102691650391,30.8999996185303
1674.31,64.3071594238281,30.8999996185303
1674.537,63.8764877319336,30.8999996185303
1674.764,66.3626403808594,30.8999996185303
1674.99,64.2875823974609,30.8999996185303
1675.218,63.1130256652832,30.8999996185303
1675.444,64.2484359741211,30.8999996185303
1675.67,64.6595306396484,30.8999996185303
1675.898,63.3283615112305,30.8999996185303
1676.125,63.6220016479492,30.8999996185303
1676.352,66.3626403808594,8
1676.579,20.8680152893066,8
1676.806,20.8875923156738,8
1677.033,20.8680152893066,8
1677.26,20.8680152893066,8
1677.486,20.8875923156738,8
1677.713,20.8875923156738,33.4000015258789
1677.94,71.3545227050781,33.4000015258789
1678.167,68.8487930297852,33.4000015258789
1678.394,71.3545227050781,33.4000015258789
1678.62,69.1620101928711,33.4000015258789
1678.847,68.0657501220703,33.4000015258789
1679.073,71.3349456787109,33.4000015258789
1679.3,71.3349456787109,33.4000015258789
1679.527,68.0657501220703,33.4000015258789
1679.754,71.3349456787109,33.4000015258789
1679.98,70.219108581543,33.4000015258789
1680.207,68.5551528930664,33.4000015258789
1680.433,71.3153686523438,33.4000015258789
1680.66,71.3740997314453,33.4000015258789
1680.887,68.1244812011719,33.4000015258789
1681.114,71.3740997314453,33.4000015258789
1681.341,69.2794647216797,33.4000015258789
1681.568,71.3545227050781,33.4000015258789
1681.795,68.1049041748047,33.4000015258789
1682.022,71.2957916259766,33.4000015258789
1682.249,68.1049041748047,33.4000015258789
1682.475,71.3153686523438,33.4000015258789
1682.702,71.3740997314453,33.4000015258789
1682.929,68.1636352539062,33.4000015258789
1683.156,71.3740997314453,33.4000015258789
1683.383,68.1049041748047,33.4000015258789
1683.609,71.3349456787109,33.4000015258789
1683.836,71.2957916259766,33.4000015258789
1684.062,69.2011566162109,33.4000015258789
1684.29,68.2027816772461,33.4000015258789
1684.517,68.2027816772461,33.4000015258789
1684.744,71.3153686523438,33.4000015258789
1684.971,68.5551528930664,33.4000015258789
1685.197,71.3153686523438,33.4000015258789
1685.424,71.2957916259766,33.4000015258789
1685.652,68.0657501220703,33.4000015258789
1685.88,68.0853271484375,33.4000015258789
1686.107,68.515998840332,33.4000015258789
1686.334,71.3545227050781,33.4000015258789
1686.56,68.5747299194336,33.4000015258789
1686.787,68.5551528930664,33.4000015258789
1687.014,71.3740997314453,33.4000015258789
1687.241,68.515998840332,33.4000015258789
1687.468,71.3153686523438,33.4000015258789
1687.694,68.5943069458008,33.4000015258789
1687.921,93.5341262817383,51.2999992370605
1688.148,106.943687438965,51.2999992370605
1688.375,103.713645935059,51.2999992370605
1688.601,106.943687438965,51.2999992370605
1688.827,106.924110412598,51.2999992370605
1689.055,107.002418518066,51.2999992370605
1689.281,164.144760131836,80.4000015258789
1689.508,162.010971069336,80.4000015258789
1689.735,195.759994506836,99.5
1689.962,195.759994506836,99.5
1690.188,195.759994506836,99.5
1690.415,195.759994506836,99.5
1690.642,195.759994506836,99.5
1690.869,163.96858215332,81.5999984741211
1691.097,164.360092163086,81.5999984741211
1691.325,163.988159179688,81.5999984741211
1691.552,163.949005126953,81.5999984741211
1691.78,163.949005126953,81.5999984741211
1692.007,163.988159179688,93.5
1692.234,187.596801757812,93.5
1692.46,187.61637878418,93.5
1692.686,187.61637878418,93.5
1692.913,187.577239990234,93.5
1693.14,187.635955810547,93.5
1693.366,187.61637878418,93.5
1693.593,187.596801757812,93.5
1693.821,187.596801757812,93.5
1694.048,187.596801757812,93.5
1694.274,187.635955810547,93.5
1694.501,187.577239990234,93.5
1694.728,187.596801757812,93.5
1694.955,187.61637878418,93.5
1695.182,187.61637878418,78.5999984741211
1695.409,158.017471313477,78.5999984741211
1695.635,159.544403076172,78.5999984741211
1695.862,158.037048339844,78.5999984741211
1696.089,157.958740234375,78.5999984741211
1696.316,158.741790771484,78.5999984741211
1696.542,157.997894287109,78.5999984741211
1696.768,157.978317260742,78.5999984741211
1696.995,157.978317260742,78.5999984741211
1697.222,158.017471313477,78.5999984741211
1697.449,157.978317260742,78.5999984741211
1697.676,158.056625366211,78.5999984741211
1697.903,157.997894287109,78.5999984741211
1698.129,160.170837402344,78.5999984741211
1698.356,158.095779418945,78.5999984741211
1698.584,158.017471313477,78.5999984741211
1698.811,157.978317260742,78.5999984741211
1699.037,160.542770385742,78.5999984741211
1699.265,158.13493347168,78.5999984741211
1699.492,159.172454833984,78.5999984741211
1699.718,157.978317260742,78.5999984741211
1699.945,158.017471313477,78.5999984741211
1700.171,159.818466186523,78.5999984741211
1700.397,159.231185913086,65.0999984741211
1700.624,133.234252929688,65.0999984741211
1700.85,131.198348999023,65.0999984741211
1701.077,131.198348999023,65.0999984741211
1701.304,132.470794677734,65.0999984741211
1701.532,131.178771972656,40.4000015258789
1701.758,82.1996231079102,40.4000015258789
1701.985,81.9255599975586,40.4000015258789
1702.211,85.2730560302734,40.4000015258789
1702.438,85.2534790039062,40.4000015258789
1702.664,82.0234375,40.4000015258789
1702.891,82.0234375,40.4000015258789
1703.117,85.2730560302734,40.4000015258789
1703.344,85.3122100830078,40.4000015258789
1703.571,82.0038604736328,40.4000015258789
1703.798,85.2339019775391,40.4000015258789
1704.024,82.0234375,42
1704.251,85.2730560302734,42
1704.478,88.5226745605469,42
1704.705,85.2926330566406,42
1704.932,88.5030975341797,42
1705.159,85.2339019775391,42
1705.386,88.5030975341797,42
1705.612,85.2730560302734,42
1705.838,85.5666961669922,42
1706.065,85.2339019775391,42
1706.291,88.5226745605469,42
1706.518,88.4835205078125,42
1706.744,85.2534790039062,42
1706.972,85.2534790039062,47.5
1707.199,96.176887512207,47.5
1707.426,99.4656524658203,47.5
1707.653,96.176887512207,47.5
1707.88,99.4852294921875,47.5
1708.107,96.2160415649414,47.5
1708.334,99.4460830688477,47.5
1708.561,96.2356185913086,0
1708.789,0.195759996771812,0
1709.016,0.195759996771812,0
1709.243,0.195759996771812,0
1709.47,0.195759996771812,0
1709.696,0.195759996771812,0
1709.922,0.195759996771812,0
1710.149,0.195759996771812,0
1710.377,0.195759996771812,0
1710.605,0.176183998584747,0
1710.832,0.195759996771812,0
1711.058,0.195759996771812,0
1711.285,0.195759996771812,0
1711.511,0.176183998584747,0
1711.738,0.195759996771812,0
1711.965,0.195759996771812,0
1712.191,0.195759996771812,0
1712.418,0.176183998584747,0
1712.645,0.195759996771812,0
1712.872,0.195759996771812,0
1713.099,0.195759996771812,0
1713.325,0.176183998584747,42.0999984741211
1713.552,88.6597061157227,42.0999984741211
1713.778,85.4100875854492,42.0999984741211
1714.005,85.390510559082,42.0999984741211
1714.232,88.6988525390625,42.0999984741211
1714.458,85.5275421142578,42.0999984741211
1714.685,85.5079650878906,42.0999984741211
1714.912,88.6597061157227,42.0999984741211
1715.139,85.4100875854492,42.0999984741211
1715.366,88.6205520629883,42.0999984741211
1715.592,85.4100875854492,42.0999984741211
1715.818,85.4100875854492,42.0999984741211
1716.045,85.390510559082,42.0999984741211
1716.272,88.6597061157227,42.0999984741211
1716.499,85.3709335327148,42.0999984741211
1716.725,88.6597061157227,42.0999984741211
1716.952,88.6792831420898,42.0999984741211
1717.179,85.4100875854492,42.0999984741211
1717.406,88.6597061157227,42.0999984741211
1717.633,85.4492416381836,42.0999984741211
1717.86,88.6792831420898,42.0999984741211
1718.086,85.4100875854492,42.0999984741211
1718.313,85.390510559082,42.0999984741211
1718.54,88.7184295654297,42.0999984741211
1718.767,85.5079650878906,42.0999984741211
1718.994,88.6597061157227,42.0999984741211
1719.221,85.390510559082,42.0999984741211
1719.448,88.6792831420898,42.0999984741211
1719.674,85.390510559082,42.0999984741211
1719.901,85.3709335327148,42.0999984741211
1720.128,88.6597061157227,18.8999996185303
1720.355,41.7360305786133,18.8999996185303
1720.582,42.538646697998,18.8999996185303
1720.809,40.659351348877,18.8999996185303
1721.036,42.5190734863281,18.8999996185303
1721.263,40.7572326660156,18.8999996185303
1721.489,42.5582237243652,18.8999996185303
1721.715,42.5190734863281,59.7999992370605
1721.942,123.113464355469,59.7999992370605
1722.168,120.627311706543,59.7999992370605
1722.394,120.64688873291,59.7999992370605
1722.621,120.725189208984,59.7999992370605
1722.848,122.741523742676,59.7999992370605
1723.075,120.803497314453,59.7999992370605
1723.303,123.77904510498,59.7999992370605
1723.529,123.876930236816,59.7999992370605
1723.756,123.876930236816,59.7999992370605
1723.983,120.627311706543,59.7999992370605
1724.211,123.77904510498,59.7999992370605
1724.438,123.074310302734,59.7999992370605
1724.665,120.666465759277,59.7999992370605
1724.892,123.876930236816,59.7999992370605
1725.12,120.686042785645,84.9000015258789
1725.347,170.604843139648,84.9000015258789
1725.573,171.44660949707,84.9000015258789
1725.8,170.565689086914,84.9000015258789
1726.027,170.624420166016,84.9000015258789
1726.254,172.073043823242,84.9000015258789
1726.481,170.66357421875,84.9000015258789
1726.708,170.585266113281,84.9000015258789
1726.936,170.604843139648,84.9000015258789
1727.163,170.604843139648,84.9000015258789
1727.39,170.66357421875,84.9000015258789
1727.617,170.643997192383,84.9000015258789
1727.844,170.624420166016,84.9000015258789
1728.071,170.604843139648,84.9000015258789
1728.298,170.604843139648,84.9000015258789
1728.525,170.624420166016,84.9000015258789
1728.752,170.643997192383,84.9000015258789
1728.978,170.585266113281,84.9000015258789
1729.206,170.604843139648,84.9000015258789
1729.433,170.604843139648,84.9000015258789
1729.66,170.761444091797,84.9000015258789
1729.886,170.604843139648,84.9000015258789
1730.113,170.604843139648,84.9000015258789
1730.34,170.624420166016,84.9000015258789
1730.567,170.565689086914,84.9000015258789
1730.794,170.722290039062,22.7999992370605
1731.021,48.2548408508301,22.7999992370605
1731.247,50.2515907287598,22.7999992370605
1731.474,50.271167755127,22.7999992370605
1731.701,50.0166816711426,22.7999992370605
1731.928,50.2320175170898,22.7999992370605
1732.155,48.6855125427246,22.7999992370605
1732.382,50.3298950195312,22.7999992370605
1732.608,49.6838874816895,22.7999992370605
1732.836,48.6463584899902,22.7999992370605
1733.062,49.1749114990234,22.7999992370605
1733.289,48.2939910888672,22.7999992370605
1733.516,50.2907447814941,22.7999992370605
1733.742,49.2532157897949,22.7999992370605
1733.969,48.9791526794434,22.7999992370605
1734.196,50.2907447814941,22.7999992370605
1734.423,48.9791526794434,22.7999992370605
1734.65,50.271167755127,22.7999992370605
1734.876,49.6251602172852,22.7999992370605
1735.104,47.1194305419922,22.7999992370605
1735.331,49.9775276184082,22.7999992370605
1735.557,50.3298950195312,22.7999992370605
1735.784,50.3103218078613,22.7999992370605
1736.011,48.6267852783203,22.7999992370605
1736.238,50.271167755127,22.7999992370605
1736.466,48.9987297058105,22.7999992370605
1736.693,47.902473449707,22.7999992370605
1736.92,50.2907447814941,22.7999992370605
1737.147,47.922046661377,22.7999992370605
1737.375,50.3103218078613,22.7999992370605
1737.602,50.2320175170898,22.7999992370605
1737.829,48.2744178771973,22.7999992370605
1738.055,50.271167755127,22.7999992370605
1738.282,50.271167755127,22.7999992370605
1738.508,49.2727928161621,22.7999992370605
1738.735,48.9791526794434,22.7999992370605
1738.961,50.271167755127,22.7999992370605
1739.188,50.2515907287598,22.7999992370605
1739.416,47.1977348327637,73.5
1739.643,147.837951660156,73.5
1739.869,151.107147216797,73.5
1740.095,150.382827758789,73.5
1740.322,148.405654907227,34.5999984741211
1740.549,70.7476654052734,34.5999984741211
1740.776,73.742790222168,34.5999984741211
1741.002,72.4899291992188,34.5999984741211
1741.229,70.4540252685547,34.5999984741211
1741.455,73.742790222168,34.5999984741211
1741.681,73.742790222168,34.5999984741211
1741.907,73.742790222168,34.5999984741211
1742.134,73.742790222168,34.5999984741211
1742.361,70.4931793212891,34.5999984741211
1742.589,73.7232131958008,34.5999984741211
1742.816,73.7232131958008,34.5999984741211
1743.042,70.7476654052734,34.5999984741211
1743.268,72.8227233886719,34.5999984741211
1743.494,71.4132461547852,34.5999984741211
1743.72,71.7656173706055,34.5999984741211
1743.947,70.5323257446289,34.5999984741211
1744.174,73.742790222168,34.5999984741211
1744.401,70.7085113525391,34.5999984741211
1744.627,73.742790222168,34.5999984741211
1744.853,73.742790222168,34.5999984741211
1745.079,73.742790222168,34.5999984741211
1745.306,73.742790222168,34.5999984741211
1745.533,70.4344482421875,34.5999984741211
1745.759,73.742790222168,34.5999984741211
1745.985,73.742790222168,34.5999984741211
1746.212,73.742790222168,34.5999984741211
1746.439,70.4736022949219,34.5999984741211
1746.666,73.742790222168,34.5999984741211
1746.894,70.4931793212891,34.5999984741211
1747.121,71.1391830444336,34.5999984741211
1747.348,73.7232131958008,34.5999984741211
1747.576,70.7868194580078,34.5999984741211
1747.803,70.4148712158203,34.5999984741211
1748.029,73.742790222168,34.5999984741211
1748.255,73.742790222168,34.5999984741211
1748.483,73.7232131958008,34.5999984741211
1748.709,73.742790222168,34.5999984741211
1748.935,73.742790222168,34.5999984741211
1749.161,73.742790222168,34.5999984741211
1749.388,73.7232131958008,19.8999996185303
1749.615,43.6544799804688,19.8999996185303
1749.841,44.4766731262207,19.8999996185303
1750.068,44.535400390625,19.8999996185303
1750.295,43.2629585266113,19.8999996185303
1750.522,44.5158233642578,19.8999996185303
1750.749,42.2254333496094,19.8999996185303
1750.976,44.5745506286621,19.8999996185303
1751.203,42.9693183898926,19.8999996185303
1751.429,44.5745506286621,19.8999996185303
1751.656,44.4962463378906,19.8999996185303
1751.883,43.5957527160645,19.8999996185303
1752.11,44.535400390625,19.8999996185303
1752.337,42.538646697998,19.8999996185303
1752.564,44.4962463378906,19.8999996185303
1753.247,44.5158233642578,19.8999996185303
1753.473,44.5745506286621,19.8999996185303
1753.699,44.5158233642578,19.8999996185303
1753.926,44.5745506286621,19.8999996185303
1754.153,42.3037376403809,19.8999996185303
1754.379,44.5549774169922,19.8999996185303
1754.606,44.4962463378906,19.8999996185303
1754.834,43.6153297424316,19.8999996185303
1755.061,42.6756782531738,19.8999996185303
1755.287,44.4962463378906,19.8999996185303
1755.513,44.5158233642578,19.8999996185303
1755.739,44.5158233642578,19.8999996185303
1755.966,44.5158233642578,68.0999984741211
1756.192,137.149459838867,68.0999984741211
1756.419,137.169036865234,68.0999984741211
1756.645,140.164154052734,68.0999984741211
1756.872,138.12825012207,68.0999984741211
1757.099,137.169036865234,68.0999984741211
1757.325,140.399078369141,68.0999984741211
1757.553,137.169036865234,68.0999984741211
1757.78,139.439849853516,68.0999984741211
1758.007,137.1298828125,68.0999984741211
1758.234,137.736740112305,68.0999984741211
1758.461,137.91291809082,68.0999984741211
1758.687,140.125015258789,68.0999984741211
1758.914,138.363174438477,68.0999984741211
1759.14,137.149459838867,68.0999984741211
1759.367,137.1298828125,68.0999984741211
1759.594,140.04670715332,68.0999984741211
1759.821,137.149459838867,68.0999984741211
1760.047,140.438217163086,68.0999984741211
1760.273,140.144577026367,68.0999984741211
1760.5,138.793838500977,68.0999984741211
1760.727,137.169036865234,68.0999984741211
1760.955,139.087478637695,68.0999984741211
1761.182,138.656814575195,68.0999984741211
1761.409,137.1298828125,68.0999984741211
1761.635,140.340347290039,68.0999984741211
1761.862,139.067901611328,68.0999984741211
1762.088,137.110305786133,68.0999984741211
1762.315,137.1298828125,68.0999984741211
1762.542,139.087478637695,68.0999984741211
1762.768,137.169036865234,68.0999984741211
1762.994,137.169036865234,68.0999984741211
1763.222,137.169036865234,68.0999984741211
1763.449,137.149459838867,68.0999984741211
1763.676,139.322387695312,68.0999984741211
1763.903,137.1298828125,68.0999984741211
1764.13,139.361541748047,68.0999984741211
1764.357,137.1298828125,68.0999984741211
1764.583,140.203308105469,68.0999984741211
1764.809,140.340347290039,99.1999969482422
1765.035,195.759994506836,99.1999969482422
1765.262,195.759994506836,99.1999969482422
1765.489,195.759994506836,99.1999969482422
1765.716,195.759994506836,99.1999969482422
1765.944,195.759994506836,99.1999969482422
1766.171,195.759994506836,99.1999969482422
1766.398,195.759994506836,99.1999969482422
1766.625,195.759994506836,99.1999969482422
1766.852,195.759994506836,99.1999969482422
1767.079,195.759994506836,99.1999969482422
1767.306,195.759994506836,99.1999969482422
1767.532,195.759994506836,99.1999969482422
1767.759,195.759994506836,99.1999969482422
1767.985,195.759994506836,99.1999969482422
1768.212,195.759994506836,99.1999969482422
1768.439,195.759994506836,99.1999969482422
1768.667,195.759994506836,99.1999969482422
1768.893,195.759994506836,99.1999969482422
1769.12,195.759994506836,99.1999969482422
1769.346,195.759994506836,99.1999969482422
1769.573,195.759994506836,99.1999969482422
1769.799,195.759994506836,99.1999969482422
1770.026,195.759994506836,99.1999969482422
1770.253,195.759994506836,99.1999969482422
1770.48,195.759994506836,99.1999969482422
1770.706,195.759994506836,99.1999969482422
1770.933,195.759994506836,99.1999969482422
1771.16,195.759994506836,99.1999969482422
1771.387,195.759994506836,99.1999969482422
1771.614,195.759994506836,99.1999969482422
1771.841,195.759994506836,99.1999969482422
1772.067,195.759994506836,99.1999969482422
1772.294,195.759994506836,99.1999969482422
1772.521,195.759994506836,99.1999969482422
1772.748,195.759994506836,99.1999969482422
1772.975,195.759994506836,99.1999969482422
1773.202,195.759994506836,99.1999969482422
1773.429,16.0327434539795,5.09999990463257
1773.657,15.0930957794189,5.09999990463257
1773.885,15.1126718521118,5.09999990463257
1774.112,15.1322479248047,5.09999990463257
1774.34,15.0735197067261,5.09999990463257
1774.568,126.402229309082,62.7000007629395
1774.795,126.382659912109,62.7000007629395
1775.022,129.632278442383,62.7000007629395
1775.249,126.402229309082,62.7000007629395
1775.475,129.632278442383,62.7000007629395
1775.702,128.731781005859,62.7000007629395
1775.929,126.421806335449,62.7000007629395
1776.156,129.632278442383,62.7000007629395
1776.383,126.382659912109,62.7000007629395
1776.61,128.673049926758,62.7000007629395
1776.837,126.363082885742,62.7000007629395
1777.064,129.162445068359,62.7000007629395
1777.291,126.363082885742,62.9000015258789
1777.519,129.123291015625,62.9000015258789
1777.746,129.495239257812,62.9000015258789
1777.974,126.77417755127,62.9000015258789
1778.201,126.793754577637,62.9000015258789
1778.428,127.478912353516,62.9000015258789
1778.654,126.793754577637,62.9000015258789
1778.88,126.793754577637,62.9000015258789
1779.108,126.77417755127,62.9000015258789
1779.335,126.77417755127,62.9000015258789
1779.562,128.810073852539,62.9000015258789
1779.789,126.793754577637,62.9000015258789
1780.016,128.477294921875,56.4000015258789
1780.242,113.854019165039,56.4000015258789
1780.47,113.834442138672,56.4000015258789
1780.697,113.873588562012,56.4000015258789
1780.925,117.103630065918,56.4000015258789
1781.152,117.123207092285,24.2000007629395
1781.379,51.2303924560547,24.2000007629395
1781.606,53.0509605407715,24.2000007629395
1781.833,50.8975982666016,24.2000007629395
1782.059,53.1096878051758,24.2000007629395
1782.287,53.1096878051758,24.2000007629395
1782.515,53.1096878051758,24.2000007629395
1782.742,53.0901107788086,24.2000007629395
1782.969,49.9775276184082,12.1000003814697
1783.197,29.0507831573486,12.1000003814697
1783.423,29.0507831573486,12.1000003814697
1783.649,29.0507831573486,12.1000003814697
1783.876,29.0703601837158,12.1000003814697
1784.103,28.6396884918213,80
1784.33,160.836410522461,80
1784.557,160.758117675781,80
1784.784,160.758117675781,80
1785.011,160.816833496094,80
1785.238,160.797271728516,80
1785.465,160.816833496094,80
1785.692,161.012603759766,80
1785.919,160.797271728516,10.5
1786.146,25.820743560791,10.5
1786.373,25.820743560791,10.5
1786.6,25.8011684417725,10.5
1786.827,24.5874557495117,10.5
1787.054,25.8598957061768,10.5
1787.281,25.8403205871582,10.5
1787.508,25.8598957061768,10.5
1787.735,25.8403205871582,10.5
1787.961,25.8403205871582,10.5
1788.188,25.8403205871582,10.5
1788.414,25.8598957061768,10.5
1788.64,25.8598957061768,10.5
1788.868,25.820743560791,10.5
1789.095,25.566255569458,10.5
1789.322,25.8403205871582,10.5
1789.549,24.9789752960205,10.5
1789.777,25.820743560791,10.5
1790.005,25.820743560791,10.5
1790.232,25.820743560791,10.5
1790.459,24.5874557495117,58.2999992370605
1790.685,120.881797790527,58.2999992370605
1790.912,120.920951843262,58.2999992370605
1791.139,117.651763916016,58.2999992370605
1791.366,120.979682922363,58.2999992370605
1791.592,117.651763916016,89.6999969482422
1791.819,180.060043334961,89.6999969482422
1792.046,180.647323608398,89.6999969482422
1792.272,180.099197387695,89.6999969482422
1792.5,180.118774414062,89.6999969482422
1792.727,180.118774414062,89.6999969482422
1792.954,180.060043334961,89.6999969482422
1793.181,180.060043334961,61.5
1793.408,126.637145996094,61.5
1793.636,124.092262268066,61.5
1793.863,124.033538818359,61.5
1794.09,126.969932556152,61.5
1794.317,124.013961791992,61.5
1794.544,126.852478027344,61.5
1794.771,123.994384765625,61.5
1794.997,127.302726745605,61.5
1795.224,127.302726745605,65.3000030517578
1795.45,131.64860534668,65.3000030517578
1795.677,131.687759399414,65.3000030517578
1795.904,133.99772644043,65.3000030517578
1796.13,131.668182373047,65.3000030517578
1796.357,131.668182373047,65.3000030517578
1796.584,134.389236450195,65.3000030517578
1796.811,131.668182373047,65.3000030517578
1797.038,134.663299560547,65.3000030517578
1797.265,131.687759399414,65.3000030517578
1797.491,134.761184692383,65.3000030517578
1797.718,134.115173339844,65.3000030517578
1797.946,131.687759399414,65.3000030517578
1798.172,131.687759399414,65.3000030517578
1798.399,132.138000488281,65.3000030517578
1798.626,134.017303466797,65.3000030517578
1798.853,131.687759399414,65.3000030517578
1799.08,134.487121582031,65.3000030517578
1799.307,131.824783325195,65.3000030517578
1799.534,134.310943603516,65.3000030517578
1799.761,59.5501937866211,29.1000003814697
1799.988,62.7998085021973,29.1000003814697
1800.215,59.5893440246582,29.1000003814697
1800.442,62.7802314758301,29.1000003814697
1800.668,60.9400863647461,29.1000003814697
1800.895,59.569766998291,29.1000003814697
1801.122,62.7802314758301,29.1000003814697
1801.349,60.9988174438477,29.1000003814697
1801.576,62.7802314758301,29.1000003814697
1801.803,60.6268730163574,29.1000003814697
1802.03,62.7802314758301,29.1000003814697
1802.257,59.8242568969727,74.5999984741211
1802.484,151.067993164062,74.5999984741211
1802.711,150.050033569336,74.5999984741211
1802.938,151.6552734375,7.59999990463257
1803.165,19.6347274780273,7.59999990463257
1803.392,20.1045513153076,7.59999990463257
1803.619,19.4976959228516,7.59999990463257
1803.846,20.1241283416748,7.59999990463257
1804.073,20.0849761962891,7.59999990463257
1804.301,20.0458240509033,29.6000003814697
1804.527,63.8569107055664,29.6000003814697
1804.754,63.8569107055664,29.6000003814697
1804.98,62.2516784667969,29.6000003814697
1805.206,62.9955673217773,29.6000003814697
1805.432,62.6431999206543,29.6000003814697
1805.659,60.6268730163574,29.6000003814697
1805.886,63.8569107055664,29.6000003814697
1806.113,60.6072959899902,29.6000003814697
1806.339,63.8569107055664,29.6000003814697
1806.566,63.7981834411621,29.6000003814697
1806.792,61.8993110656738,29.6000003814697
1807.02,60.587718963623,29.6000003814697
1807.247,60.9400863647461,29.6000003814697
1807.473,63.8569107055664,29.6000003814697
1807.7,63.7981834411621,29.6000003814697
1807.927,61.4882164001465,29.6000003814697
1808.154,63.8177604675293,29.6000003814697
1808.382,60.8422088623047,29.6000003814697
1808.609,61.5273666381836,29.6000003814697
1808.835,63.8373374938965,29.6000003814697
1809.062,63.8569107055664,29.6000003814697
1809.289,61.2337265014648,29.6000003814697
1809.515,63.8569107055664,29.6000003814697
1809.741,63.8569107055664,29.6000003814697
1809.968,63.7981834411621,29.6000003814697
1810.195,60.8617858886719,29.6000003814697
1810.421,63.8373374938965,29.6000003814697
1810.648,63.8373374938965,29.6000003814697
1810.874,61.9384651184082,42.2999992370605
1811.101,85.8016052246094,42.2999992370605
1811.328,89.07080078125,42.2999992370605
1811.556,85.8016052246094,42.2999992370605
1811.783,85.8211822509766,42.2999992370605
1812.01,89.07080078125,42.2999992370605
1812.237,85.8603363037109,42.2999992370605
1812.464,89.07080078125,42.2999992370605
1812.691,85.8211822509766,42.2999992370605
1812.918,89.0512237548828,42.2999992370605
1813.145,85.8407592773438,42.2999992370605
1813.372,89.0512237548828,42.2999992370605
1813.598,85.8016052246094,42.2999992370605
1813.826,85.7820358276367,42.2999992370605
1814.054,85.8407592773438,42.2999992370605
1814.281,85.8407592773438,42.2999992370605
1814.508,89.0903778076172,42.2999992370605
1814.735,85.8211822509766,42.2999992370605
1814.962,89.07080078125,42.2999992370605
1815.188,85.8016052246094,42.2999992370605
1815.414,85.7820358276367,0
1815.64,0.195759996771812,0
1815.867,0.195759996771812,0
1816.094,0.195759996771812,0
1816.321,0.195759996771812,0
1816.549,0.195759996771812,0
1816.777,0.195759996771812,0
1817.004,0.195759996771812,0
1817.232,0.195759996771812,0
1817.458,0.195759996771812,0
1817.684,0.195759996771812,0
1817.911,0.195759996771812,0
1818.138,0.195759996771812,0
1818.364,0.195759996771812,0
1818.591,0.195759996771812,0
1818.817,0.195759996771812,0
1819.045,0.195759996771812,0
1819.272,0.195759996771812,0
1819.499,0.195759996771812,0
1819.726,0.195759996771812,0
1819.953,0.195759996771812,0
1820.18,0.195759996771812,0
1820.407,0.195759996771812,0
1820.634,0.176183998584747,0
1820.862,0.195759996771812,0
1821.088,0.176183998584747,0
1821.315,0.195759996771812,0
1821.542,0.176183998584747,0
1821.768,0.195759996771812,0
1821.995,0.195759996771812,0
1822.222,0.195759996771812,0
1822.449,0.176183998584747,0
1822.675,0.195759996771812,0
1822.903,0.195759996771812,0
1823.13,0.195759996771812,0
1823.357,0.176183998584747,0
1823.584,0.195759996771812,0
1823.811,0.195759996771812,0
1824.037,0.195759996771812,0
1824.264,0.176183998584747,0
1824.491,6.83202409744263,5.40000009536743
1824.718,15.7195281982422,5.40000009536743
1824.945,15.7195281982422,5.40000009536743
1825.172,15.7195281982422,5.40000009536743
1825.399,15.7391042709351,5.40000009536743
1825.626,15.6803760528564,5.40000009536743
1825.853,15.7391042709351,5.40000009536743
1826.08,15.7391042709351,5.40000009536743
1826.307,15.5041923522949,5.40000009536743
1826.533,15.7195281982422,5.40000009536743
1826.76,15.7195281982422,5.40000009536743
1826.987,15.6999521255493,5.40000009536743
1827.214,15.7586803436279,5.40000009536743
1827.441,15.7391042709351,5.40000009536743
1827.668,15.7195281982422,5.40000009536743
1827.895,15.6803760528564,5.40000009536743
1828.122,15.7586803436279,5.40000009536743
1828.349,15.4846162796021,5.40000009536743
1828.577,15.6999521255493,28.5
1828.804,61.6448249816895,28.5
1829.032,58.4147834777832,28.5
1829.259,58.8454551696777,28.5
1829.486,61.6839752197266,28.5
1829.712,60.0004386901855,28.5
1829.938,59.9221343994141,28.5
1830.165,59.9221343994141,28.5
1830.393,61.6448249816895,28.5
1830.62,61.6644020080566,28.5
1830.846,60.2549285888672,28.5
1831.073,59.5110397338867,28.5
1831.3,61.6448249816895,28.5
1831.528,59.5893440246582,28.5
1831.755,58.4930877685547,28.5
1831.983,61.6448249816895,28.5
1832.209,61.6644020080566,28.5
1832.436,61.6644020080566,28.5
1832.663,58.4539375305176,28.5
1832.889,61.6448249816895,28.5
1833.116,61.6252479553223,28.5
1833.343,58.8063049316406,28.5
1833.569,61.6448249816895,28.5
1833.796,61.6644020080566,28.5
1834.022,60.5289916992188,28.5
1834.249,58.7671508789062,28.5
1834.476,61.6644020080566,28.5
1834.703,58.395206451416,28.5
1834.931,61.6644020080566,28.5
1835.158,61.6448249816895,28.5
1835.386,58.904182434082,28.5
1835.614,58.8650321960449,28.5
1835.84,59.9221343994141,28.5
1836.067,59.1195182800293,28.5
1836.294,61.6644020080566,28.5
1836.521,59.569766998291,48.5
1836.748,101.403678894043,48.5
1836.975,98.1736373901367,48.5
1837.203,101.403678894043,48.5
1837.43,101.403678894043,48.5
1837.656,98.1736373901367,48.5
1837.883,98.1736373901367,48.5
1838.11,101.403678894043,48.5
1838.337,98.1932144165039,48.5
1838.563,101.403678894043,48.5
1838.79,101.403678894043,48.5
1839.017,98.1932144165039,48.5
1839.244,101.403678894043,48.5
1839.47,98.1540679931641,48.5
1839.697,98.1736373901367,48.5
1839.924,101.403678894043,48.5
1840.151,98.2323684692383,48.5
1840.378,101.384101867676,48.5
1840.605,98.2519454956055,48.5
1840.832,101.384101867676,83.5999984741211
1841.059,168.001235961914,83.5999984741211
1841.286,168.001235961914,83.5999984741211
1841.513,167.981658935547,83.5999984741211
1841.74,167.96208190918,83.5999984741211
1841.966,168.040390014648,83.5999984741211
1842.194,167.981658935547,83.5999984741211
1842.421,168.001235961914,83.5999984741211
1842.648,168.431900024414,83.5999984741211
1842.875,168.001235961914,83.5999984741211
1843.102,167.96208190918,83.5999984741211
1843.329,167.981658935547,83.5999984741211
1843.556,168.020812988281,30.2999992370605
1843.783,62.8585357666016,30.2999992370605
1844.009,65.2468109130859,30.2999992370605
1844.236,65.2272338867188,30.2999992370605
1844.463,62.1929512023926,30.2999992370605
1846.054,151.576965332031,75.3000030517578
1846.282,151.576965332031,75.3000030517578
1846.51,151.616119384766,75.3000030517578
1846.737,151.576965332031,75.3000030517578
1846.964,152.066375732422,75.3000030517578
1847.191,151.596542358398,75.3000030517578
1847.417,153.475845336914,75.3000030517578
1847.644,152.751525878906,75.3000030517578
1847.871,151.576965332031,75.3000030517578
1848.099,152.849411010742,75.3000030517578
1848.327,151.811874389648,75.3000030517578
1848.553,153.495422363281,75.3000030517578
1848.78,151.87060546875,66.4000015258789
1849.007,133.821533203125,66.4000015258789
1849.233,136.934127807617,66.4000015258789
1849.46,136.99284362793,66.4000015258789
1849.687,133.801956176758,66.4000015258789
1849.913,137.012420654297,66.4000015258789
1850.14,134.526275634766,66.4000015258789
1850.367,134.193481445312,66.4000015258789
1850.593,136.679626464844,66.4000015258789
1850.821,135.661682128906,66.4000015258789
1851.048,136.405563354492,66.4000015258789
1851.274,133.782379150391,66.4000015258789
1851.501,133.801956176758,66.4000015258789
1851.728,134.291366577148,66.4000015258789
1851.956,133.801956176758,66.4000015258789
1852.183,133.821533203125,66.4000015258789
1852.411,135.583374023438,66.4000015258789
1852.637,135.77912902832,66.4000015258789
1852.864,136.640487670898,66.4000015258789
1853.091,133.801956176758,66.4000015258789
1853.318,136.288116455078,66.4000015258789
1853.546,133.762802124023,66.4000015258789
1853.773,133.782379150391,66.4000015258789
1854,136.699203491211,66.4000015258789
1854.227,133.821533203125,66.4000015258789
1854.454,136.248962402344,66.4000015258789
1854.681,133.801956176758,66.4000015258789
1854.907,137.031997680664,66.4000015258789
1855.133,137.031997680664,66.4000015258789
1855.36,134.878646850586,66.4000015258789
1855.587,133.762802124023,66.4000015258789
1855.814,135.602951049805,45.9000015258789
1856.041,92.966423034668,45.9000015258789
1856.268,96.1964645385742,45.9000015258789
1856.494,93.0251541137695,45.9000015258789
1856.721,93.0838775634766,45.9000015258789
1856.948,96.1964645385742,45.9000015258789
1857.175,93.1817626953125,45.9000015258789
1857.402,96.1964645385742,45.9000015258789
1857.628,92.966423034668,45.9000015258789
1857.854,93.0055770874023,45.9000015258789
1858.081,92.9860000610352,45.9000015258789
1858.307,96.2160415649414,45.9000015258789
1858.535,96.1964645385742,45.9000015258789
1858.763,96.1964645385742,45.9000015258789
1858.991,96.1964645385742,45.9000015258789
1859.218,96.1964645385742,45.9000015258789
1859.445,92.966423034668,45.9000015258789
1859.672,96.2160415649414,45.9000015258789
1859.899,92.9860000610352,45.9000015258789
1860.126,96.1964645385742,45.9000015258789
1860.353,92.966423034668,45.9000015258789
1860.579,96.2160415649414,45.9000015258789
1860.805,96.2160415649414,45.9000015258789
1861.033,96.1964645385742,45.9000015258789
1861.26,96.1964645385742,45.9000015258789
1861.488,93.0643005371094,45.9000015258789
1861.716,93.0447311401367,45.9000015258789
1861.943,92.9860000610352,81.3000030517578
1862.17,164.125183105469,81.3000030517578
1862.398,163.440017700195,81.3000030517578
1862.625,163.440017700195,81.3000030517578
1862.852,163.47917175293,81.3000030517578
1863.079,163.596633911133,81.3000030517578
1863.306,164.18391418457,81.3000030517578
1863.533,163.47917175293,31.7999992370605
1863.759,68.2027816772461,31.7999992370605
1863.986,68.2027816772461,31.7999992370605
1864.213,65.0118942260742,31.7999992370605
1864.439,68.1636352539062,31.7999992370605
1864.666,68.2027816772461,31.7999992370605
1864.893,65.1097793579102,31.7999992370605
1865.119,68.2027816772461,31.7999992370605
1865.346,68.1636352539062,31.7999992370605
1865.574,64.992317199707,31.7999992370605
1865.801,65.5404510498047,31.7999992370605
1866.028,68.2223587036133,31.7999992370605
1866.255,65.0118942260742,31.7999992370605
1866.481,68.2419357299805,31.7999992370605
1866.708,68.2027816772461,31.7999992370605
1866.934,66.3626403808594,31.7999992370605
1867.161,64.992317199707,31.7999992370605
1867.388,68.1440582275391,31.7999992370605
1867.615,65.0314712524414,31.7999992370605
1867.842,68.1636352539062,31.7999992370605
1868.069,64.9727478027344,31.7999992370605
1868.296,68.1440582275391,31.7999992370605
1868.523,64.9727478027344,31.7999992370605
1868.75,68.1244812011719,31.7999992370605
1868.978,65.2663879394531,31.7999992370605
1869.205,65.2076568603516,31.7999992370605
1869.432,68.1244812011719,31.7999992370605
1869.659,64.992317199707,31.7999992370605
1869.886,68.2223587036133,31.7999992370605
1870.113,65.0118942260742,31.7999992370605
1870.34,68.1636352539062,31.7999992370605
1870.567,65.0118942260742,31.7999992370605
1870.794,68.2223587036133,31.7999992370605
1871.021,65.3446884155273,31.7999992370605
1871.248,68.1832046508789,31.7999992370605
1871.475,64.9727478027344,31.7999992370605
1871.702,68.1832046508789,31.7999992370605
1871.929,64.992317199707,31.7999992370605
1872.156,68.2223587036133,31.7999992370605
1872.382,65.9711227416992,31.7999992370605
1872.608,66.3039093017578,31.7999992370605
1872.835,65.305534362793,31.7999992370605
1873.062,68.1636352539062,51.7000007629395
1873.289,104.966514587402,51.7000007629395
1873.515,107.707153320312,51.7000007629395
1873.741,107.707153320312,51.7000007629395
1873.968,107.707153320312,51.7000007629395
1874.195,104.555419921875,51.7000007629395
1874.421,107.72673034668,51.7000007629395
1874.648,107.76587677002,81.0999984741211
1874.875,162.970199584961,81.0999984741211
1875.103,163.028930664062,81.0999984741211
1875.33,163.655364990234,81.0999984741211
1875.557,163.028930664062,81.0999984741211
1875.783,164.125183105469,81.0999984741211
1876.01,163.772811889648,81.0999984741211
1876.236,162.950622558594,81.0999984741211
1876.463,162.970199584961,81.0999984741211
1876.691,163.420455932617,81.0999984741211
1876.919,162.970199584961,81.0999984741211
1877.146,162.970199584961,81.0999984741211
1877.374,163.028930664062,81.0999984741211
1877.601,162.950622558594,81.0999984741211
1877.828,163.772811889648,81.0999984741211
1878.055,163.009353637695,81.0999984741211
1878.283,163.655364990234,81.0999984741211
1878.509,163.949005126953,81.0999984741211
1878.736,163.792388916016,81.0999984741211
1878.962,162.911468505859,81.0999984741211
1879.189,195.251022338867,97.3000030517578
1879.416,195.251022338867,97.3000030517578
1879.643,195.251022338867,97.3000030517578
1879.869,195.270599365234,97.3000030517578
1880.096,195.270599365234,97.3000030517578
1880.322,195.270599365234,97.3000030517578
1880.549,195.2314453125,97.3000030517578
1880.775,195.270599365234,97.3000030517578
1881.001,195.270599365234,97.3000030517578
1881.229,195.251022338867,97.3000030517578
1881.456,195.251022338867,97.3000030517578
1881.683,195.251022338867,97.3000030517578
1881.91,195.251022338867,97.3000030517578
1882.137,195.270599365234,97.3000030517578
1882.364,195.2314453125,97.3000030517578
1882.591,195.2314453125,97.3000030517578
1882.818,195.2314453125,97.3000030517578
1883.046,195.251022338867,97.3000030517578
1883.273,195.251022338867,97.3000030517578
1883.499,195.2314453125,97.3000030517578
1883.726,195.270599365234,97.3000030517578
1883.952,195.251022338867,97.3000030517578
1884.179,195.2314453125,97.3000030517578
1884.406,195.251022338867,97.3000030517578
1884.633,195.2314453125,97.3000030517578
1884.859,195.2314453125,97.3000030517578
1885.086,195.270599365234,97.3000030517578
1885.312,195.270599365234,97.3000030517578
1885.539,195.251022338867,97.3000030517578
1885.766,195.251022338867,97.3000030517578
1885.993,195.251022338867,97.3000030517578
1886.22,195.251022338867,10.1999998092651
1886.448,24.4112720489502,10.1999998092651
1886.675,25.213888168335,10.1999998092651
1886.903,25.2334632873535,10.1999998092651
1887.13,25.2334632873535,10.1999998092651
1887.357,25.0181274414062,10.1999998092651
1887.584,25.2530403137207,10.1999998092651
1887.811,25.057279586792,10.1999998092651
1888.038,25.2334632873535,25.3999996185303
1888.265,53.6969680786133,25.3999996185303
1888.492,55.4392318725586,25.3999996185303
1888.718,54.4408569335938,25.3999996185303
1888.944,53.7752723693848,25.3999996185303
1889.171,52.1896171569824,25.3999996185303
1889.398,55.4196548461914,25.3999996185303
1889.625,53.6773910522461,25.3999996185303
1889.852,55.4000816345215,25.3999996185303
1890.079,53.7165451049805,25.3999996185303
1890.305,55.4000816345215,25.3999996185303
1890.533,55.4196548461914,65.5999984741211
1890.759,135.34846496582,65.5999984741211
1890.986,134.134750366211,65.5999984741211
1891.212,132.157577514648,65.5999984741211
1891.439,132.21630859375,65.5999984741211
1891.666,134.447967529297,65.5999984741211
1891.893,132.138000488281,65.5999984741211
1892.12,134.467544555664,65.5999984741211
1892.347,132.235885620117,65.5999984741211
1892.573,135.387619018555,65.5999984741211
1892.8,133.332138061523,65.5999984741211
1893.026,132.21630859375,65.5999984741211
1893.253,132.21630859375,65.5999984741211
1893.48,133.430023193359,65.5999984741211
1893.707,132.196731567383,65.5999984741211
1893.934,133.469161987305,65.5999984741211
1894.161,132.666549682617,65.5999984741211
1894.388,135.093978881836,65.5999984741211
1894.615,132.21630859375,65.5999984741211
1894.842,133.743225097656,65.5999984741211
1895.069,132.138000488281,65.5999984741211
1895.296,135.407196044922,65.5999984741211
1895.523,132.157577514648,65.5999984741211
1895.75,134.741607666016,65.5999984741211
1895.978,132.235885620117,65.5999984741211
1896.205,132.177154541016,65.5999984741211
1896.431,135.387619018555,65.5999984741211
1896.658,133.371292114258,55.4000015258789
1896.885,111.915992736816,55.4000015258789
1897.112,115.106880187988,55.4000015258789
1897.338,111.935569763184,55.4000015258789
1897.565,111.896415710449,55.4000015258789
1897.792,115.106880187988,55.4000015258789
1898.018,111.876838684082,55.4000015258789
1898.244,111.876838684082,55.4000015258789
1898.471,111.876838684082,55.4000015258789
1898.699,115.126457214355,55.4000015258789
1898.925,115.126457214355,55.4000015258789
1899.152,115.106880187988,55.4000015258789
1899.379,111.876838684082,55.4000015258789
1899.607,115.126457214355,44.4000015258789
1899.834,93.2404861450195,44.4000015258789
1900.061,89.9908752441406,44.4000015258789
1900.288,93.2209091186523,34.2999992370605
1900.515,69.9646224975586,34.2999992370605
1900.741,73.1750869750977,34.2999992370605
1900.968,73.1946640014648,34.2999992370605
1901.195,70.5714797973633,12.6000003814697
1901.421,30.0100078582764,12.6000003814697
1901.648,30.0491600036621,12.6000003814697
1901.875,29.7946720123291,12.6000003814697
1902.102,30.0491600036621,12.6000003814697
1902.329,29.7359447479248,8.39999961853027
1902.557,21.6902084350586,8.39999961853027
1902.784,21.6706314086914,8.39999961853027
1903.011,21.3182640075684,8.39999961853027
1903.238,21.6706314086914,8.39999961853027
1903.465,21.6510562896729,8.39999961853027
1903.692,21.6510562896729,8.39999961853027
1903.919,21.6510562896729,8.39999961853027
1904.147,21.6706314086914,8.39999961853027
1904.373,21.6706314086914,8.39999961853027
1904.6,21.6902084350586,8.39999961853027
1904.827,21.6510562896729,8.39999961853027
1905.055,21.6706314086914,8.39999961853027
1905.282,21.6706314086914,8.39999961853027
1905.509,21.6706314086914,8.39999961853027
1905.737,21.6706314086914,8.39999961853027
1905.964,21.6706314086914,8.39999961853027
1906.191,20.3394641876221,8.39999961853027
1906.417,21.6706314086914,8.39999961853027
1906.644,21.6706314086914,8.39999961853027
1906.87,21.6510562896729,8.39999961853027
1907.098,21.6510562896729,8.39999961853027
1907.325,21.6510562896729,8.39999961853027
1907.552,21.6706314086914,8.39999961853027
1907.778,21.6510562896729,8.39999961853027
1908.005,21.6510562896729,8.39999961853027
1908.232,21.6902084350586,8.39999961853027
1908.459,21.3574161529541,8.39999961853027
1908.686,21.6706314086914,8.39999961853027
1908.913,21.3574161529541,8.39999961853027
1909.14,21.6706314086914,8.39999961853027
1909.367,21.6510562896729,8.39999961853027
1909.594,21.6706314086914,8.39999961853027
1909.821,21.6510562896729,8.39999961853027
1910.048,21.6706314086914,8.39999961853027
1910.276,21.0833511352539,8.39999961853027
1910.504,21.6902084350586,8.39999961853027
1910.731,21.6706314086914,8.39999961853027
1910.958,21.6902084350586,8.39999961853027
1911.185,21.3965682983398,8.39999961853027
1911.412,21.6706314086914,8.39999961853027
1911.639,21.6510562896729,8.39999961853027
1911.866,21.6902084350586,8.39999961853027
1912.093,21.3378391265869,67
1912.32,136.405563354492,67
1912.547,134.937362670898,67
1912.774,137.34521484375,67
1913.001,134.956939697266,67
1913.227,138.12825012207,67
1913.454,136.268539428711,67
1913.681,134.937362670898,67
1913.908,137.266906738281,41.7000007629395
1914.135,84.6661987304688,41.7000007629395
1914.362,87.9158172607422,41.7000007629395
1914.588,84.6661987304688,41.7000007629395
1914.815,84.6270446777344,41.7000007629395
1915.042,87.8766632080078,41.7000007629395
1915.269,84.5878982543945,41.7000007629395
1915.496,87.8766632080078,0
1915.722,0.195759996771812,0
1915.949,0.195759996771812,0
1916.176,0.195759996771812,0
1916.403,0.195759996771812,0
1916.629,0.195759996771812,0
1916.856,0.195759996771812,0
1917.083,0.195759996771812,0
1917.309,0.195759996771812,0
1917.535,0.195759996771812,0
1917.762,0.195759996771812,0
1917.988,0.195759996771812,0
1918.215,0.195759996771812,0
1918.441,0.195759996771812,0
1918.668,0.195759996771812,0
1918.895,0.195759996771812,0
1919.123,0.195759996771812,0
1919.35,0.195759996771812,0
1919.577,0.195759996771812,0
1919.804,0.195759996771812,0
1920.031,0.195759996771812,0
1920.257,0.195759996771812,0
1920.484,0.195759996771812,0
1920.712,0.195759996771812,0
1920.939,0.195759996771812,0
1921.166,0.176183998584747,0
1921.393,0.195759996771812,98
1921.62,195.759994506836,98
1921.847,195.759994506836,98
1922.073,195.759994506836,98
1922.299,195.759994506836,98
1922.526,195.759994506836,98
1922.752,195.759994506836,98
1922.979,195.759994506836,98
1923.205,195.759994506836,82.4000015258789
1923.432,165.945755004883,82.4000015258789
1923.659,165.691268920898,82.4000015258789
1923.885,166.74836730957,82.4000015258789
1924.112,166.53303527832,82.4000015258789
1924.338,165.632537841797,82.4000015258789
1924.565,165.652114868164,82.4000015258789
1924.792,166.04362487793,7.30000019073486
1925.019,18.0882244110107,7.30000019073486
1925.246,19.4976959228516,7.30000019073486
1925.473,19.4585437774658,18.7000007629395
1925.701,42.186279296875,18.7000007629395
1925.928,42.2058563232422,18.7000007629395
1926.155,40.1503753662109,18.7000007629395
1926.382,42.2254333496094,18.7000007629395
1926.609,40.4440155029297,18.7000007629395
1926.836,42.2058563232422,18.7000007629395
1927.063,40.8551139831543,18.7000007629395
1927.29,42.2058563232422,18.7000007629395
1927.516,41.5402717590332,18.7000007629395
1927.743,39.7784309387207,18.7000007629395
1927.97,42.2058563232422,18.7000007629395
1928.197,40.8942642211914,18.7000007629395
1928.423,42.2058563232422,18.7000007629395
1928.649,42.2058563232422,18.7000007629395
1928.876,42.2058563232422,18.7000007629395
1929.103,41.2074813842773,18.7000007629395
1929.33,42.2058563232422,18.7000007629395
1929.558,41.2074813842773,18.7000007629395
1929.785,41.4423904418945,18.7000007629395
1930.011,42.1667022705078,18.7000007629395
1930.238,42.2058563232422,18.7000007629395
1930.464,42.2058563232422,18.7000007629395
1930.69,31.1258392333984,6.5
1930.917,17.8728885650635,6.5
1931.144,35.0410385131836,21.6000003814697
1931.371,45.1226806640625,21.6000003814697
1931.598,47.9807777404785,21.6000003814697
1931.825,46.4538497924805,21.6000003814697
1932.051,41.6381530761719,17.8999996185303
1932.278,40.5810470581055,17.8999996185303
1932.505,37.9187126159668,17.8999996185303
1932.732,40.5810470581055,17.8999996185303
1932.959,39.6022491455078,17.8999996185303
1933.186,40.5810470581055,17.8999996185303
1933.413,177.613052368164,88.4000015258789
1933.641,177.613052368164,88.4000015258789
1933.868,177.652206420898,88.4000015258789
1934.095,177.613052368164,88.4000015258789
1934.322,177.632629394531,88.4000015258789
1934.549,177.613052368164,88.4000015258789
1934.777,177.57389831543,88.4000015258789
1935.003,177.750076293945,88.4000015258789
1935.229,177.652206420898,88.4000015258789
1935.456,177.652206420898,88.4000015258789
1935.683,177.671783447266,88.4000015258789
1935.91,177.613052368164,88.4000015258789
1936.138,177.613052368164,88.4000015258789
1936.365,177.632629394531,88.4000015258789
1936.592,177.632629394531,88.4000015258789
1936.818,177.632629394531,88.4000015258789
1937.045,177.613052368164,88.4000015258789
1937.272,177.613052368164,88.4000015258789
1937.499,177.632629394531,88.4000015258789
1937.727,177.613052368164,88.4000015258789
1937.954,177.593475341797,88.4000015258789
1938.181,177.632629394531,88.4000015258789
1938.409,177.632629394531,88.4000015258789
1938.636,177.632629394531,88.4000015258789
1938.862,177.613052368164,88.4000015258789
1939.089,177.613052368164,88.4000015258789
1939.315,177.593475341797,88.4000015258789
1939.542,177.632629394531,88.4000015258789
1939.769,177.652206420898,88.4000015258789
1939.995,178.043716430664,88.4000015258789
1940.222,177.57389831543,77
1940.449,154.865737915039,77
1940.676,156.92121887207,77
1940.902,154.885314941406,77
1941.128,154.865737915039,46.7000007629395
1941.355,94.5912322998047,46.7000007629395
1941.582,97.8408508300781,46.7000007629395
1941.809,94.6303863525391,46.7000007629395
1942.036,97.8408508300781,46.7000007629395
1942.263,94.5520782470703,46.7000007629395
1942.489,97.8604278564453,46.7000007629395
1942.716,97.8408508300781,46.7000007629395
1942.943,94.5520782470703,46.7000007629395
1943.171,97.8408508300781,46.7000007629395
1943.398,97.8212738037109,46.7000007629395
1943.625,94.5912322998047,46.7000007629395
1943.852,97.8212738037109,46.7000007629395
1944.078,94.6303863525391,63.2000007629395
1944.306,127.459335327148,63.2000007629395
1944.533,127.459335327148,63.2000007629395
1944.76,129.749725341797,63.2000007629395
1944.987,127.459335327148,63.2000007629395
1945.215,130.062942504883,63.2000007629395
1945.442,129.319061279297,63.2000007629395
1945.669,127.439758300781,63.2000007629395
1945.896,130.728530883789,63.2000007629395
1946.123,127.420181274414,63.2000007629395
1946.35,130.454467773438,63.2000007629395
1946.577,127.459335327148,63.2000007629395
1946.804,130.121673583984,63.2000007629395
1947.031,127.420181274414,63.2000007629395
1947.257,130.708953857422,63.2000007629395
1947.483,130.669799804688,63.2000007629395
1947.71,128.359832763672,63.2000007629395
1947.937,127.420181274414,63.2000007629395
1948.163,130.630645751953,63.2000007629395
1948.389,130.630645751953,63.2000007629395
1948.615,130.728530883789,63.2000007629395
1948.842,130.356582641602,63.2000007629395
1949.07,127.459335327148,63.2000007629395
1949.297,127.420181274414,63.2000007629395
1949.524,130.689376831055,63.2000007629395
1949.751,127.459335327148,63.2000007629395
1949.978,130.415313720703,63.2000007629395
1950.205,127.478912353516,63.2000007629395
1950.432,129.338638305664,63.2000007629395
1950.658,127.459335327148,63.2000007629395
1950.885,127.439758300781,63.2000007629395
1951.113,129.416931152344,63.2000007629395
1951.34,130.669799804688,63.2000007629395
1951.566,127.420181274414,63.2000007629395
1951.792,127.478912353516,63.2000007629395
1952.019,127.439758300781,63.2000007629395
1952.246,130.415313720703,63.2000007629395
1952.472,127.439758300781,63.2000007629395
1952.699,127.420181274414,63.2000007629395
1952.925,130.708953857422,63.2000007629395
1953.153,130.08251953125,63.2000007629395
1953.379,130.669799804688,63.2000007629395
1953.606,130.532775878906,63.2000007629395
1953.833,127.459335327148,63.2000007629395
1954.06,130.199981689453,63.2000007629395
1954.287,127.459335327148,86
1954.514,172.758193969727,86
1954.742,172.738616943359,86
1954.969,172.738616943359,86
1955.196,172.699478149414,86
1955.422,172.719055175781,86
1955.65,172.699478149414,86
1955.877,172.719055175781,86
1956.104,172.738616943359,86
1956.331,172.699478149414,86
1956.558,172.699478149414,86
1956.785,146.252288818359,39.4000015258789
1957.012,83.3154525756836,39.4000015258789
1957.239,80.0854187011719,39.4000015258789
1957.466,83.3350296020508,39.4000015258789
1957.692,80.3007507324219,39.4000015258789
1957.919,80.1049957275391,39.4000015258789
1958.145,83.2763061523438,39.4000015258789
1958.373,83.3350296020508,39.4000015258789
1958.599,83.3154525756836,39.4000015258789
1958.826,83.3154525756836,39.4000015258789
1959.053,80.1049957275391,39.4000015258789
1959.28,83.3154525756836,39.4000015258789
1959.506,80.3203277587891,39.4000015258789
1959.733,80.0854187011719,39.4000015258789
1959.96,83.3154525756836,39.4000015258789
1960.187,80.0854187011719,39.4000015258789
1960.414,83.3350296020508,39.4000015258789
1960.641,80.1049957275391,39.4000015258789
1960.867,83.3350296020508,39.4000015258789
1961.094,83.2958831787109,39.4000015258789
1961.321,80.0854187011719,39.4000015258789
1961.549,83.3154525756836,39.4000015258789
1961.775,19.732608795166,7.40000009536743
1962.002,19.732608795166,7.40000009536743
1962.228,19.732608795166,7.40000009536743
1962.456,19.732608795166,7.40000009536743
1962.683,18.9495677947998,7.40000009536743
1962.91,19.732608795166,7.40000009536743
1963.137,19.732608795166,87.5999984741211
1963.365,176.0078125,87.5999984741211
1963.592,175.968658447266,87.5999984741211
1963.819,175.92951965332,87.5999984741211
1964.046,175.949081420898,87.5999984741211
1964.272,175.92951965332,87.5999984741211
1964.499,175.92951965332,87.5999984741211
1964.726,175.968658447266,87.5999984741211
1964.953,175.949081420898,69.9000015258789
1965.18,142.767761230469,69.9000015258789
1965.407,140.849319458008,69.9000015258789
1965.634,143.237594604492,69.9000015258789
1965.861,140.868896484375,69.9000015258789
1966.088,142.865646362305,69.9000015258789
1966.315,140.888473510742,69.9000015258789
1966.541,143.550811767578,69.9000015258789
1966.767,143.629119873047,90
1966.995,180.666900634766,90
1967.221,180.725631713867,90
1967.448,180.666900634766,90
1967.674,180.686477661133,22.1000003814697
1967.901,46.5713043212891,22.1000003814697
1968.127,48.8421211242676,22.1000003814697
1968.354,48.8812713623047,22.1000003814697
1968.58,47.922046661377,22.1000003814697
1968.807,47.0215530395508,22.1000003814697
1969.033,48.9008483886719,22.1000003814697
1969.26,48.8616943359375,22.1000003814697
1969.486,48.6855125427246,22.1000003814697
1969.714,46.3559684753418,22.1000003814697
1969.94,47.7262878417969,22.1000003814697
1970.167,46.0036010742188,22.1000003814697
1970.394,48.9008483886719,22.1000003814697
1970.621,47.3347663879395,22.1000003814697
1970.847,48.8616943359375,22.1000003814697
1971.073,48.8616943359375,22.1000003814697
1971.301,48.8812713623047,93
1971.528,186.715881347656,93
1971.755,186.696319580078,93
1971.981,186.676742553711,93
1972.208,186.676742553711,93
1972.435,186.618011474609,93
1972.662,186.696319580078,93
1972.889,186.676742553711,93
1973.116,186.676742553711,93
1973.343,186.676742553711,93
1973.569,186.676742553711,93
1973.796,186.676742553711,93
1974.023,186.676742553711,93
1974.25,186.657165527344,9.5
1974.476,23.8435688018799,9.5
1974.702,23.8435688018799,9.5
1974.928,23.8435688018799,9.5
1975.155,23.8435688018799,9.5
1975.382,23.8435688018799,9.5
1975.609,23.3737449645996,9.5
1975.836,23.8435688018799,9.5
1976.062,23.8435688018799,9.5
1976.288,23.8435688018799,9.5
1976.515,23.0213756561279,9.5
1976.743,23.8631439208984,9.5
1976.97,23.8631439208984,9.5
1977.198,23.8239917755127,9.5
1977.425,23.4716243743896,9.5
1977.652,23.8631439208984,9.5
1977.88,23.8435688018799,9.5
1978.107,23.784839630127,9.5
1978.333,23.8631439208984,9.5
1978.559,23.8631439208984,9.5
1978.787,23.8631439208984,9.5
1979.015,23.8631439208984,9.5
1979.241,23.8631439208984,9.5
1979.468,23.8631439208984,9.5
1979.695,23.8435688018799,9.5
1979.922,23.8631439208984,9.5
1980.149,23.8435688018799,9.5
1980.375,23.8435688018799,9.5
1980.602,23.8631439208984,9.5
1980.829,23.7652645111084,9.5
1981.056,23.8631439208984,9.5
1981.283,23.0801048278809,9.5
1981.509,23.8631439208984,9.5
1981.735,23.8631439208984,9.5
1981.962,23.8631439208984,9.5
1982.189,23.8435688018799,9.5
1982.416,23.8631439208984,9.5
1982.642,23.8435688018799,9.5
1982.869,23.8435688018799,9.5
1983.097,23.8631439208984,9.5
1983.324,23.8631439208984,9.5
1983.55,23.8435688018799,9.5
1983.777,23.8435688018799,9.5
1984.005,23.8631439208984,9.5
1984.232,23.8631439208984,9.5
1984.459,23.8435688018799,9.5
1984.686,23.8631439208984,9.5
1984.914,23.8631439208984,9.5
1985.14,23.8435688018799,9.5
1985.367,23.8435688018799,9.5
1985.593,23.8435688018799,9.5
1985.82,72.8227233886719,47.7999992370605
1986.047,96.9403533935547,47.7999992370605
1986.274,99.9942092895508,47.7999992370605
1986.501,96.8424758911133,47.7999992370605
1986.728,99.9746322631836,47.7999992370605
1986.955,96.7641677856445,47.7999992370605
1987.181,100.033363342285,47.7999992370605
1987.408,99.9942092895508,47.7999992370605
1987.634,97.2731475830078,47.7999992370605
1987.862,96.8033218383789,47.7999992370605
1988.089,96.7837448120117,47.7999992370605
1988.316,100.033363342285,47.7999992370605
1988.544,96.7641677856445,47.7999992370605
1988.771,96.7641677856445,47.7999992370605
1988.998,100.033363342285,47.7999992370605
1989.224,96.8228988647461,47.7999992370605
1989.451,96.7837448120117,47.7999992370605
1989.678,100.033363342285,47.7999992370605
1989.904,96.7445907592773,47.7999992370605
1990.132,96.8033218383789,47.7999992370605
1990.36,96.8424758911133,47.7999992370605
1990.586,96.9403533935547,47.7999992370605
1990.812,96.8424758911133,47.7999992370605
1991.039,96.8620452880859,47.7999992370605
1991.266,100.013786315918,47.7999992370605
1991.493,96.8620452880859,47.7999992370605
1991.72,99.9942092895508,47.7999992370605
1991.947,96.8228988647461,77.3000030517578
1992.174,157.077819824219,77.3000030517578
1992.402,155.511749267578,77.3000030517578
1992.628,155.511749267578,77.3000030517578
1992.855,155.492172241211,77.3000030517578
1993.082,158.056625366211,39.5
1993.309,80.3007507324219,39.5
1993.536,83.4916381835938,39.5
1993.763,80.3203277587891,39.5
1993.99,83.5895233154297,39.5
1994.217,80.3203277587891,39.5
1994.443,83.5112152099609,39.5
1994.67,83.5112152099609,39.5
1994.897,80.3203277587891,39.5
1995.123,83.5112152099609,39.5
1995.349,83.5112152099609,39.5
1995.575,83.4916381835938,39.5
1995.802,83.5307922363281,39.5
1996.029,80.3203277587891,39.5
1996.256,83.5307922363281,39.5
1996.483,80.3007507324219,39.5
1996.71,83.5112152099609,39.5
1996.937,80.3007507324219,39.5
1997.163,83.4916381835938,39.5
1997.39,83.4916381835938,39.5
1997.616,80.476936340332,39.5
1997.843,80.3007507324219,39.5
1998.069,83.5112152099609,39.5
1998.295,83.5112152099609,39.5
1998.522,83.4916381835938,39.5
1998.75,80.2224502563477,39.5
1998.976,80.2615966796875,39.5
1999.203,80.2028732299805,39.5
1999.431,83.5699462890625,39.5
1999.657,83.3350296020508,39.5
1999.884,83.4916381835938,39.5
2000.111,80.2420272827148,39.5
2000.338,83.5307922363281,39.5
2000.564,80.2224502563477,39.5
2000.791,80.2420272827148,39.5
2001.018,83.4916381835938,39.5
2001.245,80.2615966796875,42.5999984741211
2001.472,89.6776580810547,42.5999984741211
2001.699,86.3693084716797,42.5999984741211
2001.925,89.6776580810547,42.5999984741211
2002.151,89.6385040283203,42.5999984741211
2002.377,89.6776580810547,42.5999984741211
2002.604,89.6385040283203,42.5999984741211
2002.831,86.3301620483398,42.5999984741211
2003.057,89.6580810546875,42.5999984741211
2003.284,89.6385040283203,47.7999992370605
2003.51,96.7445907592773,47.7999992370605
2003.737,96.7641677856445,47.7999992370605
2003.964,100.033363342285,47.7999992370605
2004.191,96.7641677856445,63
2004.418,130.278274536133,63
2004.644,126.98950958252,63
2004.87,127.009086608887,63
2005.096,127.009086608887,63
2005.322,127.028663635254,63
2005.549,126.98950958252,63
2005.776,129.279907226562,63
2006.003,126.98950958252,63
2006.23,130.258697509766,63
2006.457,127.087394714355,63
2006.684,130.102096557617,63
2006.911,127.009086608887,63
2007.138,129.358215332031,63
2007.365,126.98950958252,63
2007.592,129.377777099609,63
2007.819,127.009086608887,18.1000003814697
2008.046,40.9334144592285,18.1000003814697
2008.273,40.2286796569824,18.1000003814697
2008.5,39.7784309387207,18.1000003814697
2008.728,39.8567352294922,18.1000003814697
2008.955,38.5255699157715,18.1000003814697
2009.181,40.9725685119629,18.1000003814697
2009.408,40.9725685119629,18.1000003814697
2009.635,38.9758148193359,18.1000003814697
2009.863,40.9529914855957,18.1000003814697
2010.09,40.9725685119629,18.1000003814697
2010.316,40.9725685119629,18.1000003814697
2010.543,38.7017517089844,18.1000003814697
2010.769,40.9529914855957,18.1000003814697
2010.995,41.0312957763672,18.1000003814697
2011.222,40.9529914855957,18.1000003814697
2011.449,38.9953918457031,18.1000003814697
2011.676,40.9725685119629,18.1000003814697
2011.903,39.9546165466309,18.1000003814697
2012.13,40.9529914855957,18.1000003814697
2012.357,39.328182220459,18.1000003814697
2012.584,40.9529914855957,18.1000003814697
2012.81,40.3657112121582,18.1000003814697
2013.037,39.974193572998,18.1000003814697
2013.264,23.4716243743896,0
2013.491,0.195759996771812,0
2013.718,0.195759996771812,0
2013.945,0.176183998584747,0
2014.171,0.195759996771812,0
2014.398,0.195759996771812,0
2014.625,0.176183998584747,0
2014.851,0.176183998584747,0
2015.077,0.195759996771812,0
2015.304,0.195759996771812,0
2015.531,0.176183998584747,0
2015.758,0.176183998584747,0
2015.986,0.195759996771812,0
2016.213,0.195759996771812,0
2016.439,0.176183998584747,0
2016.666,0.195759996771812,0
2016.893,0.195759996771812,0
2017.12,0.176183998584747,0
2017.347,0.176183998584747,0
2017.574,0.195759996771812,0
2017.801,0.195759996771812,0
2018.027,0.176183998584747,89.6999969482422
2018.254,180.099197387695,89.6999969482422
2018.481,180.118774414062,89.6999969482422
2018.708,180.118774414062,89.6999969482422
2018.935,180.040466308594,89.6999969482422
2019.163,180.099197387695,89.6999969482422
2019.39,180.060043334961,89.6999969482422
2019.618,180.060043334961,78
2019.845,156.823333740234,78
2020.072,156.745025634766,78
2020.299,156.7841796875,78
2020.526,156.764602661133,78
2020.753,156.7841796875,78
2020.98,157.35188293457,78
2021.206,156.823333740234,98.9000015258789
2021.433,195.759994506836,98.9000015258789
2021.66,195.759994506836,98.9000015258789
2021.888,195.759994506836,98.9000015258789
2022.115,195.759994506836,98.9000015258789
2022.343,195.759994506836,98.9000015258789
2022.569,195.759994506836,98.9000015258789
2022.795,195.759994506836,98.9000015258789
2023.021,195.759994506836,98.9000015258789
2023.248,195.759994506836,98.9000015258789
2023.475,195.759994506836,98.9000015258789
2023.702,195.759994506836,98.9000015258789
2023.93,195.759994506836,98.9000015258789
2024.157,195.759994506836,98.9000015258789
2024.383,195.759994506836,98.9000015258789
2024.61,195.759994506836,98.9000015258789
2024.838,195.759994506836,98.9000015258789
2025.065,195.759994506836,98.9000015258789
2025.292,195.759994506836,70.0999984741211
2025.519,141.103805541992,70.0999984741211
2025.746,142.82649230957,70.0999984741211
2025.974,141.123382568359,70.0999984741211
2026.2,141.123382568359,70.0999984741211
2026.427,141.162536621094,70.0999984741211
2026.654,143.492080688477,70.0999984741211
2026.881,141.123382568359,70.0999984741211
2027.108,143.452926635742,70.0999984741211
2027.335,141.162536621094,70.0999984741211
2027.561,143.550811767578,70.0999984741211
2027.788,142.121765136719,70.0999984741211
2028.014,141.162536621094,70.0999984741211
2028.241,141.162536621094,70.0999984741211
2028.467,144.157669067383,70.0999984741211
2028.693,144.412155151367,70.0999984741211
2028.92,143.178863525391,70.0999984741211
2029.147,141.162536621094,70.0999984741211
2029.374,142.846069335938,70.0999984741211
2029.601,141.162536621094,57.5999984741211
2029.827,119.491905212402,57.5999984741211
2030.054,119.022079467773,57.5999984741211
2030.281,116.203132629395,57.5999984741211
2030.508,119.51148223877,57.5999984741211
2030.734,116.222709655762,57.5999984741211
2030.961,116.222709655762,57.5999984741211
2031.189,117.593032836914,87.1999969482422
2031.416,175.126892089844,87.1999969482422
2031.642,175.146469116211,87.1999969482422
2031.869,175.205200195312,87.1999969482422
2032.096,175.166046142578,87.1999969482422
2032.324,175.146469116211,87.1999969482422
2032.551,175.126892089844,87.1999969482422
2032.778,175.126892089844,87.1999969482422
2033.004,175.146469116211,87.1999969482422
2033.231,175.185623168945,87.1999969482422
2033.458,175.126892089844,87.1999969482422
2033.685,175.146469116211,87.1999969482422
2033.912,175.146469116211,87.1999969482422
2034.139,175.107315063477,87.1999969482422
2034.366,175.146469116211,87.1999969482422
2034.593,175.146469116211,87.1999969482422
2034.82,175.166046142578,87.1999969482422
2035.047,175.126892089844,87.1999969482422
2035.275,175.166046142578,87.1999969482422
2035.501,175.185623168945,87.1999969482422
2035.728,175.126892089844,87.1999969482422
2035.955,175.166046142578,87.1999969482422
2036.182,175.126892089844,87.1999969482422
2036.408,175.126892089844,87.1999969482422
2036.635,175.185623168945,87.1999969482422
2036.861,175.166046142578,87.1999969482422
2037.087,175.146469116211,87.1999969482422
2037.314,175.126892089844,87.1999969482422
2037.54,175.166046142578,87.1999969482422
2037.766,175.126892089844,87.1999969482422
2037.993,175.126892089844,87.1999969482422
2038.22,175.146469116211,87.1999969482422
2038.447,175.146469116211,87.1999969482422
2038.674,175.146469116211,87.1999969482422
2038.902,175.126892089844,87.1999969482422
2039.128,175.166046142578,87.1999969482422
2039.356,175.126892089844,87.1999969482422
2039.583,175.146469116211,87.1999969482422
2039.81,175.185623168945,87.1999969482422
2040.037,175.146469116211,87.1999969482422
2040.263,180.823516845703,92.9000015258789
2040.489,186.559280395508,92.9000015258789
2040.716,186.539703369141,92.9000015258789
2040.942,186.520126342773,92.9000015258789
2041.169,186.539703369141,92.9000015258789
2041.397,186.559280395508,92.9000015258789
2041.624,186.520126342773,92.9000015258789
2041.851,186.520126342773,92.9000015258789
2042.078,186.539703369141,92.9000015258789
2042.305,186.520126342773,92.9000015258789
2042.532,186.559280395508,92.9000015258789
2042.759,186.520126342773,92.9000015258789
2042.986,186.500549316406,92.9000015258789
2043.213,186.578857421875,92.9000015258789
2043.439,186.539703369141,92.9000015258789
2043.666,186.520126342773,92.9000015258789
2043.892,186.480972290039,92.9000015258789
2044.119,186.520126342773,92.9000015258789
2044.346,186.539703369141,92.9000015258789
2044.573,186.520126342773,92.9000015258789
2044.799,187.18571472168,92.9000015258789
2045.025,186.500549316406,92.9000015258789
2045.251,186.520126342773,92.9000015258789
2045.477,186.539703369141,92.9000015258789
2045.704,186.500549316406,25.8999996185303
2045.931,53.6969680786133,25.8999996185303
2046.157,56.4767608642578,25.8999996185303
2046.384,56.4571838378906,25.8999996185303
2046.61,54.812801361084,25.8999996185303
2046.837,54.1276397705078,25.8999996185303
2047.063,56.4767608642578,25.8999996185303
2047.289,56.4767608642578,25.8999996185303
2047.516,56.4571838378906,25.8999996185303
2047.743,54.4017028808594,25.8999996185303
2047.97,56.4767608642578,25.8999996185303
2048.197,53.794849395752,25.8999996185303
2048.423,56.4767608642578,25.8999996185303
2048.65,56.4767608642578,25.8999996185303
2048.876,56.1635437011719,25.8999996185303
2049.103,53.6969680786133,25.8999996185303
2049.331,56.4571838378906,25.8999996185303
2049.557,56.4767608642578,25.8999996185303
2049.785,56.4767608642578,25.8999996185303
2050.012,56.4767608642578,25.8999996185303
2050.238,55.1260147094727,25.8999996185303
2050.465,53.1488418579102,25.8999996185303
2050.692,56.4571838378906,25.8999996185303
2050.919,54.4408569335938,25.8999996185303
2051.145,56.4767608642578,25.8999996185303
2051.373,56.4571838378906,25.8999996185303
2051.6,56.4571838378906,25.8999996185303
2051.827,54.3821296691895,25.8999996185303
2052.054,56.4767608642578,25.8999996185303
2052.281,53.3641777038574,25.8999996185303
2052.507,56.4571838378906,25.8999996185303
2052.734,56.4571838378906,25.8999996185303
2052.961,53.1879920959473,25.8999996185303
2053.187,56.4767608642578,25.8999996185303
2053.414,56.4767608642578,25.8999996185303
2053.641,53.6969680786133,25.8999996185303
2053.868,56.4767608642578,25.8999996185303
2054.095,54.4017028808594,25.8999996185303
2054.322,56.4767608642578,25.8999996185303
2054.549,54.7149200439453,25.8999996185303
2054.776,56.4571838378906,25.8999996185303
2055.003,54.4212799072266,25.8999996185303
2055.229,56.4767608642578,25.8999996185303
2055.457,56.4767608642578,25.8999996185303
2055.684,56.4571838378906,25.8999996185303
2055.911,54.812801361084,93.6999969482422
2056.138,188.047058105469,93.6999969482422
2056.365,188.027481079102,93.6999969482422
2056.592,188.007904052734,93.6999969482422
2056.818,188.047058105469,93.6999969482422
2057.045,188.047058105469,93.6999969482422
2057.272,188.027481079102,93.6999969482422
2057.498,188.007904052734,93.6999969482422
2057.725,188.047058105469,93.6999969482422
2057.952,188.027481079102,93.6999969482422
2058.179,187.988327026367,93.6999969482422
2058.406,188.027481079102,93.6999969482422
2058.632,188.007904052734,93.6999969482422
2058.859,187.988327026367,93.6999969482422
2059.085,187.988327026367,79.3000030517578
2059.313,159.935913085938,79.3000030517578
2059.539,160.91471862793,79.3000030517578
2059.765,161.658615112305,79.3000030517578
2059.992,159.896774291992,79.3000030517578
2060.219,159.544403076172,79.3000030517578
2060.446,159.583557128906,79.3000030517578
2060.673,159.505249023438,79.3000030517578
2060.901,159.916351318359,79.3000030517578
2061.128,159.48567199707,79.3000030517578
2061.355,159.505249023438,79.3000030517578
2061.582,159.524826049805,79.3000030517578
2061.809,159.544403076172,79.3000030517578
2062.035,160.934295654297,79.3000030517578
2062.261,160.581924438477,79.3000030517578
2062.487,160.601501464844,79.3000030517578
2062.714,160.934295654297,79.3000030517578
2062.941,159.48567199707,79.3000030517578
2063.168,159.877197265625,79.3000030517578
2063.394,159.505249023438,79.3000030517578
2063.621,159.505249023438,79.3000030517578
2063.849,159.544403076172,79.3000030517578
2064.077,159.583557128906,79.3000030517578
2064.303,160.581924438477,79.3000030517578
2064.53,159.935913085938,79.3000030517578
2064.757,159.466094970703,79.3000030517578
2064.984,159.544403076172,79.3000030517578
2065.211,159.524826049805,79.3000030517578
2065.438,159.896774291992,79.3000030517578
2065.665,159.505249023438,79.3000030517578
2065.893,159.935913085938,79.3000030517578
2066.12,160.895141601562,79.3000030517578
2066.346,159.48567199707,79.3000030517578
2066.572,159.524826049805,79.3000030517578
2066.8,159.466094970703,79.3000030517578
2067.027,159.563980102539,79.3000030517578
2067.254,159.896774291992,79.3000030517578
2067.48,159.466094970703,79.3000030517578
2067.707,159.505249023438,79.3000030517578
2067.933,160.973449707031,79.3000030517578
2068.16,159.524826049805,79.3000030517578
2068.386,159.48567199707,79.3000030517578
2068.613,159.622711181641,79.3000030517578
2068.839,160.621078491211,79.3000030517578
2069.066,160.229553222656,79.3000030517578
2069.292,159.524826049805,79.3000030517578
2069.519,159.524826049805,79.3000030517578
2069.746,159.642272949219,79.3000030517578
2069.972,101.462409973145,42.2000007629395
2070.199,85.6841506958008,42.2000007629395
2070.426,88.914192199707,42.2000007629395
2070.653,85.8211822509766,42.2000007629395
2070.88,88.8946151733398,42.2000007629395
2071.106,85.6058502197266,42.2000007629395
2071.333,85.6254272460938,42.2000007629395
2071.559,88.8946151733398,42.2000007629395
2071.785,88.9729232788086,42.2000007629395
2072.012,88.8946151733398,42.2000007629395
2072.239,85.6058502197266,42.2000007629395
2072.466,88.8750381469727,42.2000007629395
2072.693,85.5862731933594,42.2000007629395
2072.921,88.8554611206055,42.2000007629395
2073.148,88.8946151733398,42.2000007629395
2073.375,85.5666961669922,42.2000007629395
2073.601,88.8750381469727,40.2000007629395
2073.827,84.9206848144531,40.2000007629395
2074.054,84.9598388671875,40.2000007629395
2074.28,81.6123428344727,40.2000007629395
2074.506,81.6319198608398,40.2000007629395
2074.733,81.6710739135742,40.2000007629395
2074.959,84.9206848144531,40.2000007629395
2075.185,84.9402618408203,40.2000007629395
2075.412,84.9402618408203,40.2000007629395
2075.639,81.651496887207,40.2000007629395
2075.866,84.9206848144531,40.2000007629395
2076.092,82.3170776367188,40.2000007629395
2076.319,81.6319198608398,40.2000007629395
2076.546,84.9206848144531,40.2000007629395
2076.772,81.8276824951172,40.2000007629395
2076.998,81.651496887207,40.2000007629395
2077.225,81.6710739135742,40.2000007629395
2077.452,84.9598388671875,40.2000007629395
2077.68,81.651496887207,40.2000007629395
2077.907,81.651496887207,40.2000007629395
2078.134,84.9206848144531,40.2000007629395
2078.36,81.6319198608398,40.2000007629395
2078.587,81.6123428344727,40.2000007629395
2078.814,84.9011154174805,40.2000007629395
2079.041,81.6906509399414,40.2000007629395
2079.268,84.9598388671875,40.2000007629395
2079.494,81.8864059448242,40.2000007629395
2079.721,81.6906509399414,40.2000007629395
2079.948,84.9402618408203,40.2000007629395
2080.175,81.6319198608398,40.2000007629395
2080.402,84.9598388671875,40.2000007629395
2080.63,81.6906509399414,40.2000007629395
2080.857,81.6319198608398,40.2000007629395
2081.083,84.9206848144531,40.2000007629395
2081.309,84.9402618408203,40.2000007629395
2081.536,84.9402618408203,40.2000007629395
2081.763,81.6319198608398,40.2000007629395
2081.99,84.9206848144531,40.2000007629395
2082.217,81.80810546875,40.2000007629395
2082.444,84.9402618408203,40.2000007629395
2082.671,81.866828918457,40.2000007629395
2082.898,84.9402618408203,40.2000007629395
2083.125,81.651496887207,40.2000007629395
2083.351,84.9206848144531,40.2000007629395
2083.578,84.9794158935547,6.30000019073486
2083.805,16.3068084716797,6.30000019073486
2084.031,17.540096282959,6.30000019073486
2084.258,17.540096282959,6.30000019073486
2084.485,17.5205192565918,6.30000019073486
2084.712,17.540096282959,6.30000019073486
2084.939,17.540096282959,6.30000019073486
2085.166,17.540096282959,6.30000019073486
2085.392,17.540096282959,6.30000019073486
2085.618,17.540096282959,6.30000019073486
2085.845,17.540096282959,6.30000019073486
2086.071,17.540096282959,6.30000019073486
2086.297,17.540096282959,60.9000015258789
2086.523,125.482162475586,60.9000015258789
2086.749,126.069442749023,6.40000009536743
2086.976,17.7358551025391,6.40000009536743
2087.203,17.7358551025391,6.40000009536743
2087.43,17.7358551025391,6.40000009536743
2087.656,17.7554321289062,6.40000009536743
2087.884,17.7358551025391,6.40000009536743
2088.111,17.7358551025391,6.40000009536743
2088.338,17.7358551025391,6.40000009536743
2088.565,17.7358551025391,6.40000009536743
2088.792,17.7554321289062,6.40000009536743
2089.019,17.7554321289062,6.40000009536743
2089.246,17.7554321289062,6.40000009536743
2089.473,17.1485767364502,6.40000009536743
2089.699,17.5205192565918,6.40000009536743
2089.927,17.7554321289062,6.40000009536743
2090.154,17.7358551025391,6.40000009536743
2090.382,17.7358551025391,65.6999969482422
2090.609,132.431640625,65.6999969482422
2090.836,134.369659423828,65.6999969482422
2091.063,132.392486572266,65.6999969482422
2091.29,135.661682128906,65.6999969482422
2091.517,132.372909545898,65.6999969482422
2091.744,135.015670776367,65.6999969482422
2091.971,132.392486572266,65.6999969482422
2092.197,135.661682128906,65.6999969482422
2092.424,134.682876586914,65.6999969482422
2092.65,132.392486572266,65.6999969482422
2092.877,132.353332519531,65.6999969482422
2093.104,133.978149414062,65.6999969482422
2093.33,132.392486572266,65.6999969482422
2093.557,132.392486572266,65.6999969482422
2093.784,135.387619018555,65.6999969482422
2094.011,132.392486572266,65.6999969482422
2094.238,134.702453613281,65.6999969482422
2094.466,132.392486572266,65.6999969482422
2094.692,132.392486572266,65.6999969482422
2094.919,132.353332519531,65.6999969482422
2095.146,134.310943603516,65.6999969482422
2095.373,132.353332519531,65.6999969482422
2095.6,134.741607666016,65.6999969482422
2095.826,132.353332519531,65.6999969482422
2096.053,132.372909545898,65.6999969482422
2096.28,134.64372253418,65.6999969482422
2096.507,132.333755493164,65.6999969482422
2096.734,133.312561035156,65.6999969482422
2096.962,132.412063598633,65.6999969482422
2097.189,132.353332519531,65.6999969482422
2097.417,135.113555908203,65.6999969482422
2097.644,135.035247802734,65.6999969482422
2097.87,132.314178466797,65.6999969482422
2098.096,132.353332519531,65.6999969482422
2098.323,132.392486572266,65.6999969482422
2098.55,135.035247802734,65.6999969482422
2098.777,132.431640625,65.6999969482422
2099.004,135.035247802734,65.6999969482422
2099.231,132.314178466797,65.6999969482422
2099.458,135.074401855469,65.6999969482422
2099.684,192.647415161133,96
2099.91,192.588684082031,96
2100.137,192.608261108398,96
2100.364,192.588684082031,96
2100.592,192.588684082031,96
2100.819,192.608261108398,96
2101.046,192.569107055664,96
2101.273,192.549530029297,96
2101.5,192.608261108398,96
2101.727,192.588684082031,96
2101.954,192.588684082031,96
2102.18,192.647415161133,96
2102.406,192.569107055664,96
2102.634,192.569107055664,54.5999984741211
2102.861,110.310760498047,54.5999984741211
2103.088,113.501647949219,54.5999984741211
2103.315,110.29118347168,24.6000003814697
2103.541,53.8339996337891,24.6000003814697
2103.769,53.8535766601562,24.6000003814697
2103.996,53.8731536865234,24.6000003814697
2104.223,51.641487121582,24.6000003814697
2104.449,53.8927268981934,24.6000003814697
2104.675,53.8927268981934,24.6000003814697
2104.902,53.8731536865234,24.6000003814697
2105.128,52.6985931396484,24.6000003814697
2105.356,52.307071685791,24.6000003814697
2105.582,52.3853759765625,24.6000003814697
2105.81,52.2679214477539,24.6000003814697
2106.038,51.6023368835449,24.6000003814697
2106.265,51.3086967468262,24.6000003814697
2106.493,53.8731536865234,24.6000003814697
2106.719,53.8339996337891,24.6000003814697
2106.947,53.8731536865234,24.6000003814697
2107.174,53.8535766601562,24.6000003814697
2107.4,52.6594390869141,24.6000003814697
2107.627,51.6610641479492,24.6000003814697
2107.855,53.8731536865234,24.6000003814697
2108.083,53.8339996337891,24.6000003814697
2108.31,53.8927268981934,24.6000003814697
2108.536,52.620288848877,24.6000003814697
2108.762,52.6985931396484,24.6000003814697
2108.989,51.9155502319336,24.6000003814697
2109.216,53.8535766601562,24.6000003814697
2109.442,53.3446006774902,24.6000003814697
2109.668,53.4229049682617,24.6000003814697
2109.895,51.3478469848633,24.6000003814697
2110.122,53.8927268981934,24.6000003814697
2110.349,51.6023368835449,24.6000003814697
2110.576,53.8927268981934,24.6000003814697
2110.803,52.7377433776855,24.6000003814697
2111.03,53.8339996337891,24.6000003814697
2111.257,50.9367523193359,24.6000003814697
2111.484,53.8535766601562,24.6000003814697
2111.711,52.0134315490723,24.6000003814697
2111.938,53.8731536865234,24.6000003814697
2112.165,51.6610641479492,24.6000003814697
2112.392,53.8731536865234,24.6000003814697
2112.619,51.1716651916504,24.6000003814697
2112.846,53.8731536865234,24.6000003814697
2113.073,52.2874946594238,24.6000003814697
2113.299,53.8144226074219,24.6000003814697
2113.527,53.9123039245605,24.6000003814697
2113.754,53.8535766601562,24.6000003814697
2113.98,52.5811347961426,24.6000003814697
2114.207,52.3266487121582,24.6000003814697
2114.434,53.8535766601562,19.1000003814697
2114.661,41.8143348693848,19.1000003814697
2114.888,42.9693183898926,19.1000003814697
2115.115,40.5223197937012,19.1000003814697
2115.342,42.9693183898926,19.1000003814697
2115.57,40.5418968200684,19.1000003814697
2115.796,42.2450065612793,19.1000003814697
2116.022,42.2645835876465,19.1000003814697
2116.248,42.9301681518555,19.1000003814697
2116.474,42.9888954162598,19.1000003814697
2116.701,40.8942642211914,19.1000003814697
2116.929,42.9693183898926,19.1000003814697
2117.155,42.9301681518555,19.1000003814697
2117.382,42.9693183898926,19.1000003814697
2117.609,41.9122161865234,19.1000003814697
2117.836,42.9105911254883,19.1000003814697
2118.063,40.7768096923828,19.1000003814697
2118.291,42.9888954162598,19.1000003814697
2118.518,42.9497451782227,19.1000003814697
2118.745,40.8159599304199,18.2000007629395
