Tiempo_s,fr_l,u
4260.045,4.79697895050049,55.7999992370605
4260.272,4.95198011398315,55.7999992370605
4260.499,4.79697895050049,55.7999992370605
4260.726,4.95198011398315,55.7999992370605
4260.953,4.79496574401855,55.7999992370605
4261.179,4.79899168014526,55.7999992370605
4261.406,4.95600605010986,55.7999992370605
4261.632,4.95801877975464,55.7999992370605
4261.859,4.79496574401855,55.7999992370605
4262.085,4.79899168014526,55.7999992370605
4262.311,4.79899168014526,55.7999992370605
4262.538,4.96003198623657,55.7999992370605
4262.765,4.79899168014526,55.7999992370605
4262.992,4.96003198623657,55.7999992370605
4263.219,4.80301809310913,55.7999992370605
4263.445,4.81509590148926,55.7999992370605
4263.672,4.80503082275391,55.7999992370605
4263.899,4.80301809310913,55.7999992370605
4264.126,4.95399284362793,55.7999992370605
4264.352,4.96405792236328,55.7999992370605
4264.579,4.80503082275391,55.7999992370605
4264.806,4.96607112884521,55.7999992370605
4265.033,4.96808385848999,55.7999992370605
4265.26,4.90970706939697,55.7999992370605
4265.487,4.80905675888062,55.7999992370605
4265.713,4.80704402923584,55.7999992370605
4265.939,4.80704402923584,55.7999992370605
4266.165,4.80704402923584,55.7999992370605
4266.391,4.80704402923584,55.7999992370605
4266.618,4.96808385848999,55.7999992370605
4266.844,4.96808385848999,55.7999992370605
4267.071,4.81106996536255,55.7999992370605
4267.298,4.97009706497192,55.7999992370605
4267.525,4.80905675888062,55.7999992370605
4267.752,0.597860991954803,8.69999980926514
4267.978,0.634095013141632,8.69999980926514
4268.205,0.634095013141632,8.69999980926514
4268.431,0.634095013141632,8.69999980926514
4268.658,0.634095013141632,8.69999980926514
4268.885,3.53885388374329,42
4269.113,3.67775082588196,42
4269.339,3.52677583694458,42
4269.565,3.54891896247864,42
4269.792,3.68177700042725,42
4270.019,3.56099700927734,42
4270.245,3.53080201148987,42
4270.471,3.54690599441528,42
4270.698,3.6837899684906,42
4270.925,3.5630099773407,42
4271.152,3.6837899684906,42
4271.379,3.58313989639282,42
4271.605,3.58515286445618,42
4271.832,3.6837899684906,42
4272.059,3.58515286445618,42
4272.286,3.6837899684906,42
4272.513,3.52476286888123,42
4272.739,3.56502294540405,42
4272.966,3.6837899684906,42
4273.646,3.68580293655396,42
4273.872,3.68580293655396,42
4274.553,3.52878904342651,42
4274.779,3.52476286888123,42
4275.006,3.68781590461731,42
4275.232,3.68781590461731,42
4275.458,3.68781590461731,42
4275.684,3.68781590461731,42
4275.911,3.66969895362854,42
4276.138,3.68781590461731,42
4276.365,3.56502294540405,42
4276.592,3.68781590461731,42
4276.818,3.65762090682983,42
4277.045,3.53684091567993,42
4277.271,3.52878904342651,42
4277.498,3.60729598999023,42
4277.725,3.52677583694458,10.8999996185303
4277.953,0.837408006191254,10.8999996185303
4278.18,0.835394978523254,10.8999996185303
4278.407,0.835394978523254,10.8999996185303
4278.634,0.8333820104599,10.8999996185303
4278.861,0.8333820104599,10.8999996185303
4279.088,0.835394978523254,10.8999996185303
4279.314,0.8333820104599,10.8999996185303
4279.54,0.775004982948303,10.8999996185303
4279.767,0.8333820104599,10.8999996185303
4279.994,0.8333820104599,10.8999996185303
4280.22,0.8333820104599,10.8999996185303
4280.447,0.8333820104599,10.8999996185303
4280.674,0.8333820104599,10.8999996185303
4280.901,0.8333820104599,10.8999996185303
4281.127,0.8333820104599,10.8999996185303
4281.354,0.8333820104599,10.8999996185303
4281.581,0.8333820104599,89.5
4281.808,8.00570106506348,89.5
4282.035,8.02381801605225,89.5
4282.261,8.03186988830566,61.0999984741211
4282.488,5.47938585281372,61.0999984741211
4282.714,5.47535991668701,61.0999984741211
4282.941,5.31633281707764,61.0999984741211
4283.167,5.31432008743286,61.0999984741211
4283.395,5.47938585281372,61.0999984741211
4283.621,5.31633281707764,61.0999984741211
4283.847,5.31633281707764,61.0999984741211
4284.074,5.47938585281372,61.0999984741211
4284.301,5.31834602355957,61.0999984741211
4284.528,5.47938585281372,61.0999984741211
4284.754,5.48139905929565,61.0999984741211
4284.981,5.32237195968628,61.0999984741211
4285.208,5.48341178894043,61.0999984741211
4285.434,5.48542499542236,61.0999984741211
4285.661,5.45724296569824,61.0999984741211
4285.887,5.32438468933105,61.0999984741211
4286.113,5.32639789581299,61.0999984741211
4286.339,5.32438468933105,61.0999984741211
4286.566,5.48542499542236,61.0999984741211
4286.793,5.32237195968628,61.0999984741211
4287.02,5.48341178894043,61.0999984741211
4287.247,5.32841110229492,61.0999984741211
4287.473,5.32841110229492,32.0999984741211
4287.7,2.75177097320557,32.0999984741211
4287.926,2.76988792419434,32.0999984741211
4288.152,2.76988792419434,32.0999984741211
4288.378,2.7759268283844,32.0999984741211
4288.604,2.7759268283844,32.0999984741211
4288.83,2.7759268283844,32.0999984741211
4289.056,2.7759268283844,14.3999996185303
4289.282,1.15747499465942,14.3999996185303
4289.508,1.15747499465942,14.3999996185303
4289.734,1.15546202659607,14.3999996185303
4289.961,1.15546202659607,14.3999996185303
4290.187,1.15546202659607,14.3999996185303
4290.414,1.14741003513336,14.3999996185303
4290.641,1.15546202659607,14.3999996185303
4290.867,1.15546202659607,14.3999996185303
4291.094,1.15546202659607,14.3999996185303
4291.32,1.15546202659607,14.3999996185303
4291.546,1.15546202659607,14.3999996185303
4291.773,1.15546202659607,14.3999996185303
4291.999,1.15546202659607,14.3999996185303
4292.226,1.15546202659607,14.3999996185303
4292.452,1.15546202659607,14.3999996185303
4292.68,1.13935792446136,14.3999996185303
4292.907,1.15546202659607,14.3999996185303
4293.134,2.30287194252014,82
4293.361,7.30920267105103,82
4293.588,7.36355400085449,82
4293.815,7.32933282852173,82
4294.042,7.42193078994751,82
4294.269,7.33738470077515,82
4294.496,5.44919109344482,49.7999992370605
4294.722,4.42457389831543,49.7999992370605
4294.949,4.26554679870605,49.7999992370605
4295.176,4.4225606918335,49.7999992370605
4295.404,4.26756000518799,49.7999992370605
4295.631,4.26353406906128,49.7999992370605
4295.858,4.4225606918335,49.7999992370605
4296.085,4.26353406906128,49.7999992370605
4296.311,4.26756000518799,49.7999992370605
4296.538,4.4225606918335,49.7999992370605
4296.765,4.26152086257935,49.7999992370605
4296.992,4.42457389831543,49.7999992370605
4297.219,4.26152086257935,49.7999992370605
4297.446,4.4225606918335,49.7999992370605
4297.672,4.42457389831543,49.7999992370605
4297.898,4.4225606918335,49.7999992370605
4298.125,4.26554679870605,49.7999992370605
4298.352,4.42457389831543,49.7999992370605
4298.579,4.26152086257935,49.7999992370605
4298.806,4.42457389831543,49.7999992370605
4299.034,4.26756000518799,49.7999992370605
4299.261,4.26756000518799,49.7999992370605
4299.488,4.42658710479736,49.7999992370605
4299.714,4.42658710479736,49.7999992370605
4299.941,4.26152086257935,49.7999992370605
4300.168,4.42658710479736,49.7999992370605
4300.394,4.42658710479736,49.7999992370605
4300.621,4.26957273483276,49.7999992370605
4300.848,4.42859983444214,49.7999992370605
4301.074,4.42859983444214,49.7999992370605
4301.301,4.26957273483276,49.7999992370605
4301.527,4.26756000518799,49.7999992370605
4301.754,4.42658710479736,49.7999992370605
4301.981,4.26554679870605,49.7999992370605
4302.208,4.07431173324585,46
4302.435,3.91125893592834,46
4302.662,4.07431173324585,46
4302.889,3.9132719039917,46
4303.115,3.9132719039917,46
4303.342,4.07229900360107,46
4303.568,1.56611394882202,18.7999992370605
4303.795,1.56007492542267,18.7999992370605
4304.021,1.56208801269531,18.7999992370605
4304.248,1.5540360212326,18.7999992370605
4304.475,1.53189301490784,18.7999992370605
4304.702,1.56007492542267,18.7999992370605
4304.928,1.56007492542267,18.7999992370605
4305.155,1.56007492542267,18.7999992370605
4305.381,1.56208801269531,18.7999992370605
4305.608,1.56007492542267,18.7999992370605
4305.835,1.56007492542267,66.6999969482422
4306.061,5.84373903274536,66.6999969482422
4306.288,6.01886987686157,66.6999969482422
4306.515,5.86588191986084,66.6999969482422
4306.741,5.86990785598755,92.1999969482422
4306.968,8.3358325958252,92.1999969482422
4307.194,8.34589767456055,92.1999969482422
4307.422,8.35394954681396,92.1999969482422
4307.648,8.35394954681396,92.1999969482422
4307.875,8.35998916625977,92.1999969482422
4308.102,8.39823627471924,70.1999969482422
4308.329,6.22620868682861,70.1999969482422
4308.556,6.37315797805786,70.1999969482422
4308.782,6.36913204193115,70.1999969482422
4309.008,6.37517070770264,70.1999969482422
4309.235,6.2221827507019,70.1999969482422
4309.462,6.37718391418457,70.1999969482422
4309.688,6.33692407608032,70.1999969482422
4309.914,6.33491086959839,70.1999969482422
4310.14,6.37919664382935,70.1999969482422
4310.367,6.22017002105713,70.1999969482422
4310.594,6.37718391418457,70.1999969482422
4310.82,6.35504102706909,70.1999969482422
4311.047,6.2221827507019,70.1999969482422
4311.274,6.38120985031128,70.1999969482422
4311.501,6.22419595718384,70.1999969482422
4311.728,6.38120985031128,70.1999969482422
4311.955,6.22822189331055,70.1999969482422
4312.182,6.34095001220703,70.1999969482422
4312.409,6.22620868682861,70.1999969482422
4312.635,6.22822189331055,70.1999969482422
4312.862,6.34698867797852,70.1999969482422
4313.088,6.38523578643799,70.1999969482422
4313.315,6.22822189331055,70.1999969482422
4313.541,6.22822189331055,70.1999969482422
4313.767,6.22620868682861,70.1999969482422
4313.994,6.38724899291992,70.1999969482422
4314.221,6.31679391860962,70.1999969482422
4314.448,6.3892617225647,42.7999992370605
4314.674,3.80054402351379,42.7999992370605
4314.901,3.66969895362854,42.7999992370605
4315.129,3.79450488090515,42.7999992370605
4315.356,3.79450488090515,42.7999992370605
4315.583,3.63547801971436,42.7999992370605
4315.809,3.63749098777771,42.7999992370605
4316.036,3.7924919128418,42.7999992370605
4316.262,3.7924919128418,42.7999992370605
4316.488,3.79450488090515,69.9000015258789
4316.715,6.19802665710449,69.9000015258789
4316.943,6.29867696762085,69.9000015258789
4317.169,6.20406579971313,69.9000015258789
4317.396,6.36309289932251,69.9000015258789
4317.622,6.36309289932251,69.9000015258789
4317.849,6.21010494232178,69.9000015258789
4318.075,6.21010494232178,69.9000015258789
4318.302,6.36711883544922,69.9000015258789
4318.529,6.21010494232178,69.9000015258789
4318.757,6.29263782501221,69.9000015258789
4318.984,6.36309289932251,69.9000015258789
4319.21,6.35101509094238,69.9000015258789
4319.437,6.21614408493042,69.9000015258789
4319.664,6.37114477157593,69.9000015258789
4319.89,6.37315797805786,69.9000015258789
4320.117,6.21413087844849,69.9000015258789
4320.343,6.21614408493042,12.1000003814697
4320.57,0.956174969673157,12.1000003814697
4320.796,0.954162001609802,12.1000003814697
4321.022,0.954162001609802,12.1000003814697
4321.248,0.954162001609802,12.1000003814697
4321.475,0.954162001609802,12.1000003814697
4321.703,0.954162001609802,12.1000003814697
4321.93,0.954162001609802,12.1000003814697
4322.157,0.954162001609802,12.1000003814697
4322.384,0.954162001609802,12.1000003814697
4322.611,0.954162001609802,12.1000003814697
4322.838,0.952148973941803,12.1000003814697
4323.065,0.954162001609802,12.1000003814697
4323.291,0.952148973941803,12.1000003814697
4323.518,0.952148973941803,12.1000003814697
4323.744,0.952148973941803,12.1000003814697
4323.971,0.952148973941803,12.1000003814697
4324.198,0.952148973941803,12.1000003814697
4324.424,0.952148973941803,12.1000003814697
4324.65,0.954162001609802,12.1000003814697
4324.877,0.952148973941803,12.1000003814697
4325.103,0.952148973941803,12.1000003814697
4325.329,0.952148973941803,12.1000003814697
4325.555,0.952148973941803,12.1000003814697
4325.781,0.952148973941803,12.1000003814697
4326.008,0.952148973941803,12.1000003814697
4326.235,0.952148973941803,12.1000003814697
4326.462,0.952148973941803,12.1000003814697
4326.688,0.952148973941803,12.1000003814697
4326.914,0.952148973941803,12.1000003814697
4327.141,0.952148973941803,12.1000003814697
4327.368,0.952148973941803,12.1000003814697
4327.595,0.952148973941803,12.1000003814697
4327.823,0.952148973941803,12.1000003814697
4328.05,0.952148973941803,12.1000003814697
4328.277,0.952148973941803,12.1000003814697
4328.504,0.952148973941803,12.1000003814697
4328.731,8.36602783203125,93
4328.959,8.43849563598633,93
4329.185,8.45459938049316,93
4329.412,8.46063899993896,93
4329.638,8.4626522064209,93
4329.864,8.47070407867432,93
4330.091,8.47271728515625,93
4330.319,8.47472953796387,93
4330.545,8.4767427444458,93
4330.772,8.4767427444458,93
4330.998,8.48680782318115,93
4331.224,8.48076915740967,93
4331.451,8.48278141021729,93
4331.678,8.54115867614746,93
4331.904,8.48479461669922,93
4332.13,8.48479461669922,93
4332.357,8.48680782318115,93
4332.583,8.48882102966309,93
4332.809,8.49083423614502,93
4333.036,5.90815496444702,64.8000030517578
4333.263,5.74107599258423,64.8000030517578
4333.49,5.89406394958496,64.8000030517578
4333.717,5.73705005645752,64.8000030517578
4333.944,5.84373903274536,64.8000030517578
4334.171,5.73906278610229,64.8000030517578
4334.397,5.73906278610229,64.8000030517578
4334.624,5.89205074310303,64.8000030517578
4334.85,5.89205074310303,64.8000030517578
4335.077,5.73906278610229,64.8000030517578
4335.304,5.89205074310303,64.8000030517578
4335.531,5.73705005645752,64.8000030517578
4335.758,5.89406394958496,64.8000030517578
4335.985,5.73705005645752,64.8000030517578
4336.212,5.89406394958496,64.8000030517578
4336.439,5.73705005645752,64.8000030517578
4336.666,5.89607667922974,64.8000030517578
4336.892,5.89607667922974,64.8000030517578
4337.119,5.74107599258423,52.4000015258789
4337.346,4.71847200393677,52.4000015258789
4337.573,4.58561372756958,52.4000015258789
4337.8,4.71645879745483,52.4000015258789
4338.028,4.5634708404541,52.4000015258789
4338.255,4.55743169784546,52.4000015258789
4338.482,4.71444606781006,52.4000015258789
4338.708,4.71444606781006,52.4000015258789
4338.935,4.55541896820068,5.40000009536743
4339.162,0.348248988389969,5.40000009536743
4339.389,0.342209994792938,5.40000009536743
4339.616,0.342209994792938,5.40000009536743
4339.843,0.342209994792938,5.40000009536743
4340.07,0.342209994792938,5.40000009536743
4340.297,0.342209994792938,5.40000009536743
4340.524,0.342209994792938,5.40000009536743
4340.75,0.342209994792938,5.40000009536743
4340.977,0.342209994792938,5.40000009536743
4341.204,0.342209994792938,5.40000009536743
4341.431,0.342209994792938,5.40000009536743
4341.657,0.342209994792938,5.40000009536743
4341.883,0.342209994792938,5.40000009536743
4342.11,0.342209994792938,5.40000009536743
4342.336,0.342209994792938,5.40000009536743
4342.563,0.342209994792938,5.40000009536743
4342.789,0.342209994792938,5.40000009536743
4343.016,0.342209994792938,5.40000009536743
4343.243,0.342209994792938,5.40000009536743
4343.47,0.342209994792938,5.40000009536743
4343.696,0.342209994792938,5.40000009536743
4343.922,0.342209994792938,5.40000009536743
4344.148,0.342209994792938,5.40000009536743
4344.375,0.342209994792938,45.4000015258789
4344.602,3.88106393814087,45.4000015258789
4344.83,3.88911581039429,45.4000015258789
4345.057,3.88508987426758,45.4000015258789
4345.284,4.04411697387695,45.4000015258789
4345.511,3.88508987426758,45.4000015258789
4345.737,3.88710284233093,45.4000015258789
4345.965,4.04612970352173,45.4000015258789
4346.192,4.04612970352173,45.4000015258789
4346.419,3.89716792106628,45.4000015258789
4346.645,3.88911581039429,45.4000015258789
4346.871,3.89314198493958,45.4000015258789
4347.098,4.04814291000366,45.4000015258789
4347.325,3.88911581039429,45.4000015258789
4347.552,4.04612970352173,45.4000015258789
4347.779,3.89515495300293,45.4000015258789
4348.005,3.94547986984253,45.4000015258789
4348.232,4.04814291000366,45.4000015258789
4348.458,4.04814291000366,45.4000015258789
4348.685,3.89112901687622,45.4000015258789
4348.912,4.04814291000366,45.4000015258789
4349.139,3.89918088912964,45.4000015258789
4349.366,4.04814291000366,45.4000015258789
4349.592,4.0501561164856,45.4000015258789
4349.818,4.04612970352173,45.4000015258789
4350.045,3.91931080818176,45.4000015258789
4350.272,4.0501561164856,45.4000015258789
4350.499,3.89112901687622,45.4000015258789
4350.726,4.02801275253296,45.4000015258789
4350.953,3.89112901687622,45.4000015258789
4351.179,3.89314198493958,45.4000015258789
4351.405,3.9213240146637,45.4000015258789
4351.632,4.0501561164856,45.4000015258789
4351.858,4.05216884613037,45.4000015258789
4352.085,3.90723299980164,45.4000015258789
4352.313,4.05216884613037,45.4000015258789
4352.54,4.05216884613037,45.4000015258789
4352.767,3.89314198493958,45.4000015258789
4352.994,4.05216884613037,45.4000015258789
4353.221,3.89314198493958,45.4000015258789
4353.448,2.83631706237793,27.7000007629395
4353.675,2.3753399848938,27.7000007629395
4353.901,2.40352201461792,27.7000007629395
4354.127,2.32904100418091,27.7000007629395
4354.355,2.40150904655457,27.7000007629395
4354.581,2.35722303390503,27.7000007629395
4354.808,2.40150904655457,27.7000007629395
4355.035,2.35722303390503,27.7000007629395
4355.261,8.5572624206543,96.3000030517578
4355.487,8.8189525604248,96.3000030517578
4355.713,8.83304405212402,96.3000030517578
4355.939,8.84109592437744,96.3000030517578
4356.165,8.84310913085938,96.3000030517578
4356.392,8.84512138366699,96.3000030517578
4356.619,8.85116100311279,96.3000030517578
4356.846,8.85317420959473,96.3000030517578
4357.072,8.85317420959473,96.3000030517578
4357.299,3.88106393814087,44.9000015258789
4357.526,4.01794815063477,44.9000015258789
4357.752,4.08236408233643,45.5999984741211
4357.979,3.91729784011841,45.5999984741211
4358.205,3.93340182304382,45.5999984741211
4358.431,3.93138885498047,45.5999984741211
4358.659,4.07833814620972,45.5999984741211
4358.886,4.07833814620972,45.5999984741211
4359.112,4.07833814620972,45.5999984741211
4359.339,4.07833814620972,45.5999984741211
4359.566,4.07632493972778,45.5999984741211
4359.792,3.24696898460388,36.7000007629395
4360.019,3.16040992736816,36.7000007629395
4360.246,3.24696898460388,36.7000007629395
4360.473,3.12820196151733,36.7000007629395
4360.7,3.24495601654053,36.7000007629395
4360.927,3.15638399124146,36.7000007629395
4361.154,3.24495601654053,36.7000007629395
4361.38,3.24495601654053,36.7000007629395
4361.607,3.24495601654053,36.7000007629395
4361.833,3.11209797859192,36.7000007629395
4362.059,3.12216305732727,36.7000007629395
4362.286,3.24495601654053,36.7000007629395
4362.513,3.17248797416687,36.7000007629395
4362.74,3.24495601654053,36.7000007629395
4362.967,3.1543710231781,36.7000007629395
4363.193,3.12618899345398,36.7000007629395
4363.419,3.15839695930481,36.7000007629395
4363.646,3.24696898460388,36.7000007629395
4363.873,3.14028000831604,36.7000007629395
4364.099,3.14229297637939,36.7000007629395
4364.326,3.24495601654053,36.7000007629395
4364.553,3.12417602539062,36.7000007629395
4364.78,3.24495601654053,36.7000007629395
4365.007,3.17248797416687,36.7000007629395
4365.234,3.24495601654053,36.7000007629395
4365.462,3.08592891693115,36.7000007629395
4365.689,3.10605883598328,36.7000007629395
4365.916,3.24495601654053,36.7000007629395
4366.143,3.09398102760315,36.7000007629395
4366.369,3.17450094223022,36.7000007629395
4366.595,3.11209797859192,36.7000007629395
4366.821,3.17651391029358,76.0999984741211
4367.048,6.97101879119873,76.0999984741211
4367.274,6.96497964859009,76.0999984741211
4367.5,6.9388108253479,76.0999984741211
4367.726,7.01127862930298,76.0999984741211
4367.953,6.86634302139282,76.0999984741211
4368.18,6.87238168716431,76.0999984741211
4368.407,6.87036895751953,76.0999984741211
4368.633,6.87036895751953,76.0999984741211
4368.86,6.99920082092285,76.0999984741211
4369.086,7.02939605712891,76.0999984741211
4369.313,6.87439489364624,76.0999984741211
4369.539,6.87439489364624,76.0999984741211
4369.766,6.99920082092285,76.0999984741211
4369.993,6.87640810012817,76.0999984741211
4370.22,6.97504472732544,76.0999984741211
4370.447,6.87842082977295,76.0999984741211
4370.674,6.95088863372803,76.0999984741211
4370.901,6.88043403625488,76.0999984741211
4371.128,7.01933097839355,76.0999984741211
4371.354,7.0092658996582,76.0999984741211
4371.58,6.97303199768066,76.0999984741211
4371.807,6.88244676589966,76.0999984741211
4372.034,6.97705793380737,76.0999984741211
4372.262,6.88445997238159,76.0999984741211
4372.49,6.88445997238159,22.5
4372.717,1.87611591815948,22.5
4372.944,1.92845392227173,22.5
4373.17,1.92644095420837,22.5
4373.397,1.90228497982025,22.5
4373.624,1.92644095420837,22.5
4373.852,1.84793400764465,77.4000015258789
4374.079,6.9891357421875,77.4000015258789
4374.306,7.07770776748657,77.4000015258789
4374.533,7.00725269317627,77.4000015258789
4374.76,7.11998081207275,77.4000015258789
4374.987,7.0092658996582,77.4000015258789
4375.213,7.01127862930298,14.3000001907349
4375.44,1.16955292224884,14.3000001907349
4375.666,1.16753995418549,14.3000001907349
4375.893,1.16753995418549,14.3000001907349
4376.12,1.16753995418549,14.3000001907349
4376.346,1.16552698612213,14.3000001907349
4376.572,1.16552698612213,14.3000001907349
4376.799,1.16552698612213,14.3000001907349
4377.026,1.16552698612213,14.3000001907349
4377.253,1.16552698612213,14.3000001907349
4377.479,1.16552698612213,14.3000001907349
4377.706,1.16552698612213,14.3000001907349
4377.932,1.16552698612213,14.3000001907349
4378.16,1.1333190202713,14.3000001907349
4378.387,1.16552698612213,14.3000001907349
4378.614,1.16552698612213,14.3000001907349
4378.841,1.16552698612213,14.3000001907349
4379.068,1.16552698612213,14.3000001907349
4379.295,1.16552698612213,14.3000001907349
4379.522,1.16552698612213,14.3000001907349
4379.749,1.16552698612213,14.3000001907349
4379.975,1.16552698612213,14.3000001907349
4380.202,1.16552698612213,14.3000001907349
4380.429,1.16552698612213,14.3000001907349
4380.656,1.16552698612213,14.3000001907349
4380.882,1.16552698612213,14.3000001907349
4381.109,1.16552698612213,14.3000001907349
4381.336,1.16552698612213,14.3000001907349
4381.564,1.14942300319672,14.3000001907349
4381.791,1.16552698612213,14.3000001907349
4382.018,1.15546202659607,14.3000001907349
4382.244,1.16552698612213,14.3000001907349
4382.47,1.16351401805878,14.3000001907349
4382.697,1.16552698612213,14.3000001907349
4382.923,1.16351401805878,14.3000001907349
4383.15,1.16351401805878,14.3000001907349
4383.376,1.16351401805878,14.3000001907349
4383.603,1.16552698612213,14.3000001907349
4383.829,7.06361675262451,92.0999984741211
4384.057,8.41232681274414,92.0999984741211
4384.284,2.3048849105835,26
4384.511,2.24248194694519,26
4384.738,2.2545599937439,26
4384.965,2.20624804496765,26
4385.192,2.2545599937439,26
4385.419,2.19014406204224,26
4385.646,2.2545599937439,26
4385.874,2.12774085998535,26
4386.101,2.17403984069824,26
4386.328,2.25254702568054,26
4386.554,2.25254702568054,26
4386.781,2.17403984069824,26
4387.008,2.99131798744202,34
4387.235,2.91079783439636,34
4387.461,2.89670705795288,34
4387.688,2.99534392356873,34
4387.915,2.89469385147095,34
4388.142,2.99735689163208,34
4388.369,2.87858986854553,34
4388.596,2.99735689163208,34
4388.823,2.89670705795288,34
4389.049,2.86449885368347,34
4389.276,2.99534392356873,34
4389.503,2.94501900672913,34
4389.729,2.96112298965454,34
4389.956,2.83833003044128,34
4390.184,2.8463819026947,34
4390.411,2.89469385147095,34
4390.638,2.99735689163208,34
4390.866,2.84839487075806,34
4391.093,2.99735689163208,34
4391.319,2.92891502380371,34
4391.546,2.99735689163208,34
4391.772,2.99735689163208,34
4391.999,2.89670705795288,34
4392.226,2.99735689163208,34
4392.453,2.87657690048218,34
4392.68,2.99735689163208,34
4392.906,2.99735689163208,34
4393.134,2.8463819026947,34
4393.36,2.99735689163208,34
4393.586,2.99735689163208,34
4393.813,2.91079783439636,34
4394.04,2.99735689163208,34
4394.267,2.87657690048218,34
4394.493,2.9128110408783,34
4394.719,2.89670705795288,34
4394.947,2.99735689163208,34
4395.174,2.99735689163208,34
4395.401,2.89670705795288,34
4395.629,2.99735689163208,34
4395.856,2.99735689163208,34
4396.084,2.84839487075806,34
4396.311,2.9128110408783,34
4396.538,2.99735689163208,34
4396.766,2.83833003044128,34
4396.993,2.87858986854553,34
4397.22,2.84235596656799,34
4397.447,2.91482400894165,34
4397.674,2.99936985969543,34
4397.9,2.99936985969543,34
4398.127,2.92891502380371,34
4398.353,2.88060283660889,8.19999980926514
4398.581,0.603900015354156,8.19999980926514
4398.808,0.601886987686157,8.19999980926514
4399.035,0.601886987686157,8.19999980926514
4399.262,0.601886987686157,8.19999980926514
4399.488,0.601886987686157,8.19999980926514
4399.715,0.601886987686157,8.19999980926514
4399.941,0.601886987686157,8.19999980926514
4400.168,0.601886987686157,8.19999980926514
4400.394,0.601886987686157,8.19999980926514
4400.62,0.601886987686157,8.19999980926514
4400.847,0.601886987686157,8.19999980926514
4401.074,0.601886987686157,8.19999980926514
4401.301,0.601886987686157,8.19999980926514
4401.527,0.601886987686157,8.19999980926514
4401.753,0.601886987686157,8.19999980926514
4401.98,0.601886987686157,8.19999980926514
4402.207,0.601886987686157,8.19999980926514
4402.434,0.601886987686157,8.19999980926514
4402.66,0.601886987686157,8.19999980926514
4402.887,0.601886987686157,8.19999980926514
4403.114,0.601886987686157,8.19999980926514
4403.34,0.601886987686157,8.19999980926514
4403.567,0.601886987686157,8.19999980926514
4403.795,0.601886987686157,8.19999980926514
4404.022,0.601886987686157,8.19999980926514
4404.248,0.601886987686157,8.19999980926514
4404.475,0.601886987686157,8.19999980926514
4404.702,0.601886987686157,8.19999980926514
4404.929,0.601886987686157,8.19999980926514
4405.156,0.601886987686157,8.19999980926514
4405.383,0.601886987686157,8.19999980926514
4405.61,0.601886987686157,8.19999980926514
4405.838,0.601886987686157,8.19999980926514
4406.065,0.601886987686157,8.19999980926514
4406.292,0.601886987686157,8.19999980926514
4406.518,0.601886987686157,8.19999980926514
4406.745,0.601886987686157,8.19999980926514
4406.973,0.601886987686157,72.8000030517578
4407.2,6.65699100494385,72.8000030517578
4407.427,6.58653593063354,72.8000030517578
4407.654,6.54828882217407,72.8000030517578
4407.881,6.55030202865601,72.8000030517578
4408.108,6.65497779846191,72.8000030517578
4408.335,6.55432796478271,72.8000030517578
4408.561,6.55432796478271,72.8000030517578
4408.789,6.63887405395508,72.8000030517578
4409.016,6.70932865142822,72.8000030517578
4409.242,6.70932865142822,72.8000030517578
4409.469,6.55835390090942,72.8000030517578
4409.695,6.55835390090942,72.8000030517578
4409.922,6.67712068557739,72.8000030517578
4410.148,6.72140693664551,72.8000030517578
4410.375,6.56237983703613,72.8000030517578
4410.602,6.67712068557739,72.8000030517578
4410.828,6.71134185791016,72.8000030517578
4411.055,6.56439304351807,72.8000030517578
4411.282,6.56640577316284,72.8000030517578
4411.509,6.56439304351807,72.8000030517578
4411.735,6.56439304351807,72.8000030517578
4411.961,6.56640577316284,72.8000030517578
4412.188,9.09070777893066,98.5999984741211
4412.416,9.11687660217285,98.5999984741211
4412.644,9.12492847442627,98.5999984741211
4412.871,9.1269416809082,98.5999984741211
4413.098,9.12895488739014,98.5999984741211
4413.325,9.132981300354,98.5999984741211
4413.552,9.14505863189697,98.5999984741211
4413.778,9.15109825134277,98.5999984741211
4414.004,9.15311050415039,98.5999984741211
4414.23,9.14908504486084,98.5999984741211
4414.457,9.13901996612549,98.5999984741211
4414.684,2.5464448928833,30.2999992370605
4414.91,2.6672248840332,30.2999992370605
4415.137,2.6048219203949,30.2999992370605
4415.364,2.66319894790649,30.2999992370605
4415.59,2.66118597984314,30.2999992370605
4415.817,2.64709496498108,30.2999992370605
4416.043,2.566575050354,30.2999992370605
4416.269,2.59677004814148,30.2999992370605
4416.495,2.59677004814148,30.2999992370605
4416.722,2.65917301177979,30.2999992370605
4416.949,2.58066606521606,30.2999992370605
4417.176,2.62293887138367,30.2999992370605
4417.402,2.65917301177979,30.2999992370605
4417.628,2.65917301177979,30.2999992370605
4417.854,2.65917301177979,30.2999992370605
4418.08,2.65917301177979,30.2999992370605
4418.307,2.6168999671936,30.2999992370605
4418.534,2.65917301177979,30.2999992370605
4418.761,2.63099098205566,30.2999992370605
4418.988,2.6551468372345,30.2999992370605
4419.214,2.65917301177979,30.2999992370605
4419.441,2.60280895233154,30.2999992370605
4419.667,2.57060098648071,30.2999992370605
4419.893,2.55248403549194,30.2999992370605
4420.12,2.65917301177979,30.2999992370605
4420.347,2.63099098205566,30.2999992370605
4420.574,2.65917301177979,30.2999992370605
4420.801,2.61287403106689,30.2999992370605
4421.028,2.65917301177979,30.2999992370605
4421.255,2.61086106300354,30.2999992370605
4421.483,2.65716004371643,30.2999992370605
4421.71,2.65917301177979,30.2999992370605
4421.937,2.61287403106689,30.2999992370605
4422.164,2.52228903770447,30.2999992370605
4422.391,2.65917301177979,30.2999992370605
4422.618,2.65917301177979,30.2999992370605
4422.844,2.65917301177979,30.2999992370605
4423.072,2.52027606964111,65.5
4423.299,5.96451902389526,65.5
4423.526,5.99873971939087,65.5
4423.753,5.84172582626343,65.5
4423.979,5.84373903274536,65.5
4424.206,6.00477886199951,65.5
4424.432,6.00679206848145,65.5
4424.658,6.00679206848145,65.5
4424.884,6.00679206848145,65.5
4425.112,5.85179090499878,65.5
4425.338,6.00880479812622,65.5
4425.565,5.84977769851685,65.5
4425.792,6.00679206848145,65.5
4426.018,6.00880479812622,65.5
4426.245,5.85179090499878,73.4000015258789
4426.472,6.76166677474976,73.4000015258789
4426.699,6.63887405395508,73.4000015258789
4426.925,6.64088678359985,73.4000015258789
4427.152,6.77173185348511,73.4000015258789
4427.379,6.64491271972656,73.4000015258789
4427.606,6.7677059173584,73.4000015258789
4427.833,6.64491271972656,73.4000015258789
4428.06,6.80192708969116,73.4000015258789
4428.287,6.6469259262085,73.4000015258789
4428.513,6.64491271972656,73.4000015258789
4428.74,6.80595302581787,73.4000015258789
4428.967,6.6469259262085,73.4000015258789
4429.193,6.6469259262085,73.4000015258789
4429.42,6.77575778961182,98.1999969482422
4429.646,9.11888980865479,98.1999969482422
4429.873,9.1068115234375,98.1999969482422
4430.099,9.11083793640137,69
4430.326,6.37315797805786,69
4430.552,6.36711883544922,69
4430.779,6.20607900619507,69
4431.006,6.36510610580444,69
4431.233,6.20406579971313,69
4431.46,6.36309289932251,69
4431.687,6.20406579971313,69
4431.913,6.20607900619507,69
4432.14,6.36711883544922,69
4432.366,6.36711883544922,69
4432.593,6.20607900619507,69
4432.819,6.20607900619507,69
4433.047,6.29666376113892,31.8999996185303
4433.274,2.82222604751587,31.8999996185303
4433.5,2.81819987297058,31.8999996185303
4433.727,2.69943284988403,20.1000003814697
4433.954,1.71306300163269,20.1000003814697
4434.181,1.71306300163269,20.1000003814697
4434.407,1.71306300163269,20.1000003814697
4434.634,1.69091999530792,20.1000003814697
4434.862,1.63656902313232,20.1000003814697
4435.089,1.70501101016998,20.1000003814697
4435.316,1.71104991436005,20.1000003814697
4435.543,1.71104991436005,20.1000003814697
4435.77,1.71104991436005,20.1000003814697
4435.997,1.71104991436005,20.1000003814697
4436.224,1.71104991436005,20.1000003814697
4436.451,1.70501101016998,20.1000003814697
4436.678,1.70501101016998,20.1000003814697
4436.905,1.70702397823334,20.1000003814697
4437.132,1.70299792289734,20.1000003814697
4437.358,1.71104991436005,20.1000003814697
4437.584,1.71104991436005,20.1000003814697
4437.811,1.71104991436005,20.1000003814697
4438.037,1.71104991436005,20.1000003814697
4438.264,1.71104991436005,20.1000003814697
4438.491,1.68085491657257,20.1000003814697
4438.718,1.71104991436005,20.1000003814697
4438.945,1.70903694629669,20.1000003814697
4439.172,1.65468597412109,20.1000003814697
4439.399,1.70903694629669,20.1000003814697
4439.626,1.71104991436005,20.1000003814697
4439.853,1.71104991436005,20.1000003814697
4440.079,1.71104991436005,20.1000003814697
4440.305,1.67078995704651,20.1000003814697
4440.531,1.68689393997192,20.1000003814697
4440.757,1.71104991436005,20.1000003814697
4440.984,1.63656902313232,20.1000003814697
4441.211,1.70299792289734,20.1000003814697
4441.438,1.71104991436005,20.1000003814697
4441.664,1.71104991436005,20.1000003814697
4441.891,1.70903694629669,20.1000003814697
4442.118,1.70903694629669,20.1000003814697
4442.345,1.70903694629669,20.1000003814697
4442.572,1.70903694629669,20.1000003814697
4442.799,1.70903694629669,20.1000003814697
4443.025,1.70098495483398,20.1000003814697
4443.252,1.70903694629669,20.1000003814697
4443.478,1.70903694629669,20.1000003814697
4443.705,1.70098495483398,20.1000003814697
4443.931,1.69897198677063,20.1000003814697
4444.158,1.4332560300827,17.1000003814697
4444.385,1.40909993648529,17.1000003814697
4444.611,1.43124294281006,17.1000003814697
4444.837,1.4292299747467,17.1000003814697
4445.064,1.43124294281006,17.1000003814697
4445.291,5.1089940071106,57.9000015258789
4445.518,5.28613805770874,57.9000015258789
4445.745,5.12912368774414,57.9000015258789
4445.971,5.13113689422607,57.9000015258789
4446.198,5.29418992996216,57.9000015258789
4446.424,5.29418992996216,57.9000015258789
4446.65,2.56053590774536,29.1000003814697
4446.877,2.46995091438293,29.1000003814697
4447.104,2.5544970035553,29.1000003814697
4447.33,2.55248403549194,29.1000003814697
4447.557,6.08932495117188,68.0999984741211
4447.784,6.26445579528809,68.0999984741211
4448.011,6.10945510864258,68.0999984741211
4448.237,6.11146783828735,68.0999984741211
4448.464,6.26848173141479,68.0999984741211
4448.692,6.11951971054077,68.0999984741211
4448.918,6.27452087402344,68.0999984741211
4449.144,6.27452087402344,68.0999984741211
4449.371,6.117506980896,68.0999984741211
4449.597,6.11951971054077,68.0999984741211
4449.824,6.24835205078125,68.0999984741211
4450.05,6.26848173141479,68.0999984741211
4450.276,6.27049493789673,68.0999984741211
4450.503,6.11951971054077,68.0999984741211
4450.73,6.28056001663208,68.0999984741211
4450.956,6.27854681015015,42.9000015258789
4451.183,3.72203683853149,42.9000015258789
4451.41,3.86093401908875,42.9000015258789
4451.637,3.70391988754272,42.9000015258789
4451.863,3.69788098335266,42.9000015258789
4452.09,3.70593285560608,42.9000015258789
4452.317,3.69788098335266,42.9000015258789
4452.543,3.69788098335266,32.2999992370605
4452.77,2.85644698143005,32.2999992370605
4452.997,2.78196597099304,32.2999992370605
4453.224,2.85644698143005,32.2999992370605
4453.451,2.72962784767151,32.2999992370605
4453.678,2.85644698143005,32.2999992370605
4453.904,2.8544340133667,32.2999992370605
4454.132,2.71553683280945,32.2999992370605
4454.359,2.79806995391846,32.2999992370605
4454.586,2.8544340133667,32.2999992370605
4454.813,2.79806995391846,32.2999992370605
4455.041,2.8544340133667,32.2999992370605
4455.268,2.8544340133667,32.2999992370605
4455.495,2.7759268283844,32.2999992370605
4455.721,2.77995300292969,32.2999992370605
4455.948,2.8544340133667,30.7999992370605
4456.174,2.71553683280945,30.7999992370605
4456.4,2.71352386474609,30.7999992370605
4456.627,2.64910793304443,30.7999992370605
4456.853,2.70144605636597,30.7999992370605
4457.079,2.63300395011902,30.7999992370605
4457.306,2.71352386474609,45.0999984741211
4457.534,3.90119385719299,45.0999984741211
4457.76,4.06424713134766,45.0999984741211
4457.986,4.06424713134766,45.0999984741211
4458.213,3.90320682525635,45.0999984741211
4458.44,4.06424713134766,26
4458.667,2.24046897888184,26
4458.895,2.27066397666931,26
4459.121,2.2545599937439,26
4459.348,2.26865100860596,26
4459.574,2.2666380405426,26
4459.801,2.24046897888184,26
4460.028,2.26865100860596,26
4460.254,2.26865100860596,26
4460.48,2.26865100860596,26
4460.707,2.26865100860596,26
4460.933,2.18611788749695,26
4461.159,2.23443007469177,26
4461.386,2.13981890678406,26
4461.612,2.2666380405426,26
4461.838,2.2666380405426,26
4462.065,2.21832585334778,26
4462.292,2.26865100860596,26
4462.519,2.20222187042236,26
4462.745,2.25053405761719,26
4462.972,2.26865100860596,26
4463.2,2.17202687263489,26
4463.427,2.2666380405426,26
4463.653,2.20624804496765,26
4463.879,2.20624804496765,26
4464.106,2.2666380405426,26
4464.787,2.23644304275513,26
4465.013,2.21832585334778,26
4465.239,2.18611788749695,26
4465.466,2.26462507247925,26
4465.694,2.18410491943359,26
4465.921,2.2666380405426,26
4466.147,2.25254702568054,26
4466.373,2.2666380405426,26
4466.599,2.20423483848572,26
4466.825,2.2666380405426,26
4467.052,2.2666380405426,26
4467.279,2.26462507247925,26
4467.505,2.22033905982971,26
4467.731,2.23443007469177,26
4467.958,2.2666380405426,26
4468.184,2.2666380405426,26
4468.411,2.76787495613098,45.4000015258789
4468.637,3.97366189956665,45.4000015258789
4468.864,4.09041595458984,45.4000015258789
4469.09,4.09041595458984,45.4000015258789
4469.317,3.92937588691711,45.4000015258789
4469.543,3.98976588249207,45.4000015258789
4469.77,4.09041595458984,45.4000015258789
4469.997,4.21119594573975,49.2999992370605
4470.224,4.46080780029297,49.2999992370605
4470.451,4.30379390716553,49.2999992370605
4470.678,4.46483373641968,49.2999992370605
4470.905,4.31788492202759,49.2999992370605
4471.131,4.30580711364746,49.2999992370605
4471.357,4.30580711364746,49.2999992370605
4471.585,4.46483373641968,49.2999992370605
4471.812,4.46684694290161,49.2999992370605
4472.039,4.30983304977417,49.2999992370605
4472.266,4.46483373641968,49.2999992370605
4472.494,4.31385898590088,49.2999992370605
4472.721,7.93122005462646,86.8000030517578
4472.948,7.97751903533936,86.8000030517578
4473.175,7.97147989273071,86.8000030517578
4473.402,8.03790855407715,86.8000030517578
4473.629,7.97751903533936,86.8000030517578
4473.855,7.98154497146606,86.8000030517578
4474.082,8.06005191802979,86.8000030517578
4474.31,2.77190089225769,32.7999992370605
4474.537,2.79806995391846,32.7999992370605
4474.764,2.90878486633301,32.7999992370605
4474.992,2.75177097320557,32.7999992370605
4475.218,2.9047589302063,32.7999992370605
4475.444,4.54736709594727,50.2000007629395
4475.672,4.39840507507324,50.2000007629395
4475.899,4.55541896820068,50.2000007629395
4476.126,4.55541896820068,50.2000007629395
4476.353,4.39840507507324,50.2000007629395
4476.58,4.55743169784546,50.2000007629395
4476.807,4.39437913894653,50.2000007629395
4477.035,4.55743169784546,50.2000007629395
4477.262,4.55743169784546,50.2000007629395
4477.489,4.39639186859131,50.2000007629395
4477.716,4.55743169784546,50.2000007629395
4477.942,4.55743169784546,50.2000007629395
4478.169,1.67884194850922,19.7000007629395
4478.395,1.67884194850922,19.7000007629395
4478.622,1.67884194850922,19.7000007629395
4478.849,1.67884194850922,19.7000007629395
4479.076,1.67682898044586,19.7000007629395
4479.302,1.67682898044586,19.7000007629395
4479.529,1.67682898044586,19.7000007629395
4479.756,1.67682898044586,19.7000007629395
4479.983,1.67280292510986,19.7000007629395
4480.21,1.67682898044586,19.7000007629395
4480.438,1.57416594028473,19.7000007629395
4480.665,1.65267300605774,19.7000007629395
4480.892,1.67682898044586,25.1000003814697
4481.119,2.17403984069824,25.1000003814697
4481.346,2.18410491943359,25.1000003814697
4481.572,2.18611788749695,25.1000003814697
4481.798,2.18410491943359,25.1000003814697
4482.025,2.10962390899658,25.1000003814697
4482.252,2.18410491943359,25.1000003814697
4482.48,2.07741594314575,25.1000003814697
4482.707,2.18410491943359,25.1000003814697
4482.934,2.18611788749695,25.1000003814697
4483.16,2.18410491943359,25.1000003814697
4483.386,2.18410491943359,25.1000003814697
4483.613,2.17605304718018,25.1000003814697
4483.839,2.17403984069824,25.1000003814697
4484.066,2.18611788749695,25.1000003814697
4484.293,2.12774085998535,25.1000003814697
4484.519,2.18410491943359,25.1000003814697
4484.745,2.1458580493927,25.1000003814697
4484.971,2.14384484291077,25.1000003814697
4485.197,2.14183187484741,25.1000003814697
4485.424,2.07741594314575,35.5999984741211
4485.651,3.10605883598328,35.5999984741211
4485.877,3.05372095108032,35.5999984741211
4486.104,3.17047500610352,35.5999984741211
4486.331,3.07183790206909,35.5999984741211
4486.557,3.05573391914368,35.5999984741211
4486.784,3.17248797416687,35.5999984741211
4487.011,3.07183790206909,35.5999984741211
4487.238,3.16443586349487,35.5999984741211
4487.465,3.12417602539062,35.5999984741211
4487.692,3.17248797416687,35.5999984741211
4487.919,3.06378602981567,35.5999984741211
4488.146,3.01144790649414,35.5999984741211
4488.372,3.17248797416687,35.5999984741211
4488.599,3.05975985527039,35.5999984741211
4488.826,3.17248797416687,20.2000007629395
4489.052,1.72514092922211,20.2000007629395
4489.279,1.72514092922211,20.2000007629395
4489.506,1.72514092922211,20.2000007629395
4489.733,1.72514092922211,20.2000007629395
4490.412,1.72514092922211,20.2000007629395
4490.639,1.71104991436005,20.2000007629395
4490.865,1.72514092922211,20.2000007629395
4491.092,1.72514092922211,20.2000007629395
4491.318,1.72514092922211,20.2000007629395
4491.545,1.72312796115875,95.1999969482422
4491.772,8.79077053070068,95.1999969482422
4491.999,8.81090068817139,95.1999969482422
4492.225,8.8189525604248,89.5999984741211
4492.451,8.25933837890625,89.5999984741211
4492.678,8.29959869384766,50.9000015258789
4492.905,4.47892475128174,50.9000015258789
4493.131,4.47087287902832,50.9000015258789
4493.357,4.47087287902832,50.9000015258789
4493.584,4.63191270828247,50.9000015258789
4493.812,4.47288608551025,50.9000015258789
4494.038,4.63191270828247,50.9000015258789
4494.265,4.46886014938354,50.9000015258789
4494.492,4.63191270828247,50.9000015258789
4494.719,4.46684694290161,50.9000015258789
4494.945,4.46886014938354,50.9000015258789
4495.171,4.47087287902832,50.9000015258789
4495.399,4.63191270828247,50.9000015258789
4495.626,4.6339259147644,50.9000015258789
4495.852,4.6339259147644,50.9000015258789
4496.079,4.32795000076294,39.5999984741211
4496.306,3.56502294540405,39.5999984741211
4496.532,3.5630099773407,39.5999984741211
4496.758,3.5630099773407,39.5999984741211
4496.985,3.47041201591492,39.5999984741211
4497.211,3.44021701812744,39.5999984741211
4497.437,3.39794397354126,39.5999984741211
4497.663,3.42008686065674,39.5999984741211
4497.889,3.39995694160461,39.5999984741211
4498.116,3.56099700927734,39.5999984741211
4498.343,3.4543080329895,39.5999984741211
4498.57,3.5630099773407,39.5999984741211
4498.797,3.39995694160461,39.5999984741211
4499.024,3.56099700927734,39.5999984741211
4499.25,3.56099700927734,39.5999984741211
4499.476,3.5630099773407,39.5999984741211
4499.703,3.48248982429504,39.5999984741211
4499.929,3.42008686065674,39.5999984741211
4500.156,3.56099700927734,39.5999984741211
4500.382,3.56099700927734,39.5999984741211
4500.609,3.40196990966797,39.5999984741211
4500.836,3.5630099773407,39.5999984741211
4501.063,3.4341778755188,39.5999984741211
4501.29,1.39702200889587,16.7999992370605
4501.516,1.41111302375793,16.7999992370605
4501.743,1.40909993648529,16.7999992370605
4501.969,1.40909993648529,16.7999992370605
4502.195,1.40909993648529,16.7999992370605
4502.421,1.40909993648529,16.7999992370605
4502.648,1.40909993648529,16.7999992370605
4502.875,1.40909993648529,16.7999992370605
4503.101,1.39098298549652,16.7999992370605
4503.328,1.40909993648529,16.7999992370605
4503.555,1.40909993648529,16.7999992370605
4503.782,1.37689197063446,16.7999992370605
4504.009,1.39500892162323,16.7999992370605
4504.236,7.57894468307495,82.1999969482422
4504.462,7.58699703216553,82.1999969482422
4504.688,7.57894468307495,82.1999969482422
4504.915,7.52258062362671,82.1999969482422
4505.141,7.52660703659058,82.1999969482422
4505.368,7.60913991928101,82.1999969482422
4505.595,7.52861976623535,82.1999969482422
4505.821,7.53063297271729,82.1999969482422
4506.048,7.63128280639648,82.1999969482422
4506.275,7.53264570236206,82.1999969482422
4506.502,7.58297061920166,82.1999969482422
4506.728,7.60310077667236,82.1999969482422
4506.955,7.54673671722412,82.1999969482422
4507.182,7.62524366378784,82.1999969482422
4507.409,7.53667163848877,82.1999969482422
4507.635,7.53667163848877,82.1999969482422
4507.862,7.63530874252319,82.1999969482422
4508.089,7.53667163848877,82.1999969482422
4508.316,7.6051139831543,82.1999969482422
4508.542,7.6554388999939,82.1999969482422
4508.77,7.54271078109741,82.1999969482422
4508.997,7.54271078109741,82.1999969482422
4509.224,7.60712671279907,82.1999969482422
4509.451,7.54271078109741,82.1999969482422
4509.677,7.54271078109741,82.1999969482422
4509.904,7.67355585098267,82.1999969482422
4510.131,7.54271078109741,82.1999969482422
4510.358,7.62725687026978,82.1999969482422
4510.585,7.54673671722412,82.1999969482422
4510.811,7.54472398757935,82.1999969482422
4511.038,7.59102296829224,82.1999969482422
4511.264,7.62927007675171,27.7999992370605
4511.491,2.41157388687134,27.7999992370605
4511.718,2.45183396339417,27.7999992370605
4511.945,2.40754795074463,27.7999992370605
4512.172,2.44780802726746,27.7999992370605
4512.399,2.39949584007263,27.7999992370605
4512.625,2.44176888465881,27.7999992370605
4512.853,2.4457950592041,27.7999992370605
4513.08,2.44780802726746,27.7999992370605
4513.306,2.4457950592041,27.7999992370605
4513.533,2.39949584007263,27.7999992370605
4513.76,2.4457950592041,27.7999992370605
4513.987,2.38339185714722,27.7999992370605
4514.214,2.4457950592041,27.7999992370605
4514.441,2.41761302947998,27.7999992370605
4514.668,2.4457950592041,27.7999992370605
4514.895,2.4337170124054,27.7999992370605
4515.122,2.4457950592041,27.7999992370605
4515.348,2.44378185272217,30.8999996185303
4515.575,2.65313386917114,30.8999996185303
4515.801,2.68534183502197,30.8999996185303
4516.028,2.7336540222168,30.8999996185303
4516.255,2.68332886695862,30.8999996185303
4516.481,2.6672248840332,30.8999996185303
4516.707,2.67125105857849,30.8999996185303
4516.934,2.73566699028015,30.8999996185303
4517.16,2.73566699028015,76.4000015258789
4517.387,6.96900606155396,76.4000015258789
4517.615,7.03140878677368,6.19999980926514
4517.842,0.41669100522995,6.19999980926514
4518.069,0.422729998826981,6.19999980926514
4518.295,0.422729998826981,6.19999980926514
4518.522,0.422729998826981,6.19999980926514
4518.749,0.422729998826981,6.19999980926514
4518.976,0.422729998826981,6.19999980926514
4519.203,0.422729998826981,6.19999980926514
4519.43,0.422729998826981,6.19999980926514
4519.657,0.422729998826981,6.19999980926514
4519.883,0.422729998826981,6.19999980926514
4520.109,0.422729998826981,6.19999980926514
4520.337,0.422729998826981,5
4520.564,0.312014997005463,5
4520.791,0.312014997005463,5
4521.018,0.312014997005463,82.5
4521.245,7.53667163848877,82.5
4521.472,7.57894468307495,82.5
4521.698,7.64134788513184,82.5
4521.924,7.65946483612061,82.5
4522.151,7.56888008117676,82.5
4522.377,7.56888008117676,82.5
4522.605,7.58095788955688,82.5
4522.832,7.66550397872925,82.5
4523.059,7.57491874694824,82.5
4523.286,7.63732194900513,82.5
4523.513,7.57693195343018,82.5
4523.74,7.70375108718872,82.5
4523.967,7.57894468307495,82.5
4524.193,7.57894468307495,82.5
4524.421,7.58699703216553,82.5
4524.648,7.58297061920166,82.5
4524.875,7.58095788955688,82.5
4525.103,7.59303569793701,82.5
4525.33,7.61115264892578,82.5
4525.557,7.58297061920166,82.5
4525.784,7.71180295944214,82.5
4526.011,7.58095788955688,82.5
4526.238,7.66147804260254,82.5
4526.465,7.58699703216553,82.5
4526.691,7.58699703216553,82.5
4526.918,7.66147804260254,82.5
4527.145,7.58699703216553,82.5
4527.371,7.58699703216553,82.5
4527.598,7.69972467422485,82.5
4527.826,7.5890097618103,82.5
4528.053,7.5890097618103,82.5
4528.279,7.5890097618103,82.5
4528.506,7.64738702774048,82.5
4528.733,7.59102296829224,82.5
4528.96,7.62121772766113,82.5
4529.187,7.60310077667236,82.5
4529.415,7.60108804702759,82.5
4529.642,3.64755582809448,40.5999984741211
4529.869,3.51469802856445,40.5999984741211
4530.095,3.54489302635193,40.5999984741211
4530.321,3.54287981987,40.5999984741211
4530.548,3.67171192169189,40.5999984741211
4530.775,3.51067185401917,40.5999984741211
4531.001,3.50865888595581,40.5999984741211
4531.228,3.67171192169189,40.5999984741211
4531.454,3.67171192169189,40.5999984741211
4531.681,3.53885388374329,40.5999984741211
4531.907,3.55294489860535,40.5999984741211
4532.133,3.55898404121399,40.5999984741211
4532.361,3.66969895362854,40.5999984741211
4532.587,3.53885388374329,40.5999984741211
4532.814,3.51268482208252,40.5999984741211
4533.041,3.56904888153076,40.5999984741211
4533.267,3.50865888595581,40.5999984741211
4533.494,8.73641967773438,94.3000030517578
4533.721,8.77265357971191,94.3000030517578
4533.947,8.78271865844727,94.3000030517578
4534.174,8.78674507141113,94.3000030517578
4534.4,8.80888748168945,94.3000030517578
4534.626,8.79077053070068,94.3000030517578
4534.853,8.79278373718262,94.3000030517578
4535.08,8.79681015014648,94.3000030517578
4535.307,4.64600372314453,52.2000007629395
4535.535,4.79496574401855,52.2000007629395
4535.762,4.79093980789185,52.2000007629395
4535.989,4.62788677215576,52.2000007629395
4536.215,4.6298999786377,52.2000007629395
4536.442,4.78892707824707,52.2000007629395
4536.67,4.62788677215576,52.2000007629395
4537.351,4.62587404251099,52.2000007629395
4537.578,4.78691387176514,52.2000007629395
4537.804,4.78691387176514,52.2000007629395
4538.031,4.62587404251099,52.2000007629395
4538.257,4.62587404251099,52.2000007629395
4538.484,4.78691387176514,52.2000007629395
4538.71,4.78691387176514,52.2000007629395
4538.937,4.62587404251099,23.7999992370605
4539.164,2.08144187927246,23.7999992370605
4539.391,2.04520797729492,23.7999992370605
4539.618,2.07741594314575,23.7999992370605
4539.845,2.07741594314575,23.7999992370605
4540.071,2.01300001144409,23.7999992370605
4540.298,2.07741594314575,23.7999992370605
4540.525,2.04520797729492,23.7999992370605
4540.752,2.0754029750824,23.7999992370605
4540.979,2.04319500923157,23.7999992370605
4541.206,2.0754029750824,23.7999992370605
4541.432,2.0754029750824,23.7999992370605
4541.659,2.0754029750824,23.7999992370605
4541.885,2.05728602409363,23.7999992370605
4542.112,2.0754029750824,23.7999992370605
4542.339,2.0754029750824,23.7999992370605
4542.567,2.0754029750824,23.7999992370605
4542.793,2.0754029750824,23.7999992370605
4543.02,2.0754029750824,23.7999992370605
4543.247,2.05929899215698,23.7999992370605
4543.473,2.06332492828369,23.7999992370605
4543.7,2.0754029750824,23.7999992370605
4543.927,2.0754029750824,23.7999992370605
4544.154,2.0754029750824,23.7999992370605
4544.38,2.0754029750824,23.7999992370605
4544.607,2.06131196022034,23.7999992370605
4544.834,2.07339000701904,23.7999992370605
4545.06,2.0754029750824,23.7999992370605
4545.286,2.0754029750824,23.7999992370605
4545.512,2.0754029750824,23.7999992370605
4545.739,2.05728602409363,23.7999992370605
4545.966,2.0754029750824,23.7999992370605
4546.193,2.0754029750824,23.7999992370605
4546.419,2.03916907310486,23.7999992370605
4546.646,2.0673508644104,23.7999992370605
4546.873,2.07339000701904,23.7999992370605
4547.099,2.04520797729492,23.7999992370605
4547.326,2.0754029750824,23.7999992370605
4547.553,2.05929899215698,23.7999992370605
4547.779,2.07339000701904,23.7999992370605
4548.006,2.0754029750824,23.7999992370605
4548.233,2.07137703895569,23.7999992370605
4548.46,2.0754029750824,23.7999992370605
4548.686,2.07339000701904,23.7999992370605
4548.912,2.0754029750824,23.7999992370605
4549.139,2.05728602409363,23.7999992370605
4549.366,2.0754029750824,23.7999992370605
4549.593,2.05527305603027,54.4000015258789
4549.82,4.9922399520874,54.4000015258789
4550.046,4.99626588821411,54.4000015258789
4550.272,5.00029182434082,54.4000015258789
4550.499,4.84327793121338,54.4000015258789
4550.725,4.83925199508667,54.4000015258789
4550.952,5.00230503082275,54.4000015258789
4551.178,5.00230503082275,54.4000015258789
4551.404,5.00230503082275,54.4000015258789
4551.63,5.00431776046753,54.4000015258789
4551.857,4.84327793121338,54.4000015258789
4552.084,5.00431776046753,54.4000015258789
4552.31,5.00431776046753,54.4000015258789
4552.537,4.84730386734009,54.4000015258789
4552.763,4.84730386734009,54.4000015258789
4552.99,5.00633096694946,54.4000015258789
4553.217,4.84529113769531,54.4000015258789
4553.444,5.00633096694946,54.4000015258789
4553.671,4.84730386734009,54.4000015258789
4553.898,5.00633096694946,54.4000015258789
4554.124,5.00633096694946,54.4000015258789
4554.351,4.84730386734009,54.4000015258789
4554.578,5.00834369659424,54.4000015258789
4554.804,5.00633096694946,54.4000015258789
4555.031,4.84730386734009,54.4000015258789
4555.257,4.84730386734009,54.4000015258789
4555.484,5.00834369659424,54.4000015258789
4555.711,4.84730386734009,54.4000015258789
4555.938,5.00834369659424,54.4000015258789
4556.164,5.00834369659424,54.4000015258789
4556.391,4.84529113769531,54.4000015258789
4556.618,5.01035690307617,54.4000015258789
4556.845,4.84730386734009,54.4000015258789
4557.072,5.01035690307617,54.4000015258789
4557.298,5.01035690307617,54.4000015258789
4557.526,4.84931707382202,54.4000015258789
4557.752,5.00834369659424,54.4000015258789
4557.978,5.00834369659424,54.4000015258789
4558.205,4.8513298034668,54.4000015258789
4558.431,4.84730386734009,54.4000015258789
4558.657,4.84931707382202,54.4000015258789
4558.884,5.01035690307617,54.4000015258789
4559.11,5.01035690307617,54.4000015258789
4559.336,5.00834369659424,54.4000015258789
4559.563,4.84931707382202,54.4000015258789
4559.791,5.01035690307617,54.4000015258789
4560.018,5.00834369659424,54.4000015258789
4560.245,4.8513298034668,54.4000015258789
4560.472,5.01035690307617,54.4000015258789
4560.699,2.90878486633301,33.2000007629395
4560.925,2.88865494728088,33.2000007629395
4561.152,2.96514892578125,33.2000007629395
4561.379,0.422729998826981,6.40000009536743
4561.607,0.444873005151749,6.40000009536743
4561.833,0.442859977483749,6.40000009536743
4562.061,0.442859977483749,6.40000009536743
4562.288,0.442859977483749,6.40000009536743
4562.515,2.39748287200928,27.2999992370605
4562.742,2.40553498268127,27.2999992370605
4562.969,0.682406961917877,8.89999961853027
4563.196,0.676367998123169,8.89999961853027
4563.422,0.676367998123169,8.89999961853027
4563.649,0.676367998123169,8.89999961853027
4563.875,0.676367998123169,8.89999961853027
4564.102,0.676367998123169,8.89999961853027
4564.329,0.676367998123169,8.89999961853027
4564.556,0.676367998123169,8.89999961853027
4564.783,0.676367998123169,8.89999961853027
4565.011,0.676367998123169,8.89999961853027
4565.237,0.676367998123169,8.89999961853027
4565.464,0.676367998123169,8.89999961853027
4565.692,0.628055989742279,8.89999961853027
4565.919,0.676367998123169,8.89999961853027
4566.146,0.676367998123169,8.89999961853027
4566.373,0.676367998123169,8.89999961853027
4566.601,3.57710099220276,39.7000007629395
4566.828,3.58515286445618,39.7000007629395
4567.054,3.54690599441528,39.7000007629395
4567.28,3.58313989639282,39.7000007629395
4567.506,3.58716583251953,39.7000007629395
4567.733,3.49456787109375,39.7000007629395
4567.96,3.58917903900146,25.1000003814697
4568.188,2.09955906867981,25.1000003814697
4568.415,2.17806601524353,25.1000003814697
4568.642,2.09553289413452,25.1000003814697
4568.869,2.14787101745605,25.1000003814697
4569.096,2.04923391342163,25.1000003814697
4569.323,2.20020890235901,25.1000003814697
4569.549,2.125727891922,25.1000003814697
4569.776,2.20020890235901,25.1000003814697
4570.002,2.20020890235901,25.1000003814697
4570.228,2.20020890235901,6.80000019073486
4570.455,0.481106996536255,6.80000019073486
4570.681,0.481106996536255,6.80000019073486
4570.908,0.481106996536255,6.80000019073486
4571.136,0.481106996536255,6.80000019073486
4571.364,0.481106996536255,6.80000019073486
4571.591,0.481106996536255,6.80000019073486
4571.817,0.481106996536255,6.80000019073486
4572.043,0.481106996536255,6.80000019073486
4572.27,0.481106996536255,6.80000019073486
4572.497,0.481106996536255,6.80000019073486
4572.725,0.479093998670578,6.80000019073486
4572.952,0.479093998670578,6.80000019073486
4573.179,0.481106996536255,6.80000019073486
4573.406,0.479093998670578,6.80000019073486
4573.633,0.479093998670578,6.80000019073486
4573.86,0.479093998670578,6.80000019073486
4574.087,0.479093998670578,6.80000019073486
4574.315,0.479093998670578,6.80000019073486
4574.541,0.481106996536255,6.80000019073486
4574.769,0.479093998670578,6.80000019073486
4574.996,0.479093998670578,6.80000019073486
4575.223,0.479093998670578,6.80000019073486
4575.45,0.479093998670578,6.80000019073486
4575.677,0.479093998670578,6.80000019073486
4575.903,0.479093998670578,6.80000019073486
4576.129,0.479093998670578,6.80000019073486
4576.355,0.479093998670578,6.80000019073486
4576.583,0.479093998670578,6.80000019073486
4576.81,0.479093998670578,6.80000019073486
4577.037,0.479093998670578,6.80000019073486
4577.264,0.479093998670578,6.80000019073486
4577.491,0.479093998670578,6.80000019073486
4577.717,0.479093998670578,6.80000019073486
4577.944,0.479093998670578,6.80000019073486
4578.171,0.479093998670578,6.80000019073486
4578.397,0.479093998670578,6.80000019073486
4578.624,0.479093998670578,6.80000019073486
4578.852,0.479093998670578,6.80000019073486
4579.079,0.479093998670578,6.80000019073486
4579.305,0.479093998670578,6.80000019073486
4579.532,0.479093998670578,6.80000019073486
4579.76,0.479093998670578,6.80000019073486
4579.988,0.479093998670578,6.80000019073486
4580.215,0.479093998670578,6.80000019073486
4580.442,0.479093998670578,6.80000019073486
4580.669,0.479093998670578,6.80000019073486
4580.896,0.479093998670578,6.80000019073486
4581.123,0.479093998670578,6.80000019073486
4581.35,0.479093998670578,6.80000019073486
4581.577,0.479093998670578,6.80000019073486
4581.804,0.622016966342926,18.6000003814697
4582.031,1.58020496368408,18.6000003814697
4582.257,1.58020496368408,18.6000003814697
4582.484,1.58221793174744,18.6000003814697
4582.711,1.58221793174744,18.6000003814697
4582.938,1.58221793174744,18.6000003814697
4583.164,1.58221793174744,18.6000003814697
4583.391,1.58221793174744,18.6000003814697
4583.617,1.58221793174744,18.6000003814697
4583.844,1.58221793174744,18.6000003814697
4584.071,1.55202293395996,18.6000003814697
4584.297,1.58221793174744,18.6000003814697
4584.524,1.58221793174744,18.6000003814697
4584.751,1.58221793174744,18.6000003814697
4584.978,1.58221793174744,18.6000003814697
4585.205,1.58221793174744,18.6000003814697
4585.432,1.58221793174744,18.6000003814697
4585.659,7.49037265777588,87.9000015258789
4585.886,8.16674041748047,87.9000015258789
4586.113,8.12044143676758,87.9000015258789
4586.339,8.12849426269531,87.9000015258789
4586.566,8.17881870269775,87.9000015258789
4586.792,8.19693565368652,87.9000015258789
4587.018,8.20297527313232,87.9000015258789
4587.244,8.19894886016846,87.9000015258789
4587.471,8.1345329284668,87.9000015258789
4587.698,8.20096206665039,87.9000015258789
4587.925,8.14258480072021,87.9000015258789
4588.151,5.16938400268555,57.5999984741211
4588.379,5.32035875320435,57.5999984741211
4588.605,5.15529298782349,57.5999984741211
4588.832,5.31432008743286,57.5999984741211
4589.059,5.15126705169678,57.5999984741211
4589.286,5.31230688095093,57.5999984741211
4589.512,5.31230688095093,57.5999984741211
4589.739,3.14430594444275,36.4000015258789
4589.966,3.275151014328,36.4000015258789
4590.192,3.27313804626465,36.4000015258789
4590.419,3.17047500610352,36.4000015258789
4590.645,3.1543710231781,36.4000015258789
4590.873,3.27313804626465,36.4000015258789
4591.1,3.27313804626465,36.4000015258789
4591.327,3.13826704025269,36.4000015258789
4591.554,3.23287796974182,36.4000015258789
4591.78,7.53465890884399,81.6999969482422
4592.007,7.50849008560181,81.6999969482422
4592.233,7.51251602172852,81.6999969482422
4592.46,7.57089281082153,81.6999969482422
4592.686,7.59102296829224,81.6999969482422
4592.912,7.5547890663147,81.6999969482422
4593.139,7.52258062362671,81.6999969482422
4593.366,7.55680179595947,81.6999969482422
4593.593,7.52459383010864,81.6999969482422
4593.82,7.64537382125854,81.6999969482422
4594.046,7.62725687026978,81.6999969482422
4594.272,7.60913991928101,81.6999969482422
4594.499,7.52660703659058,81.6999969482422
4594.726,7.61316585540771,81.6999969482422
4594.952,7.61316585540771,81.6999969482422
4595.178,7.65141296386719,81.6999969482422
4595.405,7.52861976623535,81.6999969482422
4595.633,7.54874992370605,81.6999969482422
4595.86,7.66147804260254,81.6999969482422
4596.087,7.53063297271729,81.6999969482422
4596.314,7.59706163406372,81.6999969482422
4596.541,7.53465890884399,81.6999969482422
4596.768,7.6554388999939,81.6999969482422
4596.995,7.53264570236206,81.6999969482422
4597.221,7.53063297271729,81.6999969482422
4597.449,7.52459383010864,6.40000009536743
4597.676,0.448899000883102,6.40000009536743
4597.903,0.444873005151749,6.40000009536743
4598.13,0.444873005151749,6.40000009536743
4598.356,0.444873005151749,6.40000009536743
4598.584,0.444873005151749,6.40000009536743
4598.811,0.444873005151749,6.40000009536743
4599.039,0.444873005151749,6.40000009536743
4599.266,0.444873005151749,6.40000009536743
4599.493,0.444873005151749,6.40000009536743
4599.719,0.442859977483749,6.40000009536743
4599.946,0.442859977483749,6.40000009536743
4600.172,0.442859977483749,6.40000009536743
4600.399,0.442859977483749,6.40000009536743
4600.626,0.442859977483749,6.40000009536743
4600.852,0.442859977483749,6.40000009536743
4601.079,0.442859977483749,6.40000009536743
4601.306,0.442859977483749,6.40000009536743
4601.533,0.442859977483749,6.40000009536743
4601.76,0.442859977483749,6.40000009536743
4601.987,0.442859977483749,6.40000009536743
4602.214,0.442859977483749,6.40000009536743
4602.44,0.442859977483749,6.40000009536743
4602.667,0.442859977483749,6.40000009536743
4602.893,0.442859977483749,6.40000009536743
4603.12,0.442859977483749,6.40000009536743
4603.346,0.442859977483749,6.40000009536743
4603.573,0.442859977483749,96.0999984741211
4603.8,8.93168067932129,96.0999984741211
4604.026,8.95986270904541,96.0999984741211
4604.253,8.97395420074463,96.0999984741211
4604.48,8.98200607299805,96.0999984741211
4604.706,8.98200607299805,96.0999984741211
4604.933,8.98804473876953,96.0999984741211
4605.16,8.98804473876953,96.0999984741211
4605.387,8.99005794525146,96.0999984741211
4605.614,8.9920711517334,96.0999984741211
4605.84,8.99408340454102,96.0999984741211
4606.066,8.99609661102295,96.0999984741211
4606.293,8.99810981750488,96.0999984741211
4606.52,8.99810981750488,96.0999984741211
4606.747,9.00414848327637,96.0999984741211
4606.973,9.00012302398682,96.0999984741211
4607.199,9.00414848327637,96.0999984741211
4607.426,9.02226543426514,96.0999984741211
4607.653,9.00414848327637,96.0999984741211
4607.88,9.00414848327637,96.0999984741211
4608.107,9.00817489624023,96.0999984741211
4608.334,9.03434371948242,96.0999984741211
4608.561,9.00817489624023,96.0999984741211
4608.787,9.00817489624023,96.0999984741211
4609.013,9.01220035552979,96.0999984741211
4609.241,9.01018810272217,96.0999984741211
4609.468,9.01220035552979,96.0999984741211
4609.695,9.01018810272217,96.0999984741211
4609.922,9.01220035552979,96.0999984741211
4610.149,9.01220035552979,96.0999984741211
4610.376,9.01220035552979,96.0999984741211
4610.603,9.01421356201172,96.0999984741211
4610.829,9.01421356201172,96.0999984741211
4611.056,9.01622676849365,96.0999984741211
4611.283,9.01823997497559,96.0999984741211
4611.509,9.01622676849365,96.0999984741211
4611.737,9.01823997497559,96.0999984741211
4611.964,5.36061906814575,17.2999992370605
4612.191,1.47552895545959,17.2999992370605
4612.417,1.47351598739624,17.2999992370605
4612.644,1.47150301933289,17.2999992370605
4612.871,1.47150301933289,17.2999992370605
4613.098,1.47150301933289,17.2999992370605
4613.325,1.46948993206024,17.2999992370605
4613.553,1.46948993206024,17.2999992370605
4613.779,1.46948993206024,17.2999992370605
4614.006,1.46948993206024,17.2999992370605
4614.233,1.46948993206024,17.2999992370605
4614.46,1.46948993206024,17.2999992370605
4614.686,1.46948993206024,17.2999992370605
4614.913,1.46948993206024,17.2999992370605
4615.14,1.46747696399689,17.2999992370605
4615.366,1.46948993206024,17.2999992370605
4615.593,1.46948993206024,17.2999992370605
4615.82,1.46948993206024,17.2999992370605
4616.047,1.46948993206024,17.2999992370605
4616.273,1.46948993206024,17.2999992370605
4616.5,1.43124294281006,17.2999992370605
4616.727,1.46747696399689,17.2999992370605
4616.954,1.46948993206024,17.2999992370605
4617.181,1.46948993206024,17.2999992370605
4617.407,1.46948993206024,17.2999992370605
4617.633,1.44533395767212,17.2999992370605
4617.86,1.46948993206024,17.2999992370605
4618.087,1.46948993206024,17.2999992370605
4618.314,1.46747696399689,17.2999992370605
4618.54,1.46747696399689,17.2999992370605
4618.767,1.46948993206024,17.2999992370605
4618.993,1.46747696399689,17.2999992370605
4619.219,1.46747696399689,17.2999992370605
4619.445,1.46747696399689,17.2999992370605
4619.673,0.698511004447937,9.10000038146973
4619.9,0.698511004447937,9.10000038146973
4620.126,0.696497976779938,9.10000038146973
4620.353,0.696497976779938,9.10000038146973
4620.579,0.696497976779938,9.10000038146973
4620.806,0.672342002391815,9.10000038146973
4621.033,0.696497976779938,9.10000038146973
4621.26,0.696497976779938,9.10000038146973
4621.486,0.696497976779938,9.10000038146973
4621.712,0.696497976779938,9.10000038146973
4621.938,0.696497976779938,9.10000038146973
4622.164,0.696497976779938,9.10000038146973
4622.391,0.696497976779938,9.10000038146973
4622.618,0.696497976779938,9.10000038146973
4622.844,0.696497976779938,9.10000038146973
4623.071,0.696497976779938,9.10000038146973
4623.298,0.696497976779938,9.10000038146973
4623.525,0.696497976779938,9.10000038146973
4623.752,0.696497976779938,9.10000038146973
4623.979,0.696497976779938,9.10000038146973
4624.206,0.696497976779938,9.10000038146973
4624.433,0.696497976779938,9.10000038146973
4624.661,0.696497976779938,9.10000038146973
4624.888,0.696497976779938,9.10000038146973
4625.114,0.696497976779938,9.10000038146973
4625.341,0.696497976779938,9.10000038146973
4625.568,0.696497976779938,9.10000038146973
4625.795,0.696497976779938,9.10000038146973
4626.022,0.696497976779938,29.6000003814697
4626.249,2.60280895233154,29.6000003814697
4626.476,2.62495183944702,29.6000003814697
4626.703,2.58670496940613,29.6000003814697
4626.929,2.55047106742859,29.6000003814697
4627.156,2.62696504592896,29.6000003814697
4627.383,2.53436684608459,29.6000003814697
4627.61,2.62696504592896,29.6000003814697
4627.837,2.52228903770447,29.6000003814697
4628.063,2.58871793746948,29.6000003814697
4628.29,2.62696504592896,29.6000003814697
4628.517,2.53638005256653,29.6000003814697
4628.744,2.62495183944702,29.6000003814697
4628.97,2.62696504592896,29.6000003814697
4629.196,2.62696504592896,29.6000003814697
4629.423,2.52228903770447,29.6000003814697
4629.65,2.62696504592896,29.6000003814697
4629.878,2.50215888023376,29.6000003814697
4630.105,2.52027606964111,29.6000003814697
4630.332,2.62696504592896,29.6000003814697
4630.559,2.60280895233154,29.6000003814697
4630.786,2.62696504592896,29.6000003814697
4631.014,2.46995091438293,29.6000003814697
4631.241,2.6048219203949,29.6000003814697
4631.468,2.62696504592896,29.6000003814697
4631.695,2.60280895233154,29.6000003814697
4631.921,2.58670496940613,29.6000003814697
4632.147,2.57060098648071,29.6000003814697
4632.374,2.62696504592896,29.6000003814697
4632.601,2.58670496940613,29.6000003814697
4632.828,2.62696504592896,29.6000003814697
4633.055,2.57060098648071,29.6000003814697
4633.281,2.62696504592896,29.6000003814697
4633.508,2.62696504592896,29.6000003814697
4633.735,2.5544970035553,29.6000003814697
4633.962,2.62696504592896,29.6000003814697
4634.189,2.60280895233154,29.6000003814697
4634.416,2.62696504592896,29.6000003814697
4634.643,2.6048219203949,29.6000003814697
4634.87,2.62696504592896,29.6000003814697
4635.097,2.52228903770447,29.6000003814697
4635.324,2.62696504592896,29.6000003814697
4635.551,2.55248403549194,29.6000003814697
4635.778,2.62696504592896,29.6000003814697
4636.005,2.53839302062988,29.6000003814697
4636.232,2.62696504592896,29.6000003814697
4636.458,2.62696504592896,30.3999996185303
4636.685,2.66118597984314,30.3999996185303
4636.912,2.70345902442932,30.3999996185303
4637.139,2.65716004371643,30.3999996185303
4637.367,2.70345902442932,30.3999996185303
4637.595,2.70345902442932,30.3999996185303
4637.823,2.70345902442932,30.3999996185303
4638.05,2.70345902442932,30.3999996185303
4638.276,2.6672248840332,67.5999984741211
4638.504,6.12354564666748,67.5999984741211
4638.731,6.12958478927612,67.5999984741211
4638.958,6.26042985916138,67.5999984741211
4639.185,6.13361072540283,67.5999984741211
4639.412,6.28257274627686,67.5999984741211
4639.639,6.25237798690796,67.5999984741211
4639.865,6.13763666152954,67.5999984741211
4640.092,6.29465103149414,67.5999984741211
4640.32,6.13964986801147,67.5999984741211
4640.546,6.7878360748291,75.6999969482422
4640.772,7.06965589523315,75.6999969482422
4640.998,7.08777284622192,75.6999969482422
4641.226,6.9589409828186,75.6999969482422
4641.453,6.84621286392212,74.1999969482422
4641.679,6.81400489807129,74.1999969482422
4641.906,6.93075895309448,74.1999969482422
4642.133,6.81199169158936,74.1999969482422
4642.359,6.81400489807129,74.1999969482422
4642.586,6.93478488922119,74.1999969482422
4642.813,6.81400489807129,74.1999969482422
4643.04,6.91666793823242,74.1999969482422
4643.267,6.81400489807129,74.1999969482422
4643.494,6.95491504669189,74.1999969482422
4643.721,6.818030834198,74.1999969482422
4643.949,6.87238168716431,74.1999969482422
4644.176,6.97705793380737,74.1999969482422
4644.402,6.97705793380737,74.1999969482422
4644.629,6.82004404067993,74.1999969482422
4644.856,6.82004404067993,74.1999969482422
4645.082,6.94082403182983,74.1999969482422
4645.309,6.82004404067993,74.1999969482422
4645.536,6.97705793380737,74.1999969482422
4645.763,6.82004404067993,74.1999969482422
4645.99,6.97504472732544,74.1999969482422
4646.217,6.82406997680664,74.1999969482422
4646.444,6.97907066345215,74.1999969482422
4646.671,6.82205677032471,74.1999969482422
4646.897,6.82608270645142,74.1999969482422
4647.123,6.82205677032471,74.1999969482422
4647.35,6.98108386993408,74.1999969482422
4647.577,6.82406997680664,74.1999969482422
4647.804,6.97907066345215,74.1999969482422
4648.031,6.82406997680664,74.1999969482422
4648.259,6.89251184463501,74.1999969482422
4648.487,6.91062879562378,74.1999969482422
4648.714,6.94686269760132,74.1999969482422
4648.941,6.82809591293335,74.1999969482422
4649.168,7.24881267547607,77.8000030517578
4649.394,7.27095603942871,77.8000030517578
4649.621,7.18037080764771,77.8000030517578
4649.848,7.30718994140625,77.8000030517578
4650.076,7.18238401412964,77.8000030517578
4650.303,7.18037080764771,77.8000030517578
4650.53,7.27498197555542,77.8000030517578
4650.756,7.24076080322266,77.8000030517578
4650.983,7.18037080764771,77.8000030517578
4651.209,7.18238401412964,77.8000030517578
4651.436,7.2769947052002,37.7999992370605
4651.663,3.37378787994385,37.7999992370605
4651.89,3.43216490745544,37.7999992370605
4652.118,3.27112483978271,37.7999992370605
4652.345,3.31138491630554,37.7999992370605
4652.572,3.42813897132874,37.7999992370605
4652.8,3.26709890365601,37.7999992370605
4653.027,3.35164499282837,37.7999992370605
4653.253,3.3335280418396,37.7999992370605
4653.479,3.36372303962708,37.7999992370605
4653.706,3.42813897132874,37.7999992370605
4653.933,3.31541085243225,37.7999992370605
4654.16,3.42813897132874,37.7999992370605
4654.387,3.36372303962708,37.7999992370605
4654.613,3.29729390144348,30
4654.839,2.58267903327942,30
4655.066,2.6752769947052,30
4655.293,2.64709496498108,30
4655.519,2.64709496498108,30
4655.746,2.6752769947052,30
4655.972,2.6752769947052,30
4656.198,2.6752769947052,30
4656.425,2.58469200134277,30
4656.652,2.67326402664185,30
4656.878,2.66923785209656,30
4657.105,2.66118597984314,30
4657.332,2.64910793304443,30
4657.559,2.56456184387207,30
4657.786,2.67326402664185,30
4658.014,2.54845786094666,30
4658.241,2.59475684165955,30
4658.468,2.67125105857849,37.2999992370605
4658.694,3.37378787994385,37.2999992370605
4658.921,3.33151483535767,37.2999992370605
4659.149,3.3758008480072,37.2999992370605
4659.376,3.3758008480072,37.2999992370605
4659.602,3.37781381607056,37.2999992370605
4659.829,3.21476101875305,95.0999984741211
4660.056,8.88739490509033,95.0999984741211
4660.283,8.90752506256104,95.0999984741211
4660.511,8.91356372833252,95.0999984741211
4660.738,8.919602394104,95.0999984741211
4660.966,8.92362880706787,95.0999984741211
4661.193,8.92362880706787,95.0999984741211
4661.419,8.9256420135498,46.4000015258789
4661.646,4.25749492645264,46.4000015258789
4661.872,4.24340391159058,46.4000015258789
4662.098,4.24742984771729,46.4000015258789
4662.326,4.0843768119812,38.2999992370605
4662.552,3.48047685623169,38.2999992370605
4662.779,3.36170983314514,38.2999992370605
4663.006,3.47846388816833,31.7000007629395
4663.233,2.80410885810852,31.7000007629395
4663.46,2.83833003044128,31.7000007629395
4663.687,2.71956300735474,31.7000007629395
4663.913,2.76787495613098,31.7000007629395
4664.14,2.83631706237793,31.7000007629395
4664.368,2.6752769947052,31.7000007629395
4664.594,2.83631706237793,31.7000007629395
4664.821,2.73164105415344,31.7000007629395
4665.048,2.83631706237793,31.7000007629395
4665.275,2.71553683280945,31.7000007629395
4665.502,2.83631706237793,31.7000007629395
4665.729,2.76586198806763,31.7000007629395
4665.957,2.83631706237793,31.7000007629395
4666.184,2.82826495170593,31.7000007629395
4666.411,2.74774503707886,31.7000007629395
4666.639,2.83631706237793,31.7000007629395
4666.866,2.83631706237793,31.7000007629395
4667.093,2.71553683280945,31.7000007629395
4667.319,2.76384902000427,31.7000007629395
4667.546,2.83631706237793,31.7000007629395
4667.773,2.74573183059692,31.7000007629395
4668,2.83631706237793,31.7000007629395
4668.227,2.74774503707886,31.7000007629395
4668.455,2.83631706237793,31.7000007629395
4668.682,2.83631706237793,31.7000007629395
4668.908,2.83631706237793,31.7000007629395
4669.135,1.85799896717072,21.2000007629395
4669.362,1.8418949842453,21.2000007629395
4669.588,1.8418949842453,21.2000007629395
4669.815,4.27762508392334,48.4000015258789
4670.041,4.26957273483276,48.4000015258789
4670.268,4.43463897705078,48.4000015258789
4670.495,4.27359914779663,48.4000015258789
4670.722,4.43665170669556,48.4000015258789
4670.948,4.43665170669556,48.4000015258789
4671.174,0.68844598531723,9.30000019073486
4671.401,0.718640983104706,9.30000019073486
4671.628,0.718640983104706,9.30000019073486
4671.855,0.718640983104706,9.30000019073486
4672.082,0.718640983104706,9.30000019073486
4672.309,0.718640983104706,9.30000019073486
4672.536,0.718640983104706,9.30000019073486
4672.763,0.718640983104706,9.30000019073486
4672.99,0.718640983104706,9.30000019073486
4673.217,0.718640983104706,9.30000019073486
4673.444,0.716628015041351,9.30000019073486
4673.671,0.718640983104706,9.30000019073486
4673.898,0.716628015041351,9.30000019073486
4674.125,0.716628015041351,9.30000019073486
4674.352,0.716628015041351,9.30000019073486
4674.579,0.716628015041351,9.30000019073486
4674.806,0.716628015041351,9.30000019073486
4675.032,0.716628015041351,9.30000019073486
4675.258,0.716628015041351,9.30000019073486
4675.485,0.716628015041351,9.30000019073486
4675.711,0.716628015041351,9.30000019073486
4675.938,0.716628015041351,9.30000019073486
4676.165,0.716628015041351,9.30000019073486
4676.391,0.716628015041351,9.30000019073486
4676.619,0.716628015041351,9.30000019073486
4676.846,0.710588991641998,9.30000019073486
4677.073,0.716628015041351,9.30000019073486
4677.3,0.716628015041351,9.30000019073486
4677.527,0.716628015041351,9.30000019073486
4677.754,0.716628015041351,9.30000019073486
4677.981,0.716628015041351,9.30000019073486
4678.207,0.716628015041351,9.30000019073486
4678.434,0.716628015041351,9.30000019073486
4678.661,0.716628015041351,65.6999969482422
4678.888,6.08529901504517,65.6999969482422
4679.115,5.94438886642456,65.6999969482422
4679.342,6.10945510864258,65.6999969482422
4679.568,6.11348104476929,65.6999969482422
4679.794,6.117506980896,65.6999969482422
4680.022,5.95847988128662,65.6999969482422
4680.249,5.96049308776855,65.6999969482422
4680.476,6.11951971054077,65.6999969482422
4680.702,6.12153291702271,65.6999969482422
4680.929,5.96250581741333,65.6999969482422
4681.156,6.12153291702271,65.6999969482422
4681.384,5.96250581741333,65.6999969482422
4681.611,5.96250581741333,65.6999969482422
4681.838,6.12354564666748,65.6999969482422
4682.065,5.96049308776855,65.6999969482422
4682.292,6.12555885314941,65.6999969482422
4682.519,5.96250581741333,65.6999969482422
4682.746,6.12555885314941,5.19999980926514
4682.973,0.338183999061584,5.19999980926514
4683.2,0.334158003330231,5.19999980926514
4683.427,0.334158003330231,5.19999980926514
4683.654,0.334158003330231,5.19999980926514
4683.881,0.334158003330231,5.19999980926514
4684.107,0.334158003330231,5.19999980926514
4684.334,0.334158003330231,5.19999980926514
4684.561,0.334158003330231,5.19999980926514
4684.788,0.334158003330231,5.19999980926514
4685.015,0.334158003330231,5.19999980926514
4685.241,0.334158003330231,5.19999980926514
4685.468,0.332145005464554,5.19999980926514
4685.695,0.334158003330231,5.19999980926514
4685.923,0.334158003330231,5.19999980926514
4686.149,0.332145005464554,5.19999980926514
4686.375,0.332145005464554,5.19999980926514
4686.601,0.334158003330231,0
4686.827,0.0120780002325773,0
4687.054,0.0120780002325773,0
4687.281,0.0120780002325773,0
4687.508,0.0120780002325773,0
4687.735,0.0120780002325773,0
4687.962,0.0120780002325773,0
4688.189,0.0120780002325773,0
4688.415,0.0120780002325773,0
4688.642,0.0120780002325773,0
4688.868,0.0120780002325773,0
4689.095,0.0120780002325773,0
4689.321,0.0120780002325773,0
4689.548,0.0120780002325773,0
4689.775,0.0120780002325773,0
4690.001,0.0120780002325773,0
4690.228,0.0120780002325773,0
4690.454,0.0120780002325773,0
4690.682,0.0120780002325773,0
4690.909,0.0120780002325773,0
4691.135,0.0120780002325773,0
4691.361,0.0120780002325773,0
4691.589,0.0120780002325773,0
4691.816,0.0120780002325773,0
4692.042,0.0120780002325773,0
4692.269,0.0120780002325773,0
4692.495,0.0120780002325773,0
4692.722,0.0120780002325773,0
4692.949,0.0120780002325773,0
4693.176,0.0120780002325773,0
4693.402,0.0120780002325773,0
4693.629,0.0120780002325773,0
4693.856,0.0120780002325773,0
4694.083,0.726692974567413,48.4000015258789
4694.31,4.41450881958008,48.4000015258789
4694.536,4.42054796218872,48.4000015258789
4694.763,4.26152086257935,48.4000015258789
4694.99,4.42658710479736,48.4000015258789
4695.217,4.26554679870605,48.4000015258789
4695.444,4.42859983444214,48.4000015258789
4695.672,7.71180295944214,98.5999984741211
4695.899,9.24973487854004,98.5999984741211
4696.125,9.26382541656494,98.5999984741211
4696.352,9.26986503601074,98.5999984741211
4696.579,9.27187824249268,98.5999984741211
4696.806,9.27389049530029,98.5999984741211
4697.032,9.27791690826416,98.5999984741211
4697.259,9.27993011474609,98.5999984741211
4697.487,9.28395557403564,98.5999984741211
4697.713,9.28395557403564,98.5999984741211
4697.94,9.28596878051758,98.5999984741211
4698.167,9.28596878051758,98.5999984741211
4698.393,9.28596878051758,98.5999984741211
4698.619,9.28999519348145,98.5999984741211
4698.845,7.87888193130493,84.6999969482422
4699.072,7.89901161193848,84.6999969482422
4699.299,7.86881685256958,84.6999969482422
4699.526,7.97953176498413,84.6999969482422
4699.753,7.86479091644287,84.6999969482422
4699.979,7.86680364608765,84.6999969482422
4700.206,7.93725872039795,84.6999969482422
4700.433,7.86479091644287,84.6999969482422
4700.661,7.85875177383423,84.6999969482422
4700.887,7.86881685256958,84.6999969482422
4701.114,7.95537567138672,84.6999969482422
4701.34,7.88290786743164,84.6999969482422
4701.567,7.86881685256958,84.6999969482422
4701.793,7.87083005905151,84.6999969482422
4702.019,7.86881685256958,84.6999969482422
4702.245,7.87083005905151,84.6999969482422
4702.472,7.88693380355835,84.6999969482422
4702.699,2.67125105857849,30.2000007629395
4702.925,2.70345902442932,30.2000007629395
4703.152,2.70144605636597,30.2000007629395
4703.379,2.62092590332031,30.2000007629395
4703.606,2.69943284988403,30.2000007629395
4703.833,2.60280895233154,30.2000007629395
4704.06,2.69741988182068,30.2000007629395
4704.287,2.67125105857849,30.2000007629395
4704.514,2.69540691375732,30.2000007629395
4704.741,2.63702988624573,30.2000007629395
4704.968,2.566575050354,30.2000007629395
4705.195,2.6672248840332,30.2000007629395
4705.422,2.69741988182068,30.2000007629395
4705.648,2.69540691375732,30.2000007629395
4705.875,2.65112090110779,30.2000007629395
4706.101,2.62897801399231,30.2000007629395
4706.328,2.69138097763062,30.2000007629395
4706.555,2.60079598426819,30.2000007629395
4706.782,2.67326402664185,30.2000007629395
4707.009,2.60079598426819,30.2000007629395
4707.236,2.69540691375732,30.2000007629395
4707.462,2.69540691375732,30.2000007629395
4707.689,2.66923785209656,30.2000007629395
4707.916,2.69540691375732,30.2000007629395
4708.143,2.66521191596985,30.2000007629395
4708.37,2.69540691375732,30.2000007629395
4708.597,2.64910793304443,30.2000007629395
4708.825,2.69540691375732,30.2000007629395
4709.052,2.69540691375732,30.2000007629395
4709.279,2.62897801399231,30.2000007629395
4709.505,2.65313386917114,10.5
4709.732,0.8333820104599,10.5
4709.959,0.831368982791901,10.5
4710.186,0.775004982948303,10.5
4710.413,0.831368982791901,10.5
4710.639,0.831368982791901,10.5
4710.866,0.831368982791901,10.5
4711.093,0.831368982791901,10.5
4711.319,0.831368982791901,10.5
4711.546,0.831368982791901,10.5
4711.772,0.831368982791901,10.5
4711.999,0.831368982791901,10.5
4712.226,0.827342987060547,10.5
4712.454,0.795134961605072,10.5
4712.68,0.831368982791901,10.5
4712.907,0.831368982791901,10.5
4713.134,0.831368982791901,10.5
4713.361,0.831368982791901,10.5
4713.588,0.831368982791901,10.5
4713.815,0.829355955123901,10.5
4714.042,0.831368982791901,10.5
4714.27,0.829355955123901,10.5
4714.497,0.829355955123901,10.5
4714.724,0.829355955123901,10.5
4714.951,0.829355955123901,10.5
4715.177,0.829355955123901,10.5
4715.404,0.829355955123901,10.5
4715.63,0.829355955123901,10.5
4715.857,0.829355955123901,10.5
4716.084,0.829355955123901,10.5
4716.312,0.829355955123901,10.5
4716.539,0.829355955123901,10.5
4716.765,0.829355955123901,10.5
4716.992,0.829355955123901,10.5
4717.22,0.821303963661194,10.5
4717.446,0.829355955123901,10.5
4717.673,0.829355955123901,10.5
4717.9,0.829355955123901,10.5
4718.126,0.829355955123901,10.5
4718.353,0.829355955123901,10.5
4718.58,0.829355955123901,10.5
4718.807,0.829355955123901,59.5
4719.034,5.5015287399292,59.5
4719.261,5.3505539894104,59.5
4719.488,5.51159381866455,59.5
4719.715,5.35457992553711,59.5
4719.942,5.51561975479126,59.5
4720.168,5.51964569091797,59.5
4720.395,5.35659313201904,59.5
4720.621,5.35457992553711,59.5
4720.848,5.51964569091797,59.5
4721.074,5.51964569091797,59.5
4721.301,5.35860586166382,59.5
4721.529,5.51964569091797,59.5
4721.756,5.5216588973999,59.5
4721.983,5.36061906814575,59.5
4722.21,5.51964569091797,59.5
4722.437,5.36263179779053,59.5
4722.663,5.36061906814575,59.5
4722.89,5.5216588973999,59.5
4723.118,5.36263179779053,59.5
4723.345,5.36263179779053,59.5
4723.572,5.5216588973999,59.5
4723.799,5.36061906814575,59.5
4724.026,5.52367210388184,59.5
4724.253,5.36263179779053,59.5
4724.48,5.52367210388184,59.5
4724.706,5.49951601028442,59.5
4724.932,5.52367210388184,59.5
4725.159,5.36061906814575,59.5
4725.386,5.52367210388184,59.5
4725.613,5.36061906814575,59.5
4725.84,7.52660703659058,80.5
4726.067,7.44004774093628,80.5
4726.293,7.4380350112915,80.5
4726.52,7.5547890663147,80.5
4726.746,7.52861976623535,80.5
4726.973,7.44608688354492,80.5
4727.2,7.45011281967163,80.5
4727.427,7.44810009002686,80.5
4727.654,7.56686687469482,80.5
4727.88,7.55076265335083,80.5
4728.107,7.45011281967163,80.5
4728.334,7.56686687469482,80.5
4728.561,7.45413875579834,80.5
4728.788,5.84373903274536,62.5999984741211
4729.015,5.67062091827393,62.5999984741211
4729.242,4.96607112884521,53.5
4729.469,4.79899168014526,53.5
4729.696,4.95801877975464,53.5
4729.922,3.10807204246521,34.4000015258789
4730.148,3.10203289985657,34.4000015258789
4730.375,2.9631359577179,34.4000015258789
4730.601,3.00943493843079,34.4000015258789
4730.828,3.10203289985657,34.4000015258789
4731.054,3.10001993179321,34.4000015258789
4731.281,2.97923994064331,34.4000015258789
4731.508,3.10001993179321,34.4000015258789
4731.735,3.04164290428162,34.4000015258789
4731.961,3.02151298522949,34.4000015258789
4732.188,3.10203289985657,34.4000015258789
4732.414,3.10001993179321,34.4000015258789
4732.642,4.65405607223511,52.2000007629395
4732.869,4.65405607223511,52.2000007629395
4733.096,4.66009473800659,52.2000007629395
4733.323,4.65808200836182,52.2000007629395
4733.55,4.82314777374268,52.2000007629395
4733.777,4.65808200836182,52.2000007629395
4734.004,4.82314777374268,52.2000007629395
4734.23,4.82314777374268,5.80000019073486
4734.457,0.384482979774475,5.80000019073486
4734.684,0.390522003173828,5.80000019073486
4734.911,0.390522003173828,5.80000019073486
4735.139,0.390522003173828,5.80000019073486
4735.366,0.390522003173828,5.80000019073486
4735.593,0.390522003173828,5.80000019073486
4735.82,0.390522003173828,5.80000019073486
4736.046,0.362340003252029,5.80000019073486
4736.273,0.390522003173828,5.80000019073486
4736.499,0.390522003173828,5.80000019073486
4736.725,0.390522003173828,5.80000019073486
4736.951,0.390522003173828,5.80000019073486
4737.178,0.390522003173828,5.80000019073486
4737.405,0.390522003173828,5.80000019073486
4737.632,0.390522003173828,5.80000019073486
4737.859,0.390522003173828,5.80000019073486
4738.086,0.364353001117706,5.80000019073486
4738.313,0.390522003173828,5.80000019073486
4738.539,0.390522003173828,5.80000019073486
4738.766,0.388509005308151,5.80000019073486
4738.992,0.390522003173828,5.80000019073486
4739.218,0.390522003173828,5.80000019073486
4739.445,0.390522003173828,5.80000019073486
4739.672,0.388509005308151,5.80000019073486
4739.899,0.390522003173828,5.80000019073486
4740.126,0.390522003173828,5.80000019073486
4740.353,0.390522003173828,5.80000019073486
4740.58,0.388509005308151,5.80000019073486
4740.807,0.388509005308151,5.80000019073486
4741.034,0.370391994714737,5.80000019073486
4741.26,0.390522003173828,5.80000019073486
4741.486,0.388509005308151,5.80000019073486
4741.713,0.388509005308151,5.80000019073486
4741.939,0.388509005308151,5.80000019073486
4742.165,0.388509005308151,5.80000019073486
4742.393,0.388509005308151,5.80000019073486
4742.619,0.388509005308151,24.2999992370605
4742.846,2.13378000259399,24.2999992370605
4743.072,2.13378000259399,24.2999992370605
4743.299,2.07942891120911,24.2999992370605
4743.525,2.13579297065735,24.2999992370605
4743.752,2.13579297065735,24.2999992370605
4743.979,2.11566305160522,24.2999992370605
4744.206,2.13579297065735,24.2999992370605
4744.433,2.13579297065735,24.2999992370605
4744.659,2.11767601966858,24.2999992370605
4744.886,2.13579297065735,24.2999992370605
4745.113,2.12975406646729,24.2999992370605
4745.34,2.13579297065735,24.2999992370605
4745.567,2.12975406646729,24.2999992370605
4745.794,2.13579297065735,24.2999992370605
4746.021,2.11566305160522,24.2999992370605
4746.247,2.13579297065735,24.2999992370605
4746.474,2.13579297065735,24.2999992370605
4746.701,2.13579297065735,24.2999992370605
4746.928,2.13579297065735,24.2999992370605
4747.155,2.13579297065735,24.2999992370605
4747.382,2.13176703453064,24.2999992370605
4747.608,2.13579297065735,24.2999992370605
4747.835,2.12774085998535,24.2999992370605
4748.062,2.13579297065735,24.2999992370605
4748.289,2.13579297065735,24.2999992370605
4748.516,2.13378000259399,24.2999992370605
4748.743,2.13176703453064,24.2999992370605
4748.97,2.13579297065735,24.2999992370605
4749.197,2.11566305160522,24.2999992370605
4749.424,2.13579297065735,24.2999992370605
4749.651,2.11163687705994,24.2999992370605
4749.877,2.09754586219788,24.2999992370605
4750.104,2.13579297065735,24.2999992370605
4750.331,2.08144187927246,24.2999992370605
4750.558,2.13579297065735,24.2999992370605
4750.785,2.11566305160522,24.2999992370605
4751.013,2.13579297065735,24.2999992370605
4751.239,2.13176703453064,24.2999992370605
4751.466,2.13579297065735,24.2999992370605
4751.694,2.05325984954834,24.2999992370605
4751.921,2.11566305160522,24.2999992370605
4752.147,2.13378000259399,24.2999992370605
4752.374,2.13579297065735,24.2999992370605
4752.601,2.12774085998535,24.2999992370605
4752.828,0.0120780002325773,0
4753.055,0.0120780002325773,0
4753.281,0.0120780002325773,0
4753.509,0.0120780002325773,0
4753.736,0.0120780002325773,0
4753.962,0.0120780002325773,0
4754.189,0.0120780002325773,0
4754.415,0.0120780002325773,0
4754.642,0.0120780002325773,0
4754.869,0.0120780002325773,0
4755.096,0.0120780002325773,0
4755.324,0.0120780002325773,0
4755.55,0.0120780002325773,0
4755.778,0.0120780002325773,0
4756.005,0.0120780002325773,0
4756.232,0.0120780002325773,0
4756.458,0.0120780002325773,0
4756.684,0.0120780002325773,0
4756.912,0.0120780002325773,0
4757.138,0.0120780002325773,0
4757.364,0.0120780002325773,0
4757.59,0.0120780002325773,0
4757.817,0.0120780002325773,0
4758.043,0.0120780002325773,0
4758.269,0.0120780002325773,0
4758.496,0.0120780002325773,0
4758.723,0.0120780002325773,0
4758.95,0.0120780002325773,0
4759.176,0.0120780002325773,0
4759.403,0.0120780002325773,0
4759.629,0.0120780002325773,0
4759.855,0.0120780002325773,0
4760.082,0.0120780002325773,0
4760.309,0.0120780002325773,0
4760.536,0.0120780002325773,0
4760.762,0.0120780002325773,0
4760.989,0.0120780002325773,0
4761.216,0.0120780002325773,0
4761.443,1.73520600795746,20.2000007629395
4761.67,1.73923194408417,20.2000007629395
4761.897,1.73319292068481,20.2000007629395
4762.124,1.74124491214752,20.2000007629395
4762.351,1.74124491214752,20.2000007629395
4762.578,1.74124491214752,20.2000007629395
4762.804,1.74124491214752,20.2000007629395
4763.032,1.68286800384521,69.5
4763.258,6.44763898849487,69.5
4763.485,6.32484579086304,69.5
4763.712,6.46978187561035,69.5
4763.939,6.33491086959839,69.5
4764.166,6.49595069885254,69.5
4764.392,6.49595069885254,90.5
4764.619,8.42843055725098,90.5
4764.847,8.43648242950439,90.5
4765.074,8.45057392120361,90.5
4765.301,8.44453525543213,90.5
4765.528,8.47271728515625,90.5
4765.755,8.44856071472168,90.5
4765.982,8.45862579345703,90.5
4766.208,8.47472953796387,90.5
4766.435,8.45258712768555,90.5
4766.661,8.45258712768555,90.5
4766.888,8.49888610839844,90.5
4767.115,8.45459938049316,90.5
4767.342,8.47875595092773,90.5
4767.57,8.4566125869751,90.5
4767.797,8.45862579345703,90.5
4768.023,8.45862579345703,90.5
4768.25,8.45862579345703,90.5
4768.476,8.50895118713379,90.5
4768.702,8.46667766571045,90.5
4768.929,8.4626522064209,90.5
4769.156,8.50291156768799,90.5
4769.383,8.46466445922852,90.5
4770.065,8.46667766571045,90.5
4770.292,8.51096343994141,90.5
4770.519,8.46869087219238,90.5
4770.745,8.46869087219238,90.5
4770.973,8.46869087219238,90.5
4771.199,8.46869087219238,90.5
4771.426,8.47875595092773,90.5
4771.653,8.46869087219238,90.5
4771.88,8.51096343994141,90.5
4772.106,8.50895118713379,90.5
4772.334,8.47271728515625,74.1999969482422
4772.561,6.85225200653076,74.1999969482422
4772.788,7.01329183578491,74.1999969482422
4773.014,6.9388108253479,74.1999969482422
4773.241,6.84419965744019,74.1999969482422
4773.468,7.00322675704956,74.1999969482422
4773.695,6.84822607040405,0
4773.921,0.0120780002325773,0
4774.149,0.0120780002325773,0
4774.375,0.0120780002325773,0
4774.602,0.0120780002325773,0
4774.829,0.0120780002325773,0
4775.056,0.0120780002325773,0
4775.283,0.0120780002325773,0
4775.509,0.0120780002325773,0
4775.736,0.0120780002325773,0
4775.963,0.0120780002325773,0
4776.19,0.0120780002325773,0
4776.417,0.0120780002325773,0
4776.644,0.0120780002325773,0
4776.872,0.0120780002325773,0
4777.099,0.0120780002325773,0
4777.326,0.0120780002325773,0
4777.554,0.0120780002325773,0
4777.78,0.0120780002325773,0
4778.007,0.0120780002325773,0
4778.234,0.0120780002325773,0
4778.461,0.0120780002325773,0
4778.689,0.0120780002325773,0
4778.915,0.0120780002325773,0
4779.143,0.0120780002325773,0
4779.37,0.0120780002325773,0
4779.597,0.0120780002325773,0
4779.823,0.0120780002325773,0
4780.05,2.44176888465881,37
4780.277,3.21878695487976,37
4780.505,3.34761881828308,37
4780.731,1.18565702438354,13.8000001907349
4780.958,1.14338397979736,13.8000001907349
4781.185,1.14338397979736,13.8000001907349
4781.412,1.14338397979736,13.8000001907349
4781.639,1.14338397979736,13.8000001907349
4781.866,1.14338397979736,13.8000001907349
4782.092,1.14137101173401,13.8000001907349
4782.319,6.54426288604736,70.5999984741211
4782.546,6.5804967880249,70.5999984741211
4782.772,6.61673069000244,70.5999984741211
4782.999,6.45770406723022,70.5999984741211
4783.226,6.59257507324219,70.5999984741211
4783.453,6.46374273300171,70.5999984741211
4783.68,6.57445764541626,70.5999984741211
4783.907,6.46575593948364,70.5999984741211
4784.134,6.62679576873779,70.5999984741211
4784.361,6.46978187561035,70.5999984741211
4784.588,6.59257507324219,70.5999984741211
4784.815,6.46978187561035,70.5999984741211
4785.042,6.61874389648438,70.5999984741211
4785.268,6.62075710296631,70.5999984741211
4785.495,6.47179508209229,70.5999984741211
4785.721,6.47179508209229,70.5999984741211
4785.947,6.47179508209229,70.5999984741211
4786.173,6.47179508209229,70.5999984741211
4786.399,6.47179508209229,70.5999984741211
4786.625,6.47380781173706,70.5999984741211
4786.852,6.63484764099121,70.5999984741211
4787.078,6.61874389648438,70.5999984741211
4787.304,6.60263967514038,70.5999984741211
4787.531,6.47380781173706,70.5999984741211
4787.758,6.58854866027832,70.5999984741211
4787.984,6.63484764099121,70.5999984741211
4788.211,6.47582101821899,70.5999984741211
4788.438,6.63686084747314,70.5999984741211
4788.664,6.63484764099121,70.5999984741211
4788.891,6.47582101821899,70.5999984741211
4789.117,6.47582101821899,70.5999984741211
4789.343,6.47783374786377,70.5999984741211
4789.569,6.47783374786377,70.5999984741211
4789.796,6.59257507324219,70.5999984741211
4790.023,6.47783374786377,70.5999984741211
4790.25,6.63887405395508,70.5999984741211
4790.477,2.58267903327942,30
4790.704,2.68534183502197,30
4790.93,2.68534183502197,30
4791.157,2.62293887138367,30
4791.384,2.68332886695862,30
4791.612,2.52228903770447,30
4791.839,2.57462692260742,30
4792.066,2.68131589889526,30
4792.293,2.62293887138367,30
4792.52,2.68131589889526,30
4792.747,2.57060098648071,30
4792.974,2.67930293083191,17.7999992370605
4793.201,1.52384102344513,17.7999992370605
4793.428,1.52384102344513,17.7999992370605
4793.654,1.52384102344513,17.7999992370605
4793.88,1.52182793617249,17.7999992370605
4794.106,1.52182793617249,17.7999992370605
4794.332,1.52182793617249,17.7999992370605
4794.558,1.52182793617249,17.7999992370605
4794.785,1.51176297664642,17.7999992370605
4795.011,1.52182793617249,80
4795.238,7.44004774093628,80
4795.465,7.39173603057861,80
4795.691,7.39978790283203,80
4795.917,7.40381383895874,80
4796.144,7.50849008560181,80
4796.371,7.40783977508545,80
4796.598,7.4883599281311,80
4796.825,7.41186571121216,80
4797.052,7.47426891326904,80
4797.28,7.41387891769409,80
4797.507,7.41387891769409,80
4797.734,7.52861976623535,80
4797.96,7.49641180038452,80
4798.187,7.41387891769409,80
4798.414,7.47829484939575,80
4798.641,7.41387891769409,80
4798.868,7.56485366821289,80
4799.096,7.41991806030273,80
4799.323,7.4179048538208,80
4799.55,7.48232078552246,80
4799.777,7.4179048538208,80
4800.004,7.47829484939575,80
4800.23,7.48232078552246,80
4800.457,7.41991806030273,80
4800.684,7.50043773651123,80
4800.912,7.42193078994751,80
4801.14,7.42193078994751,80
4801.367,7.42193078994751,80
4801.594,7.53465890884399,80
4801.821,7.42193078994751,80
4802.048,7.52056789398193,80
4802.275,7.42394399642944,80
4802.501,7.42595672607422,80
4802.729,7.41589164733887,80
4802.956,7.54069805145264,80
4803.183,7.42595672607422,80
4803.41,7.55680179595947,80
4803.637,7.42394399642944,80
4803.864,7.53667163848877,80
4804.09,7.52258062362671,80
4804.317,7.45212602615356,80
4804.544,7.48634672164917,80
4804.771,7.42595672607422,80
4804.998,7.53667163848877,80
4805.226,7.42998266220093,80
4805.454,7.06562995910645,49.2000007629395
4805.682,4.38632678985596,49.2000007629395
4805.908,4.5433406829834,49.2000007629395
4806.134,4.54132795333862,49.2000007629395
4806.362,4.38230085372925,49.2000007629395
4806.589,4.37827491760254,49.2000007629395
4806.815,4.3923659324646,49.2000007629395
4807.041,4.47489881515503,49.2000007629395
4807.268,4.53730201721191,49.2000007629395
4807.495,4.37626171112061,49.2000007629395
4807.721,4.37626171112061,49.2000007629395
4807.949,4.53730201721191,49.2000007629395
4808.177,4.53730201721191,49.2000007629395
4808.405,4.53730201721191,49.2000007629395
4808.632,4.53730201721191,49.2000007629395
4808.858,4.53730201721191,49.2000007629395
4809.085,4.37827491760254,49.2000007629395
4809.312,4.37827491760254,49.2000007629395
4809.539,4.37424898147583,49.2000007629395
4809.765,4.38028812408447,49.2000007629395
4809.992,4.53528881072998,49.2000007629395
4810.22,4.38028812408447,49.2000007629395
4810.446,4.53730201721191,49.2000007629395
4810.673,4.37626171112061,49.2000007629395
4810.899,4.37626171112061,49.2000007629395
4811.125,4.38028812408447,49.2000007629395
4811.351,4.37626171112061,49.2000007629395
4811.579,4.53730201721191,49.2000007629395
4811.806,4.53730201721191,49.2000007629395
4812.033,4.37827491760254,49.2000007629395
4812.259,4.37827491760254,49.2000007629395
4812.486,4.53730201721191,49.2000007629395
4812.712,4.48898983001709,49.2000007629395
4812.939,4.37827491760254,49.2000007629395
4813.166,4.53730201721191,49.2000007629395
4813.392,0.312014997005463,5.40000009536743
4813.619,0.354287981987,5.40000009536743
4813.846,0.354287981987,5.40000009536743
4814.073,0.354287981987,5.40000009536743
4814.3,9.41882705688477,99.6999969482422
4814.527,9.48324298858643,99.6999969482422
4814.754,9.49934673309326,99.6999969482422
4814.98,9.50538539886475,99.6999969482422
4815.207,9.51142501831055,99.6999969482422
4815.434,9.51746368408203,99.6999969482422
4815.661,9.51746368408203,99.6999969482422
4815.888,9.51947689056396,99.6999969482422
4816.116,9.52350234985352,99.6999969482422
4816.343,9.52350234985352,99.6999969482422
4816.57,9.52551555633545,99.6999969482422
4816.796,9.52752876281738,99.6999969482422
4817.022,9.52752876281738,99.6999969482422
4817.248,9.5355806350708,99.6999969482422
4817.475,9.53155517578125,99.6999969482422
4817.702,9.53155517578125,99.6999969482422
4817.928,9.53356742858887,99.6999969482422
4818.155,9.53356742858887,99.6999969482422
4818.382,9.53356742858887,99.6999969482422
4818.609,9.53356742858887,5.90000009536743
4818.836,0.400586992502213,5.90000009536743
4819.062,0.402599990367889,5.90000009536743
4819.29,0.402599990367889,5.90000009536743
4819.517,0.402599990367889,5.90000009536743
4819.744,0.402599990367889,5.90000009536743
4819.971,0.402599990367889,5.90000009536743
4820.198,0.402599990367889,5.90000009536743
4820.424,0.402599990367889,5.90000009536743
4820.65,0.400586992502213,5.90000009536743
4820.877,0.400586992502213,5.90000009536743
4821.103,0.400586992502213,5.90000009536743
4821.33,0.402599990367889,5.90000009536743
4821.557,0.400586992502213,5.90000009536743
4821.784,0.394547998905182,5.90000009536743
4822.011,0.400586992502213,5.90000009536743
4822.238,0.400586992502213,5.90000009536743
4822.464,0.400586992502213,5.90000009536743
4822.691,0.400586992502213,5.90000009536743
4822.919,0.400586992502213,5.90000009536743
4823.146,0.400586992502213,5.90000009536743
4823.373,0.400586992502213,5.90000009536743
4823.6,0.400586992502213,5.90000009536743
4823.827,0.400586992502213,5.90000009536743
4824.054,0.400586992502213,5.90000009536743
4824.281,0.400586992502213,5.90000009536743
4824.508,0.400586992502213,5.90000009536743
4824.735,0.400586992502213,5.90000009536743
4824.963,0.400586992502213,5.90000009536743
4825.19,0.400586992502213,5.90000009536743
4825.417,0.400586992502213,5.90000009536743
4825.643,0.400586992502213,5.90000009536743
4825.87,0.400586992502213,5.90000009536743
4826.098,0.400586992502213,5.90000009536743
4826.324,0.400586992502213,5.90000009536743
4826.551,0.400586992502213,5.90000009536743
4826.778,0.372404992580414,5.90000009536743
4827.004,0.400586992502213,5.90000009536743
4827.231,0.400586992502213,5.90000009536743
4827.458,0.400586992502213,5.90000009536743
4827.685,0.400586992502213,5.90000009536743
4827.912,0.400586992502213,5.90000009536743
4828.139,0.400586992502213,5.90000009536743
4828.366,0.400586992502213,5.90000009536743
4828.593,0.400586992502213,5.90000009536743
4828.821,0.400586992502213,12.8000001907349
4829.049,1.05078601837158,12.8000001907349
4829.276,1.05078601837158,12.8000001907349
4829.503,1.05078601837158,12.8000001907349
4829.73,1.05078601837158,12.8000001907349
4829.957,1.05078601837158,12.8000001907349
4830.183,1.05078601837158,12.8000001907349
4830.411,1.05078601837158,12.8000001907349
4830.638,1.05078601837158,94.5999984741211
4830.865,8.8712911605835,94.5999984741211
4831.092,8.90752506256104,94.5999984741211
4831.319,8.90148544311523,94.5999984741211
4831.546,8.90752506256104,94.5999984741211
4831.773,8.91155052185059,94.5999984741211
4832,8.9256420135498,94.5999984741211
4832.227,8.91557693481445,94.5999984741211
4832.454,8.92966747283936,94.5999984741211
4832.68,8.91759014129639,94.5999984741211
4832.907,8.92161560058594,94.5999984741211
4833.586,8.95382404327393,94.5999984741211
4833.812,8.92362880706787,94.5999984741211
4834.039,8.9256420135498,94.5999984741211
4834.265,8.92765522003174,94.5999984741211
4834.493,8.92765522003174,94.5999984741211
4834.72,8.92765522003174,94.5999984741211
4834.946,8.92765522003174,94.5999984741211
4835.173,8.93168067932129,94.5999984741211
4835.4,8.92966747283936,94.5999984741211
4835.627,2.88462901115417,29.8999996185303
4835.853,2.64508199691772,29.8999996185303
4836.079,2.64105606079102,29.8999996185303
4836.306,2.68534183502197,29.8999996185303
4836.533,2.63904285430908,29.8999996185303
4836.759,2.59073090553284,29.8999996185303
4836.986,2.68131589889526,29.8999996185303
4837.213,2.61086106300354,29.8999996185303
4837.439,2.64105606079102,29.8999996185303
4837.665,2.64105606079102,29.8999996185303
4837.892,2.68131589889526,29.8999996185303
4838.119,2.58871793746948,29.8999996185303
4838.345,2.67125105857849,29.8999996185303
4838.572,2.67930293083191,29.8999996185303
4838.798,2.67930293083191,29.8999996185303
4839.026,2.57060098648071,29.8999996185303
4839.253,2.61488699913025,29.8999996185303
4839.48,2.67930293083191,29.8999996185303
4839.707,2.63501691818237,29.8999996185303
4839.934,2.63300395011902,29.8999996185303
4840.161,8.9920711517334,96
4840.389,9.04642200469971,96
4840.615,9.06051254272461,96
4840.841,9.06655216217041,96
4841.067,9.06856441497803,96
4841.293,3.77236199378967,42.2000007629395
4841.519,3.72405004501343,42.2000007629395
4841.746,3.86898589134216,42.2000007629395
4841.973,3.72405004501343,42.2000007629395
4842.2,3.70995903015137,42.2000007629395
4842.427,3.72002387046814,42.2000007629395
4842.653,3.70593285560608,42.2000007629395
4842.88,3.86697292327881,42.2000007629395
4843.107,0.758901000022888,9.69999980926514
4843.334,0.760913968086243,9.69999980926514
4843.56,0.760913968086243,9.69999980926514
4843.787,0.760913968086243,9.69999980926514
4844.014,0.760913968086243,9.69999980926514
4844.24,0.760913968086243,9.69999980926514
4844.467,0.760913968086243,9.69999980926514
4844.694,0.760913968086243,9.69999980926514
4844.922,0.760913968086243,9.69999980926514
4845.15,0.752861976623535,9.69999980926514
4845.376,0.758901000022888,9.69999980926514
4845.604,0.758901000022888,9.69999980926514
4845.831,0.758901000022888,9.69999980926514
4846.058,0.758901000022888,9.69999980926514
4846.284,0.758901000022888,9.69999980926514
4846.511,0.758901000022888,9.69999980926514
4846.738,0.758901000022888,9.69999980926514
4846.965,0.758901000022888,9.69999980926514
4847.192,0.758901000022888,9.69999980926514
4847.418,0.758901000022888,9.69999980926514
4847.644,0.758901000022888,9.69999980926514
4847.872,0.738770961761475,9.69999980926514
4848.099,0.758901000022888,9.69999980926514
4848.325,0.758901000022888,9.69999980926514
4848.552,0.758901000022888,9.69999980926514
4848.78,0.72266697883606,9.69999980926514
4849.006,0.758901000022888,9.69999980926514
4849.234,0.758901000022888,9.69999980926514
4849.461,0.758901000022888,9.69999980926514
4849.688,0.758901000022888,9.69999980926514
4849.915,0.758901000022888,9.69999980926514
4850.142,0.758901000022888,9.69999980926514
4850.369,0.758901000022888,9.69999980926514
4850.596,0.758901000022888,9.69999980926514
4850.823,0.758901000022888,9.69999980926514
4851.05,0.758901000022888,9.69999980926514
4851.277,0.758901000022888,9.69999980926514
4851.504,0.752861976623535,9.69999980926514
4851.732,0.73675799369812,9.69999980926514
4851.959,0.758901000022888,9.69999980926514
4852.187,0.758901000022888,9.69999980926514
4852.415,0.758901000022888,9.69999980926514
4852.642,0.758901000022888,9.69999980926514
4852.868,0.758901000022888,9.69999980926514
4853.095,0.758901000022888,9.69999980926514
4853.322,0.758901000022888,44.4000015258789
4853.548,4.06022071838379,44.4000015258789
4853.775,4.06424713134766,44.4000015258789
4854.001,3.90320682525635,44.4000015258789
4854.228,4.03203868865967,44.4000015258789
4854.455,3.90522003173828,44.4000015258789
4854.682,4.06827306747437,44.4000015258789
4854.909,3.92333698272705,44.4000015258789
4855.135,3.92333698272705,44.4000015258789
4855.362,4.06827306747437,44.4000015258789
4855.589,3.90924596786499,44.4000015258789
4855.816,4.07028579711914,44.4000015258789
4856.043,3.91125893592834,44.4000015258789
4856.271,4.07028579711914,44.4000015258789
4856.497,3.92333698272705,44.4000015258789
4856.724,4.07028579711914,44.4000015258789
4856.951,3.90924596786499,44.4000015258789
4857.177,3.92937588691711,44.4000015258789
4857.404,4.07028579711914,44.4000015258789
4857.631,3.90924596786499,87.4000015258789
4857.858,8.19492244720459,87.4000015258789
4858.085,8.17076683044434,87.4000015258789
4858.313,8.17076683044434,87.4000015258789
4858.54,8.17680549621582,87.4000015258789
4858.767,8.18284511566162,87.4000015258789
4858.994,8.21303939819336,87.4000015258789
4859.22,8.23316955566406,87.4000015258789
4859.447,8.18284511566162,87.4000015258789
4859.674,8.2694034576416,87.4000015258789
4859.901,8.18687057495117,87.4000015258789
4860.128,8.21907901763916,87.4000015258789
4860.355,8.18687057495117,87.4000015258789
4860.582,8.22109222412109,87.4000015258789
4860.809,8.19089698791504,87.4000015258789
4861.035,8.19089698791504,87.4000015258789
4861.262,8.19291019439697,87.4000015258789
4861.489,8.19089698791504,87.4000015258789
4861.715,8.19089698791504,87.4000015258789
4861.942,8.18687057495117,87.4000015258789
4862.169,8.19492244720459,87.4000015258789
4862.397,8.19089698791504,87.4000015258789
4862.624,8.20297527313232,87.4000015258789
4862.85,8.23920917510986,87.4000015258789
4863.077,8.19492244720459,87.4000015258789
4863.303,8.19492244720459,87.4000015258789
4863.53,8.22914409637451,87.4000015258789
4863.757,8.19693565368652,87.4000015258789
4863.984,6.52413272857666,68.5
4864.211,6.29867696762085,68.5
4864.438,6.42146968841553,68.5
4864.665,6.29263782501221,68.5
4864.892,6.45367765426636,68.5
4865.119,6.29263782501221,68.5
4865.346,6.44159984588623,68.5
4865.573,6.29465103149414,68.5
4865.799,6.29465103149414,68.5
4866.026,6.43556070327759,68.5
4866.253,6.29263782501221,68.5
4866.48,6.4395866394043,68.5
4866.707,6.29465103149414,68.5
4866.933,6.29465103149414,68.5
4867.159,8.8712911605835,94.1999969482422
4867.386,8.91356372833252,94.1999969482422
4867.613,8.87330341339111,94
4867.84,8.87732982635498,94
4868.067,8.87934303283691,94
4868.294,8.93168067932129,94
4868.52,8.88135623931885,94
4868.747,8.88336849212646,94
4868.975,8.88336849212646,94
4869.201,8.8853816986084,94
4869.427,8.8853816986084,94
4869.654,8.88739490509033,94
4869.88,8.92362880706787,94
4870.107,8.88739490509033,94
4870.334,8.8853816986084,94
4870.561,8.88940811157227,94
4870.788,8.91356372833252,94
4871.014,8.88739490509033,94
4871.241,8.88940811157227,94
4871.469,8.89142036437988,94
4871.696,8.88940811157227,94
4871.923,8.89142036437988,94
4872.15,8.91557693481445,94
4872.376,8.89142036437988,94
4872.602,8.919602394104,94
4872.829,8.89343357086182,94
4873.055,8.89343357086182,94
4873.282,8.89343357086182,94
4873.509,8.89544677734375,94
4873.736,8.89544677734375,94
4873.963,8.89947319030762,94
4874.19,8.93973255157471,94
4874.417,8.89745998382568,94
4874.644,8.89947319030762,94
4874.871,8.89947319030762,94
4875.098,8.89947319030762,18.1000003814697
