   1.2336866e-01   0.0000000e+00   3.9933010e-01   2.1701684e-01
   2.1701684e-01   2.0150209e-02   3.9933010e-01   2.8739264e-01
   2.8739264e-01   1.2200203e-01   3.9933010e-01   3.3883617e-01
   3.3883617e-01   2.1221974e-01   3.9933010e-01   3.7447673e-01
   3.7447673e-01   2.9153612e-01   3.9933010e-01   3.9871320e-01
   3.9871320e-01   3.3137386e-01   3.9933010e-01   4.1515814e-01
   4.1515814e-01   3.5365606e-01   3.9933010e-01   4.2613131e-01
   4.2613131e-01   3.7107052e-01   3.9933010e-01   4.3317137e-01
   4.3317137e-01   3.8463447e-01   3.9933010e-01   4.3738921e-01
   4.3738921e-01   3.9431232e-01   3.9933010e-01   4.3961959e-01
   4.3961959e-01   4.0070107e-01   3.9933010e-01   4.4049448e-01
   4.4049448e-01   4.0454901e-01   3.9933010e-01   4.4048722e-01
   4.4048722e-01   4.0654918e-01   3.9933010e-01   4.3994492e-01
   4.3994492e-01   4.0727401e-01   3.9933010e-01   4.3911507e-01
   4.3911507e-01   4.0716842e-01   3.9933010e-01   4.3816780e-01
   4.3816780e-01   4.0656379e-01   3.9933010e-01   4.3721455e-01
   4.3721455e-01   4.0569744e-01   3.9933010e-01   4.3632343e-01
   4.3632343e-01   4.0473222e-01   3.9933010e-01   4.3553145e-01
   4.3553145e-01   4.0377400e-01   3.9933010e-01   4.3485422e-01
   4.3485422e-01   4.0288651e-01   3.9933010e-01   4.3429326e-01
   4.3429326e-01   4.0210341e-01   3.9933010e-01   4.3384145e-01
   4.3384145e-01   4.0143778e-01   3.9933010e-01   4.3348693e-01
   4.3348693e-01   4.0088932e-01   3.9933010e-01   4.3321578e-01
   4.3321578e-01   4.0044972e-01   3.9933010e-01   4.3301383e-01
   4.3301383e-01   4.0010635e-01   3.9933010e-01   4.3286770e-01
   4.3286770e-01   3.9984494e-01   3.9933010e-01   4.3276546e-01
   4.3276546e-01   3.9965116e-01   3.9933010e-01   4.3269683e-01
   4.3269683e-01   3.9951168e-01   3.9933010e-01   4.3265330e-01
   4.3265330e-01   3.9941469e-01   3.9933010e-01   4.3262797e-01
   4.3262797e-01   3.9935010e-01   2.2165969e-01   3.7785949e-01
   3.7785949e-01   3.9930959e-01   2.2165969e-01   3.3658190e-01
   3.3658190e-01   3.8561431e-01   2.2165969e-01   3.0634906e-01
   3.0634906e-01   3.3228551e-01   2.2165969e-01   2.8490049e-01
   2.8490049e-01   2.9243173e-01   2.2165969e-01   2.6994227e-01
   2.6994227e-01   2.6805544e-01   2.2165969e-01   2.5965915e-01
   2.5965915e-01   2.5182124e-01   2.2165969e-01   2.5272133e-01
   2.5272133e-01   2.4045559e-01   2.2165969e-01   2.4816042e-01
   2.4816042e-01   2.3257148e-01   2.2165969e-01   2.4527105e-01
   2.4527105e-01   2.2722498e-01   2.2165969e-01   2.4354012e-01
   2.4354012e-01   2.2371709e-01   2.2165969e-01   2.4259597e-01
   2.4259597e-01   2.2152256e-01   2.2165969e-01   2.4217168e-01
   2.4217168e-01   2.2024640e-01   2.2165969e-01   2.4207790e-01
   2.4207790e-01   2.1959471e-01   2.2165969e-01   2.4218258e-01
   2.4218258e-01   2.1935253e-01   2.2165969e-01   2.4239567e-01
   2.4239567e-01   2.1936600e-01   2.2165969e-01   2.4265751e-01
   2.4265751e-01   2.1952772e-01   2.2165969e-01   2.4293013e-01
   2.4293013e-01   2.1976491e-01   2.2165969e-01   2.4319072e-01
   2.4319072e-01   2.2003004e-01   2.2165969e-01   2.4342683e-01
   2.4342683e-01   2.2029356e-01   2.2165969e-01   2.4363287e-01
   2.4363287e-01   2.2053840e-01   2.2165969e-01   2.4380760e-01
   2.4380760e-01   2.2075591e-01   2.2165969e-01   2.4395242e-01
   2.4395242e-01   2.2094292e-01   2.2165969e-01   2.4407014e-01
   2.4407014e-01   2.2109964e-01   2.2165969e-01   2.4416421e-01
   2.4416421e-01   2.2122825e-01   2.2165969e-01   2.4423825e-01
   2.4423825e-01   2.2133189e-01   2.2165969e-01   2.4429567e-01
   2.4429567e-01   2.2141407e-01   2.2165969e-01   2.4433959e-01
   2.4433959e-01   2.2147828e-01   2.2165969e-01   2.4437272e-01
   2.4437272e-01   2.2152775e-01   2.2165969e-01   2.4439737e-01
   2.4439737e-01   2.2156533e-01   2.2165969e-01   2.4441543e-01
   2.4441543e-01   2.2159348e-01   0.0000000e+00   1.7611556e-01
   1.7611556e-01   2.2161428e-01   0.0000000e+00   1.2600104e-01
   1.2600104e-01   1.8437238e-01   0.0000000e+00   8.9572149e-02
   8.9572149e-02   1.3023081e-01   0.0000000e+00   6.3228059e-02
   6.3228059e-02   9.2651572e-02   0.0000000e+00   4.4317215e-02
   4.4317215e-02   6.4982525e-02   0.0000000e+00   3.0881039e-02
   3.0881039e-02   4.4639190e-02   0.0000000e+00   2.1451522e-02
   2.1451522e-02   2.9967118e-02   0.0000000e+00   1.4931097e-02
   1.4931097e-02   1.9546204e-02   0.0000000e+00   1.0506152e-02
   1.0506152e-02   1.2249864e-02   0.0000000e+00   7.5792218e-03
   7.5792218e-03   7.2228124e-03   0.0000000e+00   5.7075510e-03
   5.7075510e-03   3.8288880e-03   0.0000000e+00   4.5682155e-03
   4.5682155e-03   1.5993919e-03   0.0000000e+00   3.9279315e-03
   3.9279315e-03   1.8761182e-04   0.0000000e+00   3.6198950e-03
   3.6198950e-03   0.0000000e+00   0.0000000e+00   3.5234134e-03
   3.5234134e-03   0.0000000e+00   0.0000000e+00   3.6331536e-03
   3.6331536e-03   0.0000000e+00   0.0000000e+00   3.9285146e-03
   3.9285146e-03   0.0000000e+00   0.0000000e+00   4.1938860e-03
   4.1938860e-03   0.0000000e+00   0.0000000e+00   4.4041288e-03
   4.4041288e-03   0.0000000e+00   0.0000000e+00   4.5685531e-03
   4.5685531e-03   0.0000000e+00   0.0000000e+00   4.6971771e-03
   4.6971771e-03   0.0000000e+00   0.0000000e+00   4.7978372e-03
   4.7978372e-03   0.0000000e+00   0.0000000e+00   4.8766199e-03
   4.8766199e-03   0.0000000e+00   0.0000000e+00   4.9382804e-03
   4.9382804e-03   0.0000000e+00   0.0000000e+00   4.9865399e-03
   4.9865399e-03   0.0000000e+00   0.0000000e+00   5.0243109e-03
   5.0243109e-03   0.0000000e+00   0.0000000e+00   5.0538729e-03
   5.0538729e-03   0.0000000e+00   0.0000000e+00   5.0770099e-03
   5.0770099e-03   0.0000000e+00   0.0000000e+00   5.0951184e-03
   5.0951184e-03   0.0000000e+00   6.8284517e-01   2.1554412e-01
   2.1554412e-01   0.0000000e+00   6.8284517e-01   3.7491937e-01
   3.7491937e-01   4.1552585e-02   6.8284517e-01   4.9395935e-01
   4.9395935e-01   2.2163446e-01   6.8284517e-01   5.7774150e-01
   5.7774150e-01   4.1407672e-01   6.8284517e-01   6.3767334e-01
   6.3767334e-01   4.7944537e-01   6.8284517e-01   6.7915951e-01
   6.7915951e-01   5.5778418e-01   6.8284517e-01   7.0646299e-01
   7.0646299e-01   6.1714490e-01   6.8284517e-01   7.2310816e-01
   7.2310816e-01   6.5914740e-01   6.8284517e-01   7.3218875e-01
   7.3218875e-01   6.8414279e-01   6.8284517e-01   7.3612583e-01
   7.3612583e-01   6.9855765e-01   6.8284517e-01   7.3673135e-01
   7.3673135e-01   7.0591279e-01   6.8284517e-01   7.3531837e-01
   7.3531837e-01   7.0861949e-01   6.8284517e-01   7.3280904e-01
   7.3280904e-01   7.0839082e-01   6.8284517e-01   7.2982790e-01
   7.2982790e-01   7.0644150e-01   6.8284517e-01   7.2677869e-01
   7.2677869e-01   7.0361111e-01   6.8284517e-01   7.2390554e-01
   7.2390554e-01   7.0045934e-01   6.8284517e-01   7.2134070e-01
   7.2134070e-01   6.9734081e-01   6.8284517e-01   7.1914065e-01
   7.1914065e-01   6.9446343e-01   6.8284517e-01   7.1731298e-01
   7.1731298e-01   6.9193334e-01   6.8284517e-01   7.1583574e-01
   7.1583574e-01   6.8978875e-01   6.8284517e-01   7.1467106e-01
   7.1467106e-01   6.8802492e-01   6.8284517e-01   7.1377428e-01
   7.1377428e-01   6.8661197e-01   6.8284517e-01   7.1309993e-01
   7.1309993e-01   6.8550725e-01   6.8284517e-01   7.1260526e-01
   7.1260526e-01   6.8466361e-01   6.8284517e-01   7.1225219e-01
   7.1225219e-01   6.8403456e-01   6.8284517e-01   7.1200810e-01
   7.1200810e-01   6.8357732e-01   6.8284517e-01   7.1184592e-01
   7.1184592e-01   6.8325436e-01   6.8284517e-01   7.1174380e-01
   7.1174380e-01   6.8303390e-01   6.8284517e-01   7.1168453e-01
   7.1168453e-01   6.8288982e-01   6.8284517e-01   7.1165485e-01
   7.1165485e-01   6.8280125e-01   6.8284517e-01   7.1164483e-01
   5.4513559e-01   0.0000000e+00   1.0000000e+00   8.7089589e-01
   8.7089589e-01   1.0589100e-01   1.0000000e+00   1.0000000e+00
   1.0000000e+00   6.8800937e-01   1.0000000e+00   1.0000000e+00
   1.0000000e+00   8.9588323e-01   1.0000000e+00   1.0000000e+00
   1.0000000e+00   9.6626235e-01   1.0000000e+00   1.0000000e+00
   1.0000000e+00   8.8088444e-01   1.0000000e+00   1.0000000e+00
   1.0000000e+00   9.4667235e-01   1.0000000e+00   1.0000000e+00
   1.0000000e+00   8.6119609e-01   1.0000000e+00   1.0000000e+00
   1.0000000e+00   9.1958574e-01   1.0000000e+00   1.0000000e+00
   1.0000000e+00   8.3776701e-01   1.0000000e+00   1.0000000e+00
   1.0000000e+00   8.8443815e-01   1.0000000e+00   1.0000000e+00
   1.0000000e+00   8.1643906e-01   1.0000000e+00   1.0000000e+00
   1.0000000e+00   8.4544245e-01   1.0000000e+00   1.0000000e+00
   1.0000000e+00   8.0857489e-01   1.0000000e+00   1.0000000e+00
   1.0000000e+00   8.1685575e-01   1.0000000e+00   1.0000000e+00
   1.0000000e+00   8.1130246e-01   1.0000000e+00   1.0000000e+00
   1.0000000e+00   8.1056748e-01   1.0000000e+00   1.0000000e+00
   1.0000000e+00   8.1137243e-01   1.0000000e+00   1.0000000e+00
   1.0000000e+00   8.1143850e-01   1.0000000e+00   1.0000000e+00
   1.0000000e+00   8.1126814e-01   8.6193690e-01   1.0000000e+00
   1.0000000e+00   8.1127297e-01   8.6193690e-01   1.0000000e+00
   1.0000000e+00   8.1130561e-01   8.6193690e-01   1.0000000e+00
   1.0000000e+00   8.1130128e-01   8.6193690e-01   1.0000000e+00
   1.0000000e+00   8.1129533e-01   8.6193690e-01   1.0000000e+00
   1.0000000e+00   8.1129679e-01   8.6193690e-01   1.0000000e+00
   1.0000000e+00   8.1129781e-01   8.6193690e-01   1.0000000e+00
   1.0000000e+00   8.1129741e-01   8.6193690e-01   1.0000000e+00
   1.0000000e+00   8.1129726e-01   8.6193690e-01   1.0000000e+00
   1.0000000e+00   8.1129735e-01   8.6193690e-01   1.0000000e+00
   1.0000000e+00   8.1129737e-01   8.6193690e-01   1.0000000e+00
   1.0000000e+00   8.1129735e-01   8.6193690e-01   1.0000000e+00
   1.0000000e+00   8.1129735e-01   8.6193690e-01   1.0000000e+00
   1.0000000e+00   8.1129735e-01   8.6193690e-01   1.0000000e+00
   1.0000000e+00   8.1129735e-01   8.6193690e-01   1.0000000e+00
   1.0000000e+00   8.1129735e-01   8.6193690e-01   1.0000000e+00
   1.0000000e+00   8.1129735e-01   8.6193690e-01   1.0000000e+00
   1.0000000e+00   8.1129735e-01   8.6193690e-01   1.0000000e+00
   1.0000000e+00   8.1129735e-01   8.6193690e-01   1.0000000e+00
   1.0000000e+00   8.1129735e-01   8.6193690e-01   1.0000000e+00
   1.0000000e+00   8.1129735e-01   5.8673048e-02   7.6803440e-01
   7.6803440e-01   8.1129735e-01   5.8673048e-02   5.9271587e-01
   5.9271587e-01   7.6034557e-01   5.8673048e-02   4.5915067e-01
   4.5915067e-01   6.0464067e-01   5.8673048e-02   3.5324722e-01
   3.5324722e-01   5.3582490e-01   5.8673048e-02   2.7114150e-01
   2.7114150e-01   4.0948540e-01   5.8673048e-02   2.0986305e-01
   2.0986305e-01   2.9557281e-01   5.8673048e-02   1.6585441e-01
   1.6585441e-01   2.1001312e-01   5.8673048e-02   1.3450204e-01
   1.3450204e-01   1.6362035e-01   5.8673048e-02   1.1240403e-01
   1.1240403e-01   1.2992873e-01   5.8673048e-02   9.7073283e-02
   9.7073283e-02   1.0528737e-01   5.8673048e-02   8.6652774e-02
   8.6652774e-02   8.7833822e-02   5.8673048e-02   7.9752840e-02
   7.9752840e-02   7.5793067e-02   5.8673048e-02   7.5342035e-02
   7.5342035e-02   6.7677652e-02   5.8673048e-02   7.2662962e-02
   7.2662962e-02   6.2355111e-02   5.8673048e-02   7.1165641e-02
   7.1165641e-02   5.8992229e-02   5.8673048e-02   7.0455373e-02
   7.0455373e-02   5.6983475e-02   5.8673048e-02   7.0252549e-02
   7.0252549e-02   5.5892624e-02   5.8673048e-02   7.0362042e-02
   7.0362042e-02   5.5408503e-02   5.8673048e-02   7.0650119e-02
   7.0650119e-02   5.5311786e-02   5.8673048e-02   7.1027188e-02
   7.1027188e-02   5.5450144e-02   1.0000000e+00   5.8661012e-01
   5.8661012e-01   5.5719718e-02   1.0000000e+00   8.8897419e-01
   8.8897419e-01   1.8480635e-01   1.0000000e+00   1.0000000e+00
   1.0000000e+00   7.2692134e-01   1.0000000e+00   1.0000000e+00
   1.0000000e+00   9.1165185e-01   1.0000000e+00   1.0000000e+00
   1.0000000e+00   9.4568381e-01   1.0000000e+00   1.0000000e+00
   1.0000000e+00   8.9489450e-01   1.0000000e+00   1.0000000e+00
   1.0000000e+00   9.2489546e-01   1.0000000e+00   1.0000000e+00
   1.0000000e+00   8.7239101e-01   1.0000000e+00   1.0000000e+00
   1.0000000e+00   8.9648333e-01   1.0000000e+00   1.0000000e+00
   1.0000000e+00   8.4481664e-01   1.0000000e+00   1.0000000e+00
   1.0000000e+00   8.6097480e-01   1.0000000e+00   1.0000000e+00
   1.0000000e+00   8.1892965e-01   1.0000000e+00   1.0000000e+00
   1.0000000e+00   8.2655040e-01   1.0000000e+00   1.0000000e+00
   1.0000000e+00   8.0952624e-01   1.0000000e+00   1.0000000e+00
   1.0000000e+00   8.1101550e-01   1.0000000e+00   1.0000000e+00
   1.0000000e+00   8.1171245e-01   1.0000000e+00   1.0000000e+00
   1.0000000e+00   8.1131006e-01   1.0000000e+00   1.0000000e+00
   1.0000000e+00   8.1121682e-01   1.0000000e+00   1.0000000e+00
   1.0000000e+00   8.1130322e-01   1.0000000e+00   1.0000000e+00
   1.0000000e+00   8.1131258e-01   1.0000000e+00   1.0000000e+00
   1.0000000e+00   8.1129462e-01   1.0000000e+00   1.0000000e+00
   1.0000000e+00   8.1129466e-01   1.0000000e+00   1.0000000e+00
   1.0000000e+00   8.1129817e-01   1.0000000e+00   1.0000000e+00
   1.0000000e+00   8.1129780e-01   1.0000000e+00   1.0000000e+00
   1.0000000e+00   8.1129715e-01   1.0000000e+00   1.0000000e+00
   1.0000000e+00   8.1129729e-01   1.0000000e+00   1.0000000e+00
   1.0000000e+00   8.1129740e-01   1.0000000e+00   1.0000000e+00
   1.0000000e+00   8.1129736e-01   1.0000000e+00   1.0000000e+00
   1.0000000e+00   8.1129734e-01   1.0000000e+00   1.0000000e+00
   1.0000000e+00   8.1129735e-01   1.0000000e+00   1.0000000e+00
   1.0000000e+00   8.1129735e-01   1.0000000e+00   1.0000000e+00
   1.0000000e+00   8.1129735e-01   1.0000000e+00   1.0000000e+00
   1.0000000e+00   8.1129735e-01   1.0000000e+00   1.0000000e+00
   1.0000000e+00   8.1129735e-01   1.0000000e+00   1.0000000e+00
   1.0000000e+00   8.1129735e-01   1.0000000e+00   1.0000000e+00
   1.0000000e+00   8.1129735e-01   1.0000000e+00   1.0000000e+00
   1.0000000e+00   8.1129735e-01   1.0000000e+00   1.0000000e+00
   1.0000000e+00   8.1129735e-01   1.0000000e+00   1.0000000e+00
   1.0000000e+00   8.1129735e-01   1.2838070e-01   7.8951645e-01
   7.8951645e-01   8.1129735e-01   1.2838070e-01   6.3005191e-01
   6.3005191e-01   7.7071016e-01   1.2838070e-01   5.0789667e-01
   5.0789667e-01   6.3483913e-01   1.2838070e-01   4.1145508e-01
   4.1145508e-01   5.5864786e-01   1.2838070e-01   3.3580749e-01
   3.3580749e-01   4.6080020e-01   1.2838070e-01   2.7815426e-01
   2.7815426e-01   3.6427784e-01   1.2838070e-01   2.3611368e-01
   2.3611368e-01   2.8014583e-01   1.2838070e-01   2.0615531e-01
   2.0615531e-01   2.2875373e-01   1.2838070e-01   1.8503314e-01
   1.8503314e-01   1.9656700e-01   1.2838070e-01   1.7038172e-01
   1.7038172e-01   1.7290219e-01   1.2838070e-01   1.6047004e-01
   1.6047004e-01   1.5555450e-01   1.2838070e-01   1.5400492e-01
   1.5400492e-01   1.4322003e-01   1.2838070e-01   1.5000802e-01
   1.5000802e-01   1.3481166e-01   1.2838070e-01   1.4774040e-01
   1.4774040e-01   1.2935531e-01   1.2838070e-01   1.4665052e-01
   1.4665052e-01   1.2603161e-01   1.2838070e-01   1.4633365e-01
   1.4633365e-01   1.2419760e-01   1.2838070e-01   1.4649861e-01
   1.4649861e-01   1.2337052e-01   1.2838070e-01   1.4694067e-01
   1.4694067e-01   1.2319783e-01   1.2838070e-01   1.4751981e-01
   1.4751981e-01   1.2342758e-01   1.2838070e-01   1.4814353e-01
   1.4814353e-01   1.2388366e-01   1.2838070e-01   1.4875371e-01
   4.2971643e-01   0.0000000e+00   1.0000000e+00   7.2742808e-01
   7.2742808e-01   8.1777491e-02   1.0000000e+00   9.1120878e-01
   9.1120878e-01   5.2638590e-01   1.0000000e+00   9.9906884e-01
   9.9906884e-01   7.3300449e-01   1.0000000e+00   1.0000000e+00
   1.0000000e+00   9.2652275e-01   1.0000000e+00   1.0000000e+00
   1.0000000e+00   9.2944778e-01   1.0000000e+00   1.0000000e+00
   1.0000000e+00   9.1032647e-01   1.0000000e+00   1.0000000e+00
   1.0000000e+00   9.0878784e-01   1.0000000e+00   1.0000000e+00
   1.0000000e+00   8.8659193e-01   1.0000000e+00   1.0000000e+00
   1.0000000e+00   8.8093116e-01   1.0000000e+00   1.0000000e+00
   1.0000000e+00   8.5641848e-01   1.0000000e+00   1.0000000e+00
   1.0000000e+00   8.4730169e-01   1.0000000e+00   1.0000000e+00
   1.0000000e+00   8.2558093e-01   1.0000000e+00   1.0000000e+00
   1.0000000e+00   8.1834512e-01   1.0000000e+00   1.0000000e+00
   1.0000000e+00   8.1051452e-01   1.0000000e+00   1.0000000e+00
   1.0000000e+00   8.1055130e-01   1.0000000e+00   1.0000000e+00
   1.0000000e+00   8.1153800e-01   1.0000000e+00   1.0000000e+00
   1.0000000e+00   8.1142431e-01   1.0000000e+00   1.0000000e+00
   1.0000000e+00   8.1123789e-01   1.0000000e+00   1.0000000e+00
   1.0000000e+00   8.1127883e-01   1.0000000e+00   1.0000000e+00
   1.0000000e+00   8.1131096e-01   1.0000000e+00   1.0000000e+00
   1.0000000e+00   8.1129957e-01   1.0000000e+00   1.0000000e+00
   1.0000000e+00   8.1129446e-01   1.0000000e+00   1.0000000e+00
   1.0000000e+00   8.1129722e-01   1.0000000e+00   1.0000000e+00
   1.0000000e+00   8.1129793e-01   1.0000000e+00   1.0000000e+00
   1.0000000e+00   8.1129732e-01   1.0000000e+00   1.0000000e+00
   1.0000000e+00   8.1129724e-01   1.0000000e+00   1.0000000e+00
   1.0000000e+00   8.1129737e-01   1.0000000e+00   1.0000000e+00
   1.0000000e+00   8.1129737e-01   1.0000000e+00   1.0000000e+00
   1.0000000e+00   8.1129735e-01   2.8427635e-01   8.3738884e-01
   8.3738884e-01   8.1129735e-01   2.8427635e-01   7.1357191e-01
   7.1357191e-01   7.8967883e-01   2.8427635e-01   6.1741979e-01
   6.1741979e-01   6.9676432e-01   2.8427635e-01   5.4085966e-01
   5.4085966e-01   6.3251582e-01   2.8427635e-01   4.7951406e-01
   4.7951406e-01   5.6724586e-01   2.8427635e-01   4.3107005e-01
   4.3107005e-01   5.0052562e-01   2.8427635e-01   3.9385196e-01
   3.9385196e-01   4.3973298e-01   2.8427635e-01   3.6610897e-01
   3.6610897e-01   3.9115701e-01   2.8427635e-01   3.4614298e-01
   3.4614298e-01   3.5340846e-01   2.8427635e-01   3.3227635e-01
   3.3227635e-01   3.2661459e-01   2.8427635e-01   3.2291247e-01
   3.2291247e-01   3.0974537e-01   2.8427635e-01   3.1674239e-01
   3.1674239e-01   2.9921471e-01   2.8427635e-01   3.1279166e-01
   3.1279166e-01   2.9242421e-01   2.8427635e-01   3.1035958e-01
   3.1035958e-01   2.8805313e-01   2.8427635e-01   3.0894947e-01
   3.0894947e-01   2.8531633e-01   2.8427635e-01   3.0821295e-01
   3.0821295e-01   2.8368314e-01   2.8427635e-01   3.0790836e-01
   3.0790836e-01   2.8278433e-01   2.8427635e-01   3.0787024e-01
   3.0787024e-01   2.8236289e-01   2.8427635e-01   3.0798714e-01
   3.0798714e-01   2.8224151e-01   2.8427635e-01   3.0818547e-01
   3.0818547e-01   2.8229965e-01   2.8427635e-01   3.0841800e-01
   3.0841800e-01   2.8245695e-01   2.8427635e-01   3.0865553e-01
   3.0865553e-01   2.8266112e-01   2.8427635e-01   3.0888104e-01
   3.0888104e-01   2.8287931e-01   2.8427635e-01   3.0908552e-01
   3.0908552e-01   2.8309181e-01   2.8427635e-01   3.0926515e-01
   3.0926515e-01   2.8328771e-01   2.8427635e-01   3.0941928e-01
   3.0941928e-01   2.8346183e-01   2.8427635e-01   3.0954916e-01
   3.0954916e-01   2.8361255e-01   2.8427635e-01   3.0965702e-01
   3.0965702e-01   2.8374044e-01   2.8427635e-01   3.0974551e-01
   3.0974551e-01   2.8384723e-01   2.8427635e-01   3.0981736e-01
   3.0981736e-01   2.8393525e-01   5.0950414e-01   3.7928773e-01
   3.7928773e-01   2.8400701e-01   5.0950414e-01   4.3043915e-01
   4.3043915e-01   3.1934444e-01   5.0950414e-01   4.6807285e-01
   4.6807285e-01   3.6992211e-01   5.0950414e-01   4.9576485e-01
   4.9576485e-01   4.0675438e-01   5.0950414e-01   5.1568960e-01
   5.1568960e-01   4.4056608e-01   5.0950414e-01   5.2952813e-01
   5.2952813e-01   4.6724543e-01   5.0950414e-01   5.3869616e-01
   5.3869616e-01   4.8669678e-01   5.0950414e-01   5.4437670e-01
   5.4437670e-01   5.0019843e-01   5.0950414e-01   5.4753338e-01
   5.4753338e-01   5.0909493e-01   5.0950414e-01   5.4892991e-01
   5.4892991e-01   5.1455490e-01   5.0950414e-01   5.4915485e-01
   5.4915485e-01   5.1753654e-01   5.0950414e-01   5.4864895e-01
   5.4864895e-01   5.1879846e-01   5.0950414e-01   5.4773203e-01
   5.4773203e-01   5.1892335e-01   5.0950414e-01   5.4662785e-01
   5.4662785e-01   5.1834565e-01   5.0950414e-01   5.4548601e-01
   5.4548601e-01   5.1737916e-01   5.0950414e-01   5.4440047e-01
   5.4440047e-01   5.1624237e-01   5.0950414e-01   5.4342466e-01
   5.4342466e-01   5.1508047e-01   5.0950414e-01   5.4258361e-01
   5.4258361e-01   5.1398387e-01   5.0950414e-01   5.4188323e-01
   5.4188323e-01   5.1300327e-01   5.0950414e-01   5.4131738e-01
   5.4131738e-01   5.1216155e-01   5.0950414e-01   5.4087295e-01
   5.4087295e-01   5.1146308e-01   5.0950414e-01   5.4053352e-01
   5.4053352e-01   5.1090058e-01   5.0950414e-01   5.4028178e-01
   5.4028178e-01   5.1046016e-01   5.0950414e-01   5.4010105e-01
   5.4010105e-01   5.1012486e-01   5.0950414e-01   5.3997623e-01
   5.3997623e-01   5.0987703e-01   5.0950414e-01   5.3989422e-01
   5.3989422e-01   5.0969982e-01   5.0950414e-01   5.3984404e-01
   5.3984404e-01   5.0957803e-01   5.0950414e-01   5.3981678e-01
   5.3981678e-01   5.0949854e-01   5.0950414e-01   5.3980540e-01
   5.3980540e-01   5.0945040e-01   0.0000000e+00   3.8278137e-01
   3.8278137e-01   5.0942474e-01   0.0000000e+00   2.6406966e-01
   2.6406966e-01   4.7849232e-01   0.0000000e+00   1.7720312e-01
   1.7720312e-01   3.2459083e-01   0.0000000e+00   1.1692924e-01
   1.1692924e-01   1.8707071e-01   0.0000000e+00   7.5587201e-02
   7.5587201e-02   1.2428753e-01   0.0000000e+00   4.7496255e-02
   4.7496255e-02   8.2912391e-02   0.0000000e+00   2.8725720e-02
   2.8725720e-02   5.2554030e-02   0.0000000e+00   1.6549453e-02
   1.6549453e-02   3.1286102e-02   0.0000000e+00   8.9142181e-03
   8.9142181e-03   1.7015659e-02   0.0000000e+00   4.3440988e-03
   4.3440988e-03   7.7974048e-03   0.0000000e+00   1.8283699e-03
   1.8283699e-03   2.0654248e-03   0.0000000e+00   5.7104023e-04
   5.7104023e-04   0.0000000e+00   0.0000000e+00   9.0339892e-05
   9.0339892e-05   0.0000000e+00   0.0000000e+00   0.0000000e+00
   0.0000000e+00   0.0000000e+00   0.0000000e+00   0.0000000e+00
   0.0000000e+00   0.0000000e+00   0.0000000e+00   7.5430746e-04
   7.5430746e-04   0.0000000e+00   0.0000000e+00   1.6653981e-03
   1.6653981e-03   0.0000000e+00   0.0000000e+00   2.4228765e-03
   2.4228765e-03   0.0000000e+00   0.0000000e+00   3.0182165e-03
   3.0182165e-03   0.0000000e+00   0.0000000e+00   3.4838673e-03
   3.4838673e-03   0.0000000e+00   0.0000000e+00   3.8482253e-03
   3.8482253e-03   0.0000000e+00   0.0000000e+00   4.1333876e-03
   4.1333876e-03   0.0000000e+00   0.0000000e+00   4.3565760e-03
   4.3565760e-03   0.0000000e+00   0.0000000e+00   4.5312591e-03
   4.5312591e-03   0.0000000e+00   0.0000000e+00   4.6679782e-03
   4.6679782e-03   0.0000000e+00   0.0000000e+00   4.7749837e-03
   4.7749837e-03   0.0000000e+00   0.0000000e+00   4.8587334e-03
   4.8587334e-03   0.0000000e+00   0.0000000e+00   4.9242813e-03
   4.9242813e-03   0.0000000e+00   0.0000000e+00   4.9755833e-03
   4.9755833e-03   0.0000000e+00   0.0000000e+00   5.0157355e-03
   5.0157355e-03   0.0000000e+00   0.0000000e+00   5.0471612e-03
   1.0125232e-03   0.0000000e+00   0.0000000e+00   1.9135363e-03
   1.9135363e-03   0.0000000e+00   0.0000000e+00   2.6209176e-03
   2.6209176e-03   0.0000000e+00   0.0000000e+00   3.1731215e-03
   3.1731215e-03   0.0000000e+00   0.0000000e+00   3.6050261e-03
   3.6050261e-03   0.0000000e+00   0.0000000e+00   3.9430405e-03
   3.9430405e-03   0.0000000e+00   0.0000000e+00   4.2075961e-03
   4.2075961e-03   0.0000000e+00   0.0000000e+00   4.4146569e-03
   4.4146569e-03   0.0000000e+00   0.0000000e+00   4.5767173e-03
   4.5767173e-03   0.0000000e+00   0.0000000e+00   4.7035568e-03
   4.7035568e-03   0.0000000e+00   0.0000000e+00   4.8028300e-03
   4.8028300e-03   0.0000000e+00   0.0000000e+00   4.8805276e-03
   4.8805276e-03   0.0000000e+00   0.0000000e+00   4.9413389e-03
   4.9413389e-03   0.0000000e+00   0.0000000e+00   4.9889337e-03
   4.9889337e-03   0.0000000e+00   0.0000000e+00   5.0261844e-03
   5.0261844e-03   0.0000000e+00   0.0000000e+00   5.0553392e-03
   5.0553392e-03   0.0000000e+00   0.0000000e+00   5.0781575e-03
   5.0781575e-03   0.0000000e+00   0.0000000e+00   5.0960166e-03
   5.0960166e-03   0.0000000e+00   0.0000000e+00   5.1099942e-03
   5.1099942e-03   0.0000000e+00   0.0000000e+00   5.1209340e-03
   5.1209340e-03   0.0000000e+00   0.0000000e+00   5.1294962e-03
   5.1294962e-03   0.0000000e+00   0.0000000e+00   5.1361974e-03
   5.1361974e-03   0.0000000e+00   0.0000000e+00   5.1414422e-03
   5.1414422e-03   0.0000000e+00   0.0000000e+00   5.1455472e-03
   5.1455472e-03   0.0000000e+00   1.7963246e-01   6.0507097e-02
   6.0507097e-02   0.0000000e+00   1.7963246e-01   1.0243757e-01
   1.0243757e-01   1.0863827e-02   1.7963246e-01   1.3388775e-01
   1.3388775e-01   5.6348812e-02   1.7963246e-01   1.5725493e-01
   1.5725493e-01   9.0442058e-02   1.7963246e-01   1.7437033e-01
   1.7437033e-01   1.1699780e-01   1.7963246e-01   1.8661795e-01
   1.8661795e-01   1.3801515e-01   1.7963246e-01   1.9509130e-01
   1.9509130e-01   1.5414491e-01   1.7963246e-01   2.0069533e-01
   2.0069533e-01   1.6580871e-01   1.7963246e-01   2.0418225e-01
   2.0418225e-01   1.7372802e-01   1.7963246e-01   2.0616002e-01
   2.0616002e-01   1.7878981e-01   1.7963246e-01   2.0710213e-01
   2.0710213e-01   1.8180619e-01   1.7963246e-01   2.0736451e-01
   2.0736451e-01   1.8341850e-01   1.7963246e-01   2.0720625e-01
   2.0720625e-01   1.8410081e-01   1.7963246e-01   2.0681007e-01
   2.0681007e-01   1.8419260e-01   1.7963246e-01   2.0630051e-01
   2.0630051e-01   1.8393183e-01   1.7963246e-01   2.0575901e-01
   2.0575901e-01   1.8348158e-01   1.7963246e-01   2.0523591e-01
   2.0523591e-01   1.8295047e-01   1.7963246e-01   2.0475970e-01
   2.0475970e-01   1.8240796e-01   1.7963246e-01   2.0434402e-01
   2.0434402e-01   1.8189586e-01   1.7963246e-01   2.0399278e-01
   2.0399278e-01   1.8143685e-01   1.7963246e-01   2.0370388e-01
   2.0370388e-01   1.8104075e-01   1.7963246e-01   2.0347180e-01
   2.0347180e-01   1.8070912e-01   1.7963246e-01   2.0328934e-01
   2.0328934e-01   1.8043846e-01   1.7963246e-01   2.0314886e-01
   2.0314886e-01   1.8022254e-01   4.5911480e-01   2.8917606e-01
   2.8917606e-01   1.8005393e-01   4.5911480e-01   3.5257103e-01
   3.5257103e-01   2.2285742e-01   4.5911480e-01   3.9825156e-01
   3.9825156e-01   3.0030642e-01   4.5911480e-01   4.3093278e-01
   4.3093278e-01   3.4814732e-01   4.5911480e-01   4.5450366e-01
   4.5450366e-01   3.7692512e-01   4.5911480e-01   4.7127873e-01
   4.7127873e-01   4.0315860e-01   4.5911480e-01   4.8284698e-01
   4.8284698e-01   4.2475674e-01   4.5911480e-01   4.9046128e-01
   4.9046128e-01   4.4078212e-01   4.5911480e-01   4.9514040e-01
   4.9514040e-01   4.5195754e-01   4.5911480e-01   4.9770465e-01
   4.9770465e-01   4.5930830e-01   4.5911480e-01   4.9880022e-01
   4.9880022e-01   4.6379107e-01   4.5911480e-01   4.9892321e-01
   4.9892321e-01   4.6620536e-01   4.5911480e-01   4.9844396e-01
   4.9844396e-01   4.6718722e-01   4.5911480e-01   4.9763036e-01
   4.9763036e-01   4.6722570e-01   4.5911480e-01   4.9666922e-01
   4.9666922e-01   4.6668537e-01   4.5911480e-01   4.9568482e-01
   4.9568482e-01   4.6582917e-01   4.5911480e-01   4.9475466e-01
   4.9475466e-01   4.6483966e-01   4.5911480e-01   4.9392228e-01
   4.9392228e-01   4.6383757e-01   4.5911480e-01   4.9320747e-01
   4.9320747e-01   4.6289751e-01   4.5911480e-01   4.9261411e-01
   4.9261411e-01   4.6206068e-01   4.5911480e-01   4.9213615e-01
   4.9213615e-01   4.6134507e-01   4.5911480e-01   4.9176186e-01
   4.9176186e-01   4.6075321e-01   4.5911480e-01   4.9147687e-01
   4.9147687e-01   4.6027805e-01   1.0000000e+00   8.5387774e-01
   8.5387774e-01   4.5990716e-01   1.0000000e+00   1.0000000e+00
   1.0000000e+00   5.6305723e-01   1.0000000e+00   1.0000000e+00
   1.0000000e+00   8.9525660e-01   1.0000000e+00   1.0000000e+00
   1.0000000e+00   9.7556508e-01   1.0000000e+00   1.0000000e+00
   1.0000000e+00   8.8189584e-01   1.0000000e+00   1.0000000e+00
   1.0000000e+00   9.5806631e-01   1.0000000e+00   1.0000000e+00
   1.0000000e+00   8.6420877e-01   1.0000000e+00   1.0000000e+00
   1.0000000e+00   9.3360857e-01   1.0000000e+00   1.0000000e+00
   1.0000000e+00   8.4253878e-01   1.0000000e+00   1.0000000e+00
   1.0000000e+00   9.0100957e-01   1.0000000e+00   1.0000000e+00
   1.0000000e+00   8.2079640e-01   1.0000000e+00   1.0000000e+00
   1.0000000e+00   8.6202808e-01   1.0000000e+00   1.0000000e+00
   1.0000000e+00   8.0884826e-01   1.0000000e+00   1.0000000e+00
   1.0000000e+00   8.2657477e-01   1.0000000e+00   1.0000000e+00
   1.0000000e+00   8.1028031e-01   1.0000000e+00   1.0000000e+00
   1.0000000e+00   8.1098494e-01   1.0000000e+00   1.0000000e+00
   1.0000000e+00   8.1154242e-01   1.0000000e+00   1.0000000e+00
   1.0000000e+00   8.1133397e-01   1.0000000e+00   1.0000000e+00
   1.0000000e+00   8.1124632e-01   1.0000000e+00   1.0000000e+00
   1.0000000e+00   8.1129549e-01   1.0000000e+00   1.0000000e+00
   1.0000000e+00   8.1130757e-01   1.0000000e+00   1.0000000e+00
   1.0000000e+00   8.1129666e-01   1.0000000e+00   1.0000000e+00
   1.0000000e+00   8.1129543e-01   1.0000000e+00   1.0000000e+00
   1.0000000e+00   8.1129769e-01   3.7308358e-01   8.6410046e-01
   8.6410046e-01   8.1129769e-01   3.7308358e-01   7.6047226e-01
   7.6047226e-01   7.9768319e-01   3.7308358e-01   6.7938626e-01
   6.7938626e-01   7.2734236e-01   3.7308358e-01   6.1349159e-01
   6.1349159e-01   6.8639626e-01   3.7308358e-01   5.6067568e-01
   5.6067568e-01   6.1687298e-01   3.7308358e-01   5.1821862e-01
   5.1821862e-01   5.7031634e-01   3.7308358e-01   4.8461651e-01
   4.8461651e-01   5.2384383e-01   3.7308358e-01   4.5873128e-01
   4.5873128e-01   4.8194165e-01   3.7308358e-01   4.3935962e-01
   4.3935962e-01   4.4854629e-01   3.7308358e-01   4.2531890e-01
   4.2531890e-01   4.2282202e-01   3.7308358e-01   4.1551455e-01
   4.1551455e-01   4.0363777e-01   3.7308358e-01   4.0897453e-01
   4.0897453e-01   3.8990077e-01   3.7308358e-01   4.0486713e-01
   4.0486713e-01   3.8053631e-01   3.7308358e-01   4.0250884e-01
   4.0250884e-01   3.7449808e-01   3.7308358e-01   4.0136076e-01
   4.0136076e-01   3.7085623e-01   3.7308358e-01   4.0101414e-01
   4.0101414e-01   3.6886645e-01   3.7308358e-01   4.0116938e-01
   4.0116938e-01   3.6797515e-01   3.7308358e-01   4.0161379e-01
   4.0161379e-01   3.6778695e-01   3.7308358e-01   4.0220131e-01
   4.0220131e-01   3.6802579e-01   3.7308358e-01   4.0283537e-01
   4.0283537e-01   3.6850224e-01   3.7308358e-01   4.0345530e-01
   4.0345530e-01   3.6908915e-01   3.7308358e-01   4.0402579e-01
   4.0402579e-01   3.6970380e-01   3.7308358e-01   4.0452899e-01
   4.0452899e-01   3.7029494e-01   3.7308358e-01   4.0495865e-01
   4.0495865e-01   3.7083334e-01   3.7308358e-01   4.0531584e-01
   6.6600903e-03   0.0000000e+00   2.0637537e-02   1.1917148e-02
   1.1917148e-02   0.0000000e+00   2.0637537e-02   1.6034309e-02
   1.6034309e-02   2.6118509e-03   2.0637537e-02   1.9249131e-02
   1.9249131e-02   6.6621806e-03   2.0637537e-02   2.1744415e-02
   2.1744415e-02   9.9458727e-03   2.0637537e-02   2.3669954e-02
   2.3669954e-02   1.2504939e-02   2.0637537e-02   2.5147282e-02
   2.5147282e-02   1.4488106e-02   2.0637537e-02   2.6274159e-02
   2.6274159e-02   1.6016468e-02   2.0637537e-02   2.7128647e-02
   2.7128647e-02   1.7187546e-02   2.0637537e-02   2.7772646e-02
   2.7772646e-02   1.8079630e-02   2.0637537e-02   2.8254931e-02
   2.8254931e-02   1.8755143e-02   2.0637537e-02   2.8613690e-02
   2.8613690e-02   1.9263518e-02   2.0637537e-02   2.8878650e-02
   2.8878650e-02   1.9643653e-02   2.0637537e-02   2.9072813e-02
   2.9072813e-02   1.9925962e-02   2.0637537e-02   2.9213878e-02
   2.9213878e-02   2.0134091e-02   2.0637537e-02   2.9315379e-02
   2.9315379e-02   2.0286312e-02   2.0637537e-02   2.9387610e-02
   2.9387610e-02   2.0396664e-02   2.0637537e-02   2.9438351e-02
   2.9438351e-02   2.0475869e-02   2.0637537e-02   2.9473447e-02
   2.9473447e-02   2.0532073e-02   2.0637537e-02   2.9497259e-02
   2.9497259e-02   2.0571422e-02   2.0637537e-02   2.9513018e-02
   2.9513018e-02   2.0598524e-02   2.0637537e-02   2.9523103e-02
   2.9523103e-02   2.0616816e-02   2.0637537e-02   2.9529248e-02
   2.9529248e-02   2.0628837e-02   2.0637537e-02   2.9532706e-02
   2.9532706e-02   2.0636455e-02   2.0637537e-02   2.9534374e-02
   2.9534374e-02   2.0641026e-02   2.0637537e-02   2.9534887e-02
   2.9534887e-02   2.0643530e-02   2.0637537e-02   2.9534686e-02
   2.9534686e-02   2.0644667e-02   2.0637537e-02   2.9534075e-02
   2.9534075e-02   2.0644929e-02   2.0637537e-02   2.9533256e-02
   2.9533256e-02   2.0644658e-02   2.0637537e-02   2.9532361e-02
   2.9532361e-02   2.0644087e-02   7.4738513e-01   2.5350648e-01
   2.5350648e-01   2.0643371e-02   7.4738513e-01   4.2305599e-01
   4.2305599e-01   6.5888299e-02   7.4738513e-01   5.4892441e-01
   5.4892441e-01   2.6810775e-01   7.4738513e-01   6.3800538e-01
   6.3800538e-01   4.5592599e-01   7.4738513e-01   7.0151723e-01
   7.0151723e-01   5.3422620e-01   7.4738513e-01   7.4502749e-01
   7.4502749e-01   6.2155454e-01   7.4738513e-01   7.7291826e-01
   7.7291826e-01   6.8947131e-01   7.4738513e-01   7.8947012e-01
   7.8947012e-01   7.2983838e-01   7.4738513e-01   7.9810194e-01
   7.9810194e-01   7.5454702e-01   7.4738513e-01   8.0142927e-01
   8.0142927e-01   7.6844794e-01   7.4738513e-01   8.0138518e-01
   8.0138518e-01   7.7508292e-01   7.4738513e-01   7.9935140e-01
   7.9935140e-01   7.7704035e-01   7.4738513e-01   7.9628290e-01
   7.9628290e-01   7.7613642e-01   7.4738513e-01   7.9281616e-01
   7.9281616e-01   7.7360251e-01   7.4738513e-01   7.8935588e-01
   7.8935588e-01   7.7026983e-01   7.4738513e-01   7.8614182e-01
   7.8614182e-01   7.6668892e-01   7.4738513e-01   7.8329926e-01
   7.8329926e-01   7.6320793e-01   7.4738513e-01   7.8087673e-01
   7.8087673e-01   7.6002919e-01   7.4738513e-01   7.7887369e-01
   7.7887369e-01   7.5725285e-01   7.4738513e-01   7.7726043e-01
   7.7726043e-01   7.5491057e-01   7.4738513e-01   7.7599196e-01
   7.7599196e-01   7.5299078e-01   7.4738513e-01   7.7501735e-01
   7.7501735e-01   7.5145693e-01   7.4738513e-01   7.7428569e-01
   7.7428569e-01   7.5026015e-01   7.4738513e-01   7.7374969e-01
   7.7374969e-01   7.4934772e-01   7.4738513e-01   7.7336750e-01
   7.7336750e-01   7.4866827e-01   7.4738513e-01   7.7310347e-01
   7.7310347e-01   7.4817493e-01   7.4738513e-01   7.7292810e-01
   7.7292810e-01   7.4782676e-01   7.4738513e-01   7.7281768e-01
   7.7281768e-01   7.4758923e-01   7.4738513e-01   7.7275354e-01
   7.7275354e-01   7.4743405e-01   7.4738513e-01   7.7272136e-01
   7.7272136e-01   7.4733864e-01   4.8163654e-01   6.9080982e-01
   6.9080982e-01   7.4728540e-01   4.8163654e-01   6.3062620e-01
   6.3062620e-01   7.0395782e-01   4.8163654e-01   5.8731728e-01
   5.8731728e-01   6.3155004e-01   4.8163654e-01   5.5644654e-01
   5.5644654e-01   5.8516412e-01   4.8163654e-01   5.3464945e-01
   5.3464945e-01   5.5236645e-01   4.8163654e-01   5.1983147e-01
   5.1983147e-01   5.2312958e-01   4.8163654e-01   5.1029687e-01
   5.1029687e-01   5.0189178e-01   4.8163654e-01   5.0465036e-01
   5.0465036e-01   4.8746052e-01   4.8163654e-01   5.0177057e-01
   5.0177057e-01   4.7823596e-01   4.8163654e-01   5.0078039e-01
   5.0078039e-01   4.7283993e-01   4.8163654e-01   5.0101278e-01
   5.0101278e-01   4.7015804e-01   4.8163654e-01   5.0197543e-01
   5.0197543e-01   4.6931939e-01   4.8163654e-01   5.0331697e-01
   5.0331697e-01   4.6966386e-01   4.8163654e-01   5.0479657e-01
   5.0479657e-01   4.7070637e-01   4.8163654e-01   5.0625761e-01
   5.0625761e-01   4.7210250e-01   4.8163654e-01   5.0760577e-01
   5.0760577e-01   4.7361748e-01   4.8163654e-01   5.0879131e-01
   5.0879131e-01   4.7509976e-01   4.8163654e-01   5.0979517e-01
   5.0979517e-01   4.7645908e-01   4.8163654e-01   5.1061833e-01
   5.1061833e-01   4.7764888e-01   4.8163654e-01   5.1127395e-01
   5.1127395e-01   4.7865248e-01   4.8163654e-01   5.1178171e-01
   5.1178171e-01   4.7947265e-01   4.8163654e-01   5.1216390e-01
   5.1216390e-01   4.8012383e-01   4.8163654e-01   5.1244286e-01
   5.1244286e-01   4.8062656e-01   4.8163654e-01   5.1263939e-01
   5.1263939e-01   4.8100371e-01   4.8163654e-01   5.1277195e-01
   5.1277195e-01   4.8127797e-01   4.8163654e-01   5.1285622e-01
   5.1285622e-01   4.8147035e-01   4.8163654e-01   5.1290516e-01
   5.1290516e-01   4.8159936e-01   4.8163654e-01   5.1292912e-01
   5.1292912e-01   4.8168072e-01   4.8163654e-01   5.1293617e-01
   5.1293617e-01   4.8172732e-01   0.0000000e+00   3.6449772e-01
   3.6449772e-01   4.8174946e-01   0.0000000e+00   2.5225987e-01
   2.5225987e-01   4.5190539e-01   0.0000000e+00   1.7036219e-01
   1.7036219e-01   3.0179641e-01   0.0000000e+00   1.1335072e-01
   1.1335072e-01   1.7875662e-01   0.0000000e+00   7.4011024e-02
   7.4011024e-02   1.2033938e-01   0.0000000e+00   4.7097505e-02
   4.7097505e-02   8.0697705e-02   0.0000000e+00   2.9016392e-02
   2.9016392e-02   5.1568767e-02   0.0000000e+00   1.7156899e-02
   1.7156899e-02   3.1128233e-02   0.0000000e+00   9.5967201e-03
   9.5967201e-03   1.7345427e-02   0.0000000e+00   5.0068422e-03
   5.0068422e-03   8.3362257e-03   0.0000000e+00   2.3497521e-03
   2.3497521e-03   2.6422094e-03   0.0000000e+00   9.6657540e-04
   9.6657540e-04   0.0000000e+00   0.0000000e+00   3.1970051e-04
   3.1970051e-04   0.0000000e+00   0.0000000e+00   9.2231705e-05
   9.2231705e-05   0.0000000e+00   0.0000000e+00   1.3750132e-04
   1.3750132e-04   0.0000000e+00   0.0000000e+00   1.0624764e-03
   1.0624764e-03   0.0000000e+00   0.0000000e+00   1.9412451e-03
   1.9412451e-03   0.0000000e+00   0.0000000e+00   2.6415531e-03
   2.6415531e-03   0.0000000e+00   0.0000000e+00   3.1892782e-03
   3.1892782e-03   0.0000000e+00   0.0000000e+00   3.6176905e-03
   3.6176905e-03   0.0000000e+00   0.0000000e+00   3.9529559e-03
   3.9529559e-03   0.0000000e+00   0.0000000e+00   4.2153569e-03
   4.2153569e-03   0.0000000e+00   0.0000000e+00   4.4207310e-03
   4.4207310e-03   0.0000000e+00   0.0000000e+00   4.5814713e-03
   4.5814713e-03   0.0000000e+00   0.0000000e+00   4.7072777e-03
   4.7072777e-03   0.0000000e+00   0.0000000e+00   4.8057421e-03
   4.8057421e-03   0.0000000e+00   0.0000000e+00   4.8828069e-03
   4.8828069e-03   0.0000000e+00   0.0000000e+00   4.9431228e-03
   4.9431228e-03   0.0000000e+00   0.0000000e+00   4.9903299e-03
   4.9903299e-03   0.0000000e+00   0.0000000e+00   5.0272771e-03
   5.0272771e-03   0.0000000e+00   0.0000000e+00   5.0561944e-03
   1.0283843e-02   0.0000000e+00   3.2395785e-02   1.8285578e-02
   1.8285578e-02   0.0000000e+00   3.2395785e-02   2.4464958e-02
   2.4464958e-02   6.2476842e-03   3.2395785e-02   2.9214587e-02
   2.9214587e-02   1.2533793e-02   3.2395785e-02   3.2843804e-02
   3.2843804e-02   1.7446155e-02   3.2395785e-02   3.5600463e-02
   3.5600463e-02   2.1215409e-02   3.2395785e-02   3.7681582e-02
   3.7681582e-02   2.4091867e-02   3.2395785e-02   3.9242724e-02
   3.9242724e-02   2.6274116e-02   3.2395785e-02   4.0405962e-02
   4.0405962e-02   2.7919458e-02   3.2395785e-02   4.1266506e-02
   4.1266506e-02   2.9151967e-02   3.2395785e-02   4.1898186e-02
   4.1898186e-02   3.0068918e-02   3.2395785e-02   4.2357915e-02
   4.2357915e-02   3.0746111e-02   3.2395785e-02   4.2689308e-02
   4.2689308e-02   3.1242265e-02   3.2395785e-02   4.2925595e-02
   4.2925595e-02   3.1602593e-02   3.2395785e-02   4.3091938e-02
   4.3091938e-02   3.1861705e-02   3.2395785e-02   4.3207270e-02
   4.3207270e-02   3.2045935e-02   3.2395785e-02   4.3285744e-02
   4.3285744e-02   3.2175197e-02   3.2395785e-02   4.3337869e-02
   4.3337869e-02   3.2264455e-02   3.2395785e-02   4.3371386e-02
   4.3371386e-02   3.2324877e-02   3.2395785e-02   4.3391951e-02
   4.3391951e-02   3.2364739e-02   1.0000000e+00   4.3301789e-01
   4.3301789e-01   3.2390128e-02   1.0000000e+00   7.0685253e-01
   7.0685253e-01   1.1536932e-01   1.0000000e+00   8.8163371e-01
   8.8163371e-01   5.4115996e-01   1.0000000e+00   9.7610860e-01
   9.7610860e-01   7.1079173e-01   1.0000000e+00   1.0000000e+00
   1.0000000e+00   9.0020229e-01   1.0000000e+00   1.0000000e+00
   1.0000000e+00   9.4636980e-01   1.0000000e+00   1.0000000e+00
   1.0000000e+00   9.1522203e-01   1.0000000e+00   1.0000000e+00
   1.0000000e+00   9.2967683e-01   1.0000000e+00   1.0000000e+00
   1.0000000e+00   8.9598850e-01   1.0000000e+00   1.0000000e+00
   1.0000000e+00   9.0634344e-01   1.0000000e+00   1.0000000e+00
   1.0000000e+00   8.7037445e-01   1.0000000e+00   1.0000000e+00
   1.0000000e+00   8.7546718e-01   1.0000000e+00   1.0000000e+00
   1.0000000e+00   8.4007078e-01   1.0000000e+00   1.0000000e+00
   1.0000000e+00   8.4020137e-01   1.0000000e+00   1.0000000e+00
   1.0000000e+00   8.1521125e-01   1.0000000e+00   1.0000000e+00
   1.0000000e+00   8.1466387e-01   1.0000000e+00   1.0000000e+00
   1.0000000e+00   8.1042225e-01   1.0000000e+00   1.0000000e+00
   1.0000000e+00   8.1084997e-01   1.0000000e+00   1.0000000e+00
   1.0000000e+00   8.1152584e-01   1.0000000e+00   1.0000000e+00
   1.0000000e+00   8.1136321e-01   1.6800034e-01   7.9841061e-01
   7.9841061e-01   8.1124647e-01   1.6800034e-01   6.4626389e-01
   6.4626389e-01   7.7463536e-01   1.6800034e-01   5.2996804e-01
   5.2996804e-01   6.4747344e-01   1.6800034e-01   4.3889147e-01
   4.3889147e-01   5.6672290e-01   1.6800034e-01   3.6730636e-01
   3.6730636e-01   4.8407872e-01   1.6800034e-01   3.1256511e-01
   3.1256511e-01   3.9394684e-01   1.6800034e-01   2.7223544e-01
   2.7223544e-01   3.1818740e-01   1.6800034e-01   2.4357745e-01
   2.4357745e-01   2.6309063e-01   1.6800034e-01   2.2349016e-01
   2.2349016e-01   2.3148496e-01   1.6800034e-01   2.0961531e-01
   2.0961531e-01   2.0947373e-01   1.6800034e-01   2.0024124e-01
   2.0024124e-01   1.9355301e-01   1.6800034e-01   1.9411417e-01
   1.9411417e-01   1.8222100e-01   1.6800034e-01   1.9030598e-01
   1.9030598e-01   1.7439423e-01   1.6800034e-01   1.8812531e-01
   1.8812531e-01   1.6922578e-01   1.6800034e-01   1.8705802e-01
   1.8705802e-01   1.6602474e-01   1.6800034e-01   1.8672538e-01
   1.8672538e-01   1.6423360e-01   1.6800034e-01   1.8685282e-01
   1.8685282e-01   1.6341558e-01   1.6800034e-01   1.8724565e-01
   1.8724565e-01   1.6323909e-01   1.6800034e-01   1.8776970e-01
   1.8776970e-01   1.6345987e-01   1.6800034e-01   1.8833597e-01
   1.8833597e-01   1.6390359e-01   8.0729909e-01   3.8591275e-01
   3.8591275e-01   1.6445017e-01   8.0729909e-01   5.3177440e-01
   5.3177440e-01   2.6079853e-01   8.0729909e-01   6.3750154e-01
   6.3750154e-01   4.3270412e-01   8.0729909e-01   7.1516796e-01
   7.1516796e-01   5.2056654e-01   8.0729909e-01   7.7041213e-01
   7.7041213e-01   6.2336439e-01   8.0729909e-01   8.0749337e-01
   8.0749337e-01   7.0913883e-01   8.0729909e-01   8.3106563e-01
   8.3106563e-01   7.6085572e-01   8.0729909e-01   8.4493524e-01
   8.4493524e-01   7.9423152e-01   8.0729909e-01   8.5212141e-01
   8.5212141e-01   8.1399185e-01   8.0729909e-01   8.5492244e-01
   8.5492244e-01   8.2437754e-01   8.0729909e-01   8.5498289e-01
   8.5498289e-01   8.2917584e-01   8.0729909e-01   8.5343461e-01
   8.5343461e-01   8.3063931e-01   8.0729909e-01   8.5103634e-01
   8.5103634e-01   8.3010602e-01   8.0729909e-01   8.4828409e-01
   8.4828409e-01   8.2842044e-01   8.0729909e-01   8.4549250e-01
   8.4549250e-01   8.2612361e-01   8.0729909e-01   8.4285201e-01
   8.4285201e-01   8.2357412e-01   8.0729909e-01   8.4046846e-01
   8.4046846e-01   8.2101032e-01   8.0729909e-01   8.3839064e-01
   8.3839064e-01   8.1858726e-01   8.0729909e-01   8.3662958e-01
   8.3662958e-01   8.1639783e-01   1.4151757e-01   6.2998642e-01
   6.2998642e-01   8.1448827e-01   1.4151757e-01   4.7804748e-01
   4.7804748e-01   7.0400532e-01   1.4151757e-01   3.6733389e-01
   3.6733389e-01   5.4029939e-01   1.4151757e-01   2.8694618e-01
   2.8694618e-01   4.2787583e-01   1.4151757e-01   2.3096731e-01
   2.3096731e-01   3.1417403e-01   1.4151757e-01   1.9423673e-01
   1.9423673e-01   2.2853059e-01   1.4151757e-01   1.7089142e-01
   1.7089142e-01   1.8746217e-01   1.4151757e-01   1.5675998e-01
   1.5675998e-01   1.6029393e-01   1.4151757e-01   1.4893732e-01
   1.4893732e-01   1.4208950e-01   1.4151757e-01   1.4535290e-01
   1.4535290e-01   1.3082620e-01   1.4151757e-01   1.4451990e-01
   1.4451990e-01   1.2467362e-01   1.4151757e-01   1.4538061e-01
   1.4538061e-01   1.2204437e-01   1.4151757e-01   1.4719704e-01
   1.4719704e-01   1.2170806e-01   1.4151757e-01   1.4946766e-01
   1.4946766e-01   1.2277420e-01   1.4151757e-01   1.5186334e-01
   1.5186334e-01   1.2462062e-01   1.4151757e-01   1.5417861e-01
   1.5417861e-01   1.2682387e-01   1.4151757e-01   1.5629503e-01
   1.5629503e-01   1.2910464e-01   1.4151757e-01   1.5815402e-01
   1.5815402e-01   1.3128753e-01   1.4151757e-01   1.5973678e-01
   1.5973678e-01   1.3327116e-01   1.4151757e-01   1.6104984e-01
   1.6104984e-01   1.3500602e-01   2.3398426e-01   1.9061175e-01
   1.9061175e-01   1.3647767e-01   2.3398426e-01   2.1273046e-01
   2.1273046e-01   1.4786892e-01   2.3398426e-01   2.2893378e-01
   2.2893378e-01   1.7466116e-01   2.3398426e-01   2.4041168e-01
   2.4041168e-01   1.9631198e-01   2.3398426e-01   2.4824936e-01
   2.4824936e-01   2.1162071e-01   2.3398426e-01   2.5339792e-01
   2.5339792e-01   2.2171496e-01   2.3398426e-01   2.5662578e-01
   2.5662578e-01   2.2820057e-01   2.3398426e-01   2.5852072e-01
   2.5852072e-01   2.3225799e-01   2.3398426e-01   2.5951693e-01
   2.5951693e-01   2.3468640e-01   2.3398426e-01   2.5992695e-01
   2.5992695e-01   2.3603122e-01   2.3398426e-01   2.5997089e-01
   2.5997089e-01   2.3666877e-01   2.3398426e-01   2.5980032e-01
   2.5980032e-01   2.3685872e-01   2.3398426e-01   2.5951700e-01
   2.5951700e-01   2.3677866e-01   2.3398426e-01   2.5918721e-01
   2.5918721e-01   2.3654820e-01   2.3398426e-01   2.5885229e-01
   2.5885229e-01   2.3624602e-01   2.3398426e-01   2.5853649e-01
   2.5853649e-01   2.3592223e-01   2.3398426e-01   2.5825257e-01
   2.5825257e-01   2.3560720e-01   2.3398426e-01   2.5800580e-01
   2.5800580e-01   2.3531795e-01   2.3398426e-01   2.5779681e-01
   2.5779681e-01   2.3506264e-01   2.3398426e-01   2.5762344e-01
   2.5762344e-01   2.3484377e-01   2.3398426e-01   2.5748214e-01
   2.6477758e-01   0.0000000e+00   8.5816965e-01   4.6550302e-01
   4.6550302e-01   4.8274999e-02   8.5816965e-01   6.1510067e-01
   6.1510067e-01   2.8212979e-01   8.5816965e-01   7.2173259e-01
   7.2173259e-01   5.0059133e-01   8.5816965e-01   7.9765457e-01
   7.9765457e-01   6.0453550e-01   8.5816965e-01   8.4847914e-01
   8.4847914e-01   7.2527705e-01   8.5816965e-01   8.8071480e-01
   8.8071480e-01   7.9559231e-01   8.5816965e-01   8.9965592e-01
   8.9965592e-01   8.4068187e-01   8.5816965e-01   9.0980266e-01
   9.0980266e-01   8.6239684e-01   8.5816965e-01   9.1444799e-01
   9.1444799e-01   8.7209668e-01   8.5816965e-01   9.1576976e-01
   9.1576976e-01   8.7642430e-01   8.5816965e-01   9.1523788e-01
   9.1523788e-01   8.7676329e-01   8.5816965e-01   9.1375791e-01
   9.1375791e-01   8.7568673e-01   8.5816965e-01   9.1190572e-01
   9.1190572e-01   8.7347315e-01   8.5816965e-01   9.0999284e-01
   9.0999284e-01   8.7134284e-01   8.5816965e-01   9.0819243e-01
   9.0819243e-01   8.6918994e-01   8.5816965e-01   9.0656643e-01
   9.0656643e-01   8.6753036e-01   8.5816965e-01   9.0513091e-01
   9.0513091e-01   8.6613683e-01   8.5816965e-01   9.0386560e-01
   9.0386560e-01   8.6517358e-01   8.5816965e-01   9.0274417e-01
   9.0274417e-01   8.6443371e-01   1.0000000e+00   9.7172682e-01
   9.7172682e-01   8.6394969e-01   1.0000000e+00   1.0000000e+00
   1.0000000e+00   8.9646662e-01   1.0000000e+00   1.0000000e+00
   1.0000000e+00   9.4999813e-01   1.0000000e+00   1.0000000e+00
   1.0000000e+00   9.1774132e-01   1.0000000e+00   1.0000000e+00
   1.0000000e+00   9.3449932e-01   1.0000000e+00   1.0000000e+00
   1.0000000e+00   8.9979011e-01   1.0000000e+00   1.0000000e+00
   1.0000000e+00   9.1267908e-01   1.0000000e+00   1.0000000e+00
   1.0000000e+00   8.7559468e-01   1.0000000e+00   1.0000000e+00
   1.0000000e+00   8.8331774e-01   1.0000000e+00   1.0000000e+00
   1.0000000e+00   8.4597597e-01   1.0000000e+00   1.0000000e+00
   1.0000000e+00   8.4815297e-01   1.0000000e+00   1.0000000e+00
   1.0000000e+00   8.1878182e-01   1.0000000e+00   1.0000000e+00
   1.0000000e+00   8.1852607e-01   1.0000000e+00   1.0000000e+00
   1.0000000e+00   8.0998489e-01   1.0000000e+00   1.0000000e+00
   1.0000000e+00   8.1058512e-01   1.0000000e+00   1.0000000e+00
   1.0000000e+00   8.1165267e-01   1.0000000e+00   1.0000000e+00
   1.0000000e+00   8.1140497e-01   1.0000000e+00   1.0000000e+00
   1.0000000e+00   8.1121828e-01   1.0000000e+00   1.0000000e+00
   1.0000000e+00   8.1128459e-01   1.0000000e+00   1.0000000e+00
   1.0000000e+00   8.1131423e-01   4.0192836e-01   8.7184980e-01
   8.7184980e-01   8.1129810e-01   4.0192836e-01   7.7431227e-01
   7.7431227e-01   7.9963722e-01   4.0192836e-01   6.9797421e-01
   6.9797421e-01   7.3562904e-01   4.0192836e-01   6.3558645e-01
   6.3558645e-01   7.0208259e-01   4.0192836e-01   5.8529292e-01
   5.8529292e-01   6.3700060e-01   4.0192836e-01   5.4504798e-01
   5.4504798e-01   5.8701961e-01   4.0192836e-01   5.1294095e-01
   5.1294095e-01   5.4860670e-01   4.0192836e-01   4.8795229e-01
   4.8795229e-01   5.0970843e-01   4.0192836e-01   4.6904148e-01
   4.6904148e-01   4.7787800e-01   4.0192836e-01   4.5515857e-01
   4.5515857e-01   4.5308417e-01   4.0192836e-01   4.4531397e-01
   4.4531397e-01   4.3435923e-01   4.0192836e-01   4.3862101e-01
   4.3862101e-01   4.2067547e-01   4.0192836e-01   4.3431593e-01
   4.3431593e-01   4.1105506e-01   4.0192836e-01   4.3176355e-01
   4.3176355e-01   4.0460026e-01   4.0192836e-01   4.3045296e-01
   4.3045296e-01   4.0052173e-01   4.0192836e-01   4.2998629e-01
   4.2998629e-01   3.9816167e-01   4.0192836e-01   4.3006329e-01
   4.3006329e-01   3.9699867e-01   4.0192836e-01   4.3046435e-01
   4.3046435e-01   3.9663560e-01   4.0192836e-01   4.3103418e-01
   4.3103418e-01   3.9677926e-01   4.0192836e-01   4.3166717e-01
   4.3166717e-01   3.9721900e-01   0.0000000e+00   3.0842548e-01
   3.0842548e-01   3.9780785e-01   0.0000000e+00   2.1610244e-01
   2.1610244e-01   3.6092313e-01   0.0000000e+00   1.4969012e-01
   1.4969012e-01   2.3058502e-01   0.0000000e+00   1.0263036e-01
   1.0263036e-01   1.5562005e-01   0.0000000e+00   6.9458003e-02
   6.9458003e-02   1.0821680e-01   0.0000000e+00   4.6269482e-02
   4.6269482e-02   7.3894414e-02   0.0000000e+00   3.0273239e-02
   3.0273239e-02   4.8770250e-02   0.0000000e+00   1.9423045e-02
   1.9423045e-02   3.0970648e-02   0.0000000e+00   1.2222672e-02
   1.2222672e-02   1.8673304e-02   0.0000000e+00   7.5637365e-03
   7.5637365e-03   1.0356418e-02   0.0000000e+00   4.6473431e-03
   4.6473431e-03   4.8633717e-03   0.0000000e+00   2.9085650e-03
   2.9085650e-03   1.3324200e-03   0.0000000e+00   1.9637262e-03
   1.9637262e-03   0.0000000e+00   0.0000000e+00   1.5801795e-03
   1.5801795e-03   0.0000000e+00   0.0000000e+00   1.5502640e-03
   1.5502640e-03   0.0000000e+00   0.0000000e+00   2.1535977e-03
   2.1535977e-03   0.0000000e+00   0.0000000e+00   2.7884354e-03
   2.7884354e-03   0.0000000e+00   0.0000000e+00   3.3036703e-03
   3.3036703e-03   0.0000000e+00   0.0000000e+00   3.7074490e-03
   3.7074490e-03   0.0000000e+00   0.0000000e+00   4.0232578e-03
   4.0232578e-03   0.0000000e+00   0.0000000e+00   4.2703853e-03
   4.2703853e-03   0.0000000e+00   0.0000000e+00   4.4638002e-03
   4.4638002e-03   0.0000000e+00   0.0000000e+00   4.6151802e-03
   4.6151802e-03   0.0000000e+00   0.0000000e+00   4.7336605e-03
   4.7336605e-03   0.0000000e+00   0.0000000e+00   4.8263911e-03
   4.8263911e-03   0.0000000e+00   0.0000000e+00   4.8989681e-03
   4.8989681e-03   0.0000000e+00   0.0000000e+00   4.9557716e-03
   4.9557716e-03   0.0000000e+00   0.0000000e+00   5.0002296e-03
   5.0002296e-03   0.0000000e+00   0.0000000e+00   5.0350253e-03
   5.0350253e-03   0.0000000e+00   0.0000000e+00   5.0622586e-03
   5.0622586e-03   0.0000000e+00   0.0000000e+00   5.0835731e-03
   5.0835731e-03   0.0000000e+00   0.0000000e+00   5.1002552e-03
   5.1002552e-03   0.0000000e+00   0.0000000e+00   5.1133116e-03
   5.1133116e-03   0.0000000e+00   0.0000000e+00   5.1235304e-03
   5.1235304e-03   0.0000000e+00   0.0000000e+00   5.1315283e-03
   5.1315283e-03   0.0000000e+00   0.0000000e+00   5.1377879e-03
   5.1377879e-03   0.0000000e+00   0.0000000e+00   5.1426870e-03
   5.1426870e-03   0.0000000e+00   0.0000000e+00   5.1465214e-03
   5.1465214e-03   0.0000000e+00   0.0000000e+00   5.1495224e-03
   5.1495224e-03   0.0000000e+00   1.0000000e+00   4.7436030e-01
   4.7436030e-01   0.0000000e+00   1.0000000e+00   7.8363508e-01
   7.8363508e-01   9.4393129e-02   1.0000000e+00   9.5293032e-01
   9.5293032e-01   5.9347265e-01   1.0000000e+00   1.0000000e+00
   1.0000000e+00   7.9258880e-01   1.0000000e+00   1.0000000e+00
   1.0000000e+00   9.5011986e-01   1.0000000e+00   1.0000000e+00
   1.0000000e+00   8.6460067e-01   1.0000000e+00   1.0000000e+00
   1.0000000e+00   9.2428671e-01   1.0000000e+00   1.0000000e+00
   1.0000000e+00   8.4153463e-01   1.0000000e+00   1.0000000e+00
   1.0000000e+00   8.9030391e-01   1.0000000e+00   1.0000000e+00
   1.0000000e+00   8.1917059e-01   1.0000000e+00   1.0000000e+00
   1.0000000e+00   8.5125514e-01   1.0000000e+00   1.0000000e+00
   1.0000000e+00   8.0867587e-01   1.0000000e+00   1.0000000e+00
   1.0000000e+00   8.1983409e-01   1.0000000e+00   1.0000000e+00
   1.0000000e+00   8.1096846e-01   1.0000000e+00   1.0000000e+00
   1.0000000e+00   8.1048822e-01   1.0000000e+00   1.0000000e+00
   1.0000000e+00   8.1144850e-01   1.0000000e+00   1.0000000e+00
   1.0000000e+00   8.1144731e-01   1.0000000e+00   1.0000000e+00
   1.0000000e+00   8.1125259e-01   1.0000000e+00   1.0000000e+00
   1.0000000e+00   8.1127288e-01   1.0000000e+00   1.0000000e+00
   1.0000000e+00   8.1130868e-01   1.0000000e+00   1.0000000e+00
   2.5070220e-01   0.0000000e+00   8.1249828e-01   4.4077090e-01
   4.4077090e-01   4.5455363e-02   8.1249828e-01   5.8261232e-01
   5.8261232e-01   2.6429491e-01   8.1249828e-01   6.8327188e-01
   6.8327188e-01   4.8000861e-01   8.1249828e-01   7.5511753e-01
   7.5511753e-01   5.7047271e-01   8.1249828e-01   8.0377911e-01
   8.0377911e-01   6.7839062e-01   8.1249828e-01   8.3485874e-01
   8.3485874e-01   7.4939853e-01   8.1249828e-01   8.5326058e-01
   8.5326058e-01   7.9357194e-01   8.1249828e-01   8.6288819e-01
   8.6288819e-01   8.2000281e-01   8.1249828e-01   8.6677417e-01
   8.6677417e-01   8.3341149e-01   8.1249828e-01   8.6708938e-01
   8.6708938e-01   8.3943477e-01   8.1249828e-01   8.6530957e-01
   8.6530957e-01   8.4132620e-01   8.1249828e-01   8.6241270e-01
   8.6241270e-01   8.4078109e-01   8.1249828e-01   8.5902925e-01
   8.5902925e-01   8.3888180e-01   8.1249828e-01   8.5555596e-01
   8.5555596e-01   8.3625211e-01   8.1249828e-01   8.5223322e-01
   8.5223322e-01   8.3330006e-01   8.1249828e-01   8.4919798e-01
   8.4919798e-01   8.3028112e-01   8.1249828e-01   8.4651829e-01
   8.4651829e-01   8.2737114e-01   8.1249828e-01   8.4421653e-01
   8.4421653e-01   8.2468392e-01   8.1249828e-01   8.4228526e-01
   8.4228526e-01   8.2228867e-01   8.1249828e-01   8.4069844e-01
   8.4069844e-01   8.2021694e-01   8.1249828e-01   8.3941960e-01
   8.3941960e-01   8.1847178e-01   8.1249828e-01   8.3840772e-01
   8.3840772e-01   8.1703583e-01   8.1249828e-01   8.3762125e-01
   8.3762125e-01   8.1587925e-01   8.1249828e-01   8.3702083e-01
   8.3702083e-01   8.1496596e-01   8.1249828e-01   8.3657084e-01
   8.3657084e-01   8.1425833e-01   8.1249828e-01   8.3624018e-01
   8.3624018e-01   8.1372023e-01   8.1249828e-01   8.3600244e-01
   8.3600244e-01   8.1331884e-01   8.1249828e-01   8.3583576e-01
   8.3583576e-01   8.1302549e-01   8.1249828e-01   8.3572243e-01
   8.3572243e-01   8.1281593e-01   9.1727173e-01   8.6793829e-01
   8.6793829e-01   8.1267014e-01   9.1727173e-01   8.9163175e-01
   8.9163175e-01   8.2949020e-01   9.1727173e-01   9.0867982e-01
   9.0867982e-01   8.5828321e-01   9.1727173e-01   9.2118125e-01
   9.2118125e-01   8.7136135e-01   9.1727173e-01   9.3034699e-01
   9.3034699e-01   8.8362936e-01   9.1727173e-01   9.3733790e-01
   9.3733790e-01   8.8860940e-01   9.1727173e-01   9.4277786e-01
   9.4277786e-01   8.9381888e-01   9.1727173e-01   9.4731378e-01
   9.4731378e-01   8.9455284e-01   9.1727173e-01   9.5125027e-01
   9.5125027e-01   8.9605043e-01   9.1727173e-01   9.5496759e-01
   9.5496759e-01   8.9441218e-01   9.1727173e-01   9.5861615e-01
   9.5861615e-01   8.9364514e-01   9.1727173e-01   9.6244259e-01
   9.6244259e-01   8.9046140e-01   9.1727173e-01   9.6653248e-01
   9.6653248e-01   8.8801920e-01   9.1727173e-01   9.7106901e-01
   9.7106901e-01   8.8356966e-01   9.1727173e-01   9.7612045e-01
   9.7612045e-01   8.7960128e-01   9.1727173e-01   9.8184439e-01
   9.8184439e-01   8.7386268e-01   9.1727173e-01   9.8819612e-01
   9.8819612e-01   8.6827141e-01   9.1727173e-01   9.9426103e-01
   9.9426103e-01   8.6099779e-01   9.1727173e-01   9.9867986e-01
   9.9867986e-01   8.5300479e-01   9.1727173e-01   1.0000000e+00
   1.0000000e+00   8.4216806e-01   9.1727173e-01   1.0000000e+00
   1.0000000e+00   8.2978159e-01   9.1727173e-01   1.0000000e+00
   1.0000000e+00   8.1756928e-01   9.1727173e-01   1.0000000e+00
   1.0000000e+00   8.1132643e-01   9.1727173e-01   1.0000000e+00
   1.0000000e+00   8.1052307e-01   9.1727173e-01   1.0000000e+00
   1.0000000e+00   8.1137233e-01   9.1727173e-01   1.0000000e+00
   1.0000000e+00   8.1144798e-01   9.1727173e-01   1.0000000e+00
   1.0000000e+00   8.1126718e-01   9.1727173e-01   1.0000000e+00
   1.0000000e+00   8.1127124e-01   9.1727173e-01   1.0000000e+00
   1.0000000e+00   8.1130598e-01   9.1727173e-01   1.0000000e+00
   1.0000000e+00   8.1130158e-01   5.1914044e-01   9.0837376e-01
   9.0837376e-01   8.1129523e-01   5.1914044e-01   8.3841664e-01
   8.3841664e-01   8.0672560e-01   5.1914044e-01   7.8296269e-01
   7.8296269e-01   7.6883820e-01   5.1914044e-01   7.3553317e-01
   7.3553317e-01   7.6831019e-01   5.1914044e-01   6.9507833e-01
   6.9507833e-01   7.3061015e-01   5.1914044e-01   6.6135215e-01
   6.6135215e-01   6.8800716e-01   5.1914044e-01   6.3394680e-01
   6.3394680e-01   6.4942324e-01   5.1914044e-01   6.1211595e-01
   6.1211595e-01   6.1853783e-01   5.1914044e-01   5.9483896e-01
   5.9483896e-01   5.9664821e-01   5.1914044e-01   5.8127003e-01
   5.8127003e-01   5.7894353e-01   5.1914044e-01   5.7080977e-01
   5.7080977e-01   5.6320921e-01   5.1914044e-01   5.6294330e-01
   5.6294330e-01   5.5020100e-01   5.1914044e-01   5.5719652e-01
   5.5719652e-01   5.4000405e-01   5.1914044e-01   5.5313928e-01
   5.5313928e-01   5.3230095e-01   5.1914044e-01   5.5039389e-01
   5.5039389e-01   5.2667520e-01   5.1914044e-01   5.4863950e-01
   5.4863950e-01   5.2271432e-01   5.1914044e-01   5.4761172e-01
   5.4761172e-01   5.2004686e-01   5.1914044e-01   5.4709882e-01
   5.4709882e-01   5.1835497e-01   5.1914044e-01   5.4693584e-01
   5.4693584e-01   5.1737643e-01   5.1914044e-01   5.4699779e-01
   5.4699779e-01   5.1690146e-01   5.1914044e-01   5.4719274e-01
   5.4719274e-01   5.1676694e-01   5.1914044e-01   5.4745536e-01
   5.4745536e-01   5.1684961e-01   5.1914044e-01   5.4774104e-01
   5.4774104e-01   5.1705914e-01   5.1914044e-01   5.4802098e-01
   5.4802098e-01   5.1733156e-01   5.1914044e-01   5.4827797e-01
   5.4827797e-01   5.1762345e-01   5.1914044e-01   5.4850311e-01
   5.4850311e-01   5.1790697e-01   5.1914044e-01   5.4869317e-01
   5.4869317e-01   5.1816568e-01   5.1914044e-01   5.4884863e-01
   5.4884863e-01   5.1839128e-01   5.1914044e-01   5.4897217e-01
   5.4897217e-01   5.1858101e-01   1.0000000e+00   8.1511027e-01
   8.1511027e-01   5.1873567e-01   1.0000000e+00   9.6157310e-01
   9.6157310e-01   6.2127866e-01   1.0000000e+00   1.0000000e+00
   1.0000000e+00   8.6027993e-01   1.0000000e+00   1.0000000e+00
   1.0000000e+00   9.5765299e-01   1.0000000e+00   1.0000000e+00
   1.0000000e+00   8.9464698e-01   1.0000000e+00   1.0000000e+00
   1.0000000e+00   9.3908730e-01   1.0000000e+00   1.0000000e+00
   1.0000000e+00   8.7461682e-01   1.0000000e+00   1.0000000e+00
   1.0000000e+00   9.1326033e-01   1.0000000e+00   1.0000000e+00
   1.0000000e+00   8.4944639e-01   1.0000000e+00   1.0000000e+00
   1.0000000e+00   8.7947234e-01   1.0000000e+00   1.0000000e+00
   1.0000000e+00   8.2351924e-01   1.0000000e+00   1.0000000e+00
   1.0000000e+00   8.4180968e-01   1.0000000e+00   1.0000000e+00
   1.0000000e+00   8.0955198e-01   1.0000000e+00   1.0000000e+00
   1.0000000e+00   8.1526703e-01   1.0000000e+00   1.0000000e+00
   1.0000000e+00   8.1124656e-01   1.0000000e+00   1.0000000e+00
   1.0000000e+00   8.1070838e-01   1.0000000e+00   1.0000000e+00
   1.0000000e+00   8.1136879e-01   1.0000000e+00   1.0000000e+00
   1.0000000e+00   8.1140916e-01   1.0000000e+00   1.0000000e+00
   1.0000000e+00   8.1127187e-01   1.0000000e+00   1.0000000e+00
   1.0000000e+00   8.1127824e-01   1.0000000e+00   1.0000000e+00
   1.0000000e+00   8.1130433e-01   1.0000000e+00   1.0000000e+00
   1.0000000e+00   8.1130037e-01   1.0000000e+00   1.0000000e+00
   1.0000000e+00   8.1129567e-01   1.0000000e+00   1.0000000e+00
   1.0000000e+00   8.1129694e-01   1.0000000e+00   1.0000000e+00
   1.0000000e+00   8.1129772e-01   1.0000000e+00   1.0000000e+00
   1.0000000e+00   8.1129740e-01   1.0000000e+00   1.0000000e+00
   1.0000000e+00   8.1129728e-01   1.0000000e+00   1.0000000e+00
   1.0000000e+00   8.1129735e-01   1.0000000e+00   1.0000000e+00
   1.0000000e+00   8.1129737e-01   1.0000000e+00   1.0000000e+00
   1.0000000e+00   8.1129735e-01   1.0000000e+00   1.0000000e+00
   2.2328841e-01   0.0000000e+00   7.2354681e-01   3.9260061e-01
   3.9260061e-01   3.9977980e-02   7.2354681e-01   5.1922375e-01
   5.1922375e-01   2.3120279e-01   7.2354681e-01   6.0857336e-01
   6.0857336e-01   4.3425800e-01   7.2354681e-01   6.7259954e-01
   6.7259954e-01   5.0498145e-01   7.2354681e-01   7.1689731e-01
   7.1689731e-01   5.9027539e-01   7.2354681e-01   7.4580607e-01
   7.4580607e-01   6.5701149e-01   7.2354681e-01   7.6330340e-01
   7.6330340e-01   7.0032209e-01   7.2354681e-01   7.7275840e-01
   7.7275840e-01   7.2624620e-01   7.2354681e-01   7.7676708e-01
   7.7676708e-01   7.4124616e-01   7.2354681e-01   7.7726378e-01
   7.7726378e-01   7.4880230e-01   7.2354681e-01   7.7564526e-01
   7.7564526e-01   7.5146972e-01   7.2354681e-01   7.7288840e-01
   7.7288840e-01   7.5107469e-01   7.2354681e-01   7.6965197e-01
   7.6965197e-01   7.4889851e-01   7.2354681e-01   7.6636010e-01
   7.6636010e-01   7.4581856e-01   7.2354681e-01   7.6326811e-01
   7.6326811e-01   7.4241797e-01   7.2354681e-01   7.6051335e-01
   7.6051335e-01   7.3906619e-01   7.2354681e-01   7.5815348e-01
   7.5815348e-01   7.3597982e-01   7.2354681e-01   7.5619482e-01
   7.5619482e-01   7.3326902e-01   7.2354681e-01   7.5461274e-01
   7.5461274e-01   7.3097280e-01   3.7341890e-01   6.4546074e-01
   6.4546074e-01   7.2908505e-01   3.7341890e-01   5.6518784e-01
   5.6518784e-01   6.7077666e-01   3.7341890e-01   5.0689553e-01
   5.0689553e-01   5.8114916e-01   3.7341890e-01   4.6448864e-01
   4.6448864e-01   5.2539473e-01   3.7341890e-01   4.3465085e-01
   4.3465085e-01   4.6903500e-01   3.7341890e-01   4.1456690e-01
   4.1456690e-01   4.2726380e-01   3.7341890e-01   4.0184951e-01
   4.0184951e-01   3.9783825e-01   3.7341890e-01   3.9451248e-01
   3.9451248e-01   3.7831868e-01   3.7341890e-01   3.9093716e-01
   3.9093716e-01   3.6654069e-01   3.7341890e-01   3.8985751e-01
   3.8985751e-01   3.6028899e-01   3.7341890e-01   3.9033375e-01
   3.9033375e-01   3.5761439e-01   3.7341890e-01   3.9170070e-01
   3.9170070e-01   3.5711755e-01   3.7341890e-01   3.9350604e-01
   3.9350604e-01   3.5788812e-01   3.7341890e-01   3.9545413e-01
   3.9545413e-01   3.5934502e-01   3.7341890e-01   3.9736082e-01
   3.9736082e-01   3.6111647e-01   3.7341890e-01   3.9911936e-01
   3.9911936e-01   3.6296637e-01   3.7341890e-01   4.0067549e-01
   4.0067549e-01   3.6474904e-01   3.7341890e-01   4.0200959e-01
   4.0200959e-01   3.6638023e-01   3.7341890e-01   4.0312401e-01
   4.0312401e-01   3.6781750e-01   3.7341890e-01   4.0403413e-01
   4.0403413e-01   3.6904656e-01   6.6059167e-01   4.9326553e-01
   4.9326553e-01   3.7007131e-01   6.6059167e-01   5.6058535e-01
   5.6058535e-01   3.9245951e-01   6.6059167e-01   6.1034587e-01
   6.1034587e-01   4.7347677e-01   6.6059167e-01   6.4602619e-01
   6.4602619e-01   5.3853038e-01   6.6059167e-01   6.7062909e-01
   6.7062909e-01   5.8755080e-01   6.6059167e-01   6.8673415e-01
   6.8673415e-01   6.2291222e-01   6.6059167e-01   6.9657858e-01
   6.9657858e-01   6.4622651e-01   6.6059167e-01   7.0199903e-01
   7.0199903e-01   6.6062231e-01   6.6059167e-01   7.0441012e-01
   7.0441012e-01   6.6907159e-01   6.6059167e-01   7.0486609e-01
   7.0486609e-01   6.7346189e-01   6.6059167e-01   7.0413076e-01
   7.0413076e-01   6.7514974e-01   6.6059167e-01   7.0274134e-01
   7.0274134e-01   6.7511873e-01   6.6059167e-01   7.0106256e-01
   7.0106256e-01   6.7407202e-01   6.6059167e-01   6.9933105e-01
   6.9933105e-01   6.7249813e-01   6.6059167e-01   6.9769072e-01
   6.9769072e-01   6.7072385e-01   6.6059167e-01   6.9622034e-01
   6.9622034e-01   6.6895687e-01   6.6059167e-01   6.9495453e-01
   6.9495453e-01   6.6731955e-01   6.6059167e-01   6.9389928e-01
   6.9389928e-01   6.6587500e-01   6.6059167e-01   6.9304325e-01
   6.9304325e-01   6.6464681e-01   6.6059167e-01   6.9236560e-01
   6.9236560e-01   6.6363353e-01   9.9762299e-02   5.1900043e-01
   5.1900043e-01   6.6281904e-01   9.9762299e-02   3.8853042e-01
   3.8853042e-01   6.1593112e-01   9.9762299e-02   2.9177190e-01
   2.9177190e-01   4.6711766e-01   9.9762299e-02   2.2241273e-01
   2.2241273e-01   3.3680433e-01   9.9762299e-02   1.7566664e-01
   1.7566664e-01   2.2581408e-01   9.9762299e-02   1.4493203e-01
   1.4493203e-01   1.7334078e-01   9.9762299e-02   1.2533427e-01
   1.2533427e-01   1.3914225e-01   9.9762299e-02   1.1346877e-01
   1.1346877e-01   1.1556204e-01   9.9762299e-02   1.0689587e-01
   1.0689587e-01   1.0031013e-01   9.9762299e-02   1.0385657e-01
   1.0385657e-01   9.1185301e-02   9.9762299e-02   1.0309558e-01
   1.0309558e-01   8.6286839e-02   9.9762299e-02   1.0373188e-01
   1.0373188e-01   8.4186117e-02   9.9762299e-02   1.0515941e-01
   1.0515941e-01   8.3867916e-02   9.9762299e-02   1.0697129e-01
   1.0697129e-01   8.4627391e-02   9.9762299e-02   1.0890298e-01
   1.0890298e-01   8.5983878e-02   9.9762299e-02   1.1079000e-01
   1.1079000e-01   8.7616696e-02   9.9762299e-02   1.1253712e-01
   1.1253712e-01   8.9318364e-02   9.9762299e-02   1.1409588e-01
   1.1409588e-01   9.0960665e-02   9.9762299e-02   1.1544862e-01
   1.1544862e-01   9.2470128e-02   1.7101816e-02   9.1122068e-02
   9.1122068e-02   9.3810359e-02   1.7101816e-02   7.2866179e-02
   7.2866179e-02   8.8768606e-02   1.7101816e-02   5.9309960e-02
   5.9309960e-02   6.8760129e-02   1.7101816e-02   4.9327644e-02
   4.9327644e-02   5.4220698e-02   1.7101816e-02   4.2036998e-02
   4.2036998e-02   4.3549755e-02   1.7101816e-02   3.6759998e-02
   3.6759998e-02   3.5713295e-02   1.7101816e-02   3.2979129e-02
   3.2979129e-02   3.0002559e-02   1.7101816e-02   3.0301778e-02
   3.0301778e-02   2.5879074e-02   1.7101816e-02   2.8431925e-02
   2.8431925e-02   2.2932643e-02   1.7101816e-02   2.7147804e-02
   2.7147804e-02   2.0852663e-02   1.7101816e-02   2.6284387e-02
   2.6284387e-02   1.9405379e-02   1.7101816e-02   2.5719748e-02
   2.5719748e-02   1.8415982e-02   1.7101816e-02   2.5364497e-02
   2.5364497e-02   1.7754623e-02   1.7101816e-02   2.5153656e-02
   2.5153656e-02   1.7325542e-02   1.7101816e-02   2.5040444e-02
   2.5040444e-02   1.7058675e-02   1.7101816e-02   2.4991543e-02
   2.4991543e-02   1.6903202e-02   1.7101816e-02   2.4983526e-02
   2.4983526e-02   1.6822623e-02   1.7101816e-02   2.5000170e-02
   2.5000170e-02   1.6791020e-02   1.7101816e-02   2.5030452e-02
   2.5030452e-02   1.6790226e-02   1.7101816e-02   2.5067061e-02
   2.5067061e-02   1.6807715e-02   0.0000000e+00   1.9834727e-02
   1.9834727e-02   1.6835017e-02   0.0000000e+00   1.5880325e-02
   1.5880325e-02   1.5824755e-02   0.0000000e+00   1.2920357e-02
   1.2920357e-02   1.1537367e-02   0.0000000e+00   1.0721497e-02
   1.0721497e-02   8.3888269e-03   0.0000000e+00   9.0998233e-03
   9.0998233e-03   6.0578694e-03   0.0000000e+00   7.9131455e-03
   7.9131455e-03   4.3302116e-03   0.0000000e+00   7.0522613e-03
   7.0522613e-03   3.0582902e-03   0.0000000e+00   6.4337776e-03
   6.4337776e-03   2.1293570e-03   0.0000000e+00   5.9943790e-03
   5.9943790e-03   1.4569244e-03   0.0000000e+00   5.6862786e-03
   5.6862786e-03   9.7502916e-04   0.0000000e+00   5.4736322e-03
   5.4736322e-03   6.3365772e-04   0.0000000e+00   5.3297279e-03
   5.3297279e-03   3.9511657e-04   0.0000000e+00   5.2347974e-03
   5.2347974e-03   2.3117463e-04   0.0000000e+00   5.1743202e-03
   5.1743202e-03   1.2082695e-04   0.0000000e+00   5.1377177e-03
   5.1377177e-03   4.8555044e-05   0.0000000e+00   5.1173543e-03
   5.1173543e-03   2.9813112e-06   0.0000000e+00   5.1077752e-03
   5.1077752e-03   0.0000000e+00   0.0000000e+00   5.1050269e-03
   5.1050269e-03   0.0000000e+00   0.0000000e+00   5.1097449e-03
   5.1097449e-03   0.0000000e+00   0.0000000e+00   5.1196776e-03
   5.1196776e-03   0.0000000e+00   0.0000000e+00   5.1284474e-03
   4.7579103e-01   0.0000000e+00   1.0000000e+00   7.8816080e-01
   7.8816080e-01   9.1324716e-02   1.0000000e+00   9.5706719e-01
   9.5706719e-01   5.9467042e-01   1.0000000e+00   1.0000000e+00
   1.0000000e+00   7.9747658e-01   1.0000000e+00   1.0000000e+00
   1.0000000e+00   9.5222802e-01   1.0000000e+00   1.0000000e+00
   1.0000000e+00   8.6017753e-01   1.0000000e+00   1.0000000e+00
   1.0000000e+00   9.2592177e-01   1.0000000e+00   1.0000000e+00
   1.0000000e+00   8.3773898e-01   1.0000000e+00   1.0000000e+00
   1.0000000e+00   8.9147156e-01   1.0000000e+00   1.0000000e+00
   1.0000000e+00   8.1694759e-01   1.0000000e+00   1.0000000e+00
   1.0000000e+00   8.5208125e-01   1.0000000e+00   1.0000000e+00
   1.0000000e+00   8.0840397e-01   1.0000000e+00   1.0000000e+00
   1.0000000e+00   8.2028566e-01   1.0000000e+00   1.0000000e+00
   1.0000000e+00   8.1098367e-01   1.0000000e+00   1.0000000e+00
   1.0000000e+00   8.1048815e-01   1.0000000e+00   1.0000000e+00
   1.0000000e+00   8.1144537e-01   1.0000000e+00   1.0000000e+00
   1.0000000e+00   8.1144766e-01   1.0000000e+00   1.0000000e+00
   1.0000000e+00   8.1125315e-01   1.0000000e+00   1.0000000e+00
   1.0000000e+00   8.1127275e-01   1.0000000e+00   1.0000000e+00
   1.0000000e+00   8.1130858e-01   1.0000000e+00   1.0000000e+00
   1.0000000e+00   8.1130101e-01   1.0000000e+00   1.0000000e+00
   1.0000000e+00   8.1129478e-01   1.0000000e+00   1.0000000e+00
   1.0000000e+00   8.1129690e-01   1.0000000e+00   1.0000000e+00
   1.0000000e+00   8.1129790e-01   1.0000000e+00   1.0000000e+00
   1.0000000e+00   8.1129738e-01   1.0000000e+00   1.0000000e+00
   1.0000000e+00   8.1129724e-01   1.0000000e+00   1.0000000e+00
   1.0000000e+00   8.1129736e-01   1.0000000e+00   1.0000000e+00
   1.0000000e+00   8.1129737e-01   1.0000000e+00   1.0000000e+00
   1.0000000e+00   8.1129735e-01   1.0000000e+00   1.0000000e+00
   1.0000000e+00   8.1129735e-01   1.0000000e+00   1.0000000e+00
   1.0000000e+00   8.1129735e-01   1.0000000e+00   1.0000000e+00
   1.0000000e+00   8.1129735e-01   1.0000000e+00   1.0000000e+00
   1.0000000e+00   8.1129735e-01   1.0000000e+00   1.0000000e+00
   1.0000000e+00   8.1129735e-01   1.0000000e+00   1.0000000e+00
   1.0000000e+00   8.1129735e-01   1.0000000e+00   1.0000000e+00
   1.0000000e+00   8.1129735e-01   1.0000000e+00   1.0000000e+00
   1.0000000e+00   8.1129735e-01   1.0000000e+00   1.0000000e+00
   1.0000000e+00   8.1129735e-01   1.0000000e+00   1.0000000e+00
   1.0000000e+00   8.1129735e-01   1.0000000e+00   1.0000000e+00
   1.0000000e+00   8.1129735e-01   3.4280078e-02   7.6052313e-01
   7.6052313e-01   8.1129735e-01   3.4280078e-02   5.7967783e-01
   5.7967783e-01   7.5645652e-01   3.4280078e-02   4.4215235e-01
   4.4215235e-01   5.9376576e-01   3.4280078e-02   3.3322142e-01
   3.3322142e-01   5.2391800e-01   3.4280078e-02   2.4902062e-01
   2.4902062e-01   3.9140090e-01   3.4280078e-02   1.8675278e-01
   1.8675278e-01   2.6875019e-01   3.4280078e-02   1.4200594e-01
   1.4200594e-01   1.8847186e-01   3.4280078e-02   1.1005486e-01
   1.1005486e-01   1.4206215e-01   3.4280078e-02   8.7441960e-02
   8.7441960e-02   1.0826744e-01   3.4280078e-02   7.1643041e-02
   7.1643041e-02   8.3617978e-02   3.4280078e-02   6.0787168e-02
   6.0787168e-02   6.6060122e-02   3.4280078e-02   5.3484171e-02
   5.3484171e-02   5.3809342e-02   3.4280078e-02   4.8706135e-02
   4.8706135e-02   4.5427683e-02   3.4280078e-02   4.5698687e-02
   4.5698687e-02   3.9823021e-02   3.4280078e-02   4.3912984e-02
   4.3912984e-02   3.6185771e-02   3.4280078e-02   4.2953584e-02
   4.2953584e-02   3.3922893e-02   3.4280078e-02   4.2538693e-02
   4.2538693e-02   3.2604089e-02   3.4280078e-02   4.2470072e-02
   4.2470072e-02   3.1920219e-02   3.4280078e-02   4.2610379e-02
   4.2610379e-02   3.1651674e-02   3.4280078e-02   4.2866256e-02
   4.2866256e-02   3.1644495e-02   3.4280078e-02   4.3175765e-02
   4.3175765e-02   3.1792460e-02   3.4280078e-02   4.3499145e-02
   4.3499145e-02   3.2023729e-02   3.4280078e-02   4.3812056e-02
   4.3812056e-02   3.2290963e-02   3.4280078e-02   4.4100695e-02
   4.4100695e-02   3.2564060e-02   3.4280078e-02   4.4358293e-02
   4.4358293e-02   3.2824856e-02   3.4280078e-02   4.4582634e-02
   4.4582634e-02   3.3063309e-02   3.4280078e-02   4.4774328e-02
   4.4774328e-02   3.3274762e-02   3.4280078e-02   4.4935622e-02
   4.4935622e-02   3.3458018e-02   3.4280078e-02   4.5069602e-02
   4.5069602e-02   3.3613994e-02   3.4280078e-02   4.5179671e-02
   4.5179671e-02   3.3744812e-02   3.4280078e-02   4.5269228e-02
   4.5269228e-02   3.3853178e-02   3.4280078e-02   4.5341467e-02
   4.5341467e-02   3.3941993e-02   3.4280078e-02   4.5399281e-02
   4.5399281e-02   3.4014103e-02   3.4280078e-02   4.5445215e-02
   4.5445215e-02   3.4072157e-02   3.4280078e-02   4.5481463e-02
   4.5481463e-02   3.4118537e-02   3.4280078e-02   4.5509882e-02
   4.5509882e-02   3.4155326e-02   3.4280078e-02   4.5532026e-02
   4.5532026e-02   3.4184312e-02   3.4280078e-02   4.5549175e-02
   4.5549175e-02   3.4207004e-02   3.4280078e-02   4.5562376e-02
   4.5562376e-02   3.4224659e-02   1.0000000e+00   3.4260553e-01
   3.4260553e-01   3.4238313e-02   1.0000000e+00   5.6518118e-01
   5.6518118e-01   9.6600879e-02   1.0000000e+00   7.2522693e-01
   7.2522693e-01   4.0279955e-01   1.0000000e+00   8.3812135e-01
   8.3812135e-01   5.6973079e-01   1.0000000e+00   9.1336561e-01
   9.1336561e-01   7.4122211e-01   1.0000000e+00   9.6045777e-01
   9.6045777e-01   8.4881566e-01   1.0000000e+00   9.8741931e-01
   9.8741931e-01   9.0826356e-01   1.0000000e+00   9.9977873e-01
   9.9977873e-01   9.1380106e-01   1.0000000e+00   1.0000000e+00
   1.0000000e+00   9.3312141e-01   1.0000000e+00   1.0000000e+00
   1.0000000e+00   9.1242648e-01   1.0000000e+00   1.0000000e+00
   1.0000000e+00   9.1379116e-01   1.0000000e+00   1.0000000e+00
   1.0000000e+00   8.8986879e-01   1.0000000e+00   1.0000000e+00
   1.0000000e+00   8.8708161e-01   1.0000000e+00   1.0000000e+00
   1.0000000e+00   8.6073275e-01   1.0000000e+00   1.0000000e+00
   1.0000000e+00   8.5387698e-01   1.0000000e+00   1.0000000e+00
   1.0000000e+00   8.2942998e-01   1.0000000e+00   1.0000000e+00
   1.0000000e+00   8.2248533e-01   1.0000000e+00   1.0000000e+00
   1.0000000e+00   8.1114466e-01   1.0000000e+00   1.0000000e+00
   1.0000000e+00   8.1054656e-01   1.0000000e+00   1.0000000e+00
   1.0000000e+00   8.1140627e-01   1.0000000e+00   1.0000000e+00
   1.0000000e+00   8.1143935e-01   1.0000000e+00   1.0000000e+00
   1.0000000e+00   8.1126152e-01   1.0000000e+00   1.0000000e+00
   1.0000000e+00   8.1127349e-01   1.0000000e+00   1.0000000e+00
   1.0000000e+00   8.1130686e-01   1.0000000e+00   1.0000000e+00
   1.0000000e+00   8.1130104e-01   1.0000000e+00   1.0000000e+00
   1.0000000e+00   8.1129511e-01   1.0000000e+00   1.0000000e+00
   1.0000000e+00   8.1129686e-01   1.0000000e+00   1.0000000e+00
   1.0000000e+00   8.1129784e-01   1.0000000e+00   1.0000000e+00
   1.0000000e+00   8.1129740e-01   1.0000000e+00   1.0000000e+00
   1.0000000e+00   8.1129725e-01   1.0000000e+00   1.0000000e+00
   1.0000000e+00   8.1129735e-01   1.0000000e+00   1.0000000e+00
   1.0000000e+00   8.1129737e-01   1.0000000e+00   1.0000000e+00
   1.0000000e+00   8.1129735e-01   1.0000000e+00   1.0000000e+00
   1.0000000e+00   8.1129735e-01   1.0000000e+00   1.0000000e+00
   1.0000000e+00   8.1129735e-01   1.0000000e+00   1.0000000e+00
   1.0000000e+00   8.1129735e-01   1.0000000e+00   1.0000000e+00
   1.0000000e+00   8.1129735e-01   1.0000000e+00   1.0000000e+00
   1.0000000e+00   8.1129735e-01   1.0000000e+00   1.0000000e+00
   1.0000000e+00   8.1129735e-01   1.0000000e+00   1.0000000e+00
   1.0000000e+00   8.1129735e-01   1.0000000e+00   1.0000000e+00
   2.0717363e-01   0.0000000e+00   6.7125802e-01   3.6428388e-01
   3.6428388e-01   3.6766438e-02   6.7125802e-01   4.8190367e-01
   4.8190367e-01   2.1259421e-01   6.7125802e-01   5.6486170e-01
   5.6486170e-01   4.0310708e-01   6.7125802e-01   6.2432023e-01
   6.2432023e-01   4.6814399e-01   6.7125802e-01   6.6565988e-01
   6.6565988e-01   5.4451186e-01   6.7125802e-01   6.9305928e-01
   6.9305928e-01   6.0295134e-01   6.7125802e-01   7.0996067e-01
   7.0996067e-01   6.4455858e-01   6.7125802e-01   7.1935202e-01
   7.1935202e-01   6.7005245e-01   6.7125802e-01   7.2360788e-01
   7.2360788e-01   6.8479225e-01   6.7125802e-01   7.2451349e-01
   7.2451349e-01   6.9248827e-01   6.7125802e-01   7.2336799e-01
   7.2336799e-01   6.9552431e-01   6.7125802e-01   7.2108771e-01
   7.2108771e-01   6.9559786e-01   6.7125802e-01   7.1829650e-01
   7.1829650e-01   6.9391337e-01   6.7125802e-01   7.1540047e-01
   7.1540047e-01   6.9130727e-01   6.7125802e-01   7.1264774e-01
   7.1264774e-01   6.8834031e-01   6.7125802e-01   7.1017519e-01
   7.1017519e-01   6.8537040e-01   6.7125802e-01   7.0804403e-01
   7.0804403e-01   6.8260981e-01   6.7125802e-01   7.0626630e-01
   7.0626630e-01   6.8016936e-01   6.7125802e-01   7.0482400e-01
   7.0482400e-01   6.7809188e-01   7.4179099e-01   7.2542012e-01
   7.2542012e-01   6.7637686e-01   7.4179099e-01   7.4051765e-01
   7.4051765e-01   6.8640982e-01   7.4179099e-01   7.5134814e-01
   7.5134814e-01   7.0468418e-01   7.4179099e-01   7.5891074e-01
   7.5891074e-01   7.1822428e-01   7.4179099e-01   7.6400250e-01
   7.6400250e-01   7.2812383e-01   7.4179099e-01   7.6726953e-01
   7.6726953e-01   7.3496746e-01   7.4179099e-01   7.6922381e-01
   7.6922381e-01   7.3950769e-01   7.4179099e-01   7.7026186e-01
   7.7026186e-01   7.4235773e-01   7.4179099e-01   7.7068359e-01
   7.7068359e-01   7.4400537e-01   7.4179099e-01   7.7071032e-01
   7.7071032e-01   7.4482462e-01   7.4179099e-01   7.7050114e-01
   7.7050114e-01   7.4509540e-01   7.4179099e-01   7.7016696e-01
   7.7016696e-01   7.4502213e-01   7.4179099e-01   7.6978237e-01
   7.6978237e-01   7.4475017e-01   7.4179099e-01   7.6939511e-01
   7.6939511e-01   7.4437968e-01   7.4179099e-01   7.6903367e-01
   7.6903367e-01   7.4397699e-01   7.4179099e-01   7.6871311e-01
   7.6871311e-01   7.4358369e-01   7.4179099e-01   7.6843945e-01
   7.6843945e-01   7.4322376e-01   7.4179099e-01   7.6821294e-01
   7.6821294e-01   7.4290907e-01   7.4179099e-01   7.6803042e-01
   7.6803042e-01   7.4264346e-01   7.4179099e-01   7.6788686e-01
   7.6788686e-01   7.4242572e-01   1.0000000e+00   9.7078687e-01
   9.7078687e-01   7.4225177e-01   1.0000000e+00   1.0000000e+00
   1.0000000e+00   8.4938313e-01   1.0000000e+00   1.0000000e+00
   1.0000000e+00   9.6800448e-01   1.0000000e+00   1.0000000e+00
   1.0000000e+00   8.7372557e-01   1.0000000e+00   1.0000000e+00
   1.0000000e+00   9.4733963e-01   1.0000000e+00   1.0000000e+00
   1.0000000e+00   8.5395150e-01   1.0000000e+00   1.0000000e+00
   1.0000000e+00   9.1899303e-01   1.0000000e+00   1.0000000e+00
   1.0000000e+00   8.3143440e-01   1.0000000e+00   1.0000000e+00
   1.0000000e+00   8.8272017e-01   1.0000000e+00   1.0000000e+00
   1.0000000e+00   8.1304688e-01   1.0000000e+00   1.0000000e+00
   1.0000000e+00   8.4349684e-01   1.0000000e+00   1.0000000e+00
   1.0000000e+00   8.0861146e-01   1.0000000e+00   1.0000000e+00
   1.0000000e+00   8.1597469e-01   1.0000000e+00   1.0000000e+00
   1.0000000e+00   8.1138821e-01   1.0000000e+00   1.0000000e+00
   1.0000000e+00   8.1062857e-01   1.0000000e+00   1.0000000e+00
   1.0000000e+00   8.1134911e-01   1.0000000e+00   1.0000000e+00
   1.0000000e+00   8.1142804e-01   1.0000000e+00   1.0000000e+00
   1.0000000e+00   8.1127374e-01   1.0000000e+00   1.0000000e+00
   1.0000000e+00   8.1127441e-01   1.0000000e+00   1.0000000e+00
   1.0000000e+00   8.1130436e-01   7.4825022e-01   9.7904195e-01
   9.7904195e-01   8.1130112e-01   7.4825022e-01   9.6322114e-01
   9.6322114e-01   8.1136315e-01   7.4825022e-01   9.5067255e-01
   9.5067255e-01   8.0483256e-01   7.4825022e-01   9.3874277e-01
   9.3874277e-01   8.2229958e-01   7.4825022e-01   9.2644911e-01
   9.2644911e-01   8.3269975e-01   7.4825022e-01   9.1399785e-01
   9.1399785e-01   8.3206771e-01   7.4825022e-01   9.0127188e-01
   9.0127188e-01   8.3484053e-01   7.4825022e-01   8.8828423e-01
   8.8828423e-01   8.3646925e-01   7.4825022e-01   8.7514873e-01
   8.7514873e-01   8.3652402e-01   7.4825022e-01   8.6205489e-01
   8.6205489e-01   8.3470746e-01   7.4825022e-01   8.4925194e-01
   8.4925194e-01   8.3075314e-01   7.4825022e-01   8.3702704e-01
   8.3702704e-01   8.2458721e-01   7.4825022e-01   8.2567124e-01
   8.2567124e-01   8.1646046e-01   7.4825022e-01   8.1543481e-01
   8.1543481e-01   8.0700572e-01   7.4825022e-01   8.0648591e-01
   8.0648591e-01   7.9710427e-01   7.4825022e-01   7.9888988e-01
   7.9888988e-01   7.8760526e-01   7.4825022e-01   7.9261609e-01
   7.9261609e-01   7.7908946e-01   7.4825022e-01   7.8756314e-01
   7.8756314e-01   7.7182103e-01   7.4825022e-01   7.8358829e-01
   7.8358829e-01   7.6583493e-01   6.5737346e-02   5.7018970e-01
   5.7018970e-01   7.6104151e-01   6.5737346e-02   4.1326543e-01
   4.1326543e-01   6.4688298e-01   6.5737346e-02   2.9656847e-01
   2.9656847e-01   5.1229431e-01   6.5737346e-02   2.1231663e-01
   2.1231663e-01   3.6048318e-01   6.5737346e-02   1.5521424e-01
   1.5521424e-01   2.2356350e-01   6.5737346e-02   1.1753988e-01
   1.1753988e-01   1.5754547e-01   6.5737346e-02   9.3297285e-02
   9.3297285e-02   1.1725178e-01   6.5737346e-02   7.8335154e-02
   7.8335154e-02   8.9478925e-02   6.5737346e-02   6.9721170e-02
   6.9721170e-02   7.1234719e-02   6.5737346e-02   6.5363146e-02
   6.5363146e-02   6.0029897e-02   6.5737346e-02   6.3777327e-02
   6.3777327e-02   5.3714753e-02   6.5737346e-02   6.3924746e-02
   6.3924746e-02   5.0671057e-02   6.5737346e-02   6.5089808e-02
   6.5089808e-02   4.9742257e-02   6.5737346e-02   6.6789787e-02
   6.6789787e-02   5.0120393e-02   6.5737346e-02   6.8707768e-02
   6.8707768e-02   5.1251440e-02   6.5737346e-02   7.0643358e-02
   7.0643358e-02   5.2763652e-02   6.5737346e-02   7.2476777e-02
   7.2476777e-02   5.4414587e-02   6.5737346e-02   7.4142940e-02
   7.4142940e-02   5.6052355e-02   6.5737346e-02   7.5612950e-02
   7.5612950e-02   5.7587492e-02   6.5737346e-02   7.6881048e-02
   7.6881048e-02   5.8972742e-02   1.0000000e+00   5.2638039e-01
   5.2638039e-01   6.0188648e-02   1.0000000e+00   8.1762759e-01
   8.1762759e-01   1.7326220e-01   1.0000000e+00   9.6984807e-01
   9.6984807e-01   6.5868877e-01   1.0000000e+00   1.0000000e+00
   1.0000000e+00   8.5321949e-01   1.0000000e+00   1.0000000e+00
   1.0000000e+00   9.6048621e-01   1.0000000e+00   1.0000000e+00
   1.0000000e+00   8.7731150e-01   1.0000000e+00   1.0000000e+00
   1.0000000e+00   9.3905398e-01   1.0000000e+00   1.0000000e+00
   1.0000000e+00   8.5623540e-01   1.0000000e+00   1.0000000e+00
   1.0000000e+00   9.0977674e-01   1.0000000e+00   1.0000000e+00
   1.0000000e+00   8.3216806e-01   1.0000000e+00   1.0000000e+00
   1.0000000e+00   8.7288448e-01   1.0000000e+00   1.0000000e+00
   1.0000000e+00   8.1289153e-01   1.0000000e+00   1.0000000e+00
   1.0000000e+00   8.3508632e-01   1.0000000e+00   1.0000000e+00
   1.0000000e+00   8.0910470e-01   1.0000000e+00   1.0000000e+00
   1.0000000e+00   8.1287487e-01   1.0000000e+00   1.0000000e+00
   1.0000000e+00   8.1160753e-01   1.0000000e+00   1.0000000e+00
   1.0000000e+00   8.1098760e-01   1.0000000e+00   1.0000000e+00
   1.0000000e+00   8.1126957e-01   1.0000000e+00   1.0000000e+00
   1.0000000e+00   8.1136204e-01   1.0000000e+00   1.0000000e+00
   1.0000000e+00   8.1129609e-01   1.0000000e+00   1.0000000e+00
   2.2676258e-01   0.0000000e+00   7.3481969e-01   3.9870534e-01
   3.9870534e-01   4.0671133e-02   7.3481969e-01   5.2726438e-01
   5.2726438e-01   2.3528966e-01   7.3481969e-01   6.1801750e-01
   6.1801750e-01   4.4055510e-01   7.3481969e-01   6.8302646e-01
   6.8302646e-01   5.1315966e-01   7.3481969e-01   7.2794845e-01
   7.2794845e-01   6.0032526e-01   7.3481969e-01   7.5713760e-01
   7.5713760e-01   6.6922051e-01   7.3481969e-01   7.7474650e-01
   7.7474650e-01   7.1222781e-01   7.3481969e-01   7.8420937e-01
   7.8420937e-01   7.3830977e-01   7.3481969e-01   7.8816748e-01
   7.8816748e-01   7.5332934e-01   7.3481969e-01   7.8858537e-01
   7.8858537e-01   7.6082721e-01   7.3481969e-01   7.8687858e-01
   7.8687858e-01   7.6340461e-01   7.3481969e-01   7.8403435e-01
   7.8403435e-01   7.6291932e-01   7.3481969e-01   7.8071670e-01
   7.8071670e-01   7.6065989e-01   7.3481969e-01   7.7735215e-01
   7.7735215e-01   7.5750376e-01   7.3481969e-01   7.7419689e-01
   7.7419689e-01   7.5403382e-01   7.3481969e-01   7.7138825e-01
   7.7138825e-01   7.5061989e-01   7.3481969e-01   7.6898337e-01
   7.6898337e-01   7.4747899e-01   7.3481969e-01   7.6698775e-01
   7.6698775e-01   7.4472142e-01   7.3481969e-01   7.6537581e-01
   7.6537581e-01   7.4238592e-01   7.3481969e-01   7.6410533e-01
   7.6410533e-01   7.4046580e-01   7.3481969e-01   7.6312714e-01
   7.6312714e-01   7.3892780e-01   7.3481969e-01   7.6239146e-01
   7.6239146e-01   7.3772520e-01   7.3481969e-01   7.6185159e-01
   7.6185159e-01   7.3680657e-01   7.3481969e-01   7.6146601e-01
   7.6146601e-01   7.3612134e-01   7.3481969e-01   7.6119920e-01
   7.6119920e-01   7.3562298e-01   7.3481969e-01   7.6102167e-01
   7.6102167e-01   7.3527070e-01   7.3481969e-01   7.6090963e-01
   7.6090963e-01   7.3502995e-01   7.3481969e-01   7.6084435e-01
   7.6084435e-01   7.3487238e-01   7.3481969e-01   7.6081141e-01
   7.6081141e-01   7.3477525e-01   2.1309630e-02   5.4090460e-01
   5.4090460e-01   7.3472084e-01   2.1309630e-02   3.7892236e-01
   3.7892236e-01   6.2468536e-01   2.1309630e-02   2.5878975e-01
   2.5878975e-01   4.8316290e-01   2.1309630e-02   1.7271119e-01
   1.7271119e-01   3.2241050e-01   2.1309630e-02   1.1443525e-01
   1.1443525e-01   1.8224412e-01   2.1309630e-02   7.5524608e-02
   7.5524608e-02   1.2135958e-01   2.1309630e-02   4.9929231e-02
   4.9929231e-02   8.1646459e-02   2.1309630e-02   3.3547357e-02
   3.3547357e-02   5.3149289e-02   2.1309630e-02   2.3576568e-02
   2.3576568e-02   3.3907211e-02   2.1309630e-02   1.8064066e-02
   1.8064066e-02   2.1601708e-02   2.1309630e-02   1.5507821e-02
   1.5507821e-02   1.4223631e-02   2.1309630e-02   1.4848392e-02
   1.4848392e-02   1.0262048e-02   2.1309630e-02   1.5349604e-02
   1.5349604e-02   8.5526416e-03   2.1309630e-02   1.6508922e-02
   1.6508922e-02   8.2752066e-03   2.1309630e-02   1.7991001e-02
   1.7991001e-02   8.8616555e-03   2.1309630e-02   1.9578751e-02
   1.9578751e-02   9.9258480e-03   2.1309630e-02   2.1137580e-02
   2.1137580e-02   1.1211637e-02   2.1309630e-02   2.2589476e-02
   2.2589476e-02   1.2554598e-02   2.1309630e-02   2.3894416e-02
   2.3894416e-02   1.3854076e-02   2.1309630e-02   2.5037170e-02
   2.5037170e-02   1.5052973e-02   2.1309630e-02   2.6018063e-02
   2.6018063e-02   1.6123265e-02   2.1309630e-02   2.6846611e-02
   2.6846611e-02   1.7055762e-02   2.1309630e-02   2.7537225e-02
   2.7537225e-02   1.7852955e-02   2.1309630e-02   2.8106383e-02
   2.8106383e-02   1.8524111e-02   2.1309630e-02   2.8570838e-02
   2.8570838e-02   1.9081975e-02   2.1309630e-02   2.8946542e-02
   2.8946542e-02   1.9540621e-02   2.1309630e-02   2.9248052e-02
   2.9248052e-02   1.9914097e-02   2.1309630e-02   2.9488263e-02
   2.9488263e-02   2.0215626e-02   2.1309630e-02   2.9678340e-02
   2.9678340e-02   2.0457184e-02   2.1309630e-02   2.9827782e-02
   2.9827782e-02   2.0649317e-02   8.4530518e-01   2.8389023e-01
   2.8389023e-01   2.0801117e-02   8.4530518e-01   4.7620650e-01
   4.7620650e-01   7.2408467e-02   8.4530518e-01   6.1840343e-01
   6.1840343e-01   3.1012521e-01   8.4530518e-01   7.2019931e-01
   7.2019931e-01   4.9893618e-01   8.4530518e-01   7.9242451e-01
   7.9242451e-01   6.0691519e-01   8.4530518e-01   8.4057853e-01
   8.4057853e-01   7.2177310e-01   8.4530518e-01   8.7092786e-01
   8.7092786e-01   7.8885713e-01   8.4530518e-01   8.8856690e-01
   8.8856690e-01   8.3169942e-01   8.4530518e-01   8.9772043e-01
   8.9772043e-01   8.5360533e-01   8.4530518e-01   9.0154547e-01
   9.0154547e-01   8.6326390e-01   8.4530518e-01   9.0213340e-01
   9.0213340e-01   8.6772175e-01   8.4530518e-01   9.0089825e-01
   9.0089825e-01   8.6831206e-01   8.4530518e-01   8.9871404e-01
   8.9871404e-01   8.6749846e-01   8.4530518e-01   8.9613549e-01
   8.9613549e-01   8.6560326e-01   8.4530518e-01   8.9347150e-01
   8.9347150e-01   8.6365858e-01   8.4530518e-01   8.9089812e-01
   8.9089812e-01   8.6162696e-01   8.4530518e-01   8.8849337e-01
   8.8849337e-01   8.5987492e-01   8.4530518e-01   8.8629032e-01
   8.8629032e-01   8.5826906e-01   8.4530518e-01   8.8429091e-01
   8.8429091e-01   8.5690346e-01   8.4530518e-01   8.8248724e-01
   8.8248724e-01   8.5567007e-01   8.4530518e-01   8.8086507e-01
   8.8086507e-01   8.5458283e-01   8.4530518e-01   8.7941059e-01
   8.7941059e-01   8.5358334e-01   8.4530518e-01   8.7811023e-01
   8.7811023e-01   8.5267230e-01   8.4530518e-01   8.7695209e-01
   8.7695209e-01   8.5182597e-01   8.4530518e-01   8.7592516e-01
   8.7592516e-01   8.5104591e-01   8.4530518e-01   8.7501936e-01
   8.7501936e-01   8.5032496e-01   8.4530518e-01   8.7422498e-01
   8.7422498e-01   8.4966515e-01   8.4530518e-01   8.7353267e-01
   8.7353267e-01   8.4906456e-01   8.4530518e-01   8.7293324e-01
   8.7293324e-01   8.4852370e-01   1.0000000e+00   9.8555535e-01
   9.8555535e-01   8.4804080e-01   1.0000000e+00   1.0000000e+00
   1.0000000e+00   9.0456248e-01   1.0000000e+00   1.0000000e+00
   1.0000000e+00   9.7803037e-01   1.0000000e+00   1.0000000e+00
   1.0000000e+00   9.1304982e-01   1.0000000e+00   1.0000000e+00
   1.0000000e+00   9.6734945e-01   1.0000000e+00   1.0000000e+00
   1.0000000e+00   9.0060635e-01   1.0000000e+00   1.0000000e+00
   1.0000000e+00   9.5191565e-01   1.0000000e+00   1.0000000e+00
   1.0000000e+00   8.8353235e-01   1.0000000e+00   1.0000000e+00
   1.0000000e+00   9.3007108e-01   1.0000000e+00   1.0000000e+00
   1.0000000e+00   8.6117004e-01   1.0000000e+00   1.0000000e+00
   1.0000000e+00   9.0034744e-01   1.0000000e+00   1.0000000e+00
   1.0000000e+00   8.3516444e-01   1.0000000e+00   1.0000000e+00
   1.0000000e+00   8.6347934e-01   1.0000000e+00   1.0000000e+00
   1.0000000e+00   8.1384012e-01   1.0000000e+00   1.0000000e+00
   1.0000000e+00   8.2795439e-01   1.0000000e+00   1.0000000e+00
   1.0000000e+00   8.0951778e-01   1.0000000e+00   1.0000000e+00
   1.0000000e+00   8.1122310e-01   1.0000000e+00   1.0000000e+00
   1.0000000e+00   8.1169138e-01   1.0000000e+00   1.0000000e+00
   1.0000000e+00   8.1127108e-01   1.0000000e+00   1.0000000e+00
   1.0000000e+00   8.1122473e-01   1.0000000e+00   1.0000000e+00
   1.0000000e+00   8.1131005e-01   1.0000000e+00   1.0000000e+00
   1.0000000e+00   8.1131031e-01   1.0000000e+00   1.0000000e+00
   1.0000000e+00   8.1129353e-01   1.0000000e+00   1.0000000e+00
   1.0000000e+00   8.1129521e-01   1.0000000e+00   1.0000000e+00
   1.0000000e+00   8.1129832e-01   1.0000000e+00   1.0000000e+00
   1.0000000e+00   8.1129767e-01   1.0000000e+00   1.0000000e+00
   1.0000000e+00   8.1129713e-01   1.0000000e+00   1.0000000e+00
   1.0000000e+00   8.1129731e-01   1.0000000e+00   1.0000000e+00
   1.0000000e+00   8.1129740e-01   1.0000000e+00   1.0000000e+00
   1.0000000e+00   8.1129736e-01   1.0000000e+00   1.0000000e+00
   3.0807555e-01   0.0000000e+00   1.0000000e+00   5.3958243e-01
   5.3958243e-01   5.6982733e-02   1.0000000e+00   7.0843922e-01
   7.0843922e-01   3.4062534e-01   1.0000000e+00   8.2712485e-01
   8.2712485e-01   5.5843107e-01   1.0000000e+00   9.0698254e-01
   9.0698254e-01   7.1468848e-01   1.0000000e+00   9.5717300e-01
   9.5717300e-01   8.3884502e-01   1.0000000e+00   9.8591788e-01
   9.8591788e-01   9.0671110e-01   1.0000000e+00   9.9925774e-01
   9.9925774e-01   9.1117660e-01   1.0000000e+00   1.0000000e+00
   1.0000000e+00   9.3430875e-01   1.0000000e+00   1.0000000e+00
   1.0000000e+00   9.1145683e-01   1.0000000e+00   1.0000000e+00
   1.0000000e+00   9.1572656e-01   1.0000000e+00   1.0000000e+00
   1.0000000e+00   8.8912567e-01   1.0000000e+00   1.0000000e+00
   1.0000000e+00   8.8912343e-01   1.0000000e+00   1.0000000e+00
   1.0000000e+00   8.6029061e-01   1.0000000e+00   1.0000000e+00
   1.0000000e+00   8.5584545e-01   1.0000000e+00   1.0000000e+00
   1.0000000e+00   8.2928392e-01   1.0000000e+00   1.0000000e+00
   1.0000000e+00   8.2377032e-01   1.0000000e+00   1.0000000e+00
   1.0000000e+00   8.1108744e-01   1.0000000e+00   1.0000000e+00
   1.0000000e+00   8.1063795e-01   1.0000000e+00   1.0000000e+00
   1.0000000e+00   8.1140824e-01   9.6335032e-01   1.0000000e+00
   1.0000000e+00   8.1141977e-01   9.6335032e-01   1.0000000e+00
   1.0000000e+00   8.1126316e-01   9.6335032e-01   1.0000000e+00
   1.0000000e+00   8.1127709e-01   9.6335032e-01   1.0000000e+00
   1.0000000e+00   8.1130616e-01   9.6335032e-01   1.0000000e+00
   1.0000000e+00   8.1130041e-01   9.6335032e-01   1.0000000e+00
   1.0000000e+00   8.1129531e-01   9.6335032e-01   1.0000000e+00
   1.0000000e+00   8.1129697e-01   9.6335032e-01   1.0000000e+00
   1.0000000e+00   8.1129779e-01   9.6335032e-01   1.0000000e+00
   1.0000000e+00   8.1129738e-01   9.6335032e-01   1.0000000e+00
   1.0000000e+00   8.1129726e-01   9.6335032e-01   1.0000000e+00
   1.0000000e+00   8.1129736e-01   9.6335032e-01   1.0000000e+00
   1.0000000e+00   8.1129737e-01   9.6335032e-01   1.0000000e+00
   1.0000000e+00   8.1129735e-01   9.6335032e-01   1.0000000e+00
   1.0000000e+00   8.1129735e-01   9.6335032e-01   1.0000000e+00
   1.0000000e+00   8.1129735e-01   9.6335032e-01   1.0000000e+00
   1.0000000e+00   8.1129735e-01   9.6335032e-01   1.0000000e+00
   1.0000000e+00   8.1129735e-01   9.6335032e-01   1.0000000e+00
   1.0000000e+00   8.1129735e-01   9.6335032e-01   1.0000000e+00
   1.0000000e+00   8.1129735e-01   9.6335032e-01   1.0000000e+00
   1.0000000e+00   8.1129735e-01   8.1441116e-01   1.0000000e+00
   1.0000000e+00   8.1129735e-01   8.1441116e-01   1.0000000e+00
   1.0000000e+00   8.1129735e-01   8.1441116e-01   1.0000000e+00
   1.0000000e+00   8.1129735e-01   8.1441116e-01   1.0000000e+00
   1.0000000e+00   8.1129735e-01   8.1441116e-01   1.0000000e+00
   1.0000000e+00   8.1129735e-01   8.1441116e-01   1.0000000e+00
   1.0000000e+00   8.1129735e-01   8.1441116e-01   1.0000000e+00
   1.0000000e+00   8.1129735e-01   8.1441116e-01   1.0000000e+00
   1.0000000e+00   8.1129735e-01   8.1441116e-01   1.0000000e+00
   1.0000000e+00   8.1129735e-01   8.1441116e-01   1.0000000e+00
   1.0000000e+00   8.1129735e-01   8.1441116e-01   1.0000000e+00
   1.0000000e+00   8.1129735e-01   8.1441116e-01   1.0000000e+00
   1.0000000e+00   8.1129735e-01   8.1441116e-01   1.0000000e+00
   1.0000000e+00   8.1129735e-01   8.1441116e-01   1.0000000e+00
   1.0000000e+00   8.1129735e-01   8.1441116e-01   1.0000000e+00
   1.0000000e+00   8.1129735e-01   8.1441116e-01   1.0000000e+00
   1.0000000e+00   8.1129735e-01   8.1441116e-01   1.0000000e+00
   1.0000000e+00   8.1129735e-01   8.1441116e-01   1.0000000e+00
   1.0000000e+00   8.1129735e-01   8.1441116e-01   1.0000000e+00
   1.0000000e+00   8.1129735e-01   8.1441116e-01   1.0000000e+00
   1.0000000e+00   8.1129735e-01   1.0000000e+00   1.0000000e+00
   1.0000000e+00   8.1129735e-01   1.0000000e+00   1.0000000e+00
   1.0000000e+00   8.1129735e-01   1.0000000e+00   1.0000000e+00
   1.0000000e+00   8.1129735e-01   1.0000000e+00   1.0000000e+00
   1.0000000e+00   8.1129735e-01   1.0000000e+00   1.0000000e+00
   1.0000000e+00   8.1129735e-01   1.0000000e+00   1.0000000e+00
   1.0000000e+00   8.1129735e-01   1.0000000e+00   1.0000000e+00
   1.0000000e+00   8.1129735e-01   1.0000000e+00   1.0000000e+00
   1.0000000e+00   8.1129735e-01   1.0000000e+00   1.0000000e+00
   1.0000000e+00   8.1129735e-01   1.0000000e+00   1.0000000e+00
   1.0000000e+00   8.1129735e-01   1.0000000e+00   1.0000000e+00
   1.0000000e+00   8.1129735e-01   1.0000000e+00   1.0000000e+00
   1.0000000e+00   8.1129735e-01   1.0000000e+00   1.0000000e+00
   1.0000000e+00   8.1129735e-01   1.0000000e+00   1.0000000e+00
   1.0000000e+00   8.1129735e-01   1.0000000e+00   1.0000000e+00
   1.0000000e+00   8.1129735e-01   1.0000000e+00   1.0000000e+00
   1.0000000e+00   8.1129735e-01   1.0000000e+00   1.0000000e+00
   1.0000000e+00   8.1129735e-01   1.0000000e+00   1.0000000e+00
   1.0000000e+00   8.1129735e-01   1.0000000e+00   1.0000000e+00
   1.0000000e+00   8.1129735e-01   6.1722183e-01   9.4018822e-01
   9.4018822e-01   8.1129735e-01   6.1722183e-01   8.9417338e-01
   8.9417338e-01   8.1009078e-01   6.1722183e-01   8.5715669e-01
   8.5715669e-01   7.8945229e-01   6.1722183e-01   8.2370933e-01
   8.2370933e-01   8.0992194e-01   6.1722183e-01   7.9276081e-01
   7.9276081e-01   8.0205949e-01   6.1722183e-01   7.6470669e-01
   7.6470669e-01   7.7965770e-01   6.1722183e-01   7.4001204e-01
   7.4001204e-01   7.5360827e-01   6.1722183e-01   7.1898188e-01
   7.1898188e-01   7.2683772e-01   6.1722183e-01   7.0160088e-01
   7.0160088e-01   7.0277313e-01   6.1722183e-01   6.8761358e-01
   6.8761358e-01   6.8235355e-01   6.1722183e-01   6.7662656e-01
   6.7662656e-01   6.6566346e-01   6.1722183e-01   6.6818816e-01
   6.6818816e-01   6.5244071e-01   6.1722183e-01   6.6184288e-01
   6.6184288e-01   6.4226877e-01   6.1722183e-01   6.5716712e-01
   6.5716712e-01   6.3464511e-01   6.1722183e-01   6.5379027e-01
   6.5379027e-01   6.2904756e-01   6.1722183e-01   6.5140298e-01
   6.5140298e-01   6.2500267e-01   6.1722183e-01   6.4975587e-01
   6.4975587e-01   6.2212350e-01   6.1722183e-01   6.4865286e-01
   6.4865286e-01   6.2011040e-01   6.1722183e-01   6.4794275e-01
   6.4794275e-01   6.1873523e-01   6.1722183e-01   6.4751076e-01
   6.4751076e-01   6.1782467e-01   7.6076123e-01   6.9150822e-01
   6.9150822e-01   6.1724736e-01   7.6076123e-01   7.2415612e-01
   7.2415612e-01   6.3660438e-01   7.6076123e-01   7.4781500e-01
   7.4781500e-01   6.7700183e-01   7.6076123e-01   7.6450863e-01
   7.6450863e-01   7.0672234e-01   7.6076123e-01   7.7588876e-01
   7.7588876e-01   7.2851726e-01   7.6076123e-01   7.8331266e-01
   7.8331266e-01   7.4370928e-01   7.6076123e-01   7.8786691e-01
   7.8786691e-01   7.5389899e-01   7.6076123e-01   7.9040018e-01
   7.9040018e-01   7.6039688e-01   7.6076123e-01   7.9155858e-01
   7.9155858e-01   7.6425835e-01   7.6076123e-01   7.9182170e-01
   7.9182170e-01   7.6629478e-01   7.6076123e-01   7.9153631e-01
   7.9153631e-01   7.6711154e-01   7.6076123e-01   7.9094621e-01
   7.9094621e-01   7.6714992e-01   7.6076123e-01   7.9021708e-01
   7.9021708e-01   7.6672455e-01   7.6076123e-01   7.8945681e-01
   7.8945681e-01   7.6605395e-01   7.6076123e-01   7.8873151e-01
   7.8873151e-01   7.6528483e-01   7.6076123e-01   7.8807789e-01
   7.8807789e-01   7.6451115e-01   7.6076123e-01   7.8751270e-01
   7.8751270e-01   7.6378903e-01   7.6076123e-01   7.8703963e-01
   7.8703963e-01   7.6314816e-01   7.6076123e-01   7.8665443e-01
   7.8665443e-01   7.6260048e-01   7.6076123e-01   7.8634837e-01
   7.8634837e-01   7.6214654e-01   7.6076123e-01   7.8611075e-01
   5.7457276e-01   0.0000000e+00   1.0000000e+00   9.0062297e-01
   9.0062297e-01   1.1215482e-01   1.0000000e+00   1.0000000e+00
   1.0000000e+00   7.2244540e-01   1.0000000e+00   1.0000000e+00
   1.0000000e+00   9.1445483e-01   1.0000000e+00   1.0000000e+00
   1.0000000e+00   9.4251134e-01   1.0000000e+00   1.0000000e+00
   1.0000000e+00   8.9751500e-01   1.0000000e+00   1.0000000e+00
   1.0000000e+00   9.2165449e-01   1.0000000e+00   1.0000000e+00
   1.0000000e+00   8.7467854e-01   1.0000000e+00   1.0000000e+00
   1.0000000e+00   8.9321749e-01   1.0000000e+00   1.0000000e+00
   1.0000000e+00   8.4652142e-01   1.0000000e+00   1.0000000e+00
   1.0000000e+00   8.5791843e-01   1.0000000e+00   1.0000000e+00
   1.0000000e+00   8.1976359e-01   1.0000000e+00   1.0000000e+00
   1.0000000e+00   8.2450784e-01   1.0000000e+00   1.0000000e+00
   1.0000000e+00   8.0966800e-01   1.0000000e+00   1.0000000e+00
   1.0000000e+00   8.1077818e-01   1.0000000e+00   1.0000000e+00
   1.0000000e+00   8.1170517e-01   1.0000000e+00   1.0000000e+00
   1.0000000e+00   8.1135912e-01   1.0000000e+00   1.0000000e+00
   1.0000000e+00   8.1121317e-01   1.0000000e+00   1.0000000e+00
   1.0000000e+00   8.1129402e-01   1.0000000e+00   1.0000000e+00
   1.0000000e+00   8.1131426e-01   1.0000000e+00   1.0000000e+00
   1.0000000e+00   8.1129625e-01   1.0000000e+00   1.0000000e+00
   1.0000000e+00   8.1129416e-01   1.0000000e+00   1.0000000e+00
   1.0000000e+00   8.1129790e-01   1.0000000e+00   1.0000000e+00
   1.0000000e+00   8.1129792e-01   1.0000000e+00   1.0000000e+00
   1.0000000e+00   8.1129719e-01   1.0000000e+00   1.0000000e+00
   1.0000000e+00   8.1129726e-01   1.0000000e+00   1.0000000e+00
   1.0000000e+00   8.1129739e-01   1.0000000e+00   1.0000000e+00
   1.0000000e+00   8.1129737e-01   1.0000000e+00   1.0000000e+00
   1.0000000e+00   8.1129734e-01   1.0000000e+00   1.0000000e+00
   1.0000000e+00   8.1129735e-01   1.0000000e+00   1.0000000e+00
   1.0000000e+00   8.1129735e-01   1.0000000e+00   1.0000000e+00
   1.0000000e+00   8.1129735e-01   1.0000000e+00   1.0000000e+00
   1.0000000e+00   8.1129735e-01   1.0000000e+00   1.0000000e+00
   1.0000000e+00   8.1129735e-01   1.0000000e+00   1.0000000e+00
   1.0000000e+00   8.1129735e-01   1.0000000e+00   1.0000000e+00
   1.0000000e+00   8.1129735e-01   1.0000000e+00   1.0000000e+00
   1.0000000e+00   8.1129735e-01   1.0000000e+00   1.0000000e+00
   1.0000000e+00   8.1129735e-01   1.0000000e+00   1.0000000e+00
   1.0000000e+00   8.1129735e-01   1.0000000e+00   1.0000000e+00
   1.0000000e+00   8.1129735e-01   1.0000000e+00   1.0000000e+00
   1.0000000e+00   8.1129735e-01   1.0000000e+00   1.0000000e+00
   1.0000000e+00   8.1129735e-01   1.0000000e+00   1.0000000e+00
   1.0000000e+00   8.1129735e-01   1.0000000e+00   1.0000000e+00
   1.0000000e+00   8.1129735e-01   1.0000000e+00   1.0000000e+00
   1.0000000e+00   8.1129735e-01   1.0000000e+00   1.0000000e+00
   1.0000000e+00   8.1129735e-01   1.0000000e+00   1.0000000e+00
   1.0000000e+00   8.1129735e-01   1.0000000e+00   1.0000000e+00
   1.0000000e+00   8.1129735e-01   1.0000000e+00   1.0000000e+00
   1.0000000e+00   8.1129735e-01   1.0000000e+00   1.0000000e+00
   1.0000000e+00   8.1129735e-01   1.0000000e+00   1.0000000e+00
   1.0000000e+00   8.1129735e-01   1.0000000e+00   1.0000000e+00
   1.0000000e+00   8.1129735e-01   1.0000000e+00   1.0000000e+00
   1.0000000e+00   8.1129735e-01   1.0000000e+00   1.0000000e+00
   1.0000000e+00   8.1129735e-01   1.0000000e+00   1.0000000e+00
   1.0000000e+00   8.1129735e-01   1.0000000e+00   1.0000000e+00
   1.0000000e+00   8.1129735e-01   1.0000000e+00   1.0000000e+00
   1.0000000e+00   8.1129735e-01   1.0000000e+00   1.0000000e+00
   1.0000000e+00   8.1129735e-01   1.0000000e+00   1.0000000e+00
   1.0000000e+00   8.1129735e-01   1.0000000e+00   1.0000000e+00
   1.0000000e+00   8.1129735e-01   7.2122171e-01   9.7223967e-01
   9.7223967e-01   8.1129735e-01   7.2122171e-01   9.5084412e-01
   9.5084412e-01   8.1130957e-01   7.2122171e-01   9.3353928e-01
   9.3353928e-01   8.0267895e-01   7.2122171e-01   9.1707248e-01
   9.1707248e-01   8.2356375e-01   7.2122171e-01   9.0032971e-01
   9.0032971e-01   8.3444862e-01   7.2122171e-01   8.8361673e-01
   8.8361673e-01   8.3176587e-01   7.2122171e-01   8.6690457e-01
   8.6690457e-01   8.3199575e-01   7.2122171e-01   8.5040004e-01
   8.5040004e-01   8.2893852e-01   7.2122171e-01   8.3442037e-01
   8.3442037e-01   8.2288043e-01   7.2122171e-01   8.1936150e-01
   8.1936150e-01   8.1355823e-01   7.2122171e-01   8.0560984e-01
   8.0560984e-01   8.0175214e-01   7.2122171e-01   7.9346217e-01
   7.9346217e-01   7.8870716e-01   7.2122171e-01   7.8307003e-01
   7.8307003e-01   7.7583829e-01   7.2122171e-01   7.7443675e-01
   7.7443675e-01   7.6415222e-01   7.2122171e-01   7.6745228e-01
   7.6745228e-01   7.5411726e-01   7.2122171e-01   7.6193828e-01
   7.6193828e-01   7.4581958e-01   7.2122171e-01   7.5768600e-01
   7.5768600e-01   7.3915273e-01   7.2122171e-01   7.5448275e-01
   7.5448275e-01   7.3392800e-01   7.2122171e-01   7.5212830e-01
   7.5212830e-01   7.2992914e-01   5.9065803e-01   7.1020570e-01
   7.1020570e-01   7.2694073e-01   5.9065803e-01   6.7946740e-01
   6.7946740e-01   7.0350005e-01   5.9065803e-01   6.5741494e-01
   6.5741494e-01   6.6623323e-01   5.9065803e-01   6.4199068e-01
   6.4199068e-01   6.3902248e-01   5.9065803e-01   6.3149889e-01
   6.3149889e-01   6.2011065e-01   5.9065803e-01   6.2455768e-01
   6.2455768e-01   6.0780774e-01   5.9065803e-01   6.2013335e-01
   6.2013335e-01   5.9952673e-01   5.9065803e-01   6.1747965e-01
   6.1747965e-01   5.9385562e-01   5.9065803e-01   6.1605306e-01
   6.1605306e-01   5.9013973e-01   5.9065803e-01   6.1545458e-01
   6.1545458e-01   5.8789371e-01   5.9065803e-01   6.1539265e-01
   6.1539265e-01   5.8670701e-01   5.9065803e-01   6.1565735e-01
   6.1565735e-01   5.8624833e-01   5.9065803e-01   6.1610096e-01
   6.1610096e-01   5.8626307e-01   5.9065803e-01   6.1662278e-01
   6.1662278e-01   5.8656330e-01   5.9065803e-01   6.1715704e-01
   6.1715704e-01   5.8701552e-01   5.9065803e-01   6.1766336e-01
   6.1766336e-01   5.8752883e-01   5.9065803e-01   6.1811935e-01
   6.1811935e-01   5.8804441e-01   5.9065803e-01   6.1851494e-01
   6.1851494e-01   5.8852684e-01   5.9065803e-01   6.1884809e-01
   6.1884809e-01   5.8895717e-01   5.9065803e-01   6.1912175e-01
   6.1912175e-01   5.8932762e-01   2.0189764e-01   4.9953029e-01
   4.9953029e-01   5.8963755e-01   2.0189764e-01   4.0890266e-01
   4.0890266e-01   5.6720545e-01   2.0189764e-01   3.4191699e-01
   3.4191699e-01   4.5374925e-01   2.0189764e-01   2.9408359e-01
   2.9408359e-01   3.6328904e-01   2.0189764e-01   2.6169260e-01
   2.6169260e-01   2.9108186e-01   2.0189764e-01   2.4061106e-01
   2.4061106e-01   2.4971014e-01   2.0189764e-01   2.2735968e-01
   2.2735968e-01   2.2608814e-01   2.0189764e-01   2.1947562e-01
   2.1947562e-01   2.1052941e-01   2.0189764e-01   2.1522411e-01
   2.1522411e-01   2.0055184e-01   2.0189764e-01   2.1337698e-01
   2.1337698e-01   1.9459708e-01   2.0189764e-01   2.1306468e-01
   2.1306468e-01   1.9149159e-01   2.0189764e-01   2.1367638e-01
   2.1367638e-01   1.9033178e-01   2.0189764e-01   2.1479050e-01
   2.1479050e-01   1.9042835e-01   2.0189764e-01   2.1612419e-01
   2.1612419e-01   1.9127216e-01   2.0189764e-01   2.1749546e-01
   2.1749546e-01   1.9250232e-01   2.0189764e-01   2.1879441e-01
   2.1879441e-01   1.9387519e-01   2.0189764e-01   2.1996130e-01
   2.1996130e-01   1.9523594e-01   2.0189764e-01   2.2097020e-01
   2.2097020e-01   1.9649424e-01   2.0189764e-01   2.2181684e-01
   2.2181684e-01   1.9760450e-01   2.0189764e-01   2.2250998e-01
   2.2250998e-01   1.9855067e-01   2.0189764e-01   2.2306543e-01
   5.7753963e-02   0.0000000e+00   1.8642545e-01   1.0170926e-01
   1.0170926e-01   7.2227509e-03   1.8642545e-01   1.3486448e-01
   1.3486448e-01   5.4439077e-02   1.8642545e-01   1.5964888e-01
   1.5964888e-01   9.0180105e-02   1.8642545e-01   1.7792228e-01
   1.7792228e-01   1.1822199e-01   1.8642545e-01   1.9108825e-01
   1.9108825e-01   1.4066871e-01   1.8642545e-01   2.0026163e-01
   2.0026163e-01   1.5807214e-01   1.8642545e-01   2.0637888e-01
   2.0637888e-01   1.7071826e-01   1.8642545e-01   2.1022997e-01
   2.1022997e-01   1.7931857e-01   1.8642545e-01   2.1245923e-01
   2.1245923e-01   1.8483187e-01   1.8642545e-01   2.1357060e-01
   2.1357060e-01   1.8814537e-01   1.8642545e-01   2.1394370e-01
   2.1394370e-01   1.8995353e-01   1.8642545e-01   2.1385519e-01
   2.1385519e-01   1.9076450e-01   1.8642545e-01   2.1350054e-01
   2.1350054e-01   1.9093974e-01   1.8642545e-01   2.1301339e-01
   2.1301339e-01   1.9073170e-01   1.8642545e-01   2.1248161e-01
   2.1248161e-01   1.9031325e-01   1.8642545e-01   2.1196004e-01
   2.1196004e-01   1.8979974e-01   1.8642545e-01   2.1148032e-01
   2.1148032e-01   1.8926530e-01   1.8642545e-01   2.1105822e-01
   2.1105822e-01   1.8875500e-01   1.8642545e-01   2.1069912e-01
   2.1069912e-01   1.8829380e-01   1.8642545e-01   2.1040187e-01
   2.1040187e-01   1.8789312e-01   1.8642545e-01   2.1016155e-01
   2.1016155e-01   1.8755562e-01   1.8642545e-01   2.0997137e-01
   2.0997137e-01   1.8727857e-01   1.8642545e-01   2.0982387e-01
   2.0982387e-01   1.8705624e-01   1.8642545e-01   2.0971172e-01
   2.0971172e-01   1.8688151e-01   1.8642545e-01   2.0962816e-01
   2.0962816e-01   1.8674690e-01   1.8642545e-01   2.0956724e-01
   2.0956724e-01   1.8664526e-01   1.8642545e-01   2.0952389e-01
   2.0952389e-01   1.8657008e-01   1.8642545e-01   2.0949389e-01
   2.0949389e-01   1.8651571e-01   1.8642545e-01   2.0947385e-01
   2.0947385e-01   1.8647738e-01   1.8642545e-01   2.0946106e-01
   2.0946106e-01   1.8645116e-01   1.8642545e-01   2.0945345e-01
   2.0945345e-01   1.8643390e-01   1.8642545e-01   2.0944941e-01
   2.0944941e-01   1.8642312e-01   1.8642545e-01   2.0944777e-01
   2.0944777e-01   1.8641692e-01   1.8642545e-01   2.0944765e-01
   2.0944765e-01   1.8641384e-01   1.8642545e-01   2.0944844e-01
   2.0944844e-01   1.8641282e-01   1.8642545e-01   2.0944971e-01
   2.0944971e-01   1.8641309e-01   1.8642545e-01   2.0945118e-01
   2.0945118e-01   1.8641410e-01   1.8642545e-01   2.0945267e-01
   2.0945267e-01   1.8641548e-01   1.8642545e-01   2.0945406e-01
   2.0945406e-01   1.8641698e-01   0.0000000e+00   1.5200118e-01
   1.5200118e-01   1.8641845e-01   0.0000000e+00   1.0958319e-01
   1.0958319e-01   1.5896335e-01   0.0000000e+00   7.8564307e-02
   7.8564307e-02   1.1295584e-01   0.0000000e+00   5.6018355e-02
   5.6018355e-02   8.0577048e-02   0.0000000e+00   3.9757013e-02
   3.9757013e-02   5.6706297e-02   0.0000000e+00   2.8143723e-02
   2.8143723e-02   3.9198709e-02   0.0000000e+00   1.9947890e-02
   1.9947890e-02   2.6548448e-02   0.0000000e+00   1.4245921e-02
   1.4245921e-02   1.7524902e-02   0.0000000e+00   1.0348050e-02
   1.0348050e-02   1.1172934e-02   0.0000000e+00   7.7423124e-03
   7.7423124e-03   6.7693379e-03   0.0000000e+00   6.0513555e-03
   6.0513555e-03   3.7728988e-03   0.0000000e+00   4.9991877e-03
   4.9991877e-03   1.7819938e-03   0.0000000e+00   4.3856864e-03
   4.3856864e-03   5.0093258e-04   0.0000000e+00   4.0671496e-03
   4.0671496e-03   0.0000000e+00   0.0000000e+00   3.9403092e-03
   3.9403092e-03   0.0000000e+00   0.0000000e+00   3.9323882e-03
   3.9323882e-03   0.0000000e+00   0.0000000e+00   4.1420731e-03
   4.1420731e-03   0.0000000e+00   0.0000000e+00   4.3578108e-03
   4.3578108e-03   0.0000000e+00   0.0000000e+00   4.5322038e-03
   4.5322038e-03   0.0000000e+00   0.0000000e+00   4.6688080e-03
   4.6688080e-03   0.0000000e+00   0.0000000e+00   4.7756497e-03
   4.7756497e-03   0.0000000e+00   0.0000000e+00   4.8592560e-03
   4.8592560e-03   0.0000000e+00   0.0000000e+00   4.9246903e-03
   4.9246903e-03   0.0000000e+00   0.0000000e+00   4.9759034e-03
   4.9759034e-03   0.0000000e+00   0.0000000e+00   5.0159861e-03
   5.0159861e-03   0.0000000e+00   0.0000000e+00   5.0473573e-03
   5.0473573e-03   0.0000000e+00   0.0000000e+00   5.0719104e-03
   5.0719104e-03   0.0000000e+00   0.0000000e+00   5.0911272e-03
   5.0911272e-03   0.0000000e+00   0.0000000e+00   5.1061675e-03
   5.1061675e-03   0.0000000e+00   0.0000000e+00   5.1179390e-03
   5.1179390e-03   0.0000000e+00   0.0000000e+00   5.1271521e-03
   5.1271521e-03   0.0000000e+00   0.0000000e+00   5.1343628e-03
   5.1343628e-03   0.0000000e+00   0.0000000e+00   5.1400063e-03
   5.1400063e-03   0.0000000e+00   0.0000000e+00   5.1444233e-03
   5.1444233e-03   0.0000000e+00   0.0000000e+00   5.1478804e-03
   5.1478804e-03   0.0000000e+00   0.0000000e+00   5.1505860e-03
   5.1505860e-03   0.0000000e+00   0.0000000e+00   5.1527037e-03
   5.1527037e-03   0.0000000e+00   0.0000000e+00   5.1543611e-03
   5.1543611e-03   0.0000000e+00   0.0000000e+00   5.1556582e-03
   5.1556582e-03   0.0000000e+00   7.4100384e-02   2.7992820e-02
   2.7992820e-02   0.0000000e+00   7.4100384e-02   4.5289792e-02
   4.5289792e-02   4.4779436e-03   7.4100384e-02   5.8265976e-02
   5.8265976e-02   2.3207144e-02   7.4100384e-02   6.7925349e-02
   6.7925349e-02   3.7032362e-02   7.4100384e-02   7.5060356e-02
   7.5060356e-02   4.7324178e-02   7.4100384e-02   8.0285315e-02
   8.0285315e-02   5.4991746e-02   7.4100384e-02   8.4073917e-02
   8.4073917e-02   6.0662491e-02   7.4100384e-02   8.6789762e-02
   8.6789762e-02   6.4817911e-02   7.4100384e-02   8.8710567e-02
   8.8710567e-02   6.7830542e-02   7.4100384e-02   9.0047266e-02
   9.0047266e-02   6.9987788e-02   7.4100384e-02   9.0959060e-02
   9.0959060e-02   7.1510280e-02   7.4100384e-02   9.1565250e-02
   9.1565250e-02   7.2566297e-02   7.4100384e-02   9.1954525e-02
   9.1954525e-02   7.3283215e-02   7.4100384e-02   9.2192239e-02
   9.2192239e-02   7.3756641e-02   7.4100384e-02   9.2326071e-02
   9.2326071e-02   7.4057685e-02   7.4100384e-02   9.2390415e-02
   9.2390415e-02   7.4238720e-02   7.4100384e-02   9.2409762e-02
   9.2409762e-02   7.4337897e-02   7.4100384e-02   9.2401290e-02
   9.2401290e-02   7.4382680e-02   7.4100384e-02   9.2376825e-02
   9.2376825e-02   7.4392568e-02   7.4100384e-02   9.2344321e-02
   9.2344321e-02   7.4381184e-02   7.4100384e-02   9.2308970e-02
   9.2308970e-02   7.4357860e-02   7.4100384e-02   9.2274018e-02
   9.2274018e-02   7.4328835e-02   7.4100384e-02   9.2241365e-02
   9.2241365e-02   7.4298144e-02   7.4100384e-02   9.2212002e-02
   9.2212002e-02   7.4268276e-02   7.4100384e-02   9.2186323e-02
   9.2186323e-02   7.4240661e-02   7.4100384e-02   9.2164343e-02
   9.2164343e-02   7.4216009e-02   7.4100384e-02   9.2145854e-02
   9.2145854e-02   7.4194571e-02   7.4100384e-02   9.2130525e-02
   9.2130525e-02   7.4176303e-02   7.4100384e-02   9.2117975e-02
   9.2117975e-02   7.4160992e-02   7.4100384e-02   9.2107813e-02
   9.2107813e-02   7.4148338e-02   7.4100384e-02   9.2099666e-02
   9.2099666e-02   7.4138006e-02   7.4100384e-02   9.2093194e-02
   9.2093194e-02   7.4129661e-02   7.4100384e-02   9.2088098e-02
   9.2088098e-02   7.4122985e-02   7.4100384e-02   9.2084118e-02
   9.2084118e-02   7.4117694e-02   7.4100384e-02   9.2081035e-02
   9.2081035e-02   7.4113535e-02   7.4100384e-02   9.2078665e-02
   9.2078665e-02   7.4110294e-02   7.4100384e-02   9.2076858e-02
   9.2076858e-02   7.4107787e-02   7.4100384e-02   9.2075491e-02
   9.2075491e-02   7.4105865e-02   7.4100384e-02   9.2074466e-02
   9.2074466e-02   7.4104401e-02   7.4100384e-02   9.2073704e-02
   9.2073704e-02   7.4103296e-02   7.4100384e-02   9.2073143e-02
   2.9390123e-01   0.0000000e+00   9.5266922e-01   5.1605237e-01
   5.1605237e-01   5.4126182e-02   9.5266922e-01   6.7973501e-01
   6.7973501e-01   3.2097745e-01   9.5266922e-01   7.9614530e-01
   7.9614530e-01   5.3999211e-01   9.5266922e-01   8.7697914e-01
   8.7697914e-01   6.7553147e-01   9.5266922e-01   9.2989455e-01
   9.2989455e-01   8.0642780e-01   9.5266922e-01   9.6284720e-01
   9.6284720e-01   8.7971217e-01   9.5266922e-01   9.8296552e-01
   9.8296552e-01   9.0090638e-01   9.5266922e-01   9.9436682e-01
   9.9436682e-01   9.1975099e-01   9.5266922e-01   9.9967079e-01
   9.9967079e-01   9.1773713e-01   9.5266922e-01   1.0000000e+00
   1.0000000e+00   9.1957497e-01   9.5266922e-01   1.0000000e+00
   1.0000000e+00   9.0467193e-01   9.5266922e-01   1.0000000e+00
   1.0000000e+00   8.9678508e-01   9.5266922e-01   1.0000000e+00
   1.0000000e+00   8.7817386e-01   9.5266922e-01   1.0000000e+00
   1.0000000e+00   8.6652398e-01   9.5266922e-01   1.0000000e+00
   1.0000000e+00   8.4607494e-01   9.5266922e-01   1.0000000e+00
   1.0000000e+00   8.3325262e-01   9.5266922e-01   1.0000000e+00
   1.0000000e+00   8.1802197e-01   9.5266922e-01   1.0000000e+00
   1.0000000e+00   8.1222569e-01   9.5266922e-01   1.0000000e+00
   1.0000000e+00   8.1043387e-01   7.3177991e-02   7.6529246e-01
   7.6529246e-01   8.1121258e-01   7.3177991e-02   5.8950167e-01
   5.8950167e-01   7.5953113e-01   7.3177991e-02   4.5684675e-01
   4.5684675e-01   6.0187333e-01   7.3177991e-02   3.5259896e-01
   3.5259896e-01   5.3329594e-01   7.3177991e-02   2.7252863e-01
   2.7252863e-01   4.0741154e-01   7.3177991e-02   2.1337236e-01
   2.1337236e-01   2.9530471e-01   7.3177991e-02   1.7133695e-01
   1.7133695e-01   2.1264895e-01   7.3177991e-02   1.4175651e-01
   1.4175651e-01   1.6801583e-01   7.3177991e-02   1.2122164e-01
   1.2122164e-01   1.3576922e-01   7.3177991e-02   1.0725488e-01
   1.0725488e-01   1.1236967e-01   7.3177991e-02   9.8013281e-02
   9.8013281e-02   9.6028449e-02   7.3177991e-02   9.2121955e-02
   9.2121955e-02   8.4996561e-02   7.3177991e-02   8.8564923e-02
   8.8564923e-02   7.7781769e-02   7.3177991e-02   8.6600996e-02
   8.6600996e-02   7.3246390e-02   7.3177991e-02   8.5696679e-02
   8.5696679e-02   7.0559162e-02   7.3177991e-02   8.5473410e-02
   8.5473410e-02   6.9121912e-02   7.3177991e-02   8.5666837e-02
   8.5666837e-02   6.8508586e-02   7.3177991e-02   8.6095846e-02
   8.6095846e-02   6.8419207e-02   7.3177991e-02   8.6639276e-02
   8.6639276e-02   6.8645616e-02   7.3177991e-02   8.7218600e-02
   8.7218600e-02   6.9046031e-02   9.6484220e-01   3.6247850e-01
   3.6247850e-01   6.9526213e-02   9.6484220e-01   5.6907740e-01
   5.6907740e-01   1.3703290e-01   9.6484220e-01   7.1727185e-01
   7.1727185e-01   4.3761404e-01   9.6484220e-01   8.2344808e-01
   8.2344808e-01   5.6800401e-01   9.6484220e-01   8.9570822e-01
   8.9570822e-01   7.3124987e-01   9.6484220e-01   9.4278178e-01
   9.4278178e-01   8.3219789e-01   9.6484220e-01   9.7185027e-01
   9.7185027e-01   8.9405438e-01   9.6484220e-01   9.8911559e-01
   9.8911559e-01   9.0514397e-01   9.6484220e-01   9.9778942e-01
   9.9778942e-01   9.2624733e-01   9.6484220e-01   1.0000000e+00
   1.0000000e+00   9.1620439e-01   9.6484220e-01   1.0000000e+00
   1.0000000e+00   9.2021669e-01   9.6484220e-01   1.0000000e+00
   1.0000000e+00   8.9843447e-01   9.6484220e-01   1.0000000e+00
   1.0000000e+00   8.9590952e-01   9.6484220e-01   1.0000000e+00
   1.0000000e+00   8.7123370e-01   9.6484220e-01   1.0000000e+00
   1.0000000e+00   8.6448392e-01   9.6484220e-01   1.0000000e+00
   1.0000000e+00   8.3943205e-01   9.6484220e-01   1.0000000e+00
   1.0000000e+00   8.3093480e-01   9.6484220e-01   1.0000000e+00
   1.0000000e+00   8.1462297e-01   9.6484220e-01   1.0000000e+00
   1.0000000e+00   8.1166184e-01   9.6484220e-01   1.0000000e+00
   1.0000000e+00   8.1074267e-01   1.0690043e-01   7.7609519e-01
   7.7609519e-01   8.1128450e-01   1.0690043e-01   6.0818712e-01
   6.0818712e-01   7.6473718e-01   1.0690043e-01   4.8112029e-01
   4.8112029e-01   6.1720616e-01   1.0690043e-01   3.8126072e-01
   3.8126072e-01   5.4768326e-01   1.0690043e-01   3.0415614e-01
   3.0415614e-01   4.3303772e-01   1.0690043e-01   2.4652320e-01
   2.4652320e-01   3.3065450e-01   1.0690043e-01   2.0541471e-01
   2.0541471e-01   2.4507516e-01   1.0690043e-01   1.7649464e-01
   1.7649464e-01   1.9952755e-01   1.0690043e-01   1.5642095e-01
   1.5642095e-01   1.6805380e-01   1.0690043e-01   1.4278703e-01
   1.4278703e-01   1.4492894e-01   1.0690043e-01   1.3381739e-01
   1.3381739e-01   1.2844308e-01   1.0690043e-01   1.2817916e-01
   1.2817916e-01   1.1719467e-01   1.0690043e-01   1.2487269e-01
   1.2487269e-01   1.0986375e-01   1.0690043e-01   1.2315768e-01
   1.2315768e-01   1.0533228e-01   1.0690043e-01   1.2249493e-01
   1.2249493e-01   1.0274008e-01   1.0690043e-01   1.2249882e-01
   1.2249882e-01   1.0145562e-01   1.0690043e-01   1.2289905e-01
   1.2289905e-01   1.0102563e-01   1.0690043e-01   1.2351053e-01
   1.2351053e-01   1.0112993e-01   1.0690043e-01   1.2421017e-01
   1.2421017e-01   1.0154611e-01   6.3911538e-01   2.8894162e-01
   2.8894162e-01   1.0212293e-01   6.3911538e-01   4.1276605e-01
   4.1276605e-01   1.5083760e-01   6.3911538e-01   5.0250705e-01
   5.0250705e-01   3.2130059e-01   6.3911538e-01   5.6678778e-01
   5.6678778e-01   4.1997492e-01   6.3911538e-01   6.1280469e-01
   6.1280469e-01   4.8254294e-01   6.3911538e-01   6.4457867e-01
   6.4457867e-01   5.4427107e-01   6.3911538e-01   6.6544830e-01
   6.6544830e-01   5.8941460e-01   6.3911538e-01   6.7821147e-01
   6.7821147e-01   6.2040694e-01   6.3911538e-01   6.8521337e-01
   6.8521337e-01   6.3953352e-01   6.3911538e-01   6.8829995e-01
   6.8829995e-01   6.5048202e-01   6.3911538e-01   6.8884846e-01
   6.8884846e-01   6.5611069e-01   6.3911538e-01   6.8785473e-01
   6.8785473e-01   6.5823920e-01   6.3911538e-01   6.8601725e-01
   6.8601725e-01   6.5815417e-01   6.3911538e-01   6.8380900e-01
   6.8380900e-01   6.5676732e-01   6.3911538e-01   6.8153589e-01
   6.8153589e-01   6.5471032e-01   6.3911538e-01   6.7938334e-01
   6.7938334e-01   6.5240428e-01   6.3911538e-01   6.7745228e-01
   6.7745228e-01   6.5011530e-01   6.3911538e-01   6.7578668e-01
   6.7578668e-01   6.4799854e-01   6.3911538e-01   6.7439372e-01
   6.7439372e-01   6.4613257e-01   6.3911538e-01   6.7325851e-01
   6.7325851e-01   6.4454535e-01   2.5212981e-01   5.5308980e-01
   5.5308980e-01   6.4323329e-01   2.5212981e-01   4.6264073e-01
   4.6264073e-01   6.1011022e-01   2.5212981e-01   3.9546080e-01
   3.9546080e-01   5.0829964e-01   2.5212981e-01   3.4710984e-01
   3.4710984e-01   4.1958013e-01   2.5212981e-01   3.1373699e-01
   3.1373699e-01   3.5159659e-01   2.5212981e-01   2.9197291e-01
   2.9197291e-01   3.0203355e-01   2.5212981e-01   2.7845511e-01
   2.7845511e-01   2.7470396e-01   2.5212981e-01   2.7052549e-01
   2.7052549e-01   2.5926813e-01   2.5212981e-01   2.6630796e-01
   2.6630796e-01   2.4991217e-01   2.5212981e-01   2.6449676e-01
   2.6449676e-01   2.4457537e-01   2.5212981e-01   2.6418931e-01
   2.6418931e-01   2.4194413e-01   2.5212981e-01   2.6476914e-01
   2.6476914e-01   2.4107369e-01   2.5212981e-01   2.6582299e-01
   2.6582299e-01   2.4129104e-01   2.5212981e-01   2.6708127e-01
   2.6708127e-01   2.4212713e-01   2.5212981e-01   2.6837500e-01
   2.6837500e-01   2.4326593e-01   2.5212981e-01   2.6960438e-01
   2.6960438e-01   2.4450357e-01   2.5212981e-01   2.7071617e-01
   2.7071617e-01   2.4571581e-01   2.5212981e-01   2.7168750e-01
   2.7168750e-01   2.4683305e-01   2.5212981e-01   2.7251444e-01
   2.7251444e-01   2.4782185e-01   2.5212981e-01   2.7320426e-01
   2.7320426e-01   2.4867169e-01   2.5212981e-01   2.7377017e-01
   1.0213040e-01   0.0000000e+00   3.3041681e-01   1.7969438e-01
   1.7969438e-01   1.5958942e-02   3.3041681e-01   2.3803388e-01
   2.3803388e-01   9.9970054e-02   3.3041681e-01   2.8112496e-01
   2.8112496e-01   1.6872743e-01   3.3041681e-01   3.1146952e-01
   3.1146952e-01   2.3288376e-01   3.3041681e-01   3.3196797e-01
   3.3196797e-01   2.7457440e-01   3.3041681e-01   3.4546567e-01
   3.4546567e-01   2.9785129e-01   3.3041681e-01   3.5415158e-01
   3.5415158e-01   3.1195402e-01   3.3041681e-01   3.5957210e-01
   3.5957210e-01   3.2102902e-01   3.3041681e-01   3.6279540e-01
   3.6279540e-01   3.2691114e-01   3.3041681e-01   3.6455797e-01
   3.6455797e-01   3.3060707e-01   3.3041681e-01   3.6536845e-01
   3.6536845e-01   3.3278355e-01   3.3041681e-01   3.6557738e-01
   3.6557738e-01   3.3392183e-01   3.3041681e-01   3.6542431e-01
   3.6542431e-01   3.3437413e-01   3.3041681e-01   3.6507048e-01
   3.6507048e-01   3.3439402e-01   3.3041681e-01   3.6462200e-01
   3.6462200e-01   3.3415926e-01   3.3041681e-01   3.6414634e-01
   3.6414634e-01   3.3379064e-01   3.3041681e-01   3.6368441e-01
   3.6368441e-01   3.3336727e-01   3.3041681e-01   3.6325908e-01
   3.6325908e-01   3.3293867e-01   3.3041681e-01   3.6288135e-01
   3.6288135e-01   3.3253386e-01   3.3041681e-01   3.6255461e-01
   3.6255461e-01   3.3216813e-01   3.3041681e-01   3.6227766e-01
   3.6227766e-01   3.3184785e-01   3.3041681e-01   3.6204672e-01
   3.6204672e-01   3.3157380e-01   3.3041681e-01   3.6185671e-01
   3.6185671e-01   3.3134354e-01   3.3041681e-01   3.6170217e-01
   3.6170217e-01   3.3115293e-01   3.3041681e-01   3.6157772e-01
   3.6157772e-01   3.3099707e-01   3.3041681e-01   3.6147840e-01
   3.6147840e-01   3.3087099e-01   3.3041681e-01   3.6139976e-01
   3.6139976e-01   3.3076993e-01   3.3041681e-01   3.6133796e-01
   3.6133796e-01   3.3068962e-01   3.3041681e-01   3.6128972e-01
   3.6128972e-01   3.3062627e-01   9.9467013e-01   5.6512133e-01
   5.6512133e-01   3.3057667e-01   9.9467013e-01   7.1638582e-01
   7.1638582e-01   3.8919628e-01   9.9467013e-01   8.2589247e-01
   8.2589247e-01   5.6237409e-01   9.9467013e-01   9.0103266e-01
   9.0103266e-01   7.2708882e-01   9.9467013e-01   9.4970843e-01
   9.4970843e-01   8.3576712e-01   9.9467013e-01   9.7905924e-01
   9.7905924e-01   8.9985857e-01   9.9467013e-01   9.9493883e-01
   9.9493883e-01   9.0854317e-01   9.9467013e-01   1.0000000e+00
   1.0000000e+00   9.3055013e-01   9.9467013e-01   1.0000000e+00
   1.0000000e+00   9.1501332e-01   9.9467013e-01   1.0000000e+00
   1.0000000e+00   9.1804400e-01   9.9467013e-01   1.0000000e+00
   1.0000000e+00   8.9358858e-01   9.9467013e-01   1.0000000e+00
   1.0000000e+00   8.9254992e-01   9.9467013e-01   1.0000000e+00
   1.0000000e+00   8.6550451e-01   9.9467013e-01   1.0000000e+00
   1.0000000e+00   8.6010606e-01   9.9467013e-01   1.0000000e+00
   1.0000000e+00   8.3395445e-01   9.9467013e-01   1.0000000e+00
   1.0000000e+00   8.2711403e-01   9.9467013e-01   1.0000000e+00
   1.0000000e+00   8.1241999e-01   9.9467013e-01   1.0000000e+00
   1.0000000e+00   8.1097429e-01   9.9467013e-01   1.0000000e+00
   1.0000000e+00   8.1112448e-01   9.9467013e-01   1.0000000e+00
   1.0000000e+00   8.1138001e-01   9.9467013e-01   1.0000000e+00
   1.0000000e+00   8.1132292e-01   9.9467013e-01   1.0000000e+00
   1.0000000e+00   8.1127861e-01   9.9467013e-01   1.0000000e+00
   1.0000000e+00   8.1129430e-01   9.9467013e-01   1.0000000e+00
   1.0000000e+00   8.1130134e-01   9.9467013e-01   1.0000000e+00
   1.0000000e+00   8.1129754e-01   9.9467013e-01   1.0000000e+00
   1.0000000e+00   8.1129655e-01   9.9467013e-01   1.0000000e+00
   1.0000000e+00   8.1129740e-01   9.9467013e-01   1.0000000e+00
   1.0000000e+00   8.1129750e-01   9.9467013e-01   1.0000000e+00
   1.0000000e+00   8.1129733e-01   9.9467013e-01   1.0000000e+00
   1.0000000e+00   8.1129733e-01   1.0000000e+00   1.0000000e+00
   1.0000000e+00   8.1129736e-01   1.0000000e+00   1.0000000e+00
   1.0000000e+00   8.1129736e-01   1.0000000e+00   1.0000000e+00
   1.0000000e+00   8.1129735e-01   1.0000000e+00   1.0000000e+00
   1.0000000e+00   8.1129735e-01   1.0000000e+00   1.0000000e+00
   1.0000000e+00   8.1129735e-01   1.0000000e+00   1.0000000e+00
   1.0000000e+00   8.1129735e-01   1.0000000e+00   1.0000000e+00
   1.0000000e+00   8.1129735e-01   1.0000000e+00   1.0000000e+00
   1.0000000e+00   8.1129735e-01   1.0000000e+00   1.0000000e+00
   1.0000000e+00   8.1129735e-01   1.0000000e+00   1.0000000e+00
   1.0000000e+00   8.1129735e-01   1.0000000e+00   1.0000000e+00
   1.0000000e+00   8.1129735e-01   1.0000000e+00   1.0000000e+00
   1.0000000e+00   8.1129735e-01   1.0000000e+00   1.0000000e+00
   1.0000000e+00   8.1129735e-01   1.0000000e+00   1.0000000e+00
   1.0000000e+00   8.1129735e-01   1.0000000e+00   1.0000000e+00
   1.0000000e+00   8.1129735e-01   1.0000000e+00   1.0000000e+00
   1.0000000e+00   8.1129735e-01   1.0000000e+00   1.0000000e+00
   1.0000000e+00   8.1129735e-01   1.0000000e+00   1.0000000e+00
   1.0000000e+00   8.1129735e-01   1.0000000e+00   1.0000000e+00
   1.0000000e+00   8.1129735e-01   1.0000000e+00   1.0000000e+00
   1.0000000e+00   8.1129735e-01   1.0000000e+00   1.0000000e+00
   1.0000000e+00   8.1129735e-01   1.0000000e+00   1.0000000e+00
   1.0000000e+00   8.1129735e-01   1.0000000e+00   1.0000000e+00
   1.0000000e+00   8.1129735e-01   1.0000000e+00   1.0000000e+00
   1.0000000e+00   8.1129735e-01   1.0000000e+00   1.0000000e+00
   1.0000000e+00   8.1129735e-01   1.0000000e+00   1.0000000e+00
   1.0000000e+00   8.1129735e-01   1.0000000e+00   1.0000000e+00
   1.0000000e+00   8.1129735e-01   1.0000000e+00   1.0000000e+00
   1.0000000e+00   8.1129735e-01   1.0000000e+00   1.0000000e+00
   1.0000000e+00   8.1129735e-01   0.0000000e+00   7.4996745e-01
   7.4996745e-01   8.1129735e-01   0.0000000e+00   5.6137098e-01
   5.6137098e-01   7.5075982e-01   0.0000000e+00   4.1830624e-01
   4.1830624e-01   5.7822409e-01   0.0000000e+00   3.0525008e-01
   3.0525008e-01   5.0548855e-01   0.0000000e+00   2.1819884e-01
   2.1819884e-01   3.6565318e-01   0.0000000e+00   1.5454846e-01
   1.5454846e-01   2.3170265e-01   0.0000000e+00   1.0870608e-01
   1.0870608e-01   1.5915380e-01   0.0000000e+00   7.5810918e-02
   7.5810918e-02   1.1303196e-01   0.0000000e+00   5.2350324e-02
   5.2350324e-02   7.9174539e-02   0.0000000e+00   3.5786265e-02
   3.5786265e-02   5.4102665e-02   0.0000000e+00   2.4242607e-02
   2.4242607e-02   3.5998166e-02   0.0000000e+00   1.6318828e-02
   1.6318828e-02   2.3188623e-02   0.0000000e+00   1.0981657e-02
   1.0981657e-02   1.4275876e-02   0.0000000e+00   7.4738551e-03
   7.4738551e-03   8.1786782e-03   0.0000000e+00   5.2529448e-03
   5.2529448e-03   4.0917514e-03   0.0000000e+00   3.9329055e-03
   3.9329055e-03   1.4254021e-03   0.0000000e+00   3.2222321e-03
   3.2222321e-03   0.0000000e+00   0.0000000e+00   2.9121141e-03
   2.9121141e-03   0.0000000e+00   0.0000000e+00   2.8528219e-03
   2.8528219e-03   0.0000000e+00   0.0000000e+00   3.1590991e-03
   3.1590991e-03   0.0000000e+00   0.0000000e+00   3.5685178e-03
   3.5685178e-03   0.0000000e+00   0.0000000e+00   3.9132312e-03
   3.9132312e-03   0.0000000e+00   0.0000000e+00   4.1844780e-03
   4.1844780e-03   0.0000000e+00   0.0000000e+00   4.3966219e-03
   4.3966219e-03   0.0000000e+00   0.0000000e+00   4.5626088e-03
   4.5626088e-03   0.0000000e+00   0.0000000e+00   4.6925148e-03
   4.6925148e-03   0.0000000e+00   0.0000000e+00   4.7941876e-03
   4.7941876e-03   0.0000000e+00   0.0000000e+00   4.8737636e-03
   4.8737636e-03   0.0000000e+00   0.0000000e+00   4.9360449e-03
   4.9360449e-03   0.0000000e+00   0.0000000e+00   4.9847903e-03
   4.9847903e-03   0.0000000e+00   0.0000000e+00   5.0229415e-03
   4.1445935e-01   0.0000000e+00   1.0000000e+00   7.0458097e-01
   7.0458097e-01   7.8636685e-02   1.0000000e+00   8.8835835e-01
   8.8835835e-01   5.0212314e-01   1.0000000e+00   9.8357294e-01
   9.8357294e-01   7.0981918e-01   1.0000000e+00   1.0000000e+00
   1.0000000e+00   9.0627798e-01   1.0000000e+00   1.0000000e+00
   1.0000000e+00   9.4759586e-01   1.0000000e+00   1.0000000e+00
   1.0000000e+00   9.1200216e-01   1.0000000e+00   1.0000000e+00
   1.0000000e+00   9.3050419e-01   1.0000000e+00   1.0000000e+00
   1.0000000e+00   8.9246357e-01   1.0000000e+00   1.0000000e+00
   1.0000000e+00   9.0664023e-01   1.0000000e+00   1.0000000e+00
   1.0000000e+00   8.6665512e-01   1.0000000e+00   1.0000000e+00
   1.0000000e+00   8.7516315e-01   1.0000000e+00   1.0000000e+00
   1.0000000e+00   8.3673302e-01   1.0000000e+00   1.0000000e+00
   1.0000000e+00   8.3954159e-01   1.0000000e+00   1.0000000e+00
   1.0000000e+00   8.1367298e-01   1.0000000e+00   1.0000000e+00
   1.0000000e+00   8.1438822e-01   1.0000000e+00   1.0000000e+00
   1.0000000e+00   8.1061453e-01   1.0000000e+00   1.0000000e+00
   1.0000000e+00   8.1086646e-01   1.0000000e+00   1.0000000e+00
   1.0000000e+00   8.1148255e-01   1.0000000e+00   1.0000000e+00
   1.0000000e+00   8.1136438e-01   5.8413086e-01   9.2678882e-01
   9.2678882e-01   8.1125460e-01   5.8413086e-01   8.7122882e-01
   8.7122882e-01   8.0894216e-01   5.8413086e-01   8.2722117e-01
   8.2722117e-01   7.8194035e-01   5.8413086e-01   7.8862940e-01
   7.8862940e-01   7.9592159e-01   5.8413086e-01   7.5435529e-01
   7.5435529e-01   7.7622831e-01   5.8413086e-01   7.2455455e-01
   7.2455455e-01   7.4530969e-01   5.8413086e-01   6.9938316e-01
   6.9938316e-01   7.1335485e-01   5.8413086e-01   6.7871883e-01
   6.7871883e-01   6.8447265e-01   5.8413086e-01   6.6218226e-01
   6.6218226e-01   6.6019420e-01   5.8413086e-01   6.4924007e-01
   6.4924007e-01   6.4070351e-01   5.8413086e-01   6.3928862e-01
   6.3928862e-01   6.2578560e-01   5.8413086e-01   6.3173293e-01
   6.3173293e-01   6.1474103e-01   5.8413086e-01   6.2605538e-01
   6.2605538e-01   6.0649894e-01   5.8413086e-01   6.2183958e-01
   6.2183958e-01   6.0019425e-01   5.8413086e-01   6.1875739e-01
   6.1875739e-01   5.9534704e-01   5.8413086e-01   6.1654874e-01
   6.1654874e-01   5.9167058e-01   5.8413086e-01   6.1500615e-01
   6.1500615e-01   5.8894219e-01   5.8413086e-01   6.1396409e-01
   6.1396409e-01   5.8696962e-01   5.8413086e-01   6.1329145e-01
   6.1329145e-01   5.8558673e-01   5.8413086e-01   6.1288554e-01
   6.1288554e-01   5.8465337e-01   0.0000000e+00   4.3264495e-01
   4.3264495e-01   5.8405443e-01   0.0000000e+00   2.9651800e-01
   2.9651800e-01   5.4940817e-01   0.0000000e+00   1.9678101e-01
   1.9678101e-01   3.7743760e-01   0.0000000e+00   1.2768244e-01
   1.2768244e-01   2.1644220e-01   0.0000000e+00   8.0800618e-02
   8.0800618e-02   1.3597367e-01   0.0000000e+00   4.9345304e-02
   4.9345304e-02   8.9496324e-02   0.0000000e+00   2.8713542e-02
   2.8713542e-02   5.5930159e-02   0.0000000e+00   1.5580605e-02
   1.5580605e-02   3.2355784e-02   0.0000000e+00   7.5918817e-03
   7.5918817e-03   1.6757694e-02   0.0000000e+00   3.1124733e-03
   3.1124733e-03   6.8787463e-03   0.0000000e+00   8.8052603e-04
   8.8052603e-04   9.5232731e-04   0.0000000e+00   0.0000000e+00
   0.0000000e+00   0.0000000e+00   0.0000000e+00   0.0000000e+00
   0.0000000e+00   0.0000000e+00   0.0000000e+00   0.0000000e+00
   0.0000000e+00   0.0000000e+00   0.0000000e+00   0.0000000e+00
   0.0000000e+00   0.0000000e+00   0.0000000e+00   8.5926794e-06
   8.5926794e-06   0.0000000e+00   0.0000000e+00   9.4878599e-04
   9.4878599e-04   0.0000000e+00   0.0000000e+00   1.8509418e-03
   1.8509418e-03   0.0000000e+00   0.0000000e+00   2.5708555e-03
   2.5708555e-03   0.0000000e+00   0.0000000e+00   3.1339635e-03
   3.1339635e-03   0.0000000e+00   3.5947197e-01   1.1404940e-01
   1.1404940e-01   0.0000000e+00   3.5947197e-01   1.9813133e-01
   1.9813133e-01   2.0236857e-02   3.5947197e-01   2.6122971e-01
   2.6122971e-01   1.1177893e-01   3.5947197e-01   3.0751014e-01
   3.0751014e-01   1.8939944e-01   3.5947197e-01   3.3970144e-01
   3.3970144e-01   2.6061105e-01   3.5947197e-01   3.6137790e-01
   3.6137790e-01   3.0125688e-01   3.5947197e-01   3.7575714e-01
   3.7575714e-01   3.2347277e-01   3.5947197e-01   3.8515009e-01
   3.8515009e-01   3.3774086e-01   3.5947197e-01   3.9111348e-01
   3.9111348e-01   3.4782030e-01   3.5947197e-01   3.9471184e-01
   3.9471184e-01   3.5484399e-01   3.5947197e-01   3.9669310e-01
   3.9669310e-01   3.5948368e-01   3.5947197e-01   3.9759128e-01
   3.9759128e-01   3.6232230e-01   3.5947197e-01   3.9778873e-01
   3.9778873e-01   3.6385924e-01   3.5947197e-01   3.9755684e-01
   3.9755684e-01   3.6449903e-01   3.5947197e-01   3.9708480e-01
   3.9708480e-01   3.6455329e-01   3.5947197e-01   3.9650088e-01
   3.9650088e-01   3.6425201e-01   3.5947197e-01   3.9588879e-01
   3.9588879e-01   3.6375824e-01   3.5947197e-01   3.9530019e-01
   3.9530019e-01   3.6318279e-01   3.5947197e-01   3.9476420e-01
   3.9476420e-01   3.6259720e-01   1.0000000e+00   7.4546829e-01
   7.4546829e-01   3.6204460e-01   1.0000000e+00   9.4258474e-01
   9.4258474e-01   4.4889301e-01   1.0000000e+00   1.0000000e+00
   1.0000000e+00   7.9097353e-01   1.0000000e+00   1.0000000e+00
   1.0000000e+00   9.4279307e-01   1.0000000e+00   1.0000000e+00
   1.0000000e+00   8.7627375e-01   1.0000000e+00   1.0000000e+00
   1.0000000e+00   9.1790830e-01   1.0000000e+00   1.0000000e+00
   1.0000000e+00   8.5180041e-01   1.0000000e+00   1.0000000e+00
   1.0000000e+00   8.8498463e-01   1.0000000e+00   1.0000000e+00
   1.0000000e+00   8.2578358e-01   1.0000000e+00   1.0000000e+00
   1.0000000e+00   8.4709115e-01   1.0000000e+00   1.0000000e+00
   1.0000000e+00   8.1001560e-01   1.0000000e+00   1.0000000e+00
   1.0000000e+00   8.1768585e-01   1.0000000e+00   1.0000000e+00
   1.0000000e+00   8.1090142e-01   1.0000000e+00   1.0000000e+00
   1.0000000e+00   8.1055041e-01   1.0000000e+00   1.0000000e+00
   1.0000000e+00   8.1145580e-01   1.0000000e+00   1.0000000e+00
   1.0000000e+00   8.1143325e-01   1.0000000e+00   1.0000000e+00
   1.0000000e+00   8.1125264e-01   1.0000000e+00   1.0000000e+00
   1.0000000e+00   8.1127558e-01   1.0000000e+00   1.0000000e+00
   1.0000000e+00   8.1130839e-01   1.0000000e+00   1.0000000e+00
   1.0000000e+00   8.1130047e-01   4.1932235e-01   8.7806205e-01
   8.7806205e-01   8.1129487e-01   4.1932235e-01   7.8502562e-01
   7.8502562e-01   8.0110426e-01   4.1932235e-01   7.1192586e-01
   7.1192586e-01   7.4182195e-01   4.1932235e-01   6.5170958e-01
   6.5170958e-01   7.1375438e-01   4.1932235e-01   6.0275540e-01
   6.0275540e-01   6.5228055e-01   4.1932235e-01   5.6353981e-01
   5.6353981e-01   6.0011014e-01   4.1932235e-01   5.3206322e-01
   5.3206322e-01   5.6506432e-01   4.1932235e-01   5.0731708e-01
   5.0731708e-01   5.2864814e-01   4.1932235e-01   4.8838344e-01
   4.8838344e-01   4.9758032e-01   4.1932235e-01   4.7431446e-01
   4.7431446e-01   4.7303851e-01   4.1932235e-01   4.6419556e-01
   4.6419556e-01   4.5428862e-01   4.1932235e-01   4.5719357e-01
   4.5719357e-01   4.4040034e-01   4.1932235e-01   4.5258178e-01
   4.5258178e-01   4.3046320e-01   4.1932235e-01   4.4974891e-01
   4.4974891e-01   4.2364042e-01   4.1932235e-01   4.4819712e-01
   4.4819712e-01   4.1919522e-01   4.1932235e-01   4.4753320e-01
   4.4753320e-01   4.1650599e-01   4.1932235e-01   4.4745569e-01
   4.4745569e-01   4.1506925e-01   4.1932235e-01   4.4774035e-01
   4.4774035e-01   4.1449156e-01   4.1932235e-01   4.4822562e-01
   4.4822562e-01   4.1447489e-01   4.1932235e-01   4.4879936e-01
   4.4879936e-01   4.1479997e-01   4.1932235e-01   4.4938725e-01
   1.6938699e-01   0.0000000e+00   5.4864905e-01   2.9788410e-01
   2.9788410e-01   2.9257752e-02   5.4864905e-01   3.9426981e-01
   3.9426981e-01   1.7075806e-01   5.4864905e-01   4.6289558e-01
   4.6289558e-01   3.1939981e-01   5.4864905e-01   5.1111469e-01
   5.1111469e-01   3.9489744e-01   5.4864905e-01   5.4502404e-01
   5.4502404e-01   4.4019299e-01   5.4864905e-01   5.6799760e-01
   5.6799760e-01   4.8525750e-01   5.4864905e-01   5.8271305e-01
   5.8271305e-01   5.1823224e-01   5.4864905e-01   5.9136576e-01
   5.9136576e-01   5.4057494e-01   5.4864905e-01   5.9571880e-01
   5.9571880e-01   5.5474492e-01   5.4864905e-01   5.9715063e-01
   5.9715063e-01   5.6290347e-01   5.4864905e-01   5.9670678e-01
   5.9670678e-01   5.6683829e-01   5.4864905e-01   5.9515367e-01
   5.9515367e-01   5.6796109e-01   5.4864905e-01   5.9303297e-01
   5.9303297e-01   5.6732050e-01   5.4864905e-01   5.9071216e-01
   5.9071216e-01   5.6565978e-01   5.4864905e-01   5.8842810e-01
   5.8842810e-01   5.6349086e-01   5.4864905e-01   5.8632242e-01
   5.8632242e-01   5.6115698e-01   5.4864905e-01   5.8446937e-01
   5.8446937e-01   5.5887895e-01   5.4864905e-01   5.8289710e-01
   5.8289710e-01   5.5678882e-01   5.4864905e-01   5.8160372e-01
   5.8160372e-01   5.5495540e-01   5.4864905e-01   5.8056911e-01
   5.8056911e-01   5.5340380e-01   5.4864905e-01   5.7976332e-01
   5.7976332e-01   5.5213042e-01   5.4864905e-01   5.7915243e-01
   5.7915243e-01   5.5111419e-01   5.4864905e-01   5.7870240e-01
   5.7870240e-01   5.5032469e-01   5.4864905e-01   5.7838141e-01
   5.7838141e-01   5.4972782e-01   5.4864905e-01   5.7816120e-01
   5.7816120e-01   5.4928955e-01   5.4864905e-01   5.7801760e-01
   5.7801760e-01   5.4897819e-01   5.4864905e-01   5.7793060e-01
   5.7793060e-01   5.4876569e-01   5.4864905e-01   5.7788409e-01
   5.7788409e-01   5.4862811e-01   5.4864905e-01   5.7786548e-01
   5.7786548e-01   5.4854570e-01   5.4864905e-01   5.7786515e-01
   5.7786515e-01   5.4850261e-01   5.4864905e-01   5.7787599e-01
   5.7787599e-01   5.4848645e-01   5.4864905e-01   5.7789288e-01
   5.7789288e-01   5.4848783e-01   5.4864905e-01   5.7791230e-01
   5.7791230e-01   5.4849980e-01   5.4864905e-01   5.7793192e-01
   5.7793192e-01   5.4851740e-01   5.4864905e-01   5.7795030e-01
   5.7795030e-01   5.4853722e-01   5.4864905e-01   5.7796666e-01
   5.7796666e-01   5.4855701e-01   5.4864905e-01   5.7798067e-01
   5.7798067e-01   5.4857543e-01   5.4864905e-01   5.7799226e-01
   5.7799226e-01   5.4859174e-01   5.4864905e-01   5.7800159e-01
   5.7800159e-01   5.4860563e-01   8.7779244e-01   6.7944699e-01
   6.7944699e-01   5.4861710e-01   8.7779244e-01   7.5595166e-01
   7.5595166e-01   5.7339935e-01   8.7779244e-01   8.1140683e-01
   8.1140683e-01   6.8130017e-01   8.7779244e-01   8.5032654e-01
   8.5032654e-01   7.5421624e-01   8.7779244e-01   8.7665226e-01
   8.7665226e-01   8.0565936e-01   8.7779244e-01   8.9374073e-01
   8.9374073e-01   8.3960461e-01   8.7779244e-01   9.0447976e-01
   9.0447976e-01   8.5821909e-01   8.7779244e-01   9.1100835e-01
   9.1100835e-01   8.6874173e-01   8.7779244e-01   9.1482817e-01
   9.1482817e-01   8.7449079e-01   8.7779244e-01   9.1696977e-01
   9.1696977e-01   8.7723811e-01   8.7779244e-01   9.1812209e-01
   9.1812209e-01   8.7819566e-01   8.7779244e-01   9.1873742e-01
   9.1873742e-01   8.7807870e-01   8.7779244e-01   9.1910219e-01
   9.1910219e-01   8.7741118e-01   8.7779244e-01   9.1939194e-01
   9.1939194e-01   8.7648153e-01   8.7779244e-01   9.1970674e-01
   9.1970674e-01   8.7550212e-01   8.7779244e-01   9.2009888e-01
   9.2009888e-01   8.7456432e-01   8.7779244e-01   9.2058998e-01
   9.2058998e-01   8.7373265e-01   8.7779244e-01   9.2118443e-01
   9.2118443e-01   8.7301195e-01   8.7779244e-01   9.2187700e-01
   9.2187700e-01   8.7240391e-01   8.7779244e-01   9.2265882e-01
   9.2265882e-01   8.7188445e-01   8.7779244e-01   9.2352017e-01
   9.2352017e-01   8.7143624e-01   8.7779244e-01   9.2445266e-01
   9.2445266e-01   8.7103292e-01   8.7779244e-01   9.2544982e-01
   9.2544982e-01   8.7065687e-01   8.7779244e-01   9.2650758e-01
   9.2650758e-01   8.7028818e-01   8.7779244e-01   9.2762407e-01
   9.2762407e-01   8.6991406e-01   8.7779244e-01   9.2879953e-01
   9.2879953e-01   8.6952138e-01   8.7779244e-01   9.3003589e-01
   9.3003589e-01   8.6910169e-01   8.7779244e-01   9.3133667e-01
   9.3133667e-01   8.6864634e-01   8.7779244e-01   9.3270661e-01
   9.3270661e-01   8.6814923e-01   8.7779244e-01   9.3415161e-01
   9.3415161e-01   8.6760378e-01   8.7779244e-01   9.3567857e-01
   9.3567857e-01   8.6700442e-01   8.7779244e-01   9.3729536e-01
   9.3729536e-01   8.6634479e-01   8.7779244e-01   9.3901085e-01
   9.3901085e-01   8.6561861e-01   8.7779244e-01   9.4083492e-01
   9.4083492e-01   8.6481854e-01   8.7779244e-01   9.4277855e-01
   9.4277855e-01   8.6393670e-01   8.7779244e-01   9.4485396e-01
   9.4485396e-01   8.6296394e-01   8.7779244e-01   9.4707471e-01
   9.4707471e-01   8.6189014e-01   8.7779244e-01   9.4945591e-01
   9.4945591e-01   8.6070370e-01   8.7779244e-01   9.5201441e-01
   9.5201441e-01   8.5939164e-01   4.9249331e-01   8.3602435e-01
   8.3602435e-01   8.5793925e-01   4.9249331e-01   7.5067053e-01
   7.5067053e-01   8.0924777e-01   4.9249331e-01   6.8774786e-01
   6.8774786e-01   7.2725456e-01   4.9249331e-01   6.3975513e-01
   6.3975513e-01   6.8926342e-01   4.9249331e-01   6.0370758e-01
   6.0370758e-01   6.3434384e-01   4.9249331e-01   5.7686461e-01
   5.7686461e-01   5.9560702e-01   4.9249331e-01   5.5690980e-01
   5.5690980e-01   5.6877644e-01   4.9249331e-01   5.4241959e-01
   5.4241959e-01   5.4412488e-01   4.9249331e-01   5.3225244e-01
   5.3225244e-01   5.2474779e-01   4.9249331e-01   5.2542761e-01
   5.2542761e-01   5.1056442e-01   4.9249331e-01   5.2111715e-01
   5.2111715e-01   5.0062751e-01   4.9249331e-01   5.1864143e-01
   5.1864143e-01   4.9399015e-01   4.9249331e-01   5.1745805e-01
   5.1745805e-01   4.8983242e-01   4.9249331e-01   5.1714603e-01
   5.1714603e-01   4.8747862e-01   4.9249331e-01   5.1738773e-01
   5.1738773e-01   4.8639007e-01   4.9249331e-01   5.1795072e-01
   5.1795072e-01   4.8614969e-01   4.9249331e-01   5.1867075e-01
   5.1867075e-01   4.8644385e-01   4.9249331e-01   5.1943662e-01
   5.1943662e-01   4.8704391e-01   4.9249331e-01   5.2017725e-01
   5.2017725e-01   4.8778903e-01   4.9249331e-01   5.2085099e-01
   5.2085099e-01   4.8857093e-01   4.9249331e-01   5.2143707e-01
   5.2143707e-01   4.8932094e-01   4.9249331e-01   5.2192889e-01
   5.2192889e-01   4.8999936e-01   4.9249331e-01   5.2232898e-01
   5.2232898e-01   4.9058691e-01   4.9249331e-01   5.2264525e-01
   5.2264525e-01   4.9107815e-01   4.9249331e-01   5.2288836e-01
   5.2288836e-01   4.9147644e-01   4.9249331e-01   5.2306991e-01
   5.2306991e-01   4.9179030e-01   4.9249331e-01   5.2320125e-01
   5.2320125e-01   4.9203079e-01   4.9249331e-01   5.2329281e-01
   5.2329281e-01   4.9220978e-01   4.9249331e-01   5.2335372e-01
   5.2335372e-01   4.9233877e-01   4.9249331e-01   5.2339167e-01
   5.2339167e-01   4.9242826e-01   4.9249331e-01   5.2341298e-01
   5.2341298e-01   4.9248743e-01   4.9249331e-01   5.2342263e-01
   5.2342263e-01   4.9252397e-01   4.9249331e-01   5.2342451e-01
   5.2342451e-01   4.9254414e-01   4.9249331e-01   5.2342150e-01
   5.2342150e-01   4.9255293e-01   4.9249331e-01   5.2341572e-01
   5.2341572e-01   4.9255415e-01   4.9249331e-01   5.2340865e-01
   5.2340865e-01   4.9255067e-01   4.9249331e-01   5.2340128e-01
   5.2340128e-01   4.9254455e-01   4.9249331e-01   5.2339425e-01
   5.2339425e-01   4.9253726e-01   4.9249331e-01   5.2338790e-01
   5.2338790e-01   4.9252975e-01   4.9249331e-01   5.2338242e-01
   5.2338242e-01   4.9252263e-01   4.9249331e-01   5.2337785e-01
   4.1828044e-01   0.0000000e+00   1.0000000e+00   7.1030300e-01
   7.1030300e-01   7.9422374e-02   1.0000000e+00   8.9408141e-01
   8.9408141e-01   5.0819196e-01   1.0000000e+00   9.8745475e-01
   9.8745475e-01   7.1557244e-01   1.0000000e+00   1.0000000e+00
   1.0000000e+00   9.1134555e-01   1.0000000e+00   1.0000000e+00
   1.0000000e+00   9.4431870e-01   1.0000000e+00   1.0000000e+00
   1.0000000e+00   9.1178704e-01   1.0000000e+00   1.0000000e+00
   1.0000000e+00   9.2656656e-01   1.0000000e+00   1.0000000e+00
   1.0000000e+00   8.9149027e-01   1.0000000e+00   1.0000000e+00
   1.0000000e+00   9.0190770e-01   1.0000000e+00   1.0000000e+00
   1.0000000e+00   8.6483601e-01   1.0000000e+00   1.0000000e+00
   1.0000000e+00   8.6977915e-01   1.0000000e+00   1.0000000e+00
   1.0000000e+00   8.3451478e-01   1.0000000e+00   1.0000000e+00
   1.0000000e+00   8.3470983e-01   1.0000000e+00   1.0000000e+00
   1.0000000e+00   8.1268694e-01   1.0000000e+00   1.0000000e+00
   1.0000000e+00   8.1271635e-01   1.0000000e+00   1.0000000e+00
   1.0000000e+00   8.1091028e-01   1.0000000e+00   1.0000000e+00
   1.0000000e+00   8.1108121e-01   1.0000000e+00   1.0000000e+00
   1.0000000e+00   8.1139768e-01   1.0000000e+00   1.0000000e+00
   1.0000000e+00   8.1132973e-01   1.0000000e+00   1.0000000e+00
   1.0000000e+00   8.1127449e-01   1.0000000e+00   1.0000000e+00
   1.0000000e+00   8.1129340e-01   1.0000000e+00   1.0000000e+00
   1.0000000e+00   8.1130225e-01   1.0000000e+00   1.0000000e+00
   1.0000000e+00   8.1129762e-01   1.0000000e+00   1.0000000e+00
   1.0000000e+00   8.1129637e-01   1.0000000e+00   1.0000000e+00
   1.0000000e+00   8.1129740e-01   1.0000000e+00   1.0000000e+00
   1.0000000e+00   8.1129754e-01   1.0000000e+00   1.0000000e+00
   1.0000000e+00   8.1129732e-01   1.0000000e+00   1.0000000e+00
   1.0000000e+00   8.1129732e-01   1.0000000e+00   1.0000000e+00
   1.0000000e+00   8.1129736e-01   1.0000000e+00   1.0000000e+00
   1.0000000e+00   8.1129736e-01   1.0000000e+00   1.0000000e+00
   1.0000000e+00   8.1129735e-01   1.0000000e+00   1.0000000e+00
   1.0000000e+00   8.1129735e-01   1.0000000e+00   1.0000000e+00
   1.0000000e+00   8.1129735e-01   1.0000000e+00   1.0000000e+00
   1.0000000e+00   8.1129735e-01   1.0000000e+00   1.0000000e+00
   1.0000000e+00   8.1129735e-01   1.0000000e+00   1.0000000e+00
   1.0000000e+00   8.1129735e-01   1.0000000e+00   1.0000000e+00
   1.0000000e+00   8.1129735e-01   1.0000000e+00   1.0000000e+00
   1.0000000e+00   8.1129735e-01   1.0000000e+00   1.0000000e+00
   1.0000000e+00   8.1129735e-01   1.0000000e+00   1.0000000e+00
   1.0000000e+00   8.1129735e-01   1.0000000e+00   1.0000000e+00
   1.0000000e+00   8.1129735e-01   1.0000000e+00   1.0000000e+00
   1.0000000e+00   8.1129735e-01   1.0000000e+00   1.0000000e+00
   1.0000000e+00   8.1129735e-01   1.0000000e+00   1.0000000e+00
   1.0000000e+00   8.1129735e-01   1.0000000e+00   1.0000000e+00
   1.0000000e+00   8.1129735e-01   1.0000000e+00   1.0000000e+00
   1.0000000e+00   8.1129735e-01   1.0000000e+00   1.0000000e+00
   1.0000000e+00   8.1129735e-01   5.6743170e-01   9.2484063e-01
   9.2484063e-01   8.1129735e-01   5.6743170e-01   8.6708734e-01
   8.6708734e-01   8.0877399e-01   5.6743170e-01   8.2083905e-01
   8.2083905e-01   7.8047865e-01   5.6743170e-01   7.8012751e-01
   7.8012751e-01   7.9229157e-01   5.6743170e-01   7.4401114e-01
   7.4401114e-01   7.6948518e-01   5.6743170e-01   7.1270400e-01
   7.1270400e-01   7.3586585e-01   5.6743170e-01   6.8635494e-01
   6.8635494e-01   7.0178991e-01   5.6743170e-01   6.6479366e-01
   6.6479366e-01   6.7143751e-01   5.6743170e-01   6.4757909e-01
   6.4757909e-01   6.4620936e-01   5.6743170e-01   6.3409863e-01
   6.3409863e-01   6.2643659e-01   5.6743170e-01   6.2366774e-01
   6.2366774e-01   6.1178635e-01   5.6743170e-01   6.1566170e-01
   6.1566170e-01   6.0079062e-01   5.6743170e-01   6.0958372e-01
   6.0958372e-01   5.9204840e-01   5.6743170e-01   6.0504360e-01
   6.0504360e-01   5.8502612e-01   5.6743170e-01   6.0172396e-01
   6.0172396e-01   5.7951579e-01   5.6743170e-01   5.9936106e-01
   5.9936106e-01   5.7531769e-01   5.6743170e-01   5.9773538e-01
   5.9773538e-01   5.7221533e-01   5.6743170e-01   5.9666609e-01
   5.9666609e-01   5.6999692e-01   5.6743170e-01   5.9600672e-01
   5.9600672e-01   5.6847039e-01   5.6743170e-01   5.9564091e-01
   5.9564091e-01   5.6747022e-01   5.6743170e-01   5.9547822e-01
   5.9547822e-01   5.6685907e-01   5.6743170e-01   5.9544994e-01
   5.9544994e-01   5.6652648e-01   5.6743170e-01   5.9550522e-01
   5.9550522e-01   5.6638609e-01   6.6443014e-01   6.2550124e-01
   6.2550124e-01   5.6637212e-01   6.6443014e-01   6.4822095e-01
   6.4822095e-01   5.7297421e-01   6.6443014e-01   6.6499859e-01
   6.6499859e-01   6.0151716e-01   6.6443014e-01   6.7702365e-01
   6.7702365e-01   6.2335152e-01   6.6443014e-01   6.8536830e-01
   6.8536830e-01   6.3903267e-01   6.6443014e-01   6.9094188e-01
   6.9094188e-01   6.5000963e-01   6.6443014e-01   6.9448046e-01
   6.9448046e-01   6.5751586e-01   6.6443014e-01   6.9656360e-01
   6.9656360e-01   6.6245240e-01   6.6443014e-01   6.9763724e-01
   6.9763724e-01   6.6551931e-01   6.6443014e-01   6.9803681e-01
   6.9803681e-01   6.6726082e-01   6.6443014e-01   6.9800868e-01
   6.9800868e-01   6.6809322e-01   6.6443014e-01   6.9772908e-01
   6.9772908e-01   6.6832780e-01   6.6443014e-01   6.9732019e-01
   6.9732019e-01   6.6819148e-01   6.6443014e-01   6.9686356e-01
   6.9686356e-01   6.6784502e-01   6.6443014e-01   6.9641090e-01
   6.9641090e-01   6.6739856e-01   6.6443014e-01   6.9599254e-01
   6.9599254e-01   6.6692444e-01   6.6443014e-01   6.9562405e-01
   6.9562405e-01   6.6646744e-01   6.6443014e-01   6.9531112e-01
   6.9531112e-01   6.6605287e-01   6.6443014e-01   6.9505319e-01
   6.9505319e-01   6.6569273e-01   6.6443014e-01   6.9484606e-01
   6.9484606e-01   6.6539026e-01   6.6443014e-01   6.9468365e-01
   6.9468365e-01   6.6514330e-01   6.6443014e-01   6.9455918e-01
   6.9455918e-01   6.6494667e-01   6.6443014e-01   6.9446599e-01
   6.9446599e-01   6.6479373e-01   6.6443014e-01   6.9439790e-01
   6.9439790e-01   6.6467746e-01   0.0000000e+00   4.8958146e-01
   4.8958146e-01   6.6459112e-01   0.0000000e+00   3.3536364e-01
   3.3536364e-01   6.1754210e-01   0.0000000e+00   2.2205431e-01
   2.2205431e-01   4.3332318e-01   0.0000000e+00   1.4235751e-01
   1.4235751e-01   2.6862793e-01   0.0000000e+00   8.8760497e-02
   8.8760497e-02   1.5169729e-01   0.0000000e+00   5.3163000e-02
   5.3163000e-02   9.8193033e-02   0.0000000e+00   3.0024341e-02
   3.0024341e-02   6.1273131e-02   0.0000000e+00   1.5576195e-02
   1.5576195e-02   3.4918249e-02   0.0000000e+00   7.0139158e-03
   7.0139158e-03   1.7528338e-02   0.0000000e+00   2.3595356e-03
   2.3595356e-03   6.7221451e-03   0.0000000e+00   3.5719575e-04
   3.5719575e-04   4.1069776e-04   0.0000000e+00   0.0000000e+00
   0.0000000e+00   0.0000000e+00   0.0000000e+00   0.0000000e+00
   0.0000000e+00   0.0000000e+00   0.0000000e+00   0.0000000e+00
   0.0000000e+00   0.0000000e+00   0.0000000e+00   0.0000000e+00
   0.0000000e+00   0.0000000e+00   0.0000000e+00   0.0000000e+00
   0.0000000e+00   0.0000000e+00   0.0000000e+00   3.2162487e-04
   3.2162487e-04   0.0000000e+00   0.0000000e+00   1.2496018e-03
   1.2496018e-03   0.0000000e+00   0.0000000e+00   2.0910258e-03
   2.0910258e-03   0.0000000e+00   0.0000000e+00   2.7586468e-03
   2.7586468e-03   0.0000000e+00   0.0000000e+00   3.2808448e-03
   3.2808448e-03   0.0000000e+00   0.0000000e+00   3.6893458e-03
   3.6893458e-03   0.0000000e+00   0.0000000e+00   4.0090380e-03
   4.0090380e-03   0.0000000e+00   0.0000000e+00   4.2592509e-03
   4.2592509e-03   0.0000000e+00   0.0000000e+00   4.4550856e-03
   3.0807555e-01   0.0000000e+00   1.0000000e+00   5.3958243e-01
   5.3958243e-01   5.6982733e-02   1.0000000e+00   7.0843922e-01
   7.0843922e-01   3.4062534e-01   1.0000000e+00   8.2712485e-01
   8.2712485e-01   5.5843107e-01   1.0000000e+00   9.0698254e-01
   9.0698254e-01   7.1468848e-01   1.0000000e+00   9.5717300e-01
   9.5717300e-01   8.3884502e-01   1.0000000e+00   9.8591788e-01
   9.8591788e-01   9.0671110e-01   1.0000000e+00   9.9925774e-01
   9.9925774e-01   9.1117660e-01   1.0000000e+00   1.0000000e+00
   1.0000000e+00   9.3430875e-01   1.0000000e+00   1.0000000e+00
   1.0000000e+00   9.1145683e-01   1.0000000e+00   1.0000000e+00
   1.0000000e+00   9.1572656e-01   1.0000000e+00   1.0000000e+00
   1.0000000e+00   8.8912567e-01   1.0000000e+00   1.0000000e+00
   1.0000000e+00   8.8912343e-01   1.0000000e+00   1.0000000e+00
   1.0000000e+00   8.6029061e-01   1.0000000e+00   1.0000000e+00
   1.0000000e+00   8.5584545e-01   1.0000000e+00   1.0000000e+00
   1.0000000e+00   8.2928392e-01   1.0000000e+00   1.0000000e+00
   1.0000000e+00   8.2377032e-01   1.0000000e+00   1.0000000e+00
   1.0000000e+00   8.1108744e-01   1.0000000e+00   1.0000000e+00
   1.0000000e+00   8.1063795e-01   1.0000000e+00   1.0000000e+00
   1.0000000e+00   8.1140824e-01   1.0000000e+00   1.0000000e+00
   1.0000000e+00   8.1141977e-01   1.0000000e+00   1.0000000e+00
   1.0000000e+00   8.1126316e-01   1.0000000e+00   1.0000000e+00
   1.0000000e+00   8.1127709e-01   1.0000000e+00   1.0000000e+00
   1.0000000e+00   8.1130616e-01   0.0000000e+00   7.4783147e-01
   7.4783147e-01   8.1130041e-01   0.0000000e+00   5.5813923e-01
   5.5813923e-01   7.4956781e-01   0.0000000e+00   4.1465993e-01
   4.1465993e-01   5.7543465e-01   0.0000000e+00   3.0159666e-01
   3.0159666e-01   5.0222369e-01   0.0000000e+00   2.1480519e-01
   2.1480519e-01   3.6176182e-01   0.0000000e+00   1.5158519e-01
   1.5158519e-01   2.2746383e-01   0.0000000e+00   1.0617911e-01
   1.0617911e-01   1.5632178e-01   0.0000000e+00   7.3692454e-02
   7.3692454e-02   1.1068291e-01   0.0000000e+00   5.0602523e-02
   5.0602523e-02   7.7160428e-02   0.0000000e+00   3.4365121e-02
   3.4365121e-02   5.2403376e-02   0.0000000e+00   2.3098715e-02
   2.3098715e-02   3.4595619e-02   0.0000000e+00   1.5409078e-02
   1.5409078e-02   2.2049653e-02   0.0000000e+00   1.0262456e-02
   1.0262456e-02   1.3361242e-02   0.0000000e+00   6.9051371e-03
   6.9051371e-03   7.4523182e-03   0.0000000e+00   4.8009660e-03
   4.8009660e-03   3.5176167e-03   0.0000000e+00   3.5748804e-03
   3.5748804e-03   9.7094882e-04   0.0000000e+00   2.9404218e-03
   2.9404218e-03   0.0000000e+00   0.0000000e+00   2.6900837e-03
   2.6900837e-03   0.0000000e+00   0.0000000e+00   2.6778366e-03
   2.6778366e-03   0.0000000e+00   0.0000000e+00   3.1091826e-03
   3.1091826e-03   0.0000000e+00   0.0000000e+00   3.5449867e-03
   3.5449867e-03   0.0000000e+00   0.0000000e+00   3.8961074e-03
   3.8961074e-03   0.0000000e+00   0.0000000e+00   4.1710427e-03
   4.1710427e-03   0.0000000e+00   0.0000000e+00   4.3860787e-03
   4.3860787e-03   0.0000000e+00   1.0000000e+00   4.9410137e-01
   4.9410137e-01   0.0000000e+00   1.0000000e+00   8.1045419e-01
   8.1045419e-01   9.8040300e-02   1.0000000e+00   9.7334835e-01
   9.7334835e-01   6.2207105e-01   1.0000000e+00   1.0000000e+00
   1.0000000e+00   8.2744137e-01   1.0000000e+00   1.0000000e+00
   1.0000000e+00   9.6127651e-01   1.0000000e+00   1.0000000e+00
   1.0000000e+00   8.5241649e-01   1.0000000e+00   1.0000000e+00
   1.0000000e+00   9.3512417e-01   1.0000000e+00   1.0000000e+00
   1.0000000e+00   8.3225541e-01   1.0000000e+00   1.0000000e+00
   1.0000000e+00   9.0088843e-01   1.0000000e+00   1.0000000e+00
   1.0000000e+00   8.1459290e-01   1.0000000e+00   1.0000000e+00
   1.0000000e+00   8.6101388e-01   1.0000000e+00   1.0000000e+00
   1.0000000e+00   8.0798618e-01   1.0000000e+00   1.0000000e+00
   1.0000000e+00   8.2582435e-01   1.0000000e+00   1.0000000e+00
   1.0000000e+00   8.1052651e-01   1.0000000e+00   1.0000000e+00
   1.0000000e+00   8.1087643e-01   1.0000000e+00   1.0000000e+00
   1.0000000e+00   8.1150037e-01   1.0000000e+00   1.0000000e+00
   1.0000000e+00   8.1136046e-01   1.0000000e+00   1.0000000e+00
   1.0000000e+00   8.1125160e-01   1.0000000e+00   1.0000000e+00
   1.0000000e+00   8.1128978e-01   1.0000000e+00   1.0000000e+00
   1.0000000e+00   8.1130712e-01   1.0000000e+00   1.0000000e+00
   1.0000000e+00   8.1129782e-01   1.0000000e+00   1.0000000e+00
   1.0000000e+00   8.1129539e-01   1.0000000e+00   1.0000000e+00
   1.0000000e+00   8.1129746e-01   4.1107493e-01   8.7595824e-01
   8.7595824e-01   8.1129772e-01   4.1107493e-01   7.8123668e-01
   7.8123668e-01   8.0062370e-01   4.1107493e-01   7.0679565e-01
   7.0679565e-01   7.3967036e-01   4.1107493e-01   6.4556766e-01
   6.4556766e-01   7.0953449e-01   4.1107493e-01   5.9588692e-01
   5.9588692e-01   6.4653144e-01   4.1107493e-01   5.5607239e-01
   5.5607239e-01   5.9479535e-01   4.1107493e-01   5.2413793e-01
   5.2413793e-01   5.5870538e-01   4.1107493e-01   4.9909983e-01
   4.9909983e-01   5.2098743e-01   4.1107493e-01   4.8000165e-01
   4.8000165e-01   4.8938779e-01   4.1107493e-01   4.6585863e-01
   4.6585863e-01   4.6454624e-01   4.1107493e-01   4.5572677e-01
   4.5572677e-01   4.4563066e-01   4.1107493e-01   4.4875018e-01
   4.4875018e-01   4.3167268e-01   4.1107493e-01   4.4418492e-01
   4.4418492e-01   4.2173572e-01   4.1107493e-01   4.4140710e-01
   4.4140710e-01   4.1495874e-01   4.1107493e-01   4.3991038e-01
   4.3991038e-01   4.1058256e-01   4.1107493e-01   4.3929648e-01
   4.3929648e-01   4.0796800e-01   4.1107493e-01   4.3926153e-01
   4.3926153e-01   4.0660054e-01   4.1107493e-01   4.3958065e-01
   4.3958065e-01   4.0608139e-01   4.1107493e-01   4.4009278e-01
   4.4009278e-01   4.0611114e-01   4.1107493e-01   4.4068683e-01
   4.4068683e-01   4.0647129e-01   4.1107493e-01   4.4128969e-01
   4.4128969e-01   4.0700709e-01   4.1107493e-01   4.4185636e-01
   4.4185636e-01   4.0761276e-01   4.1107493e-01   4.4236200e-01
   4.4236200e-01   4.0821931e-01   4.1107493e-01   4.4279570e-01
   4.4279570e-01   4.0878474e-01   1.0000000e+00   6.2358415e-01
   6.2358415e-01   4.0928632e-01   1.0000000e+00   7.5823295e-01
   7.5823295e-01   4.4712461e-01   1.0000000e+00   8.5488212e-01
   8.5488212e-01   6.1833872e-01   1.0000000e+00   9.2021163e-01
   9.2021163e-01   7.7232662e-01   1.0000000e+00   9.6195287e-01
   9.6195287e-01   8.6241392e-01   1.0000000e+00   9.8653739e-01
   9.8653739e-01   9.0549228e-01   1.0000000e+00   9.9853826e-01
   9.9853826e-01   9.1723727e-01   1.0000000e+00   1.0000000e+00
   1.0000000e+00   9.2751294e-01   1.0000000e+00   1.0000000e+00
   1.0000000e+00   9.1590327e-01   1.0000000e+00   1.0000000e+00
   1.0000000e+00   9.0963786e-01   1.0000000e+00   1.0000000e+00
   1.0000000e+00   8.9305295e-01   1.0000000e+00   1.0000000e+00
   1.0000000e+00   8.8300940e-01   1.0000000e+00   1.0000000e+00
   1.0000000e+00   8.6338849e-01   1.0000000e+00   1.0000000e+00
   1.0000000e+00   8.5026652e-01   1.0000000e+00   1.0000000e+00
   1.0000000e+00   8.3115641e-01   1.0000000e+00   1.0000000e+00
   1.0000000e+00   8.2033457e-01   1.0000000e+00   1.0000000e+00
   1.0000000e+00   8.1161284e-01   1.0000000e+00   1.0000000e+00
   1.0000000e+00   8.1044620e-01   1.0000000e+00   1.0000000e+00
   1.0000000e+00   8.1132448e-01   1.0000000e+00   1.0000000e+00
   1.0000000e+00   8.1146961e-01   1.0000000e+00   1.0000000e+00
   1.0000000e+00   8.1127422e-01   1.0000000e+00   1.0000000e+00
   1.0000000e+00   8.1126636e-01   1.0000000e+00   1.0000000e+00
   1.0000000e+00   8.1130510e-01   1.0000000e+00   1.0000000e+00
   1.0000000e+00   8.1130263e-01   1.0000000e+00   1.0000000e+00
   2.9929858e-01   0.0000000e+00   9.7037038e-01   5.2504898e-01
   5.2504898e-01   5.5213207e-02   9.7037038e-01   6.9074445e-01
   6.9074445e-01   3.2838710e-01   9.7037038e-01   8.0814358e-01
   8.0814358e-01   5.4694401e-01   9.7037038e-01   8.8878688e-01
   8.8878688e-01   6.8962683e-01   9.7037038e-01   9.4088606e-01
   9.4088606e-01   8.1901414e-01   9.7037038e-01   9.7269600e-01
   9.7269600e-01   8.9112967e-01   9.7037038e-01   9.9109394e-01
   9.9109394e-01   9.0449007e-01   9.7037038e-01   9.9941631e-01
   9.9941631e-01   9.2690054e-01   9.7037038e-01   1.0000000e+00
   1.0000000e+00   9.1624554e-01   9.7037038e-01   1.0000000e+00
   1.0000000e+00   9.1907898e-01   9.7037038e-01   1.0000000e+00
   1.0000000e+00   8.9600120e-01   9.7037038e-01   1.0000000e+00
   1.0000000e+00   8.9416608e-01   9.7037038e-01   1.0000000e+00
   1.0000000e+00   8.6833207e-01   9.7037038e-01   1.0000000e+00
   1.0000000e+00   8.6221049e-01   9.7037038e-01   1.0000000e+00
   1.0000000e+00   8.3660492e-01   9.7037038e-01   1.0000000e+00
   1.0000000e+00   8.2891165e-01   9.7037038e-01   1.0000000e+00
   1.0000000e+00   8.1340256e-01   9.7037038e-01   1.0000000e+00
   1.0000000e+00   8.1125525e-01   9.7037038e-01   1.0000000e+00
   1.0000000e+00   8.1094114e-01   1.0000000e+00   1.0000000e+00
   1.0000000e+00   8.1134272e-01   1.0000000e+00   1.0000000e+00
   1.0000000e+00   8.1136381e-01   1.0000000e+00   1.0000000e+00
   1.0000000e+00   8.1128162e-01   1.0000000e+00   1.0000000e+00
   1.0000000e+00   8.1128602e-01   1.0000000e+00   1.0000000e+00
   1.0000000e+00   8.1130161e-01   1.0000000e+00   1.0000000e+00
   1.0000000e+00   8.1129913e-01   1.0000000e+00   1.0000000e+00
   1.0000000e+00   8.1129633e-01   1.0000000e+00   1.0000000e+00
   1.0000000e+00   8.1129711e-01   1.0000000e+00   1.0000000e+00
   1.0000000e+00   8.1129758e-01   1.0000000e+00   1.0000000e+00
   1.0000000e+00   8.1129738e-01   1.0000000e+00   1.0000000e+00
   1.0000000e+00   8.1129731e-01   1.0000000e+00   1.0000000e+00
   1.0000000e+00   8.1129735e-01   1.0000000e+00   1.0000000e+00
   1.0000000e+00   8.1129736e-01   1.0000000e+00   1.0000000e+00
   1.0000000e+00   8.1129735e-01   1.0000000e+00   1.0000000e+00
   1.0000000e+00   8.1129735e-01   1.0000000e+00   1.0000000e+00
   1.0000000e+00   8.1129735e-01   1.0000000e+00   1.0000000e+00
   1.0000000e+00   8.1129735e-01   1.0000000e+00   1.0000000e+00
   1.0000000e+00   8.1129735e-01   1.0000000e+00   1.0000000e+00
   1.0000000e+00   8.1129735e-01   1.0000000e+00   1.0000000e+00
   1.0000000e+00   8.1129735e-01   2.5603325e-01   8.2882911e-01
   8.2882911e-01   8.1129735e-01   2.5603325e-01   6.9858427e-01
   6.9858427e-01   7.8671587e-01   2.5603325e-01   5.9768727e-01
   5.9768727e-01   6.8629277e-01   2.5603325e-01   5.1776141e-01
   5.1776141e-01   6.1537249e-01   2.5603325e-01   4.5369358e-01
   4.5369358e-01   5.5181688e-01   2.5603325e-01   4.0346106e-01
   4.0346106e-01   4.7654821e-01   2.5603325e-01   3.6517348e-01
   3.6517348e-01   4.1273453e-01   2.5603325e-01   3.3692582e-01
   3.3692582e-01   3.6166778e-01   2.5603325e-01   3.1684289e-01
   3.1684289e-01   3.2278890e-01   2.5603325e-01   3.0295010e-01
   3.0295010e-01   2.9780693e-01   2.5603325e-01   2.9351519e-01
   2.9351519e-01   2.8233783e-01   2.5603325e-01   2.8723244e-01
   2.8723244e-01   2.7205688e-01   2.5603325e-01   2.8315549e-01
   2.8315549e-01   2.6512799e-01   2.5603325e-01   2.8060419e-01
   2.8060419e-01   2.6054341e-01   2.5603325e-01   2.7909249e-01
   2.7909249e-01   2.5760339e-01   2.5603325e-01   2.7827538e-01
   2.7827538e-01   2.5580348e-01   2.5603325e-01   2.7791026e-01
   2.7791026e-01   2.5477928e-01   2.5603325e-01   2.7782866e-01
   2.7782866e-01   2.5426966e-01   2.5603325e-01   2.7791538e-01
   2.7791538e-01   2.5409006e-01   2.5603325e-01   2.7809331e-01
   2.7809331e-01   2.5411236e-01   9.5960608e-01   4.9507936e-01
   4.9507936e-01   2.5424948e-01   9.5960608e-01   6.5456823e-01
   6.5456823e-01   3.6322802e-01   9.5960608e-01   7.7217339e-01
   7.7217339e-01   5.0353355e-01   9.5960608e-01   8.5641137e-01
   8.5641137e-01   6.4831840e-01   9.5960608e-01   9.1362766e-01
   9.1362766e-01   7.8240221e-01   9.5960608e-01   9.5087072e-01
   9.5087072e-01   8.6052243e-01   9.5960608e-01   9.7442142e-01
   9.7442142e-01   8.9743682e-01   9.5960608e-01   9.8890789e-01
   9.8890789e-01   9.1131245e-01   9.5960608e-01   9.9695455e-01
   9.9695455e-01   9.2148407e-01   9.5960608e-01   1.0000000e+00
   1.0000000e+00   9.1824025e-01   9.5960608e-01   1.0000000e+00
   1.0000000e+00   9.1492774e-01   9.5960608e-01   1.0000000e+00
   1.0000000e+00   9.0094577e-01   9.5960608e-01   1.0000000e+00
   1.0000000e+00   8.9035799e-01   9.5960608e-01   1.0000000e+00
   1.0000000e+00   8.7300220e-01   9.5960608e-01   1.0000000e+00
   1.0000000e+00   8.5902284e-01   9.5960608e-01   1.0000000e+00
   1.0000000e+00   8.4032528e-01   9.5960608e-01   1.0000000e+00
   1.0000000e+00   8.2686680e-01   9.5960608e-01   1.0000000e+00
   1.0000000e+00   8.1491894e-01   9.5960608e-01   1.0000000e+00
   1.0000000e+00   8.1083970e-01   5.4420280e-01   9.0908634e-01
   9.0908634e-01   8.1078229e-01   5.4420280e-01   8.4118853e-01
   8.4118853e-01   8.0719028e-01   5.4420280e-01   7.8847484e-01
   7.8847484e-01   7.7020059e-01   5.4420280e-01   7.4400421e-01
   7.4400421e-01   7.7198173e-01   5.4420280e-01   7.0640230e-01
   7.0640230e-01   7.3762236e-01   5.4420280e-01   6.7525028e-01
   6.7525028e-01   6.9827216e-01   5.4420280e-01   6.5007583e-01
   6.5007583e-01   6.6248776e-01   5.4420280e-01   6.3017896e-01
   6.3017896e-01   6.3319401e-01   5.4420280e-01   6.1466638e-01
   6.1466638e-01   6.1139290e-01   5.4420280e-01   6.0263918e-01
   6.0263918e-01   5.9559640e-01   5.4420280e-01   5.9341133e-01
   5.9341133e-01   5.8261663e-01   5.4420280e-01   5.8646253e-01
   5.8646253e-01   5.7173883e-01   5.4420280e-01   5.8135804e-01
   5.8135804e-01   5.6304731e-01   5.4420280e-01   5.7772088e-01
   5.7772088e-01   5.5638499e-01   5.4420280e-01   5.7522589e-01
   5.7522589e-01   5.5145694e-01   5.4420280e-01   5.7359831e-01
   5.7359831e-01   5.4794074e-01   5.4420280e-01   5.7261160e-01
   5.7261160e-01   5.4553394e-01   5.4420280e-01   5.7208372e-01
   5.7208372e-01   5.4397235e-01   5.4420280e-01   5.7187207e-01
   5.7187207e-01   5.4303518e-01   5.4420280e-01   5.7186788e-01
   5.7186788e-01   5.4254411e-01   0.0000000e+00   4.0427364e-01
   4.0427364e-01   5.4235926e-01   0.0000000e+00   2.7772894e-01
   2.7772894e-01   5.0967463e-01   0.0000000e+00   1.8509641e-01
   1.8509641e-01   3.4842102e-01   0.0000000e+00   1.2102471e-01
   1.2102471e-01   1.9780464e-01   0.0000000e+00   7.7307179e-02
   7.7307179e-02   1.2883392e-01   0.0000000e+00   4.7835083e-02
   4.7835083e-02   8.5359477e-02   0.0000000e+00   2.8344112e-02
   2.8344112e-02   5.3590681e-02   0.0000000e+00   1.5790446e-02
   1.5790446e-02   3.1379370e-02   0.0000000e+00   8.0876015e-03
   8.0876015e-03   1.6595180e-02   0.0000000e+00   3.6174912e-03
   3.6174912e-03   7.1303620e-03   0.0000000e+00   1.2438169e-03
   1.2438169e-03   1.3823532e-03   0.0000000e+00   2.3636966e-04
   2.3636966e-04   0.0000000e+00   0.0000000e+00   0.0000000e+00
   0.0000000e+00   0.0000000e+00   0.0000000e+00   0.0000000e+00
   0.0000000e+00   0.0000000e+00   0.0000000e+00   0.0000000e+00
   0.0000000e+00   0.0000000e+00   0.0000000e+00   4.0825412e-04
   4.0825412e-04   0.0000000e+00   0.0000000e+00   1.3328502e-03
   1.3328502e-03   0.0000000e+00   0.0000000e+00   2.1574671e-03
   2.1574671e-03   0.0000000e+00   0.0000000e+00   2.8106165e-03
   2.8106165e-03   0.0000000e+00   0.0000000e+00   3.3214930e-03
   3.3214930e-03   0.0000000e+00   0.0000000e+00   3.7211559e-03
   2.1556538e-01   0.0000000e+00   6.9848734e-01   3.7902983e-01
   3.7902983e-01   3.8438112e-02   6.9848734e-01   5.0134278e-01
   5.0134278e-01   2.2221608e-01   6.9848734e-01   5.8760515e-01
   5.8760515e-01   4.1972201e-01   6.9848734e-01   6.4944762e-01
   6.4944762e-01   4.8705261e-01   6.9848734e-01   6.9233787e-01
   6.9233787e-01   5.6823665e-01   6.9848734e-01   7.2058537e-01
   7.2058537e-01   6.3026901e-01   6.9848734e-01   7.3782236e-01
   7.3782236e-01   6.7372954e-01   6.9848734e-01   7.4725657e-01
   7.4725657e-01   6.9937718e-01   6.9848734e-01   7.5138238e-01
   7.5138238e-01   7.1428922e-01   6.9848734e-01   7.5206636e-01
   7.5206636e-01   7.2193119e-01   6.9848734e-01   7.5066138e-01
   7.5066138e-01   7.2478120e-01   6.9848734e-01   7.4811794e-01
   7.4811794e-01   7.2460148e-01   6.9848734e-01   7.4508015e-01
   7.4508015e-01   7.2264257e-01   6.9848734e-01   7.4196484e-01
   7.4196484e-01   7.1976812e-01   6.9848734e-01   7.3902461e-01
   7.3902461e-01   7.1655429e-01   6.9848734e-01   7.3639679e-01
   7.3639679e-01   7.1336688e-01   6.9848734e-01   7.3414067e-01
   7.3414067e-01   7.1042113e-01   6.9848734e-01   7.3226504e-01
   7.3226504e-01   7.0782764e-01   6.9848734e-01   7.3074809e-01
   7.3074809e-01   7.0562706e-01   6.9848734e-01   7.2955147e-01
   7.2955147e-01   7.0381561e-01   6.9848734e-01   7.2862969e-01
   7.2862969e-01   7.0236346e-01   6.9848734e-01   7.2793629e-01
   7.2793629e-01   7.0122740e-01   6.9848734e-01   7.2742749e-01
   7.2742749e-01   7.0035938e-01   5.8509768e-01   6.9211890e-01
   6.9211890e-01   6.9971189e-01   5.8509768e-01   6.6618106e-01
   6.6618106e-01   6.8086061e-01   5.8509768e-01   6.4752048e-01
   6.4752048e-01   6.4963893e-01   5.8509768e-01   6.3439178e-01
   6.3439178e-01   6.2715716e-01   5.8509768e-01   6.2534957e-01
   6.2534957e-01   6.1181827e-01   5.8509768e-01   6.1925983e-01
   6.1925983e-01   6.0146506e-01   5.8509768e-01   6.1529395e-01
   6.1529395e-01   5.9412213e-01   5.8509768e-01   6.1284704e-01
   6.1284704e-01   5.8897023e-01   5.8509768e-01   6.1146964e-01
   6.1146964e-01   5.8553444e-01   5.8509768e-01   6.1082593e-01
   6.1082593e-01   5.8340068e-01   5.8509768e-01   6.1066681e-01
   6.1066681e-01   5.8221328e-01   5.8509768e-01   6.1081044e-01
   6.1081044e-01   5.8168461e-01   5.8509768e-01   6.1112708e-01
   6.1112708e-01   5.8159234e-01   5.8509768e-01   6.1152693e-01
   6.1152693e-01   5.8177082e-01   5.8509768e-01   6.1195024e-01
   6.1195024e-01   5.8210099e-01   5.8509768e-01   6.1235940e-01
   6.1235940e-01   5.8250042e-01   5.8509768e-01   6.1273270e-01
   6.1273270e-01   5.8291468e-01   5.8509768e-01   6.1305946e-01
   6.1305946e-01   5.8330998e-01   5.8509768e-01   6.1333637e-01
   6.1333637e-01   5.8366730e-01   5.8509768e-01   6.1356479e-01
   6.1356479e-01   5.8397778e-01   5.8509768e-01   6.1374877e-01
   6.1374877e-01   5.8423929e-01   5.8509768e-01   6.1389374e-01
   6.1389374e-01   5.8445385e-01   5.8509768e-01   6.1400557e-01
   6.1400557e-01   5.8462583e-01   5.8509768e-01   6.1409000e-01
   6.1409000e-01   5.8476073e-01   1.4407386e-01   4.7823399e-01
   4.7823399e-01   5.8486433e-01   1.4407386e-01   3.7527755e-01
   3.7527755e-01   5.5911373e-01   1.4407386e-01   2.9920065e-01
   2.9920065e-01   4.2987140e-01   1.4407386e-01   2.4506822e-01
   2.4506822e-01   3.2452287e-01   1.4407386e-01   2.0861948e-01
   2.0861948e-01   2.4193701e-01   1.4407386e-01   1.8468985e-01
   1.8468985e-01   2.0093251e-01   1.4407386e-01   1.6949709e-01
   1.6949709e-01   1.7376301e-01   1.4407386e-01   1.6038862e-01
   1.6038862e-01   1.5499378e-01   1.4407386e-01   1.5546504e-01
   1.5546504e-01   1.4269318e-01   1.4407386e-01   1.5334884e-01
   1.5334884e-01   1.3528099e-01   1.4407386e-01   1.5304380e-01
   1.5304380e-01   1.3137337e-01   1.4407386e-01   1.5383987e-01
   1.5383987e-01   1.2984633e-01   1.4407386e-01   1.5524198e-01
   1.5524198e-01   1.2985324e-01   1.4407386e-01   1.5691481e-01
   1.5691481e-01   1.3078442e-01   1.4407386e-01   1.5863991e-01
   1.5863991e-01   1.3221376e-01   1.4407386e-01   1.6028278e-01
   1.6028278e-01   1.3385209e-01   1.4407386e-01   1.6176797e-01
   1.6176797e-01   1.3551068e-01   1.4407386e-01   1.6306040e-01
   1.6306040e-01   1.3707349e-01   1.4407386e-01   1.6415161e-01
   1.6415161e-01   1.3847613e-01   1.4407386e-01   1.6504974e-01
   1.6504974e-01   1.3968991e-01   1.4407386e-01   1.6577241e-01
   1.6577241e-01   1.4070976e-01   1.4407386e-01   1.6634181e-01
   1.6634181e-01   1.4154538e-01   1.4407386e-01   1.6678142e-01
   1.6678142e-01   1.4221482e-01   5.9221525e-01   3.0522582e-01
   3.0522582e-01   1.4273994e-01   5.9221525e-01   4.0808544e-01
   4.0808544e-01   1.9964472e-01   5.9221525e-01   4.8211409e-01
   4.8211409e-01   3.3585775e-01   5.9221525e-01   5.3553596e-01
   5.3553596e-01   4.0560263e-01   5.9221525e-01   5.7392285e-01
   5.7392285e-01   4.5997381e-01   5.9221525e-01   6.0057105e-01
   6.0057105e-01   5.1099206e-01   5.9221525e-01   6.1820890e-01
   6.1820890e-01   5.4854119e-01   5.9221525e-01   6.2912394e-01
   6.2912394e-01   5.7451038e-01   5.9221525e-01   6.3519793e-01
   6.3519793e-01   5.9130406e-01   5.9221525e-01   6.3794053e-01
   6.3794053e-01   6.0111529e-01   5.9221525e-01   6.3850937e-01
   6.3850937e-01   6.0611440e-01   5.9221525e-01   6.3774863e-01
   6.3774863e-01   6.0806605e-01   5.9221525e-01   6.3624866e-01
   6.3624866e-01   6.0816706e-01   5.9221525e-01   6.3440719e-01
   6.3440719e-01   6.0719788e-01   5.9221525e-01   6.3248134e-01
   6.3248134e-01   6.0566713e-01   5.9221525e-01   6.3062863e-01
   6.3062863e-01   6.0390185e-01   5.9221525e-01   6.2893786e-01
   6.2893786e-01   6.0210660e-01   5.9221525e-01   6.2745167e-01
   6.2745167e-01   6.0040383e-01   5.9221525e-01   6.2618269e-01
   6.2618269e-01   5.9886134e-01   5.9221525e-01   6.2512488e-01
   6.2512488e-01   5.9751072e-01   5.9221525e-01   6.2426136e-01
   6.2426136e-01   5.9635990e-01   5.9221525e-01   6.2356979e-01
   6.2356979e-01   5.9540185e-01   5.9221525e-01   6.2302586e-01
   6.2302586e-01   5.9462064e-01   5.9221525e-01   6.2260560e-01
   6.2260560e-01   5.9399576e-01   2.4068848e-02   4.4719072e-01
   4.4719072e-01   5.9350504e-01   2.4068848e-02   3.1424709e-01
   3.1424709e-01   5.6023287e-01   2.4068848e-02   2.1621757e-01
   2.1621757e-01   3.9308574e-01   2.4068848e-02   1.4761788e-01
   1.4761788e-01   2.4068900e-01   2.4068848e-02   1.0099535e-01
   1.0099535e-01   1.5382191e-01   2.4068848e-02   6.9678414e-02
   6.9678414e-02   1.0637461e-01   2.4068848e-02   4.9071441e-02
   4.9071441e-02   7.2999307e-02   2.4068848e-02   3.5992260e-02
   3.5992260e-02   4.9570530e-02   2.4068848e-02   2.8114473e-02
   2.8114473e-02   3.4007842e-02   2.4068848e-02   2.3767290e-02
   2.3767290e-02   2.4185789e-02   2.4068848e-02   2.1759775e-02
   2.1759775e-02   1.8357565e-02   2.4068848e-02   2.1252604e-02
   2.1252604e-02   1.5234803e-02   2.4068848e-02   2.1662664e-02
   2.1662664e-02   1.3894712e-02   2.4068848e-02   2.2591999e-02
   2.2591999e-02   1.3687461e-02   2.4068848e-02   2.3775144e-02
   2.3775144e-02   1.4162904e-02   2.4068848e-02   2.5040341e-02
   2.5040341e-02   1.5015181e-02   2.4068848e-02   2.6281191e-02
   2.6281191e-02   1.6041486e-02   2.4068848e-02   2.7436107e-02
   2.7436107e-02   1.7111716e-02   2.4068848e-02   2.8473585e-02
   2.8473585e-02   1.8146302e-02   2.4068848e-02   2.9381738e-02
   2.9381738e-02   1.9100178e-02   2.4068848e-02   3.0160982e-02
   3.0160982e-02   1.9951307e-02   2.4068848e-02   3.0818991e-02
   3.0818991e-02   2.0692554e-02   2.4068848e-02   3.1367296e-02
   3.1367296e-02   2.1326025e-02   2.4068848e-02   3.1819047e-02
   3.1819047e-02   2.1859177e-02   2.4068848e-02   3.2187592e-02
   3.0807555e-01   0.0000000e+00   1.0000000e+00   5.3958243e-01
   5.3958243e-01   5.6982733e-02   1.0000000e+00   7.0843922e-01
   7.0843922e-01   3.4062534e-01   1.0000000e+00   8.2712485e-01
   8.2712485e-01   5.5843107e-01   1.0000000e+00   9.0698254e-01
   9.0698254e-01   7.1468848e-01   1.0000000e+00   9.5717300e-01
   9.5717300e-01   8.3884502e-01   1.0000000e+00   9.8591788e-01
   9.8591788e-01   9.0671110e-01   1.0000000e+00   9.9925774e-01
   9.9925774e-01   9.1117660e-01   1.0000000e+00   1.0000000e+00
   1.0000000e+00   9.3430875e-01   1.0000000e+00   1.0000000e+00
   1.0000000e+00   9.1145683e-01   1.0000000e+00   1.0000000e+00
   1.0000000e+00   9.1572656e-01   1.0000000e+00   1.0000000e+00
   1.0000000e+00   8.8912567e-01   1.0000000e+00   1.0000000e+00
   1.0000000e+00   8.8912343e-01   1.0000000e+00   1.0000000e+00
   1.0000000e+00   8.6029061e-01   1.0000000e+00   1.0000000e+00
   1.0000000e+00   8.5584545e-01   1.0000000e+00   1.0000000e+00
   1.0000000e+00   8.2928392e-01   1.0000000e+00   1.0000000e+00
   1.0000000e+00   8.2377032e-01   1.0000000e+00   1.0000000e+00
   1.0000000e+00   8.1108744e-01   1.0000000e+00   1.0000000e+00
   1.0000000e+00   8.1063795e-01   1.0000000e+00   1.0000000e+00
   1.0000000e+00   8.1140824e-01   1.0000000e+00   1.0000000e+00
   1.0000000e+00   8.1141977e-01   1.0000000e+00   1.0000000e+00
   1.0000000e+00   8.1126316e-01   1.0000000e+00   1.0000000e+00
   1.0000000e+00   8.1127709e-01   1.0000000e+00   1.0000000e+00
   1.0000000e+00   8.1130616e-01   0.0000000e+00   7.4783147e-01
   7.4783147e-01   8.1130041e-01   0.0000000e+00   5.5813923e-01
   5.5813923e-01   7.4956781e-01   0.0000000e+00   4.1465993e-01
   4.1465993e-01   5.7543465e-01   0.0000000e+00   3.0159666e-01
   3.0159666e-01   5.0222369e-01   0.0000000e+00   2.1480519e-01
   2.1480519e-01   3.6176182e-01   0.0000000e+00   1.5158519e-01
   1.5158519e-01   2.2746383e-01   0.0000000e+00   1.0617911e-01
   1.0617911e-01   1.5632178e-01   0.0000000e+00   7.3692454e-02
   7.3692454e-02   1.1068291e-01   0.0000000e+00   5.0602523e-02
   5.0602523e-02   7.7160428e-02   0.0000000e+00   3.4365121e-02
   3.4365121e-02   5.2403376e-02   0.0000000e+00   2.3098715e-02
   2.3098715e-02   3.4595619e-02   0.0000000e+00   1.5409078e-02
   1.5409078e-02   2.2049653e-02   0.0000000e+00   1.0262456e-02
   1.0262456e-02   1.3361242e-02   0.0000000e+00   6.9051371e-03
   6.9051371e-03   7.4523182e-03   0.0000000e+00   4.8009660e-03
   4.8009660e-03   3.5176167e-03   0.0000000e+00   3.5748804e-03
   3.5748804e-03   9.7094882e-04   0.0000000e+00   2.9404218e-03
   2.9404218e-03   0.0000000e+00   0.0000000e+00   2.6900837e-03
   2.6900837e-03   0.0000000e+00   0.0000000e+00   2.6778366e-03
   2.6778366e-03   0.0000000e+00   0.0000000e+00   3.1091826e-03
   3.1091826e-03   0.0000000e+00   0.0000000e+00   3.5449867e-03
   3.5449867e-03   0.0000000e+00   0.0000000e+00   3.8961074e-03
   3.8961074e-03   0.0000000e+00   0.0000000e+00   4.1710427e-03
   4.1710427e-03   0.0000000e+00   0.0000000e+00   4.3860787e-03
   4.3860787e-03   0.0000000e+00   1.0000000e+00   3.1215671e-01
   3.1215671e-01   0.0000000e+00   1.0000000e+00   5.4316877e-01
   5.4316877e-01   6.0546694e-02   1.0000000e+00   7.1127019e-01
   7.1127019e-01   3.4682671e-01   1.0000000e+00   8.2933802e-01
   8.2933802e-01   5.6002079e-01   1.0000000e+00   9.0853741e-01
   9.0853741e-01   7.1908769e-01   1.0000000e+00   9.5815280e-01
   9.5815280e-01   8.4093408e-01   1.0000000e+00   9.8654443e-01
   9.8654443e-01   9.0750992e-01   1.0000000e+00   9.9956708e-01
   9.9956708e-01   9.1174043e-01   1.0000000e+00   1.0000000e+00
   1.0000000e+00   9.3446425e-01   1.0000000e+00   1.0000000e+00
   1.0000000e+00   9.1142169e-01   1.0000000e+00   1.0000000e+00
   1.0000000e+00   9.1546939e-01   1.0000000e+00   1.0000000e+00
   1.0000000e+00   8.8903902e-01   1.0000000e+00   1.0000000e+00
   1.0000000e+00   8.8881836e-01   1.0000000e+00   1.0000000e+00
   1.0000000e+00   8.6015262e-01   1.0000000e+00   1.0000000e+00
   1.0000000e+00   8.5551983e-01   1.0000000e+00   1.0000000e+00
   1.0000000e+00   8.2914384e-01   1.0000000e+00   1.0000000e+00
   1.0000000e+00   8.2354322e-01   1.0000000e+00   1.0000000e+00
   1.0000000e+00   8.1105791e-01   1.0000000e+00   1.0000000e+00
   1.0000000e+00   8.1062149e-01   1.0000000e+00   1.0000000e+00
   1.0000000e+00   8.1141600e-01   1.0000000e+00   1.0000000e+00
   1.0000000e+00   8.1142242e-01   1.0000000e+00   1.0000000e+00
   1.0000000e+00   8.1126139e-01   1.0000000e+00   1.0000000e+00
   1.0000000e+00   8.1127677e-01   6.0963213e-01   9.3512275e-01
   9.3512275e-01   8.1130655e-01   6.0963213e-01   8.8582823e-01
   8.8582823e-01   8.0972493e-01   6.0963213e-01   8.4666900e-01
   8.4666900e-01   7.8682150e-01   6.0963213e-01   8.1181914e-01
   8.1181914e-01   8.0561342e-01   6.0963213e-01   7.8013714e-01
   7.8013714e-01   7.9389354e-01   6.0963213e-01   7.5190122e-01
   7.5190122e-01   7.6878861e-01   6.0963213e-01   7.2746062e-01
   7.2746062e-01   7.4079158e-01   6.0963213e-01   7.0695474e-01
   7.0695474e-01   7.1357611e-01   6.0963213e-01   6.9022734e-01
   6.9022734e-01   6.8979968e-01   6.0963213e-01   6.7692286e-01
   6.7692286e-01   6.7000005e-01   6.0963213e-01   6.6658216e-01
   6.6658216e-01   6.5408619e-01   6.0963213e-01   6.5871275e-01
   6.5871275e-01   6.4170792e-01   6.0963213e-01   6.5283778e-01
   6.5283778e-01   6.3236359e-01   6.0963213e-01   6.4852906e-01
   6.4852906e-01   6.2546186e-01   6.0963213e-01   6.4542423e-01
   6.4542423e-01   6.2042715e-01   6.0963213e-01   6.4322929e-01
   6.4322929e-01   6.1678558e-01   6.0963213e-01   6.4171207e-01
   6.4171207e-01   6.1418036e-01   6.0963213e-01   6.4069240e-01
   6.4069240e-01   6.1234677e-01   6.0963213e-01   6.4003228e-01
   6.4003228e-01   6.1108521e-01   6.0963213e-01   6.3962726e-01
   6.3962726e-01   6.1024324e-01   6.0963213e-01   6.3939928e-01
   6.3939928e-01   6.0970430e-01   6.0963213e-01   6.3929079e-01
   6.3929079e-01   6.0937994e-01   6.0963213e-01   6.3926005e-01
   6.3926005e-01   6.0920384e-01   6.0963213e-01   6.3927735e-01
   6.3927735e-01   6.0912706e-01   4.5555958e-02   4.6548037e-01
   4.6548037e-01   6.0911416e-01   4.5555958e-02   3.3372144e-01
   3.3372144e-01   5.7723595e-01   4.5555958e-02   2.3630046e-01
   2.3630046e-01   4.1221029e-01   4.5555958e-02   1.6754528e-01
   1.6754528e-01   2.6829957e-01   4.5555958e-02   1.2109675e-01
   1.2109675e-01   1.7212622e-01   4.5555958e-02   9.0217890e-02
   9.0217890e-02   1.2368212e-01   4.5555958e-02   7.0177317e-02
   7.0177317e-02   9.0298050e-02   4.5555958e-02   5.7671837e-02
   5.7671837e-02   6.7200697e-02   4.5555958e-02   5.0341374e-02
   5.0341374e-02   5.2081279e-02   4.5555958e-02   4.6495915e-02
   4.6495915e-02   4.2717781e-02   4.5555958e-02   4.4935007e-02
   4.4935007e-02   3.7332241e-02   4.5555958e-02   4.4816432e-02
   4.4816432e-02   3.4617581e-02   4.5555958e-02   4.5558445e-02
   4.5558445e-02   3.3641824e-02   4.5555958e-02   4.6767005e-02
   4.6767005e-02   3.3752254e-02   4.5555958e-02   4.8181905e-02
   4.8181905e-02   3.4499657e-02   4.5555958e-02   4.9637169e-02
   4.9637169e-02   3.5581258e-02   4.5555958e-02   5.1032188e-02
   5.1032188e-02   3.6798440e-02   4.5555958e-02   5.2310860e-02
   5.2310860e-02   3.8025707e-02   4.5555958e-02   5.3446680e-02
   5.3446680e-02   3.9188105e-02   4.5555958e-02   5.4432200e-02
   5.4432200e-02   4.0244945e-02   4.5555958e-02   5.5271692e-02
   5.5271692e-02   4.1178192e-02   4.5555958e-02   5.5976127e-02
   5.5976127e-02   4.1984282e-02   4.5555958e-02   5.6559810e-02
   5.6559810e-02   4.2668438e-02   4.5555958e-02   5.7038195e-02
   5.7038195e-02   4.3240794e-02   4.5555958e-02   5.7426528e-02
   1.8364627e-01   0.0000000e+00   5.9491715e-01   3.2294115e-01
   3.2294115e-01   3.2087812e-02   5.9491715e-01   4.2735680e-01
   4.2735680e-01   1.8629684e-01   5.9491715e-01   5.0130247e-01
   5.0130247e-01   3.5243278e-01   5.9491715e-01   5.5385103e-01
   5.5385103e-01   4.2051796e-01   5.9491715e-01   5.9066225e-01
   5.9066225e-01   4.7882963e-01   5.9491715e-01   6.1537221e-01
   6.1537221e-01   5.2948934e-01   5.9491715e-01   6.3098104e-01
   6.3098104e-01   5.6543101e-01   5.9491715e-01   6.3995981e-01
   6.3995981e-01   5.8929335e-01   5.9491715e-01   6.4431271e-01
   6.4431271e-01   6.0366536e-01   5.9491715e-01   6.4560669e-01
   6.4560669e-01   6.1120495e-01   5.9491715e-01   6.4499931e-01
   6.4499931e-01   6.1439907e-01   5.9491715e-01   6.4330657e-01
   6.4330657e-01   6.1496047e-01   5.9491715e-01   6.4108209e-01
   6.4108209e-01   6.1398519e-01   5.9491715e-01   6.3868656e-01
   6.3868656e-01   6.1218689e-01   5.9491715e-01   6.3634328e-01
   6.3634328e-01   6.1002545e-01   5.9491715e-01   6.3418045e-01
   6.3418045e-01   6.0778721e-01   5.9491715e-01   6.3226237e-01
   6.3226237e-01   6.0564200e-01   5.9491715e-01   6.3061182e-01
   6.3061182e-01   6.0368355e-01   5.9491715e-01   6.2922566e-01
   6.2922566e-01   6.0195660e-01   5.9491715e-01   6.2808554e-01
   6.2808554e-01   6.0047471e-01   5.9491715e-01   6.2716515e-01
   6.2716515e-01   5.9923193e-01   5.9491715e-01   6.2643501e-01
   6.2643501e-01   5.9821060e-01   5.9491715e-01   6.2586549e-01
   6.2586549e-01   5.9738674e-01   1.5050405e-02   4.4672062e-01
   4.4672062e-01   5.9673385e-01   1.5050405e-02   3.1101431e-01
   3.1101431e-01   5.6282873e-01   1.5050405e-02   2.1112343e-01
   2.1112343e-01   3.9217498e-01   1.5050405e-02   1.4136301e-01
   1.4136301e-01   2.3572001e-01   1.5050405e-02   9.3948743e-02
   9.3948743e-02   1.4843576e-01   1.5050405e-02   6.2036077e-02
   6.2036077e-02   1.0067972e-01   1.5050405e-02   4.0907895e-02
   4.0907895e-02   6.6856540e-02   1.5050405e-02   2.7293022e-02
   2.7293022e-02   4.2966444e-02   1.5050405e-02   1.8894836e-02
   1.8894836e-02   2.6968048e-02   1.5050405e-02   1.4148856e-02
   1.4148856e-02   1.6699130e-02   1.5050405e-02   1.1845954e-02
   1.1845954e-02   1.0456563e-02   1.5050405e-02   1.1121625e-02
   1.1121625e-02   7.0199523e-03   1.5050405e-02   1.1373327e-02
   1.1373327e-02   5.4480037e-03   1.5050405e-02   1.2188242e-02
   1.2188242e-02   5.0703086e-03   1.5050405e-02   1.3289597e-02
   1.3289597e-02   5.4213984e-03   1.5050405e-02   1.4497070e-02
   1.4497070e-02   6.1837468e-03   1.5050405e-02   1.5697814e-02
   1.5697814e-02   7.1456827e-03   1.5050405e-02   1.6825413e-02
   1.6825413e-02   8.1703951e-03   1.5050405e-02   1.7844767e-02
   1.7844767e-02   9.1732699e-03   1.5050405e-02   1.8741328e-02
   1.8741328e-02   1.0105467e-02   1.5050405e-02   1.9513559e-02
   1.9513559e-02   1.0942140e-02   1.5050405e-02   2.0167707e-02
   2.0167707e-02   1.1674076e-02   1.5050405e-02   2.0714274e-02
   2.0714274e-02   1.2301853e-02   1.5050405e-02   2.1165672e-02
   2.1165672e-02   1.2831809e-02   1.0000000e+00   3.9048262e-01
   3.9048262e-01   1.3273331e-02   1.0000000e+00   6.5708282e-01
   6.5708282e-01   8.8555170e-02   1.0000000e+00   8.3681455e-01
   8.3681455e-01   4.7182799e-01   1.0000000e+00   9.4737498e-01
   9.4737498e-01   6.6175434e-01   1.0000000e+00   9.9891134e-01
   9.9891134e-01   8.6072231e-01   1.0000000e+00   1.0000000e+00
   1.0000000e+00   9.4862194e-01   1.0000000e+00   1.0000000e+00
   1.0000000e+00   9.1201232e-01   1.0000000e+00   1.0000000e+00
   1.0000000e+00   9.3325587e-01   1.0000000e+00   1.0000000e+00
   1.0000000e+00   8.9298591e-01   1.0000000e+00   1.0000000e+00
   1.0000000e+00   9.0993623e-01   1.0000000e+00   1.0000000e+00
   1.0000000e+00   8.6776654e-01   1.0000000e+00   1.0000000e+00
   1.0000000e+00   8.7894176e-01   1.0000000e+00   1.0000000e+00
   1.0000000e+00   8.3818829e-01   1.0000000e+00   1.0000000e+00
   1.0000000e+00   8.4308587e-01   1.0000000e+00   1.0000000e+00
   1.0000000e+00   8.1442735e-01   1.0000000e+00   1.0000000e+00
   1.0000000e+00   8.1588727e-01   1.0000000e+00   1.0000000e+00
   1.0000000e+00   8.1039657e-01   1.0000000e+00   1.0000000e+00
   1.0000000e+00   8.1072123e-01   1.0000000e+00   1.0000000e+00
   1.0000000e+00   8.1154538e-01   1.0000000e+00   1.0000000e+00
   1.0000000e+00   8.1138778e-01   1.0000000e+00   1.0000000e+00
   1.0000000e+00   8.1124024e-01   1.0000000e+00   1.0000000e+00
   1.0000000e+00   8.1128565e-01   1.0000000e+00   1.0000000e+00
   1.0000000e+00   8.1130979e-01   9.4670508e-01   1.0000000e+00
   1.0000000e+00   8.1129835e-01   9.4670508e-01   1.0000000e+00
   1.0000000e+00   8.1129482e-01   9.4670508e-01   1.0000000e+00
   1.0000000e+00   8.1129742e-01   9.4670508e-01   1.0000000e+00
   1.0000000e+00   8.1129784e-01   9.4670508e-01   1.0000000e+00
   1.0000000e+00   8.1129729e-01   9.4670508e-01   1.0000000e+00
   1.0000000e+00   8.1129726e-01   9.4670508e-01   1.0000000e+00
   1.0000000e+00   8.1129737e-01   9.4670508e-01   1.0000000e+00
   1.0000000e+00   8.1129737e-01   9.4670508e-01   1.0000000e+00
   1.0000000e+00   8.1129735e-01   9.4670508e-01   1.0000000e+00
   1.0000000e+00   8.1129735e-01   9.4670508e-01   1.0000000e+00
   1.0000000e+00   8.1129735e-01   9.4670508e-01   1.0000000e+00
   1.0000000e+00   8.1129735e-01   9.4670508e-01   1.0000000e+00
   1.0000000e+00   8.1129735e-01   9.4670508e-01   1.0000000e+00
   1.0000000e+00   8.1129735e-01   9.4670508e-01   1.0000000e+00
   1.0000000e+00   8.1129735e-01   9.4670508e-01   1.0000000e+00
   1.0000000e+00   8.1129735e-01   9.4670508e-01   1.0000000e+00
   1.0000000e+00   8.1129735e-01   9.4670508e-01   1.0000000e+00
   1.0000000e+00   8.1129735e-01   9.4670508e-01   1.0000000e+00
   1.0000000e+00   8.1129735e-01   9.4670508e-01   1.0000000e+00
   1.0000000e+00   8.1129735e-01   9.4670508e-01   1.0000000e+00
   1.0000000e+00   8.1129735e-01   9.4670508e-01   1.0000000e+00
   1.0000000e+00   8.1129735e-01   9.4670508e-01   1.0000000e+00
   1.0000000e+00   8.1129735e-01   9.4670508e-01   1.0000000e+00
   1.0000000e+00   8.1129735e-01   0.0000000e+00   7.4996364e-01
   7.4996364e-01   8.1129735e-01   0.0000000e+00   5.6136522e-01
   5.6136522e-01   7.5075772e-01   0.0000000e+00   4.1829973e-01
   4.1829973e-01   5.7821913e-01   0.0000000e+00   3.0524356e-01
   3.0524356e-01   5.0548275e-01   0.0000000e+00   2.1819279e-01
   2.1819279e-01   3.6564626e-01   0.0000000e+00   1.5454317e-01
   1.5454317e-01   2.3169500e-01   0.0000000e+00   1.0870157e-01
   1.0870157e-01   1.5914874e-01   0.0000000e+00   7.5807138e-02
   7.5807138e-02   1.1302777e-01   0.0000000e+00   5.2347196e-02
   5.2347196e-02   7.9170945e-02   0.0000000e+00   3.5783712e-02
   3.5783712e-02   5.4099631e-02   0.0000000e+00   2.4240550e-02
   2.4240550e-02   3.5995654e-02   0.0000000e+00   1.6317193e-02
   1.6317193e-02   2.3186576e-02   0.0000000e+00   1.0980367e-02
   1.0980367e-02   1.4274231e-02   0.0000000e+00   7.4728348e-03
   7.4728348e-03   8.1773736e-03   0.0000000e+00   5.2521334e-03
   5.2521334e-03   4.0907211e-03   0.0000000e+00   3.9322635e-03
   3.9322635e-03   1.4245867e-03   0.0000000e+00   3.2217273e-03
   3.2217273e-03   0.0000000e+00   0.0000000e+00   2.9117167e-03
   2.9117167e-03   0.0000000e+00   0.0000000e+00   2.8525091e-03
   2.8525091e-03   0.0000000e+00   0.0000000e+00   3.1590105e-03
   3.1590105e-03   0.0000000e+00   0.0000000e+00   3.5684765e-03
   3.5684765e-03   0.0000000e+00   0.0000000e+00   3.9132011e-03
   3.9132011e-03   0.0000000e+00   0.0000000e+00   4.1844544e-03
   4.1844544e-03   0.0000000e+00   0.0000000e+00   4.3966034e-03
   4.3966034e-03   0.0000000e+00   0.0000000e+00   4.5625943e-03
   3.0807555e-01   0.0000000e+00   1.0000000e+00   5.3958243e-01
   5.3958243e-01   5.6982733e-02   1.0000000e+00   7.0843922e-01
   7.0843922e-01   3.4062534e-01   1.0000000e+00   8.2712485e-01
   8.2712485e-01   5.5843107e-01   1.0000000e+00   9.0698254e-01
   9.0698254e-01   7.1468848e-01   1.0000000e+00   9.5717300e-01
   9.5717300e-01   8.3884502e-01   1.0000000e+00   9.8591788e-01
   9.8591788e-01   9.0671110e-01   1.0000000e+00   9.9925774e-01
   9.9925774e-01   9.1117660e-01   1.0000000e+00   1.0000000e+00
   1.0000000e+00   9.3430875e-01   1.0000000e+00   1.0000000e+00
   1.0000000e+00   9.1145683e-01   1.0000000e+00   1.0000000e+00
   1.0000000e+00   9.1572656e-01   1.0000000e+00   1.0000000e+00
   1.0000000e+00   8.8912567e-01   1.0000000e+00   1.0000000e+00
   1.0000000e+00   8.8912343e-01   1.0000000e+00   1.0000000e+00
   1.0000000e+00   8.6029061e-01   1.0000000e+00   1.0000000e+00
   1.0000000e+00   8.5584545e-01   1.0000000e+00   1.0000000e+00
   1.0000000e+00   8.2928392e-01   1.0000000e+00   1.0000000e+00
   1.0000000e+00   8.2377032e-01   1.0000000e+00   1.0000000e+00
   1.0000000e+00   8.1108744e-01   1.0000000e+00   1.0000000e+00
   1.0000000e+00   8.1063795e-01   1.0000000e+00   1.0000000e+00
   1.0000000e+00   8.1140824e-01   1.0000000e+00   1.0000000e+00
   1.0000000e+00   8.1141977e-01   1.0000000e+00   1.0000000e+00
   1.0000000e+00   8.1126316e-01   1.0000000e+00   1.0000000e+00
   1.0000000e+00   8.1127709e-01   1.0000000e+00   1.0000000e+00
   1.0000000e+00   8.1130616e-01   1.0000000e+00   1.0000000e+00
   1.0000000e+00   8.1130041e-01   1.0000000e+00   1.0000000e+00
   1.0000000e+00   8.1129531e-01   1.0000000e+00   1.0000000e+00
   1.0000000e+00   8.1129697e-01   1.0000000e+00   1.0000000e+00
   1.0000000e+00   8.1129779e-01   1.0000000e+00   1.0000000e+00
   1.0000000e+00   8.1129738e-01   1.0000000e+00   1.0000000e+00
   1.0000000e+00   8.1129726e-01   1.0000000e+00   1.0000000e+00
   1.0000000e+00   8.1129736e-01   1.0000000e+00   1.0000000e+00
   1.0000000e+00   8.1129737e-01   1.0000000e+00   1.0000000e+00
   1.0000000e+00   8.1129735e-01   1.0000000e+00   1.0000000e+00
   1.0000000e+00   8.1129735e-01   1.0000000e+00   1.0000000e+00
   1.0000000e+00   8.1129735e-01   1.0000000e+00   1.0000000e+00
   1.0000000e+00   8.1129735e-01   1.0000000e+00   1.0000000e+00
   1.0000000e+00   8.1129735e-01   1.0000000e+00   1.0000000e+00
   1.0000000e+00   8.1129735e-01   1.0000000e+00   1.0000000e+00
   1.0000000e+00   8.1129735e-01   1.0000000e+00   1.0000000e+00
   1.0000000e+00   8.1129735e-01   1.0000000e+00   1.0000000e+00
   1.0000000e+00   8.1129735e-01   1.0000000e+00   1.0000000e+00
   1.0000000e+00   8.1129735e-01   1.0000000e+00   1.0000000e+00
   1.0000000e+00   8.1129735e-01   1.0000000e+00   1.0000000e+00
   1.0000000e+00   8.1129735e-01   1.0000000e+00   1.0000000e+00
   1.0000000e+00   8.1129735e-01   1.0000000e+00   1.0000000e+00
   1.0000000e+00   8.1129735e-01   1.0000000e+00   1.0000000e+00
   1.0000000e+00   8.1129735e-01   1.0000000e+00   1.0000000e+00
   1.0000000e+00   8.1129735e-01   1.0000000e+00   1.0000000e+00
   1.0000000e+00   8.1129735e-01   1.0000000e+00   1.0000000e+00
   1.0000000e+00   8.1129735e-01   1.0000000e+00   1.0000000e+00
   1.0000000e+00   8.1129735e-01   1.0000000e+00   1.0000000e+00
   1.0000000e+00   8.1129735e-01   1.0000000e+00   1.0000000e+00
   1.0000000e+00   8.1129735e-01   1.0000000e+00   1.0000000e+00
   1.0000000e+00   8.1129735e-01   1.0000000e+00   1.0000000e+00
   1.0000000e+00   8.1129735e-01   1.0000000e+00   1.0000000e+00
   1.0000000e+00   8.1129735e-01   1.0000000e+00   1.0000000e+00
   1.0000000e+00   8.1129735e-01   1.0000000e+00   1.0000000e+00
   1.0000000e+00   8.1129735e-01   1.0000000e+00   1.0000000e+00
   1.0000000e+00   8.1129735e-01   1.0000000e+00   1.0000000e+00
   1.0000000e+00   8.1129735e-01   1.0000000e+00   1.0000000e+00
   1.0000000e+00   8.1129735e-01   1.0000000e+00   1.0000000e+00
   1.0000000e+00   8.1129735e-01   1.0000000e+00   1.0000000e+00
   1.0000000e+00   8.1129735e-01   1.0000000e+00   1.0000000e+00
   1.0000000e+00   8.1129735e-01   1.0000000e+00   1.0000000e+00
   1.0000000e+00   8.1129735e-01   1.0000000e+00   1.0000000e+00
   1.0000000e+00   8.1129735e-01   1.0000000e+00   1.0000000e+00
   1.0000000e+00   8.1129735e-01   1.0000000e+00   1.0000000e+00
   1.0000000e+00   8.1129735e-01   1.0000000e+00   1.0000000e+00
   1.0000000e+00   8.1129735e-01   1.0000000e+00   1.0000000e+00
   1.0000000e+00   8.1129735e-01   1.0000000e+00   1.0000000e+00
   1.0000000e+00   8.1129735e-01   1.0000000e+00   1.0000000e+00
   1.0000000e+00   8.1129735e-01   1.0000000e+00   1.0000000e+00
   1.0000000e+00   8.1129735e-01   1.0000000e+00   1.0000000e+00
   1.0000000e+00   8.1129735e-01   1.0000000e+00   1.0000000e+00
   1.0000000e+00   8.1129735e-01   1.0000000e+00   1.0000000e+00
   1.0000000e+00   8.1129735e-01   1.0000000e+00   1.0000000e+00
   1.0000000e+00   8.1129735e-01   1.0000000e+00   1.0000000e+00
   1.0000000e+00   8.1129735e-01   1.0000000e+00   1.0000000e+00
   1.0000000e+00   8.1129735e-01   1.6452570e-01   8.0067263e-01
   8.0067263e-01   8.1129735e-01   1.6452570e-01   6.4946795e-01
   6.4946795e-01   7.7564597e-01   1.6452570e-01   5.3328668e-01
   5.3328668e-01   6.4996552e-01   1.6452570e-01   4.4192090e-01
   4.4192090e-01   5.6844767e-01   1.6452570e-01   3.6971764e-01
   3.6971764e-01   4.8737555e-01   1.6452570e-01   3.1419375e-01
   3.1419375e-01   3.9699712e-01   1.6452570e-01   2.7302072e-01
   2.7302072e-01   3.2079683e-01   1.6452570e-01   2.4358352e-01
   2.4358352e-01   2.6425970e-01   1.6452570e-01   2.2281353e-01
   2.2281353e-01   2.3175120e-01   1.6452570e-01   2.0835358e-01
   2.0835358e-01   2.0908422e-01   1.6452570e-01   1.9848777e-01
   1.9848777e-01   1.9257905e-01   1.6452570e-01   1.9195553e-01
   1.9195553e-01   1.8072850e-01   1.6452570e-01   1.8782023e-01
   1.8782023e-01   1.7245349e-01   1.6452570e-01   1.8538087e-01
   1.8538087e-01   1.6690957e-01   1.6452570e-01   1.8411331e-01
   1.8411331e-01   1.6340291e-01   1.6452570e-01   1.8362900e-01
   1.8362900e-01   1.6136905e-01   1.6452570e-01   1.8364434e-01
   1.8364434e-01   1.6036261e-01   1.6452570e-01   1.8395653e-01
   1.8395653e-01   1.6004319e-01   1.6452570e-01   1.8442443e-01
   1.8442443e-01   1.6015830e-01   1.6452570e-01   1.8495318e-01
   1.8495318e-01   1.6052616e-01   1.6452570e-01   1.8548197e-01
   1.8548197e-01   1.6102020e-01   1.6452570e-01   1.8597448e-01
   1.8597448e-01   1.6155584e-01   1.6452570e-01   1.8641152e-01
   1.8641152e-01   1.6207952e-01   1.6452570e-01   1.8678546e-01
   1.8678546e-01   1.6256003e-01   1.6452570e-01   1.8709605e-01
   1.8709605e-01   1.6298170e-01   1.6452570e-01   1.8734753e-01
   1.8734753e-01   1.6333926e-01   1.6452570e-01   1.8754647e-01
   1.8754647e-01   1.6363397e-01   1.6452570e-01   1.8770042e-01
   1.8770042e-01   1.6387093e-01   1.6452570e-01   1.8781697e-01
   1.8781697e-01   1.6405716e-01   1.6452570e-01   1.8790321e-01
   1.8790321e-01   1.6420035e-01   1.6452570e-01   1.8796547e-01
   1.8796547e-01   1.6430805e-01   1.6452570e-01   1.8800914e-01
   1.8800914e-01   1.6438718e-01   1.6452570e-01   1.8803875e-01
   1.8803875e-01   1.6444385e-01   1.6452570e-01   1.8805793e-01
   1.8805793e-01   1.6448325e-01   1.6452570e-01   1.8806959e-01
   1.8806959e-01   1.6450964e-01   1.6452570e-01   1.8807595e-01
   1.8807595e-01   1.6452647e-01   1.6452570e-01   1.8807873e-01
   1.8807873e-01   1.6453645e-01   1.6452570e-01   1.8807918e-01
   1.8807918e-01   1.6454165e-01   1.6452570e-01   1.8807821e-01
   1.8807821e-01   1.6454366e-01   1.6452570e-01   1.8807646e-01
   1.8807646e-01   1.6454362e-01   1.6452570e-01   1.8807437e-01
   1.0125232e-03   0.0000000e+00   0.0000000e+00   1.9135363e-03
   1.9135363e-03   0.0000000e+00   0.0000000e+00   2.6209176e-03
   2.6209176e-03   0.0000000e+00   0.0000000e+00   3.1731215e-03
   3.1731215e-03   0.0000000e+00   0.0000000e+00   3.6050261e-03
   3.6050261e-03   0.0000000e+00   0.0000000e+00   3.9430405e-03
   3.9430405e-03   0.0000000e+00   0.0000000e+00   4.2075961e-03
   4.2075961e-03   0.0000000e+00   0.0000000e+00   4.4146569e-03
   4.4146569e-03   0.0000000e+00   0.0000000e+00   4.5767173e-03
   4.5767173e-03   0.0000000e+00   0.0000000e+00   4.7035568e-03
   4.7035568e-03   0.0000000e+00   0.0000000e+00   4.8028300e-03
   4.8028300e-03   0.0000000e+00   0.0000000e+00   4.8805276e-03
   4.8805276e-03   0.0000000e+00   0.0000000e+00   4.9413389e-03
   4.9413389e-03   0.0000000e+00   0.0000000e+00   4.9889337e-03
   4.9889337e-03   0.0000000e+00   0.0000000e+00   5.0261844e-03
   5.0261844e-03   0.0000000e+00   0.0000000e+00   5.0553392e-03
   5.0553392e-03   0.0000000e+00   0.0000000e+00   5.0781575e-03
   5.0781575e-03   0.0000000e+00   0.0000000e+00   5.0960166e-03
   5.0960166e-03   0.0000000e+00   0.0000000e+00   5.1099942e-03
   5.1099942e-03   0.0000000e+00   0.0000000e+00   5.1209340e-03
   5.1209340e-03   0.0000000e+00   0.0000000e+00   5.1294962e-03
   5.1294962e-03   0.0000000e+00   0.0000000e+00   5.1361974e-03
   5.1361974e-03   0.0000000e+00   0.0000000e+00   5.1414422e-03
   5.1414422e-03   0.0000000e+00   0.0000000e+00   5.1455472e-03
   5.1455472e-03   0.0000000e+00   0.0000000e+00   5.1487599e-03
   5.1487599e-03   0.0000000e+00   0.0000000e+00   5.1512745e-03
   5.1512745e-03   0.0000000e+00   0.0000000e+00   5.1532425e-03
   5.1532425e-03   0.0000000e+00   0.0000000e+00   5.1547828e-03
   5.1547828e-03   0.0000000e+00   0.0000000e+00   5.1559883e-03
   5.1559883e-03   0.0000000e+00   0.0000000e+00   5.1569318e-03
   5.1569318e-03   0.0000000e+00   1.0000000e+00   3.1286859e-01
   3.1286859e-01   0.0000000e+00   1.0000000e+00   5.4379184e-01
   5.4379184e-01   6.1161865e-02   1.0000000e+00   7.1175986e-01
   7.1175986e-01   3.4792057e-01   1.0000000e+00   8.2971907e-01
   8.2971907e-01   5.6030661e-01   1.0000000e+00   9.0880395e-01
   9.0880395e-01   7.1985089e-01   1.0000000e+00   9.5832010e-01
   9.5832010e-01   8.4129375e-01   1.0000000e+00   9.8665111e-01
   9.8665111e-01   9.0763871e-01   1.0000000e+00   9.9961958e-01
   9.9961958e-01   9.1184033e-01   1.0000000e+00   1.0000000e+00
   1.0000000e+00   9.3448260e-01   1.0000000e+00   1.0000000e+00
   1.0000000e+00   9.1141859e-01   1.0000000e+00   1.0000000e+00
   1.0000000e+00   9.1541685e-01   1.0000000e+00   1.0000000e+00
   1.0000000e+00   8.8902593e-01   1.0000000e+00   1.0000000e+00
   1.0000000e+00   8.8875689e-01   1.0000000e+00   1.0000000e+00
   1.0000000e+00   8.6012934e-01   1.0000000e+00   1.0000000e+00
   1.0000000e+00   8.5545496e-01   1.0000000e+00   1.0000000e+00
   1.0000000e+00   8.2911925e-01   1.0000000e+00   1.0000000e+00
   1.0000000e+00   8.2349839e-01   1.0000000e+00   1.0000000e+00
   1.0000000e+00   8.1105289e-01   1.0000000e+00   1.0000000e+00
   1.0000000e+00   8.1061833e-01   1.0000000e+00   1.0000000e+00
   1.0000000e+00   8.1141736e-01   1.0000000e+00   1.0000000e+00
   1.0000000e+00   8.1142294e-01   1.0000000e+00   1.0000000e+00
   1.0000000e+00   8.1126108e-01   1.0000000e+00   1.0000000e+00
   1.0000000e+00   8.1127670e-01   1.0000000e+00   1.0000000e+00
   1.0000000e+00   8.1130662e-01   1.0000000e+00   1.0000000e+00
   1.0000000e+00   8.1130044e-01   1.0000000e+00   1.0000000e+00
   1.0000000e+00   8.1129522e-01   1.0000000e+00   1.0000000e+00
   1.0000000e+00   8.1129697e-01   1.0000000e+00   1.0000000e+00
   1.0000000e+00   8.1129781e-01   1.0000000e+00   1.0000000e+00
   1.0000000e+00   8.1129738e-01   1.0000000e+00   1.0000000e+00
   1.0000000e+00   8.1129726e-01   9.4931125e-01   1.0000000e+00
   1.0000000e+00   8.1129736e-01   9.4931125e-01   1.0000000e+00
   1.0000000e+00   8.1129737e-01   9.4931125e-01   1.0000000e+00
   1.0000000e+00   8.1129735e-01   9.4931125e-01   1.0000000e+00
   1.0000000e+00   8.1129735e-01   9.4931125e-01   1.0000000e+00
   1.0000000e+00   8.1129735e-01   9.4931125e-01   1.0000000e+00
   1.0000000e+00   8.1129735e-01   9.4931125e-01   1.0000000e+00
   1.0000000e+00   8.1129735e-01   9.4931125e-01   1.0000000e+00
   1.0000000e+00   8.1129735e-01   9.4931125e-01   1.0000000e+00
   1.0000000e+00   8.1129735e-01   9.4931125e-01   1.0000000e+00
   1.0000000e+00   8.1129735e-01   9.4931125e-01   1.0000000e+00
   1.0000000e+00   8.1129735e-01   9.4931125e-01   1.0000000e+00
   1.0000000e+00   8.1129735e-01   9.4931125e-01   1.0000000e+00
   1.0000000e+00   8.1129735e-01   9.4931125e-01   1.0000000e+00
   1.0000000e+00   8.1129735e-01   9.4931125e-01   1.0000000e+00
   1.0000000e+00   8.1129735e-01   9.4931125e-01   1.0000000e+00
   1.0000000e+00   8.1129735e-01   9.4931125e-01   1.0000000e+00
   1.0000000e+00   8.1129735e-01   9.4931125e-01   1.0000000e+00
   1.0000000e+00   8.1129735e-01   9.4931125e-01   1.0000000e+00
   1.0000000e+00   8.1129735e-01   9.4931125e-01   1.0000000e+00
   1.0000000e+00   8.1129735e-01   9.4931125e-01   1.0000000e+00
   1.0000000e+00   8.1129735e-01   9.4931125e-01   1.0000000e+00
   1.0000000e+00   8.1129735e-01   9.4931125e-01   1.0000000e+00
   1.0000000e+00   8.1129735e-01   9.4931125e-01   1.0000000e+00
   1.0000000e+00   8.1129735e-01   9.4931125e-01   1.0000000e+00
   1.0000000e+00   8.1129735e-01   9.4931125e-01   1.0000000e+00
   1.0000000e+00   8.1129735e-01   9.4931125e-01   1.0000000e+00
   1.0000000e+00   8.1129735e-01   9.4931125e-01   1.0000000e+00
   1.0000000e+00   8.1129735e-01   9.4931125e-01   1.0000000e+00
   1.0000000e+00   8.1129735e-01   1.0000000e+00   1.0000000e+00
   1.0000000e+00   8.1129735e-01   1.0000000e+00   1.0000000e+00
   1.0000000e+00   8.1129735e-01   1.0000000e+00   1.0000000e+00
   1.0000000e+00   8.1129735e-01   1.0000000e+00   1.0000000e+00
   1.0000000e+00   8.1129735e-01   1.0000000e+00   1.0000000e+00
   1.0000000e+00   8.1129735e-01   1.0000000e+00   1.0000000e+00
   1.0000000e+00   8.1129735e-01   1.0000000e+00   1.0000000e+00
   1.0000000e+00   8.1129735e-01   1.0000000e+00   1.0000000e+00
   1.0000000e+00   8.1129735e-01   1.0000000e+00   1.0000000e+00
   1.0000000e+00   8.1129735e-01   1.0000000e+00   1.0000000e+00
   1.0000000e+00   8.1129735e-01   1.0000000e+00   1.0000000e+00
   1.0000000e+00   8.1129735e-01   1.0000000e+00   1.0000000e+00
   1.0000000e+00   8.1129735e-01   1.0000000e+00   1.0000000e+00
   1.0000000e+00   8.1129735e-01   1.0000000e+00   1.0000000e+00
   1.0000000e+00   8.1129735e-01   1.0000000e+00   1.0000000e+00
   1.0000000e+00   8.1129735e-01   1.0000000e+00   1.0000000e+00
   1.0000000e+00   8.1129735e-01   1.0000000e+00   1.0000000e+00
   1.0000000e+00   8.1129735e-01   1.0000000e+00   1.0000000e+00
   1.0000000e+00   8.1129735e-01   1.0000000e+00   1.0000000e+00
   1.0000000e+00   8.1129735e-01   1.0000000e+00   1.0000000e+00
   1.0000000e+00   8.1129735e-01   1.0000000e+00   1.0000000e+00
   1.0000000e+00   8.1129735e-01   1.0000000e+00   1.0000000e+00
   1.0000000e+00   8.1129735e-01   1.0000000e+00   1.0000000e+00
   1.0000000e+00   8.1129735e-01   1.0000000e+00   1.0000000e+00
   1.0000000e+00   8.1129735e-01   1.0000000e+00   1.0000000e+00
   1.0000000e+00   8.1129735e-01   1.0000000e+00   1.0000000e+00
   1.0000000e+00   8.1129735e-01   1.0000000e+00   1.0000000e+00
   1.0000000e+00   8.1129735e-01   1.0000000e+00   1.0000000e+00
   1.0000000e+00   8.1129735e-01   1.0000000e+00   1.0000000e+00
   1.0000000e+00   8.1129735e-01   1.0000000e+00   1.0000000e+00
   1.0000000e+00   8.1129735e-01   1.0000000e+00   1.0000000e+00
   3.0807555e-01   0.0000000e+00   1.0000000e+00   5.3958243e-01
   5.3958243e-01   5.6982733e-02   1.0000000e+00   7.0843922e-01
   7.0843922e-01   3.4062534e-01   1.0000000e+00   8.2712485e-01
   8.2712485e-01   5.5843107e-01   1.0000000e+00   9.0698254e-01
   9.0698254e-01   7.1468848e-01   1.0000000e+00   9.5717300e-01
   9.5717300e-01   8.3884502e-01   1.0000000e+00   9.8591788e-01
   9.8591788e-01   9.0671110e-01   1.0000000e+00   9.9925774e-01
   9.9925774e-01   9.1117660e-01   1.0000000e+00   1.0000000e+00
   1.0000000e+00   9.3430875e-01   1.0000000e+00   1.0000000e+00
   1.0000000e+00   9.1145683e-01   1.0000000e+00   1.0000000e+00
   1.0000000e+00   9.1572656e-01   1.0000000e+00   1.0000000e+00
   1.0000000e+00   8.8912567e-01   1.0000000e+00   1.0000000e+00
   1.0000000e+00   8.8912343e-01   1.0000000e+00   1.0000000e+00
   1.0000000e+00   8.6029061e-01   1.0000000e+00   1.0000000e+00
   1.0000000e+00   8.5584545e-01   1.0000000e+00   1.0000000e+00
   1.0000000e+00   8.2928392e-01   1.0000000e+00   1.0000000e+00
   1.0000000e+00   8.2377032e-01   1.0000000e+00   1.0000000e+00
   1.0000000e+00   8.1108744e-01   1.0000000e+00   1.0000000e+00
   1.0000000e+00   8.1063795e-01   1.0000000e+00   1.0000000e+00
   1.0000000e+00   8.1140824e-01   1.5858302e-02   7.4908406e-01
   7.4908406e-01   8.1141977e-01   1.5858302e-02   5.6111511e-01
   5.6111511e-01   7.5017668e-01   1.5858302e-02   4.1949159e-01
   4.1949159e-01   5.7791445e-01   1.5858302e-02   3.0830323e-01
   3.0830323e-01   5.0549815e-01   1.5858302e-02   2.2324723e-01
   2.2324723e-01   3.6724971e-01   1.5858302e-02   1.6145171e-01
   1.6145171e-01   2.3640653e-01   1.5858302e-02   1.1731310e-01
   1.1731310e-01   1.6491329e-01   1.5858302e-02   8.5954176e-02
   8.5954176e-02   1.1984580e-01   1.5858302e-02   6.3859017e-02
   6.3859017e-02   8.7018692e-02   1.5858302e-02   4.8488838e-02
   4.8488838e-02   6.3077625e-02   1.5858302e-02   3.7976953e-02
   3.7976953e-02   4.6047059e-02   1.5858302e-02   3.0944267e-02
   3.0944267e-02   3.4194641e-02   1.5858302e-02   2.6375458e-02
   2.6375458e-02   2.6115542e-02   1.5858302e-02   2.3528007e-02
   2.3528007e-02   2.0740822e-02   1.5858302e-02   2.1863386e-02
   2.1863386e-02   1.7277722e-02   1.5858302e-02   2.0994747e-02
   2.0994747e-02   1.5145947e-02   1.5858302e-02   2.0647279e-02
   2.0647279e-02   1.3925101e-02   1.5858302e-02   2.0628306e-02
   2.0628306e-02   1.3313815e-02   1.5858302e-02   2.0804860e-02
   2.0804860e-02   1.3098570e-02   1.5858302e-02   2.1086975e-02
   2.1086975e-02   1.3130160e-02   6.0512265e-01   2.0301962e-01
   2.0301962e-01   1.3306045e-02   6.0512265e-01   3.4086292e-01
   3.4086292e-01   4.9785420e-02   6.0512265e-01   4.4384059e-01
   4.4384059e-01   2.0592359e-01   6.0512265e-01   5.1636110e-01
   5.1636110e-01   3.7198128e-01   6.0512265e-01   5.6803903e-01
   5.6803903e-01   4.3198689e-01   6.0512265e-01   6.0404903e-01
   6.0404903e-01   4.9378216e-01   6.0512265e-01   6.2803054e-01
   6.2803054e-01   5.4393193e-01   6.0512265e-01   6.4300406e-01
   6.4300406e-01   5.7909078e-01   6.0512265e-01   6.5145951e-01
   6.5145951e-01   6.0205737e-01   6.0512265e-01   6.5541857e-01
   6.5541857e-01   6.1542910e-01   6.0512265e-01   6.5643796e-01
   6.5643796e-01   6.2226123e-01   6.0512265e-01   6.5565003e-01
   6.5565003e-01   6.2503697e-01   6.0512265e-01   6.5384717e-01
   6.5384717e-01   6.2532355e-01   6.0512265e-01   6.5156465e-01
   6.5156465e-01   6.2415184e-01   6.0512265e-01   6.4914924e-01
   6.4914924e-01   6.2221418e-01   6.0512265e-01   6.4681314e-01
   6.4681314e-01   6.1996331e-01   6.0512265e-01   6.4467541e-01
   6.4467541e-01   6.1768061e-01   6.0512265e-01   6.4279276e-01
   6.4279276e-01   6.1552882e-01   6.0512265e-01   6.4118184e-01
   6.4118184e-01   6.1359225e-01   6.0512265e-01   6.3983489e-01
   6.3983489e-01   6.1190549e-01   1.0000000e+00   8.9057252e-01
   8.9057252e-01   6.1047291e-01   1.0000000e+00   1.0000000e+00
   1.0000000e+00   7.3940228e-01   1.0000000e+00   1.0000000e+00
   1.0000000e+00   9.2292862e-01   1.0000000e+00   1.0000000e+00
   1.0000000e+00   9.3866107e-01   1.0000000e+00   1.0000000e+00
   1.0000000e+00   9.0659368e-01   1.0000000e+00   1.0000000e+00
   1.0000000e+00   9.1886836e-01   1.0000000e+00   1.0000000e+00
   1.0000000e+00   8.8422626e-01   1.0000000e+00   1.0000000e+00
   1.0000000e+00   8.9178667e-01   1.0000000e+00   1.0000000e+00
   1.0000000e+00   8.5570513e-01   1.0000000e+00   1.0000000e+00
   1.0000000e+00   8.5784001e-01   1.0000000e+00   1.0000000e+00
   1.0000000e+00   8.2600717e-01   1.0000000e+00   1.0000000e+00
   1.0000000e+00   8.2488855e-01   1.0000000e+00   1.0000000e+00
   1.0000000e+00   8.1037306e-01   1.0000000e+00   1.0000000e+00
   1.0000000e+00   8.1077861e-01   1.0000000e+00   1.0000000e+00
   1.0000000e+00   8.1154433e-01   1.0000000e+00   1.0000000e+00
   1.0000000e+00   8.1137598e-01   1.0000000e+00   1.0000000e+00
   1.0000000e+00   8.1124165e-01   1.0000000e+00   1.0000000e+00
   1.0000000e+00   8.1128780e-01   1.0000000e+00   1.0000000e+00
   1.0000000e+00   8.1130929e-01   2.9324271e-01   8.3812191e-01
   8.3812191e-01   8.1129799e-01   2.9324271e-01   7.1530031e-01
   7.1530031e-01   7.8991578e-01   2.9324271e-01   6.2022601e-01
   6.2022601e-01   6.9791540e-01   2.9324271e-01   5.4471241e-01
   5.4471241e-01   6.3479932e-01   2.9324271e-01   4.8441285e-01
   4.8441285e-01   5.6928231e-01   2.9324271e-01   4.3687600e-01
   4.3687600e-01   5.0460754e-01   2.9324271e-01   4.0041271e-01
   4.0041271e-01   4.4493450e-01   2.9324271e-01   3.7327218e-01
   3.7327218e-01   3.9736803e-01   2.9324271e-01   3.5376437e-01
   3.5376437e-01   3.6051060e-01   2.9324271e-01   3.4025369e-01
   3.4025369e-01   3.3405238e-01   2.9324271e-01   3.3119121e-01
   3.3119121e-01   3.1715727e-01   2.9324271e-01   3.2528554e-01
   3.2528554e-01   3.0672905e-01   2.9324271e-01   3.2156467e-01
   3.2156467e-01   3.0014766e-01   2.9324271e-01   3.1932839e-01
   3.1932839e-01   2.9599849e-01   2.9324271e-01   3.1808175e-01
   3.1808175e-01   2.9346192e-01   2.9324271e-01   3.1747939e-01
   3.1747939e-01   2.9199837e-01   2.9324271e-01   3.1728342e-01
   3.1728342e-01   2.9123837e-01   2.9324271e-01   3.1733232e-01
   3.1733232e-01   2.9092803e-01   2.9324271e-01   3.1751839e-01
   3.1751839e-01   2.9089431e-01   2.9324271e-01   3.1777143e-01
   3.1777143e-01   2.9102095e-01   3.5845967e-01   3.3814619e-01
   3.3814619e-01   2.9123147e-01   3.5845967e-01   3.5319586e-01
   3.5319586e-01   3.0198562e-01   3.5845967e-01   3.6423080e-01
   3.6423080e-01   3.1794653e-01   3.5845967e-01   3.7231095e-01
   3.7231095e-01   3.2891722e-01   3.5845967e-01   3.7821554e-01
   3.7821554e-01   3.3700419e-01   3.5845967e-01   3.8250498e-01
   3.8250498e-01   3.4315517e-01   3.5845967e-01   3.8559033e-01
   3.8559033e-01   3.4779537e-01   3.5845967e-01   3.8777856e-01
   3.8777856e-01   3.5124704e-01   3.5845967e-01   3.8930164e-01
   3.8930164e-01   3.5377033e-01   3.5845967e-01   3.9033591e-01
   3.9033591e-01   3.5557720e-01   3.5845967e-01   3.9101538e-01
   3.9101538e-01   3.5683977e-01   3.5845967e-01   3.9144139e-01
   3.9144139e-01   3.5769597e-01   3.5845967e-01   3.9168995e-01
   3.9168995e-01   3.5825452e-01   3.5845967e-01   3.9181738e-01
   3.9181738e-01   3.5859965e-01   3.5845967e-01   3.9186481e-01
   3.9186481e-01   3.5879545e-01   3.5845967e-01   3.9186180e-01
   3.9186180e-01   3.5888982e-01   3.5845967e-01   3.9182909e-01
   3.9182909e-01   3.5891783e-01   3.5845967e-01   3.9178092e-01
   3.9178092e-01   3.5890467e-01   3.5845967e-01   3.9172672e-01
   3.9172672e-01   3.5886796e-01   3.5845967e-01   3.9167247e-01
   3.9167247e-01   3.5881968e-01   3.5845967e-01   3.9162171e-01
   1.2500659e-01   0.0000000e+00   4.0464482e-01   2.1989520e-01
   2.1989520e-01   2.0473745e-02   4.0464482e-01   2.9119862e-01
   2.9119862e-01   1.2371060e-01   4.0464482e-01   3.4327153e-01
   3.4327153e-01   2.1578665e-01   4.0464482e-01   3.7932569e-01
   3.7932569e-01   2.9586335e-01   4.0464482e-01   4.0387993e-01
   4.0387993e-01   3.3536093e-01   4.0464482e-01   4.2057985e-01
   4.2057985e-01   3.5779124e-01   4.0464482e-01   4.3172997e-01
   4.3172997e-01   3.7584637e-01   4.0464482e-01   4.3886994e-01
   4.3886994e-01   3.8991327e-01   4.0464482e-01   4.4312421e-01
   4.4312421e-01   3.9990158e-01   4.0464482e-01   4.4534480e-01
   4.4534480e-01   4.0645630e-01   4.0464482e-01   4.4617984e-01
   4.4617984e-01   4.1037234e-01   4.0464482e-01   4.4611582e-01
   4.4611582e-01   4.1237761e-01   4.0464482e-01   4.4550970e-01
   4.4550970e-01   4.1306911e-01   4.0464482e-01   4.4461584e-01
   4.4461584e-01   4.1290894e-01   4.0464482e-01   4.4360880e-01
   4.4360880e-01   4.1224029e-01   4.0464482e-01   4.4260256e-01
   4.4260256e-01   4.1130843e-01   4.0464482e-01   4.4166637e-01
   4.4166637e-01   4.1028124e-01   4.0464482e-01   4.4083745e-01
   4.4083745e-01   4.0926752e-01   4.0464482e-01   4.4013098e-01
   4.4013098e-01   4.0833241e-01   4.0464482e-01   4.3954770e-01
   4.3954770e-01   4.0750994e-01   4.0464482e-01   4.3907951e-01
   4.3907951e-01   4.0681286e-01   4.0464482e-01   4.3871351e-01
   4.3871351e-01   4.0624016e-01   4.0464482e-01   4.3843482e-01
   4.3843482e-01   4.0578254e-01   4.0464482e-01   4.3822835e-01
   4.3822835e-01   4.0542638e-01   4.0464482e-01   4.3807996e-01
   4.3807996e-01   4.0515636e-01   4.0464482e-01   4.3797705e-01
   4.3797705e-01   4.0495724e-01   4.0464482e-01   4.3790884e-01
   4.3790884e-01   4.0481488e-01   4.0464482e-01   4.3786640e-01
   4.3786640e-01   4.0471676e-01   4.0464482e-01   4.3784252e-01
   4.3784252e-01   4.0465226e-01   4.0464482e-01   4.3783154e-01
   4.3783154e-01   4.0461259e-01   4.0464482e-01   4.3782917e-01
   4.3782917e-01   4.0459074e-01   4.0464482e-01   4.3783217e-01
   4.3783217e-01   4.0458120e-01   4.0464482e-01   4.3783823e-01
   4.3783823e-01   4.0457979e-01   4.0464482e-01   4.3784573e-01
   4.3784573e-01   4.0458342e-01   4.0464482e-01   4.3785358e-01
   4.3785358e-01   4.0458984e-01   4.0464482e-01   4.3786111e-01
   4.3786111e-01   4.0459753e-01   4.0464482e-01   4.3786793e-01
   4.3786793e-01   4.0460545e-01   4.0464482e-01   4.3787384e-01
   4.3787384e-01   4.0461297e-01   4.0464482e-01   4.3787880e-01
   4.3787880e-01   4.0461973e-01   2.4763641e-01   3.8949470e-01
   3.8949470e-01   4.0462556e-01   2.4763641e-01   3.5298693e-01
   3.5298693e-01   3.9309755e-01   2.4763641e-01   3.2619008e-01
   3.2619008e-01   3.4632818e-01   2.4763641e-01   3.0716159e-01
   3.0716159e-01   3.1062445e-01   2.4763641e-01   2.9393428e-01
   2.9393428e-01   2.8816051e-01   2.4763641e-01   2.8488066e-01
   2.8488066e-01   2.7372372e-01   2.4763641e-01   2.7879401e-01
   2.7879401e-01   2.6386557e-01   2.4763641e-01   2.7479821e-01
   2.7479821e-01   2.5712740e-01   2.4763641e-01   2.7226018e-01
   2.7226018e-01   2.5261056e-01   2.4763641e-01   2.7072437e-01
   2.7072437e-01   2.4967017e-01   2.4763641e-01   2.6986497e-01
   2.6986497e-01   2.4783474e-01   2.4763641e-01   2.6945100e-01
   2.6945100e-01   2.4675966e-01   2.4763641e-01   2.6932064e-01
   2.6932064e-01   2.4619528e-01   2.4763641e-01   2.6936220e-01
   2.6936220e-01   2.4596329e-01   2.4763641e-01   2.6950015e-01
   2.6950015e-01   2.4593856e-01   2.4763641e-01   2.6968464e-01
   2.6968464e-01   2.4603511e-01   2.4763641e-01   2.6988391e-01
   2.6988391e-01   2.4619529e-01   2.4763641e-01   2.7007870e-01
   2.7007870e-01   2.4638168e-01   2.4763641e-01   2.7025819e-01
   2.7025819e-01   2.4657097e-01   2.4763641e-01   2.7041715e-01
   2.7041715e-01   2.4674955e-01   2.4763641e-01   2.7055392e-01
   2.7055392e-01   2.4691030e-01   2.4763641e-01   2.7066897e-01
   2.7066897e-01   2.4705027e-01   2.4763641e-01   2.7076400e-01
   2.7076400e-01   2.4716913e-01   2.4763641e-01   2.7084131e-01
   2.7084131e-01   2.4726807e-01   2.4763641e-01   2.7090336e-01
   2.7090336e-01   2.4734909e-01   2.4763641e-01   2.7095258e-01
   2.7095258e-01   2.4741449e-01   2.4763641e-01   2.7099119e-01
   2.7099119e-01   2.4746663e-01   2.4763641e-01   2.7102118e-01
   2.7102118e-01   2.4750774e-01   2.4763641e-01   2.7104425e-01
   2.7104425e-01   2.4753980e-01   2.4763641e-01   2.7106182e-01
   2.7106182e-01   2.4756457e-01   2.4763641e-01   2.7107508e-01
   2.7107508e-01   2.4758353e-01   2.4763641e-01   2.7108500e-01
   2.7108500e-01   2.4759789e-01   2.4763641e-01   2.7109234e-01
   2.7109234e-01   2.4760868e-01   2.4763641e-01   2.7109772e-01
   2.7109772e-01   2.4761670e-01   2.4763641e-01   2.7110162e-01
   2.7110162e-01   2.4762260e-01   2.4763641e-01   2.7110441e-01
   2.7110441e-01   2.4762690e-01   2.4763641e-01   2.7110638e-01
   2.7110638e-01   2.4763000e-01   2.4763641e-01   2.7110775e-01
   2.7110775e-01   2.4763220e-01   2.4763641e-01   2.7110869e-01
   2.7110869e-01   2.4763375e-01   0.0000000e+00   1.9479070e-01
   1.9479070e-01   2.4763481e-01   0.0000000e+00   1.3892493e-01
   1.3892493e-01   2.0406909e-01   0.0000000e+00   9.8418084e-02
   9.8418084e-02   1.4366077e-01   0.0000000e+00   6.9191760e-02
   6.9191760e-02   1.0206471e-01   0.0000000e+00   4.8249099e-02
   4.8249099e-02   7.1627485e-02   0.0000000e+00   3.3392656e-02
   3.3392656e-02   4.9167957e-02   0.0000000e+00   2.2983424e-02
   2.2983424e-02   3.2949687e-02   0.0000000e+00   1.5796842e-02
   1.5796842e-02   2.1437566e-02   0.0000000e+00   1.0924809e-02
   1.0924809e-02   1.3387782e-02   0.0000000e+00   7.7040163e-03
   7.7040163e-03   7.8491647e-03   0.0000000e+00   5.6512043e-03
   5.6512043e-03   4.1131388e-03   0.0000000e+00   4.4078964e-03
   4.4078964e-03   1.6613124e-03   0.0000000e+00   3.7153015e-03
   3.7153015e-03   1.1442410e-04   0.0000000e+00   3.3885430e-03
   3.3885430e-03   0.0000000e+00   0.0000000e+00   3.2936573e-03
   3.2936573e-03   0.0000000e+00   0.0000000e+00   3.4487107e-03
   3.4487107e-03   0.0000000e+00   0.0000000e+00   3.7841581e-03
   3.7841581e-03   0.0000000e+00   0.0000000e+00   4.0809807e-03
   4.0809807e-03   0.0000000e+00   0.0000000e+00   4.3157751e-03
   4.3157751e-03   0.0000000e+00   0.0000000e+00   4.4994025e-03
   4.4994025e-03   0.0000000e+00   0.0000000e+00   4.6430551e-03
   4.6430551e-03   0.0000000e+00   0.0000000e+00   4.7554777e-03
   4.7554777e-03   0.0000000e+00   0.0000000e+00   4.8434666e-03
   4.8434666e-03   0.0000000e+00   0.0000000e+00   4.9123325e-03
   4.9123325e-03   0.0000000e+00   0.0000000e+00   4.9662314e-03
   4.9662314e-03   0.0000000e+00   0.0000000e+00   5.0084162e-03
   5.0084162e-03   0.0000000e+00   0.0000000e+00   5.0414326e-03
   5.0414326e-03   0.0000000e+00   0.0000000e+00   5.0672734e-03
   5.0672734e-03   0.0000000e+00   0.0000000e+00   5.0874980e-03
   5.0874980e-03   0.0000000e+00   0.0000000e+00   5.1033270e-03
   5.1033270e-03   0.0000000e+00   0.0000000e+00   5.1157158e-03
   5.1157158e-03   0.0000000e+00   0.0000000e+00   5.1254121e-03
   5.1254121e-03   0.0000000e+00   0.0000000e+00   5.1330010e-03
   5.1330010e-03   0.0000000e+00   0.0000000e+00   5.1389405e-03
   5.1389405e-03   0.0000000e+00   0.0000000e+00   5.1435892e-03
   5.1435892e-03   0.0000000e+00   0.0000000e+00   5.1472275e-03
   5.1472275e-03   0.0000000e+00   0.0000000e+00   5.1500751e-03
   5.1500751e-03   0.0000000e+00   0.0000000e+00   5.1523037e-03
   5.1523037e-03   0.0000000e+00   0.0000000e+00   5.1540481e-03
   5.1540481e-03   0.0000000e+00   0.0000000e+00   5.1554133e-03
   5.1554133e-03   0.0000000e+00   0.0000000e+00   5.1564817e-03
   1.3375457e-01   0.0000000e+00   4.3302999e-01   2.3526805e-01
   2.3526805e-01   2.2202460e-02   4.3302999e-01   3.1152383e-01
   3.1152383e-01   1.3286310e-01   4.3302999e-01   3.6692458e-01
   3.6692458e-01   2.3531782e-01   4.3302999e-01   4.0521402e-01
   4.0521402e-01   3.1831269e-01   4.3302999e-01   4.3154614e-01
   4.3154614e-01   3.5567902e-01   4.3302999e-01   4.4961257e-01
   4.4961257e-01   3.8046194e-01   4.3302999e-01   4.6164367e-01
   4.6164367e-01   4.0233870e-01   4.3302999e-01   4.6923021e-01
   4.6923021e-01   4.1886945e-01   4.3302999e-01   4.7359889e-01
   4.7359889e-01   4.3022821e-01   4.3302999e-01   4.7570678e-01
   4.7570678e-01   4.3743485e-01   4.3302999e-01   4.7629056e-01
   4.7629056e-01   4.4154939e-01   4.3302999e-01   4.7590434e-01
   4.7590434e-01   4.4347500e-01   4.3302999e-01   4.7495325e-01
   4.7495325e-01   4.4392620e-01   4.3302999e-01   4.7372364e-01
   4.7372364e-01   4.4344480e-01   4.3302999e-01   4.7240957e-01
   4.7240957e-01   4.4242734e-01   4.3302999e-01   4.7113527e-01
   4.7113527e-01   4.4115352e-01   4.3302999e-01   4.6997381e-01
   4.6997381e-01   4.3981194e-01   4.3302999e-01   4.6896187e-01
   4.6896187e-01   4.3852243e-01   4.3302999e-01   4.6811144e-01
   4.6811144e-01   4.3735444e-01   4.3302999e-01   4.6741858e-01
   4.6741858e-01   4.3634184e-01   4.3302999e-01   4.6686995e-01
   4.6686995e-01   4.3549441e-01   4.3302999e-01   4.6644736e-01
   4.6644736e-01   4.3480661e-01   4.3302999e-01   4.6613098e-01
   4.6613098e-01   4.3426394e-01   4.3302999e-01   4.6590132e-01
   4.6590132e-01   4.3384744e-01   4.3302999e-01   4.6574047e-01
   4.6574047e-01   4.3353678e-01   4.3302999e-01   4.6563275e-01
   4.6563275e-01   4.3331222e-01   4.3302999e-01   4.6556489e-01
   4.6556489e-01   4.3315574e-01   4.3302999e-01   4.6552605e-01
   4.6552605e-01   4.3305162e-01   4.3302999e-01   4.6550759e-01
   4.6550759e-01   4.3298665e-01   2.7218439e-01   4.1593213e-01
   4.1593213e-01   4.3295004e-01   2.7218439e-01   3.7844161e-01
   3.7844161e-01   4.2246415e-01   2.7218439e-01   3.5083895e-01
   3.5083895e-01   3.7477951e-01   2.7218439e-01   3.3124088e-01
   3.3124088e-01   3.3702778e-01   2.7218439e-01   3.1777856e-01
   3.1777856e-01   3.1154664e-01   2.7218439e-01   3.0875099e-01
   3.0875099e-01   2.9597685e-01   2.7218439e-01   3.0283943e-01
   3.0283943e-01   2.8604142e-01   2.7218439e-01   2.9908528e-01
   2.9908528e-01   2.7953263e-01   2.7218439e-01   2.9680396e-01
   2.9680396e-01   2.7533441e-01   2.7218439e-01   2.9551097e-01
   2.9551097e-01   2.7272136e-01   2.7218439e-01   2.9486650e-01
   2.9486650e-01   2.7118481e-01   2.7218439e-01   2.9463478e-01
   2.9463478e-01   2.7036526e-01   2.7218439e-01   2.9465447e-01
   2.9465447e-01   2.7001022e-01   2.7218439e-01   2.9481708e-01
   2.9481708e-01   2.6994469e-01   2.7218439e-01   2.9505131e-01
   2.9505131e-01   2.7004955e-01   2.7218439e-01   2.9531172e-01
   2.9531172e-01   2.7024546e-01   2.7218439e-01   2.9557058e-01
   2.9557058e-01   2.7048108e-01   2.7218439e-01   2.9581209e-01
   2.9581209e-01   2.7072446e-01   2.7218439e-01   2.9602831e-01
   2.9602831e-01   2.7095677e-01   2.7218439e-01   2.9621628e-01
   2.9621628e-01   2.7116794e-01   2.7218439e-01   2.9637612e-01
   2.9637612e-01   2.7135357e-01   2.7218439e-01   2.9650967e-01
   2.9650967e-01   2.7151275e-01   2.7218439e-01   2.9661968e-01
   2.9661968e-01   2.7164665e-01   2.7218439e-01   2.9670919e-01
   2.9670919e-01   2.7175755e-01   2.7218439e-01   2.9678128e-01
   2.9678128e-01   2.7184823e-01   2.7218439e-01   2.9683880e-01
   2.9683880e-01   2.7192155e-01   2.7218439e-01   2.9688431e-01
   2.9688431e-01   2.7198026e-01   2.7218439e-01   2.9692006e-01
   2.9692006e-01   2.7202688e-01   2.7218439e-01   2.9694793e-01
   2.9694793e-01   2.7206360e-01   2.7218439e-01   2.9696952e-01
   2.9696952e-01   2.7209232e-01   8.8686107e-01   4.8642222e-01
   4.8642222e-01   2.7211463e-01   8.8686107e-01   6.2640573e-01
   6.2640573e-01   3.6106846e-01   8.8686107e-01   7.3050442e-01
   7.3050442e-01   4.8851575e-01   8.8686107e-01   8.0623696e-01
   8.0623696e-01   6.1543069e-01   8.8686107e-01   8.5829671e-01
   8.5829671e-01   7.3420044e-01   8.8686107e-01   8.9249491e-01
   8.9249491e-01   8.0536196e-01   8.8686107e-01   9.1372652e-01
   9.1372652e-01   8.5152423e-01   8.8686107e-01   9.2638956e-01
   9.2638956e-01   8.7257297e-01   8.8686107e-01   9.3357868e-01
   9.3357868e-01   8.8370231e-01   8.8686107e-01   9.3744182e-01
   9.3744182e-01   8.8828940e-01   8.8686107e-01   9.3939266e-01
   9.3939266e-01   8.8947405e-01   8.8686107e-01   9.4038042e-01
   9.4038042e-01   8.8814206e-01   8.8686107e-01   9.4099539e-01
   9.4099539e-01   8.8581488e-01   8.8686107e-01   9.4161803e-01
   9.4161803e-01   8.8267150e-01   8.8686107e-01   9.4245757e-01
   9.4245757e-01   8.7953269e-01   8.8686107e-01   9.4363523e-01
   9.4363523e-01   8.7630630e-01   8.8686107e-01   9.4519499e-01
   9.4519499e-01   8.7341579e-01   8.8686107e-01   9.4715194e-01
   9.4715194e-01   8.7066024e-01   8.8686107e-01   9.4949332e-01
   9.4949332e-01   8.6821562e-01   8.8686107e-01   9.5220620e-01
   9.5220620e-01   8.6585823e-01   8.8686107e-01   9.5527468e-01
   9.5527468e-01   8.6363030e-01   8.8686107e-01   9.5869419e-01
   9.5869419e-01   8.6134055e-01   8.8686107e-01   9.6246716e-01
   9.6246716e-01   8.5897781e-01   8.8686107e-01   9.6660931e-01
   9.6660931e-01   8.5640284e-01   8.8686107e-01   9.7114544e-01
   9.7114544e-01   8.5358962e-01   8.8686107e-01   9.7611179e-01
   9.7611179e-01   8.5044312e-01   8.8686107e-01   9.8155299e-01
   9.8155299e-01   8.4693280e-01   8.8686107e-01   9.8749253e-01
   9.8749253e-01   8.4299075e-01   8.8686107e-01   9.9325418e-01
   9.9325418e-01   8.3857350e-01   8.4639247e-01   9.8820481e-01
   9.8820481e-01   8.3343345e-01   8.4639247e-01   9.8686916e-01
   9.8686916e-01   8.2505813e-01   8.4639247e-01   9.8832569e-01
   9.8832569e-01   8.1404058e-01   8.4639247e-01   9.9097902e-01
   9.9097902e-01   8.1907567e-01   8.4639247e-01   9.9408191e-01
   9.9408191e-01   8.2146791e-01   8.4639247e-01   9.9701787e-01
   9.9701787e-01   8.2034041e-01   8.4639247e-01   9.9919716e-01
   9.9919716e-01   8.1863753e-01   8.4639247e-01   1.0000000e+00
   1.0000000e+00   8.1613270e-01   8.4639247e-01   1.0000000e+00
   1.0000000e+00   8.1350270e-01   8.4639247e-01   1.0000000e+00
   1.0000000e+00   8.1141692e-01   8.4639247e-01   1.0000000e+00
   1.0000000e+00   8.1091125e-01   8.4639247e-01   1.0000000e+00
   1.0000000e+00   8.1131408e-01   8.4639247e-01   1.0000000e+00
   1.0000000e+00   8.1137293e-01   8.4639247e-01   1.0000000e+00
   1.0000000e+00   8.1128625e-01   8.4639247e-01   1.0000000e+00
   1.0000000e+00   8.1128377e-01   8.4639247e-01   1.0000000e+00
   1.0000000e+00   8.1130094e-01   8.4639247e-01   1.0000000e+00
   1.0000000e+00   8.1129964e-01   8.4639247e-01   1.0000000e+00
   1.0000000e+00   8.1129641e-01   8.4639247e-01   1.0000000e+00
   1.0000000e+00   8.1129700e-01   8.4639247e-01   1.0000000e+00
   1.0000000e+00   8.1129757e-01   8.4639247e-01   1.0000000e+00
   1.0000000e+00   8.1129740e-01   8.4639247e-01   1.0000000e+00
   1.0000000e+00   8.1129730e-01   8.4639247e-01   1.0000000e+00
   1.0000000e+00   8.1129735e-01   8.4639247e-01   1.0000000e+00
   1.0000000e+00   8.1129736e-01   8.4639247e-01   1.0000000e+00
   1.0000000e+00   8.1129735e-01   8.4639247e-01   1.0000000e+00
   1.0000000e+00   8.1129735e-01   8.4639247e-01   1.0000000e+00
   1.0000000e+00   8.1129735e-01   8.4639247e-01   1.0000000e+00
   1.0000000e+00   8.1129735e-01   8.4639247e-01   1.0000000e+00
   1.0000000e+00   8.1129735e-01   8.4639247e-01   1.0000000e+00
   1.0000000e+00   8.1129735e-01   8.4639247e-01   1.0000000e+00
   3.1883978e-02   0.0000000e+00   1.0248328e-01   5.6245733e-02
   5.6245733e-02   2.1416210e-03   1.0248328e-01   7.4706820e-02
   7.4706820e-02   2.8074447e-02   1.0248328e-01   8.8593151e-02
   8.8593151e-02   4.7621323e-02   1.0248328e-01   9.8959579e-02
   9.8959579e-02   6.2379266e-02   1.0248328e-01   1.0663015e-01
   1.0663015e-01   7.3550971e-02   1.0248328e-01   1.1224626e-01
   1.1224626e-01   8.1955604e-02   1.0248328e-01   1.1630636e-01
   1.1630636e-01   8.8218399e-02   1.0248328e-01   1.1919700e-01
   1.1919700e-01   9.2828180e-02   1.0248328e-01   1.2121695e-01
   1.2121695e-01   9.6171179e-02   1.0248328e-01   1.2259589e-01
   1.2259589e-01   9.8553240e-02   1.0248328e-01   1.2350912e-01
   1.2350912e-01   1.0021534e-01   1.0248328e-01   1.2408924e-01
   1.2408924e-01   1.0134557e-01   1.0248328e-01   1.2443550e-01
   1.2443550e-01   1.0208899e-01   1.0248328e-01   1.2462130e-01
   1.2462130e-01   1.0255604e-01   1.0248328e-01   1.2470017e-01
   1.2470017e-01   1.0282966e-01   1.0248328e-01   1.2471055e-01
   1.2471055e-01   1.0297121e-01   1.0248328e-01   1.2467953e-01
   1.2467953e-01   1.0302542e-01   1.0248328e-01   1.2462578e-01
   1.2462578e-01   1.0302431e-01   1.0248328e-01   1.2456182e-01
   1.2456182e-01   1.0299033e-01   1.0248328e-01   1.2449571e-01
   1.2449571e-01   1.0293891e-01   1.0248328e-01   1.2443239e-01
   1.2443239e-01   1.0288026e-01   1.0248328e-01   1.2437464e-01
   1.2437464e-01   1.0282093e-01   1.0248328e-01   1.2432375e-01
   1.2432375e-01   1.0276486e-01   1.0248328e-01   1.2428007e-01
   1.2428007e-01   1.0271416e-01   1.0248328e-01   1.2424337e-01
   1.2424337e-01   1.0266979e-01   1.0248328e-01   1.2421308e-01
   1.2421308e-01   1.0263192e-01   1.0248328e-01   1.2418848e-01
   1.2418848e-01   1.0260023e-01   1.0248328e-01   1.2416876e-01
   1.2416876e-01   1.0257419e-01   1.0248328e-01   1.2415317e-01
   1.2415317e-01   1.0255310e-01   1.0248328e-01   1.2414099e-01
   1.2414099e-01   1.0253625e-01   1.0248328e-01   1.2413160e-01
   1.2413160e-01   1.0252297e-01   1.0248328e-01   1.2412443e-01
   1.2412443e-01   1.0251263e-01   1.0248328e-01   1.2411903e-01
   1.2411903e-01   1.0250467e-01   1.0248328e-01   1.2411502e-01
   1.2411502e-01   1.0249861e-01   1.0248328e-01   1.2411208e-01
   1.2411208e-01   1.0249407e-01   1.0248328e-01   1.2410996e-01
   1.2410996e-01   1.0249070e-01   1.0248328e-01   1.2410845e-01
   1.2410845e-01   1.0248824e-01   1.0248328e-01   1.2410741e-01
   1.2410741e-01   1.0248647e-01   1.0248328e-01   1.2410670e-01
   1.2410670e-01   1.0248522e-01   3.9280231e-01   2.1357913e-01
   2.1357913e-01   1.0248436e-01   3.9280231e-01   2.8084852e-01
   2.8084852e-01   1.2737331e-01   3.9280231e-01   3.3018304e-01
   3.3018304e-01   2.1156443e-01   3.9280231e-01   3.6474646e-01
   3.6474646e-01   2.8376076e-01   3.9280231e-01   3.8850505e-01
   3.8850505e-01   3.2314236e-01   3.9280231e-01   4.0480322e-01
   4.0480322e-01   3.4540979e-01   3.9280231e-01   4.1587327e-01
   4.1587327e-01   3.6191990e-01   3.9280231e-01   4.2318847e-01
   4.2318847e-01   3.7483394e-01   3.9280231e-01   4.2779363e-01
   4.2779363e-01   3.8430503e-01   3.9280231e-01   4.3046543e-01
   4.3046543e-01   3.9080755e-01   3.9280231e-01   4.3179088e-01
   4.3179088e-01   3.9496031e-01   3.9280231e-01   4.3221217e-01
   4.3221217e-01   3.9735942e-01   3.9280231e-01   4.3205730e-01
   4.3205730e-01   3.9851234e-01   3.9280231e-01   4.3156402e-01
   4.3156402e-01   3.9882301e-01   3.9280231e-01   4.3089952e-01
   4.3089952e-01   3.9859885e-01   3.9280231e-01   4.3017689e-01
   4.3017689e-01   3.9806503e-01   3.9280231e-01   4.2946864e-01
   4.2946864e-01   3.9738021e-01   3.9280231e-01   4.2881771e-01
   4.2881771e-01   3.9665124e-01   3.9280231e-01   4.2824614e-01
   4.2824614e-01   3.9594590e-01   3.9280231e-01   4.2776182e-01
   4.2776182e-01   3.9530355e-01   3.9280231e-01   4.2736351e-01
   4.2736351e-01   3.9474357e-01   3.9280231e-01   4.2704452e-01
   4.2704452e-01   3.9427195e-01   3.9280231e-01   4.2679537e-01
   4.2679537e-01   3.9388615e-01   3.9280231e-01   4.2660552e-01
   4.2660552e-01   3.9357871e-01   3.9280231e-01   4.2646453e-01
   4.2646453e-01   3.9333972e-01   3.9280231e-01   4.2636274e-01
   4.2636274e-01   3.9315848e-01   3.9280231e-01   4.2629161e-01
   4.2629161e-01   3.9302455e-01   3.9280231e-01   4.2624388e-01
   4.2624388e-01   3.9292838e-01   3.9280231e-01   4.2621358e-01
   4.2621358e-01   3.9286161e-01   3.9280231e-01   4.2619588e-01
   4.2619588e-01   3.9281719e-01   3.9280231e-01   4.2618701e-01
   4.2618701e-01   3.9278932e-01   3.9280231e-01   4.2618408e-01
   4.2618408e-01   3.9277335e-01   3.9280231e-01   4.2618495e-01
   4.2618495e-01   3.9276567e-01   3.9280231e-01   4.2618806e-01
   4.2618806e-01   3.9276353e-01   3.9280231e-01   4.2619231e-01
   4.2619231e-01   3.9276488e-01   3.9280231e-01   4.2619696e-01
   4.2619696e-01   3.9276826e-01   3.9280231e-01   4.2620153e-01
   4.2620153e-01   3.9277263e-01   3.9280231e-01   4.2620574e-01
   4.2620574e-01   3.9277730e-01   3.9280231e-01   4.2620945e-01
   4.2620945e-01   3.9278183e-01   6.2475773e-01   4.9769851e-01
   4.9769851e-01   3.9278597e-01   6.2475773e-01   5.5171780e-01
   5.5171780e-01   4.0868494e-01   6.2475773e-01   5.9160446e-01
   5.9160446e-01   4.7523980e-01   6.2475773e-01   6.2014157e-01
   6.2014157e-01   5.2785000e-01   6.2475773e-01   6.3976936e-01
   6.3976936e-01   5.6707179e-01   6.2475773e-01   6.5259929e-01
   6.5259929e-01   5.9496949e-01   6.2475773e-01   6.6043097e-01
   6.6043097e-01   6.1347308e-01   6.2475773e-01   6.6474290e-01
   6.6474290e-01   6.2478620e-01   6.2475773e-01   6.6667424e-01
   6.6667424e-01   6.3130662e-01   6.2475773e-01   6.6706580e-01
   6.6706580e-01   6.3467871e-01   6.2475773e-01   6.6652055e-01
   6.6652055e-01   6.3598723e-01   6.2475773e-01   6.6545889e-01
   6.6545889e-01   6.3599292e-01   6.2475773e-01   6.6416436e-01
   6.6416436e-01   6.3523180e-01   6.2475773e-01   6.6282009e-01
   6.6282009e-01   6.3407283e-01   6.2475773e-01   6.6153735e-01
   6.6153735e-01   6.3276049e-01   6.2475773e-01   6.6037741e-01
   6.6037741e-01   6.3144851e-01   6.2475773e-01   6.5936792e-01
   6.5936792e-01   6.3022653e-01   6.2475773e-01   6.5851488e-01
   6.5851488e-01   6.2914050e-01   6.2475773e-01   6.5781122e-01
   6.5781122e-01   6.2820777e-01   6.2475773e-01   6.5724269e-01
   6.5724269e-01   6.2742794e-01   6.2475773e-01   6.5679180e-01
   6.5679180e-01   6.2679035e-01   6.2475773e-01   6.5644035e-01
   6.5644035e-01   6.2627914e-01   6.2475773e-01   6.5617095e-01
   6.5617095e-01   6.2587647e-01   6.2475773e-01   6.5596788e-01
   6.5596788e-01   6.2556459e-01   6.2475773e-01   6.5581746e-01
   6.5581746e-01   6.2532699e-01   6.2475773e-01   6.5570809e-01
   6.5570809e-01   6.2514899e-01   6.2475773e-01   6.5563021e-01
   6.5563021e-01   6.2501798e-01   6.2475773e-01   6.5557608e-01
   6.5557608e-01   6.2492339e-01   6.2475773e-01   6.5553957e-01
   6.5553957e-01   6.2485656e-01   6.2475773e-01   6.5551588e-01
   6.5551588e-01   6.2481057e-01   6.2475773e-01   6.5550133e-01
   6.5550133e-01   6.2477991e-01   6.2475773e-01   6.5549314e-01
   6.5549314e-01   6.2476034e-01   6.2475773e-01   6.5548924e-01
   6.5548924e-01   6.2474862e-01   6.2475773e-01   6.5548814e-01
   6.5548814e-01   6.2474230e-01   6.2475773e-01   6.5548876e-01
   6.5548876e-01   6.2473960e-01   6.2475773e-01   6.5549036e-01
   6.5549036e-01   6.2473921e-01   6.2475773e-01   6.5549243e-01
   6.5549243e-01   6.2474020e-01   6.2475773e-01   6.5549464e-01
   6.5549464e-01   6.2474195e-01   6.2475773e-01   6.5549678e-01
   6.5549678e-01   6.2474403e-01   6.2475773e-01   6.5549874e-01
   6.5549874e-01   6.2474617e-01   6.2475773e-01   6.5550047e-01
   3.0807555e-01   0.0000000e+00   1.0000000e+00   5.3958243e-01
   5.3958243e-01   5.6982733e-02   1.0000000e+00   7.0843922e-01
   7.0843922e-01   3.4062534e-01   1.0000000e+00   8.2712485e-01
   8.2712485e-01   5.5843107e-01   1.0000000e+00   9.0698254e-01
   9.0698254e-01   7.1468848e-01   1.0000000e+00   9.5717300e-01
   9.5717300e-01   8.3884502e-01   1.0000000e+00   9.8591788e-01
   9.8591788e-01   9.0671110e-01   1.0000000e+00   9.9925774e-01
   9.9925774e-01   9.1117660e-01   1.0000000e+00   1.0000000e+00
   1.0000000e+00   9.3430875e-01   1.0000000e+00   1.0000000e+00
   1.0000000e+00   9.1145683e-01   1.0000000e+00   1.0000000e+00
   1.0000000e+00   9.1572656e-01   1.0000000e+00   1.0000000e+00
   1.0000000e+00   8.8912567e-01   1.0000000e+00   1.0000000e+00
   1.0000000e+00   8.8912343e-01   1.0000000e+00   1.0000000e+00
   1.0000000e+00   8.6029061e-01   1.0000000e+00   1.0000000e+00
   1.0000000e+00   8.5584545e-01   1.0000000e+00   1.0000000e+00
   1.0000000e+00   8.2928392e-01   1.0000000e+00   1.0000000e+00
   1.0000000e+00   8.2377032e-01   1.0000000e+00   1.0000000e+00
   1.0000000e+00   8.1108744e-01   1.0000000e+00   1.0000000e+00
   1.0000000e+00   8.1063795e-01   1.0000000e+00   1.0000000e+00
   1.0000000e+00   8.1140824e-01   1.0000000e+00   1.0000000e+00
   1.0000000e+00   8.1141977e-01   1.0000000e+00   1.0000000e+00
   1.0000000e+00   8.1126316e-01   1.0000000e+00   1.0000000e+00
   1.0000000e+00   8.1127709e-01   1.0000000e+00   1.0000000e+00
   1.0000000e+00   8.1130616e-01   8.1551921e-01   9.9916484e-01
   9.9916484e-01   8.1130041e-01   8.1551921e-01   9.9899058e-01
   9.9899058e-01   8.1130193e-01   8.1551921e-01   9.9919957e-01
   9.9919957e-01   8.1101863e-01   8.1551921e-01   9.9952927e-01
   9.9952927e-01   8.1198319e-01   8.1551921e-01   9.9982120e-01
   9.9982120e-01   8.1221658e-01   8.1551921e-01   1.0000000e+00
   1.0000000e+00   8.1187386e-01   8.1551921e-01   1.0000000e+00
   1.0000000e+00   8.1157301e-01   8.1551921e-01   1.0000000e+00
   1.0000000e+00   8.1137487e-01   8.1551921e-01   1.0000000e+00
   1.0000000e+00   8.1123633e-01   8.1551921e-01   1.0000000e+00
   1.0000000e+00   8.1128856e-01   8.1551921e-01   1.0000000e+00
   1.0000000e+00   8.1131026e-01   8.1551921e-01   1.0000000e+00
   1.0000000e+00   8.1129774e-01   8.1551921e-01   1.0000000e+00
   1.0000000e+00   8.1129479e-01   8.1551921e-01   1.0000000e+00
   1.0000000e+00   8.1129754e-01   8.1551921e-01   1.0000000e+00
   1.0000000e+00   8.1129783e-01   8.1551921e-01   1.0000000e+00
   1.0000000e+00   8.1129727e-01   8.1551921e-01   1.0000000e+00
   1.0000000e+00   8.1129727e-01   8.1551921e-01   1.0000000e+00
   1.0000000e+00   8.1129738e-01   8.1551921e-01   1.0000000e+00
   1.0000000e+00   8.1129737e-01   8.1551921e-01   1.0000000e+00
   1.0000000e+00   8.1129735e-01   8.1551921e-01   1.0000000e+00
   1.0000000e+00   8.1129735e-01   8.1551921e-01   1.0000000e+00
   1.0000000e+00   8.1129735e-01   8.1551921e-01   1.0000000e+00
   1.0000000e+00   8.1129735e-01   8.1551921e-01   1.0000000e+00
   1.0000000e+00   8.1129735e-01   5.5481066e-01   9.2094609e-01
   9.2094609e-01   8.1129735e-01   5.5481066e-01   8.6022102e-01
   8.6022102e-01   8.0835134e-01   5.5481066e-01   8.1165565e-01
   8.1165565e-01   7.7789512e-01   5.5481066e-01   7.6917549e-01
   7.6917549e-01   7.8693581e-01   5.5481066e-01   7.3184951e-01
   7.3184951e-01   7.6033835e-01   5.5481066e-01   6.9981099e-01
   6.9981099e-01   7.2420552e-01   5.5481066e-01   6.7309122e-01
   6.7309122e-01   6.8869455e-01   5.5481066e-01   6.5139804e-01
   6.5139804e-01   6.5774944e-01   5.5481066e-01   6.3417616e-01
   6.3417616e-01   6.3262397e-01   5.5481066e-01   6.2069740e-01
   6.2069740e-01   6.1373112e-01   5.5481066e-01   6.1022354e-01
   6.1022354e-01   5.9981318e-01   5.5481066e-01   6.0216326e-01
   6.0216326e-01   5.8862086e-01   5.5481066e-01   5.9606062e-01
   5.9606062e-01   5.7935032e-01   5.5481066e-01   5.9154052e-01
   5.9154052e-01   5.7190916e-01   5.5481066e-01   5.8828240e-01
   5.8828240e-01   5.6614974e-01   5.5481066e-01   5.8601152e-01
   5.8601152e-01   5.6183857e-01   5.5481066e-01   5.8449587e-01
   5.8449587e-01   5.5871847e-01   5.5481066e-01   5.8354356e-01
   5.8354356e-01   5.5654405e-01   5.5481066e-01   5.8299955e-01
   5.8299955e-01   5.5509789e-01   5.5481066e-01   5.8274153e-01
   5.8274153e-01   5.5419615e-01   5.5481066e-01   5.8267544e-01
   5.8267544e-01   5.5368874e-01   5.5481066e-01   5.8273077e-01
   5.8273077e-01   5.5345677e-01   5.5481066e-01   5.8285625e-01
   5.8285625e-01   5.5340869e-01   1.0000000e+00   7.1927932e-01
   7.1927932e-01   5.5347597e-01   1.0000000e+00   8.2002318e-01
   8.2002318e-01   5.9628075e-01   1.0000000e+00   8.9122667e-01
   8.9122667e-01   7.3815341e-01   1.0000000e+00   9.3965761e-01
   9.3965761e-01   8.2934950e-01   1.0000000e+00   9.7090945e-01
   9.7090945e-01   8.9065727e-01   1.0000000e+00   9.9001319e-01
   9.9001319e-01   9.0584261e-01   1.0000000e+00   9.9928893e-01
   9.9928893e-01   9.2680917e-01   1.0000000e+00   1.0000000e+00
   1.0000000e+00   9.1959006e-01   1.0000000e+00   1.0000000e+00
   1.0000000e+00   9.2105388e-01   1.0000000e+00   1.0000000e+00
   1.0000000e+00   9.0038566e-01   1.0000000e+00   1.0000000e+00
   1.0000000e+00   8.9722644e-01   1.0000000e+00   1.0000000e+00
   1.0000000e+00   8.7356794e-01   1.0000000e+00   1.0000000e+00
   1.0000000e+00   8.6624143e-01   1.0000000e+00   1.0000000e+00
   1.0000000e+00   8.4176203e-01   1.0000000e+00   1.0000000e+00
   1.0000000e+00   8.3257076e-01   1.0000000e+00   1.0000000e+00
   1.0000000e+00   8.1575523e-01   1.0000000e+00   1.0000000e+00
   1.0000000e+00   8.1206010e-01   1.0000000e+00   1.0000000e+00
   1.0000000e+00   8.1059114e-01   1.0000000e+00   1.0000000e+00
   1.0000000e+00   8.1122629e-01   1.0000000e+00   1.0000000e+00
   1.0000000e+00   8.1144906e-01   1.0000000e+00   1.0000000e+00
   1.0000000e+00   8.1129556e-01   1.0000000e+00   1.0000000e+00
   1.0000000e+00   8.1126811e-01   1.0000000e+00   1.0000000e+00
   1.0000000e+00   8.1130074e-01   1.0000000e+00   1.0000000e+00
   1.0000000e+00   8.1130274e-01   5.8611950e-01   9.2895232e-01
   9.2895232e-01   8.1129613e-01   5.8611950e-01   8.7470281e-01
   8.7470281e-01   8.0917767e-01   5.8611950e-01   8.3146898e-01
   8.3146898e-01   7.8316188e-01   5.8611950e-01   7.9328857e-01
   7.9328857e-01   7.9813007e-01   5.8611950e-01   7.5912122e-01
   7.5912122e-01   7.7998520e-01   5.8611950e-01   7.2920284e-01
   7.2920284e-01   7.4990204e-01   5.8611950e-01   7.0376966e-01
   7.0376966e-01   7.1825069e-01   5.8611950e-01   6.8277333e-01
   6.8277333e-01   6.8923285e-01   5.8611950e-01   6.6588800e-01
   6.6588800e-01   6.6463079e-01   5.8611950e-01   6.5261770e-01
   6.5261770e-01   6.4469943e-01   5.8611950e-01   6.4238373e-01
   6.4238373e-01   6.2927622e-01   5.8611950e-01   6.3460086e-01
   6.3460086e-01   6.1778585e-01   5.8611950e-01   6.2874621e-01
   6.2874621e-01   6.0925451e-01   5.8611950e-01   6.2439216e-01
   6.2439216e-01   6.0278330e-01   5.8611950e-01   6.2120056e-01
   6.2120056e-01   5.9782669e-01   5.8611950e-01   6.1890414e-01
   6.1890414e-01   5.9406514e-01   5.8611950e-01   6.1729054e-01
   6.1729054e-01   5.9126505e-01   5.8611950e-01   6.1619092e-01
   6.1619092e-01   5.8923069e-01   5.8611950e-01   6.1547172e-01
   6.1547172e-01   5.8779462e-01   5.8611950e-01   6.1502837e-01
   6.1502837e-01   5.8681594e-01   5.8611950e-01   6.1478014e-01
   6.1478014e-01   5.8617888e-01   5.8611950e-01   6.1466570e-01
   6.1466570e-01   5.8579057e-01   5.8611950e-01   6.1463934e-01
   6.1463934e-01   5.8557826e-01   5.8611950e-01   6.1466773e-01
   6.1466773e-01   5.8548623e-01   5.8611950e-01   6.1472719e-01
   1.0125232e-03   0.0000000e+00   0.0000000e+00   1.9135363e-03
   1.9135363e-03   0.0000000e+00   0.0000000e+00   2.6209176e-03
   2.6209176e-03   0.0000000e+00   0.0000000e+00   3.1731215e-03
   3.1731215e-03   0.0000000e+00   0.0000000e+00   3.6050261e-03
   3.6050261e-03   0.0000000e+00   0.0000000e+00   3.9430405e-03
   3.9430405e-03   0.0000000e+00   0.0000000e+00   4.2075961e-03
   4.2075961e-03   0.0000000e+00   0.0000000e+00   4.4146569e-03
   4.4146569e-03   0.0000000e+00   0.0000000e+00   4.5767173e-03
   4.5767173e-03   0.0000000e+00   0.0000000e+00   4.7035568e-03
   4.7035568e-03   0.0000000e+00   0.0000000e+00   4.8028300e-03
   4.8028300e-03   0.0000000e+00   0.0000000e+00   4.8805276e-03
   4.8805276e-03   0.0000000e+00   0.0000000e+00   4.9413389e-03
   4.9413389e-03   0.0000000e+00   0.0000000e+00   4.9889337e-03
   4.9889337e-03   0.0000000e+00   0.0000000e+00   5.0261844e-03
   5.0261844e-03   0.0000000e+00   0.0000000e+00   5.0553392e-03
   5.0553392e-03   0.0000000e+00   0.0000000e+00   5.0781575e-03
   5.0781575e-03   0.0000000e+00   0.0000000e+00   5.0960166e-03
   5.0960166e-03   0.0000000e+00   0.0000000e+00   5.1099942e-03
   5.1099942e-03   0.0000000e+00   0.0000000e+00   5.1209340e-03
   5.1209340e-03   0.0000000e+00   0.0000000e+00   5.1294962e-03
   5.1294962e-03   0.0000000e+00   0.0000000e+00   5.1361974e-03
   5.1361974e-03   0.0000000e+00   0.0000000e+00   5.1414422e-03
   5.1414422e-03   0.0000000e+00   0.0000000e+00   5.1455472e-03
   5.1455472e-03   0.0000000e+00   0.0000000e+00   5.1487599e-03
   5.1487599e-03   0.0000000e+00   0.0000000e+00   5.1512745e-03
   5.1512745e-03   0.0000000e+00   0.0000000e+00   5.1532425e-03
   5.1532425e-03   0.0000000e+00   0.0000000e+00   5.1547828e-03
   5.1547828e-03   0.0000000e+00   0.0000000e+00   5.1559883e-03
   5.1559883e-03   0.0000000e+00   0.0000000e+00   5.1569318e-03
   5.1569318e-03   0.0000000e+00   8.7194832e-01   2.7388130e-01
   2.7388130e-01   0.0000000e+00   8.7194832e-01   4.7737472e-01
   4.7737472e-01   5.3287888e-02   8.7194832e-01   6.2863038e-01
   6.2863038e-01   2.9394047e-01   8.7194832e-01   7.3659024e-01
   7.3659024e-01   5.0825060e-01   8.7194832e-01   8.1322492e-01
   8.1322492e-01   6.1859087e-01   8.7194832e-01   8.6426596e-01
   8.6426596e-01   7.4165460e-01   8.7194832e-01   8.9643306e-01
   8.9643306e-01   8.1214242e-01   8.7194832e-01   9.1521725e-01
   9.1521725e-01   8.5621916e-01   8.7194832e-01   9.2544489e-01
   9.2544489e-01   8.7370601e-01   8.7194832e-01   9.3030142e-01
   9.3030142e-01   8.8341599e-01   8.7194832e-01   9.3205640e-01
   9.3205640e-01   8.8552687e-01   8.7194832e-01   9.3208993e-01
   9.3208993e-01   8.8571919e-01   8.7194832e-01   9.3136884e-01
   9.3136884e-01   8.8286242e-01   8.7194832e-01   9.3040873e-01
   9.3040873e-01   8.8025570e-01   8.7194832e-01   9.2956253e-01
   9.2956253e-01   8.7663155e-01   8.7194832e-01   9.2895814e-01
   9.2895814e-01   8.7398910e-01   8.7194832e-01   9.2867467e-01
   9.2867467e-01   8.7121867e-01   8.7194832e-01   9.2868893e-01
   9.2868893e-01   8.6943355e-01   8.7194832e-01   9.2897983e-01
   9.2897983e-01   8.6777133e-01   8.7194832e-01   9.2948975e-01
   9.2948975e-01   8.6678779e-01   8.7194832e-01   9.3018094e-01
   9.3018094e-01   8.6589311e-01   8.7194832e-01   9.3100827e-01
   9.3100827e-01   8.6535744e-01   8.7194832e-01   9.3194661e-01
   9.3194661e-01   8.6482597e-01   8.7194832e-01   9.3297224e-01
   9.3297224e-01   8.6444012e-01   8.7194832e-01   9.3407537e-01
   9.3407537e-01   8.6400606e-01   8.7194832e-01   9.3524838e-01
   9.3524838e-01   8.6360461e-01   8.7194832e-01   9.3649166e-01
   9.3649166e-01   8.6313566e-01   8.7194832e-01   9.3780680e-01
   9.3780680e-01   8.6264651e-01   8.7194832e-01   9.3919950e-01
   9.3919950e-01   8.6208591e-01   8.7194832e-01   9.4067600e-01
   9.4067600e-01   8.6147990e-01   9.0091238e-01   9.5117105e-01
   9.5117105e-01   8.6080062e-01   9.0091238e-01   9.5948510e-01
   9.5948510e-01   8.6352959e-01   9.0091238e-01   9.6619655e-01
   9.6619655e-01   8.6945095e-01   9.0091238e-01   9.7227961e-01
   9.7227961e-01   8.6569720e-01   9.0091238e-01   9.7807089e-01
   9.7807089e-01   8.6489529e-01   9.0091238e-01   9.8414658e-01
   9.8414658e-01   8.5832631e-01   9.0091238e-01   9.9034748e-01
   9.9034748e-01   8.5406400e-01   9.0091238e-01   9.9583838e-01
   9.9583838e-01   8.4612636e-01   9.0091238e-01   9.9950300e-01
   9.9950300e-01   8.3908389e-01   9.0091238e-01   1.0000000e+00
   1.0000000e+00   8.2899835e-01   9.0091238e-01   1.0000000e+00
   1.0000000e+00   8.1957747e-01   9.0091238e-01   1.0000000e+00
   1.0000000e+00   8.1173154e-01   9.0091238e-01   1.0000000e+00
   1.0000000e+00   8.1043610e-01   9.0091238e-01   1.0000000e+00
   1.0000000e+00   8.1130292e-01   9.0091238e-01   1.0000000e+00
   1.0000000e+00   8.1147410e-01   9.0091238e-01   1.0000000e+00
   1.0000000e+00   8.1127796e-01   9.0091238e-01   1.0000000e+00
   1.0000000e+00   8.1126512e-01   9.0091238e-01   1.0000000e+00
   1.0000000e+00   8.1130450e-01   9.0091238e-01   1.0000000e+00
   1.0000000e+00   8.1130293e-01   9.0091238e-01   1.0000000e+00
   1.0000000e+00   8.1129538e-01   9.0091238e-01   1.0000000e+00
   1.0000000e+00   8.1129647e-01   9.0091238e-01   1.0000000e+00
   1.0000000e+00   8.1129783e-01   9.0091238e-01   1.0000000e+00
   1.0000000e+00   8.1129748e-01   9.0091238e-01   1.0000000e+00
   1.0000000e+00   8.1129725e-01   9.0091238e-01   1.0000000e+00
   1.0000000e+00   8.1129734e-01   9.0091238e-01   1.0000000e+00
   1.0000000e+00   8.1129737e-01   9.0091238e-01   1.0000000e+00
   1.0000000e+00   8.1129735e-01   9.0091238e-01   1.0000000e+00
   1.0000000e+00   8.1129735e-01   9.0091238e-01   1.0000000e+00
   1.0000000e+00   8.1129735e-01   2.2921897e-01   8.2048743e-01
   8.2048743e-01   8.1129735e-01   2.2921897e-01   6.8403882e-01
   6.8403882e-01   7.8364622e-01   2.2921897e-01   5.7861595e-01
   5.7861595e-01   6.7584024e-01   2.2921897e-01   4.9546907e-01
   4.9546907e-01   5.9930268e-01   2.2921897e-01   4.2901894e-01
   4.2901894e-01   5.3397645e-01   2.2921897e-01   3.7723297e-01
   3.7723297e-01   4.5329390e-01   2.2921897e-01   3.3803671e-01
   3.3803671e-01   3.8670244e-01   2.2921897e-01   3.0942395e-01
   3.0942395e-01   3.3285516e-01   2.2921897e-01   2.8922877e-01
   2.8922877e-01   2.9466322e-01   2.2921897e-01   2.7522728e-01
   2.7522728e-01   2.7168438e-01   2.2921897e-01   2.6566827e-01
   2.6566827e-01   2.5647136e-01   2.2921897e-01   2.5927174e-01
   2.5927174e-01   2.4591306e-01   2.2921897e-01   2.5510844e-01
   2.5510844e-01   2.3866295e-01   2.2921897e-01   2.5250453e-01
   2.5250453e-01   2.3380368e-01   2.2921897e-01   2.5097263e-01
   2.5097263e-01   2.3065956e-01   2.2921897e-01   2.5016214e-01
   2.5016214e-01   2.2872732e-01   2.2921897e-01   2.4982319e-01
   2.4982319e-01   2.2763264e-01   2.2921897e-01   2.4978006e-01
   2.4978006e-01   2.2710032e-01   2.2921897e-01   2.4991130e-01
   2.4991130e-01   2.2693153e-01   2.2921897e-01   2.5013493e-01
   2.5013493e-01   2.2698567e-01   2.2921897e-01   2.5039723e-01
   2.5039723e-01   2.2716577e-01   2.2921897e-01   2.5066450e-01
   2.5066450e-01   2.2740698e-01   2.2921897e-01   2.5091685e-01
   2.5091685e-01   2.2766749e-01   2.2921897e-01   2.5114375e-01
   2.5114375e-01   2.2792180e-01   2.2921897e-01   2.5134079e-01
   2.5134079e-01   2.2815552e-01   2.2921897e-01   2.5150742e-01
   2.5150742e-01   2.2836173e-01   2.2921897e-01   2.5164532e-01
   2.5164532e-01   2.2853824e-01   2.2921897e-01   2.5175742e-01
   2.5175742e-01   2.2868579e-01   2.2921897e-01   2.5184709e-01
   2.5184709e-01   2.2880673e-01   2.2921897e-01   2.5191782e-01
   2.5191782e-01   2.2890421e-01   2.2921897e-01   2.5197286e-01
   1.4028058e-01   0.0000000e+00   4.5420541e-01   2.4673618e-01
   2.4673618e-01   2.3492928e-02   4.5420541e-01   3.2668419e-01
   3.2668419e-01   1.3972373e-01   4.5420541e-01   3.8453501e-01
   3.8453501e-01   2.5034961e-01   4.5420541e-01   4.2452886e-01
   4.2452886e-01   3.3425106e-01   4.5420541e-01   4.5225687e-01
   4.5225687e-01   3.7010950e-01   4.5420541e-01   4.7131568e-01
   4.7131568e-01   3.9833924e-01   4.5420541e-01   4.8393036e-01
   4.8393036e-01   4.2296852e-01   4.5420541e-01   4.9177475e-01
   4.9177475e-01   4.4098346e-01   4.5420541e-01   4.9617153e-01
   4.9617153e-01   4.5308520e-01   4.5420541e-01   4.9816043e-01
   4.9816043e-01   4.6059450e-01   4.5420541e-01   4.9854173e-01
   4.9854173e-01   4.6474562e-01   4.5420541e-01   4.9791526e-01
   4.9791526e-01   4.6655011e-01   4.5420541e-01   4.9671713e-01
   4.9671713e-01   4.6679437e-01   4.5420541e-01   4.9525332e-01
   4.9525332e-01   4.6606843e-01   4.5420541e-01   4.9372907e-01
   4.9372907e-01   4.6480045e-01   4.5420541e-01   4.9227392e-01
   4.9227392e-01   4.6328968e-01   4.5420541e-01   4.9096211e-01
   4.9096211e-01   4.6173579e-01   4.5420541e-01   4.8982902e-01
   4.8982902e-01   4.6026366e-01   4.5420541e-01   4.8888380e-01
   4.8888380e-01   4.5894387e-01   4.5420541e-01   4.8811897e-01
   4.8811897e-01   4.5780888e-01   4.5420541e-01   4.8751743e-01
   4.8751743e-01   4.5686564e-01   4.5420541e-01   4.8705736e-01
   4.8705736e-01   4.5610502e-01   4.5420541e-01   4.8671563e-01
   4.8671563e-01   4.5550876e-01   1.0000000e+00   6.5577930e-01
   6.5577930e-01   4.5505427e-01   1.0000000e+00   7.8146131e-01
   7.8146131e-01   4.8840684e-01   1.0000000e+00   8.7084291e-01
   8.7084291e-01   6.5761878e-01   1.0000000e+00   9.3082154e-01
   9.3082154e-01   7.9455550e-01   1.0000000e+00   9.6864562e-01
   9.6864562e-01   8.7693288e-01   1.0000000e+00   9.9053995e-01
   9.9053995e-01   9.0550681e-01   1.0000000e+00   1.0000000e+00
   1.0000000e+00   9.2308661e-01   1.0000000e+00   1.0000000e+00
   1.0000000e+00   9.2225115e-01   1.0000000e+00   1.0000000e+00
   1.0000000e+00   9.1686478e-01   1.0000000e+00   1.0000000e+00
   1.0000000e+00   9.0167481e-01   1.0000000e+00   1.0000000e+00
   1.0000000e+00   8.9268629e-01   1.0000000e+00   1.0000000e+00
   1.0000000e+00   8.7418987e-01   1.0000000e+00   1.0000000e+00
   1.0000000e+00   8.6160165e-01   1.0000000e+00   1.0000000e+00
   1.0000000e+00   8.4172604e-01   1.0000000e+00   1.0000000e+00
   1.0000000e+00   8.2892093e-01   1.0000000e+00   1.0000000e+00
   1.0000000e+00   8.1561906e-01   1.0000000e+00   1.0000000e+00
   1.0000000e+00   8.1119081e-01   1.0000000e+00   1.0000000e+00
   1.0000000e+00   8.1067803e-01   1.0000000e+00   1.0000000e+00
   1.0000000e+00   8.1138313e-01   1.0000000e+00   1.0000000e+00
   1.0000000e+00   8.1141400e-01   1.0000000e+00   1.0000000e+00
   1.0000000e+00   8.1126860e-01   1.0000000e+00   1.0000000e+00
   1.0000000e+00   8.1127765e-01   1.0000000e+00   1.0000000e+00
   1.0000000e+00   8.1130504e-01   1.0000000e+00   1.0000000e+00
   1.0000000e+00   8.1130042e-01   7.2760894e-02   7.7083341e-01
   7.7083341e-01   8.1129553e-01   7.2760894e-02   5.9791554e-01
   5.9791554e-01   7.6175804e-01   7.2760894e-02   4.6633773e-01
   4.6633773e-01   6.0891396e-01   7.2760894e-02   3.6218997e-01
   3.6218997e-01   5.4015831e-01   7.2760894e-02   2.8148508e-01
   2.8148508e-01   4.1717194e-01   7.2760894e-02   2.2114746e-01
   2.2114746e-01   3.0716335e-01   7.2760894e-02   1.7789295e-01
   1.7789295e-01   2.2061969e-01   7.2760894e-02   1.4717180e-01
   1.4717180e-01   1.7452317e-01   7.2760894e-02   1.2560550e-01
   1.2560550e-01   1.4130092e-01   7.2760894e-02   1.1073337e-01
   1.1073337e-01   1.1692922e-01   7.2760894e-02   1.0071763e-01
   1.0071763e-01   9.9676183e-02   7.2760894e-02   9.4177999e-02
   9.4177999e-02   8.7854144e-02   7.2760894e-02   9.0086682e-02
   9.0086682e-02   7.9979422e-02   7.2760894e-02   8.7688053e-02
   8.7688053e-02   7.4901345e-02   7.2760894e-02   8.6433834e-02
   8.6433834e-02   7.1772160e-02   7.2760894e-02   8.5931555e-02
   8.5931555e-02   6.9978041e-02   7.2760894e-02   8.5904390e-02
   8.5904390e-02   6.9078861e-02   7.2760894e-02   8.6160382e-02
   8.6160382e-02   6.8762275e-02   7.2760894e-02   8.6569147e-02
   8.6569147e-02   6.8809437e-02   7.2760894e-02   8.7044442e-02
   8.7044442e-02   6.9069474e-02   7.2760894e-02   8.7531241e-02
   8.7531241e-02   6.9440513e-02   7.2760894e-02   8.7996246e-02
   8.7996246e-02   6.9855647e-02   7.2760894e-02   8.8420994e-02
   8.8420994e-02   7.0272598e-02   0.0000000e+00   6.6372850e-02
   6.6372850e-02   7.0666167e-02   0.0000000e+00   4.9745899e-02
   4.9745899e-02   6.6148342e-02   0.0000000e+00   3.7330239e-02
   3.7330239e-02   4.8067741e-02   0.0000000e+00   2.8129880e-02
   2.8129880e-02   3.4850484e-02   0.0000000e+00   2.1362184e-02
   2.1362184e-02   2.5086829e-02   0.0000000e+00   1.6423781e-02
   1.6423781e-02   1.7865563e-02   0.0000000e+00   1.2852354e-02
   1.2852354e-02   1.2562274e-02   0.0000000e+00   1.0295613e-02
   1.0295613e-02   8.6998696e-03   0.0000000e+00   8.4866407e-03
   8.4866407e-03   5.9127880e-03   0.0000000e+00   7.2244105e-03
   7.2244105e-03   3.9226752e-03   0.0000000e+00   6.3584622e-03
   6.3584622e-03   2.5188738e-03   0.0000000e+00   5.7769264e-03
   5.7769264e-03   1.5429353e-03   0.0000000e+00   5.3972143e-03
   5.3972143e-03   8.7643891e-04   0.0000000e+00   5.1588229e-03
   5.1588229e-03   4.3147532e-04   0.0000000e+00   5.0178044e-03
   5.0178044e-03   1.4325625e-04   0.0000000e+00   4.9425399e-03
   4.9425399e-03   0.0000000e+00   0.0000000e+00   4.9103757e-03
   4.9103757e-03   0.0000000e+00   0.0000000e+00   4.9051383e-03
   4.9051383e-03   0.0000000e+00   0.0000000e+00   4.9416197e-03
   4.9416197e-03   0.0000000e+00   0.0000000e+00   4.9867797e-03
   4.9867797e-03   0.0000000e+00   0.0000000e+00   5.0243973e-03
   5.0243973e-03   0.0000000e+00   0.0000000e+00   5.0539627e-03
   5.0539627e-03   0.0000000e+00   0.0000000e+00   5.0770859e-03
   5.0770859e-03   0.0000000e+00   0.0000000e+00   5.0951785e-03
   5.0951785e-03   0.0000000e+00   5.5304047e-01   1.7553990e-01
   1.7553990e-01   0.0000000e+00   5.5304047e-01   3.0462427e-01
   3.0462427e-01   3.3580734e-02   5.5304047e-01   4.0122902e-01
   4.0122902e-01   1.7669072e-01   5.5304047e-01   4.6970081e-01
   4.6970081e-01   3.2784402e-01   5.5304047e-01   5.1782001e-01
   5.1782001e-01   3.9951168e-01   5.5304047e-01   5.5153020e-01
   5.5153020e-01   4.4671137e-01   5.5304047e-01   5.7423023e-01
   5.7423023e-01   4.9206667e-01   5.5304047e-01   5.8864250e-01
   5.8864250e-01   5.2487430e-01   5.5304047e-01   5.9699506e-01
   5.9699506e-01   5.4693147e-01   5.5304047e-01   6.0107221e-01
   6.0107221e-01   5.6076774e-01   5.5304047e-01   6.0226489e-01
   6.0226489e-01   5.6858179e-01   5.5304047e-01   6.0162348e-01
   6.0162348e-01   5.7220101e-01   5.5304047e-01   5.9991336e-01
   5.9991336e-01   5.7306386e-01   5.5304047e-01   5.9767146e-01
   5.9767146e-01   5.7222412e-01   5.5304047e-01   5.9525910e-01
   5.9525910e-01   5.7041692e-01   5.5304047e-01   5.9290700e-01
   5.9290700e-01   5.6814232e-01   5.5304047e-01   5.9075134e-01
   5.9075134e-01   5.6573283e-01   5.5304047e-01   5.8886192e-01
   5.8886192e-01   5.6340088e-01   5.5304047e-01   5.8726337e-01
   5.8726337e-01   5.6127239e-01   5.5304047e-01   5.8595112e-01
   5.8595112e-01   5.5941175e-01   5.5304047e-01   5.8490302e-01
   5.8490302e-01   5.5784090e-01   5.5304047e-01   5.8408762e-01
   5.8408762e-01   5.5655397e-01   5.5304047e-01   5.8346991e-01
   5.8346991e-01   5.5552824e-01   5.5304047e-01   5.8301503e-01
   5.8301503e-01   5.5473209e-01   5.5304047e-01   5.8269060e-01
   1.0125232e-03   0.0000000e+00   0.0000000e+00   1.9135363e-03
   1.9135363e-03   0.0000000e+00   0.0000000e+00   2.6209176e-03
   2.6209176e-03   0.0000000e+00   0.0000000e+00   3.1731215e-03
   3.1731215e-03   0.0000000e+00   0.0000000e+00   3.6050261e-03
   3.6050261e-03   0.0000000e+00   0.0000000e+00   3.9430405e-03
   3.9430405e-03   0.0000000e+00   0.0000000e+00   4.2075961e-03
   4.2075961e-03   0.0000000e+00   0.0000000e+00   4.4146569e-03
   4.4146569e-03   0.0000000e+00   0.0000000e+00   4.5767173e-03
   4.5767173e-03   0.0000000e+00   0.0000000e+00   4.7035568e-03
   4.7035568e-03   0.0000000e+00   0.0000000e+00   4.8028300e-03
   4.8028300e-03   0.0000000e+00   0.0000000e+00   4.8805276e-03
   4.8805276e-03   0.0000000e+00   0.0000000e+00   4.9413389e-03
   4.9413389e-03   0.0000000e+00   0.0000000e+00   4.9889337e-03
   4.9889337e-03   0.0000000e+00   0.0000000e+00   5.0261844e-03
   5.0261844e-03   0.0000000e+00   0.0000000e+00   5.0553392e-03
   5.0553392e-03   0.0000000e+00   0.0000000e+00   5.0781575e-03
   5.0781575e-03   0.0000000e+00   0.0000000e+00   5.0960166e-03
   5.0960166e-03   0.0000000e+00   0.0000000e+00   5.1099942e-03
   5.1099942e-03   0.0000000e+00   0.0000000e+00   5.1209340e-03
   5.1209340e-03   0.0000000e+00   0.0000000e+00   5.1294962e-03
   5.1294962e-03   0.0000000e+00   0.0000000e+00   5.1361974e-03
   5.1361974e-03   0.0000000e+00   0.0000000e+00   5.1414422e-03
   5.1414422e-03   0.0000000e+00   0.0000000e+00   5.1455472e-03
   5.1455472e-03   0.0000000e+00   0.0000000e+00   5.1487599e-03
   5.1487599e-03   0.0000000e+00   0.0000000e+00   5.1512745e-03
   5.1512745e-03   0.0000000e+00   0.0000000e+00   5.1532425e-03
   5.1532425e-03   0.0000000e+00   0.0000000e+00   5.1547828e-03
   5.1547828e-03   0.0000000e+00   0.0000000e+00   5.1559883e-03
   5.1559883e-03   0.0000000e+00   0.0000000e+00   5.1569318e-03
   5.1569318e-03   0.0000000e+00   0.0000000e+00   5.1576703e-03
   5.1576703e-03   0.0000000e+00   0.0000000e+00   5.1582482e-03
   5.1582482e-03   0.0000000e+00   0.0000000e+00   5.1587006e-03
   5.1587006e-03   0.0000000e+00   0.0000000e+00   5.1590546e-03
   5.1590546e-03   0.0000000e+00   0.0000000e+00   5.1593317e-03
   5.1593317e-03   0.0000000e+00   0.0000000e+00   5.1595486e-03
   5.1595486e-03   0.0000000e+00   0.0000000e+00   5.1597183e-03
   5.1597183e-03   0.0000000e+00   0.0000000e+00   5.1598511e-03
   5.1598511e-03   0.0000000e+00   0.0000000e+00   5.1599551e-03
   5.1599551e-03   0.0000000e+00   0.0000000e+00   5.1600365e-03
   5.1600365e-03   0.0000000e+00   7.3874753e-01   2.3283330e-01
   2.3283330e-01   0.0000000e+00   7.3874753e-01   4.0524721e-01
   4.0524721e-01   4.5048832e-02   7.3874753e-01   5.3387354e-01
   5.3387354e-01   2.4205427e-01   7.3874753e-01   6.2457530e-01
   6.2457530e-01   4.4578793e-01   7.3874753e-01   6.8938223e-01
   6.8938223e-01   5.1965138e-01   7.3874753e-01   7.3399085e-01
   7.3399085e-01   6.0723541e-01   7.3874753e-01   7.6279126e-01
   7.6279126e-01   6.7633797e-01   7.3874753e-01   7.8002803e-01
   7.8002803e-01   7.1848737e-01   7.3874753e-01   7.8915774e-01
   7.8915774e-01   7.4412924e-01   7.3874753e-01   7.9283183e-01
   7.9283183e-01   7.5874042e-01   7.3874753e-01   7.9301664e-01
   7.9301664e-01   7.6588602e-01   7.3874753e-01   7.9112421e-01
   7.9112421e-01   7.6817732e-01   7.3874753e-01   7.8813551e-01
   7.8813551e-01   7.6747025e-01   7.3874753e-01   7.8470754e-01
   7.8470754e-01   7.6504141e-01   7.3874753e-01   7.8126020e-01
   7.8126020e-01   7.6175661e-01   7.3874753e-01   7.7804388e-01
   7.7804388e-01   7.5818968e-01   7.3874753e-01   7.7519106e-01
   7.7519106e-01   7.5470353e-01   7.3874753e-01   7.7275486e-01
   7.7275486e-01   7.5150976e-01   7.3874753e-01   7.7073758e-01
   7.7073758e-01   7.4871427e-01   7.3874753e-01   7.6911112e-01
   7.6911112e-01   7.4635221e-01   7.3874753e-01   7.6783125e-01
   7.6783125e-01   7.4441402e-01   7.3874753e-01   7.6684732e-01
   7.6684732e-01   7.4286416e-01   7.3874753e-01   7.6610839e-01
   7.6610839e-01   7.4165413e-01   7.3874753e-01   7.6556696e-01
   7.6556696e-01   7.4073119e-01   7.3874753e-01   7.6518089e-01
   7.6518089e-01   7.4004373e-01   7.3874753e-01   7.6491423e-01
   7.6491423e-01   7.3954451e-01   7.3874753e-01   7.6473722e-01
   7.6473722e-01   7.3919222e-01   7.3874753e-01   7.6462586e-01
   7.6462586e-01   7.3895195e-01   7.3874753e-01   7.6456130e-01
   7.6456130e-01   7.3879508e-01   7.3874753e-01   7.6452905e-01
   7.6452905e-01   7.3869875e-01   7.3874753e-01   7.6451822e-01
   7.6451822e-01   7.3864512e-01   7.3874753e-01   7.6452086e-01
   7.6452086e-01   7.3862059e-01   7.3874753e-01   7.6453129e-01
   7.6453129e-01   7.3861504e-01   7.3874753e-01   7.6454560e-01
   7.6454560e-01   7.3862114e-01   7.3874753e-01   7.6456120e-01
   7.6456120e-01   7.3863371e-01   7.3874753e-01   7.6457645e-01
   7.6457645e-01   7.3864922e-01   7.3874753e-01   7.6459042e-01
   7.6459042e-01   7.3866537e-01   7.3874753e-01   7.6460264e-01
   7.6460264e-01   7.3868076e-01   7.3874753e-01   7.6461295e-01
   7.6461295e-01   7.3869461e-01   4.0643582e-01   6.6220688e-01
   6.6220688e-01   7.3870657e-01   4.0643582e-01   5.8694700e-01
   5.8694700e-01   6.8464981e-01   4.0643582e-01   5.3261275e-01
   5.3261275e-01   5.9650462e-01   4.0643582e-01   4.9316255e-01
   4.9316255e-01   5.4695255e-01   4.0643582e-01   4.6537026e-01
   4.6537026e-01   4.9589959e-01   4.0643582e-01   4.4662259e-01
   4.4662259e-01   4.5718779e-01   4.0643582e-01   4.3470633e-01
   4.3470633e-01   4.2989492e-01   4.0643582e-01   4.2779314e-01
   4.2779314e-01   4.1159295e-01   4.0643582e-01   4.2441072e-01
   4.2441072e-01   4.0015618e-01   4.0643582e-01   4.2340806e-01
   4.2340806e-01   3.9373765e-01   4.0643582e-01   4.2391624e-01
   4.2391624e-01   3.9078604e-01   4.0643582e-01   4.2530325e-01
   4.2530325e-01   3.9009783e-01   4.0643582e-01   4.2712667e-01
   4.2712667e-01   3.9080135e-01   4.0643582e-01   4.2908959e-01
   4.2908959e-01   3.9229014e-01   4.0643582e-01   4.3100313e-01
   4.3100313e-01   3.9415277e-01   4.0643582e-01   4.3275633e-01
   4.3275633e-01   3.9611769e-01   4.0643582e-01   4.3429275e-01
   4.3429275e-01   3.9801341e-01   4.0643582e-01   4.3559279e-01
   4.3559279e-01   3.9973978e-01   4.0643582e-01   4.3666050e-01
   4.3666050e-01   4.0124661e-01   4.0643582e-01   4.3751413e-01
   4.3751413e-01   4.0251770e-01   4.0643582e-01   4.3817927e-01
   4.3817927e-01   4.0355887e-01   4.0643582e-01   4.3868433e-01
   4.3868433e-01   4.0438910e-01   4.0643582e-01   4.3905751e-01
   4.3905751e-01   4.0503424e-01   4.0643582e-01   4.3932494e-01
   4.3932494e-01   4.0552261e-01   4.0643582e-01   4.3950977e-01
   4.3950977e-01   4.0588216e-01   4.0643582e-01   4.3963171e-01
   4.3963171e-01   4.0613870e-01   4.0643582e-01   4.3970706e-01
   4.3970706e-01   4.0631499e-01   4.0643582e-01   4.3974894e-01
   4.3974894e-01   4.0643040e-01   4.0643582e-01   4.3976759e-01
   4.3976759e-01   4.0650087e-01   4.0643582e-01   4.3977087e-01
   4.3977087e-01   4.0653918e-01   4.0643582e-01   4.3976457e-01
   4.3976457e-01   4.0655533e-01   4.0643582e-01   4.3975290e-01
   4.3975290e-01   4.0655689e-01   4.0643582e-01   4.3973877e-01
   4.3973877e-01   4.0654950e-01   4.0643582e-01   4.3972412e-01
   4.3972412e-01   4.0653717e-01   4.0643582e-01   4.3971016e-01
   4.3971016e-01   4.0652270e-01   4.0643582e-01   4.3969758e-01
   4.3969758e-01   4.0650793e-01   4.0643582e-01   4.3968672e-01
   4.3968672e-01   4.0649398e-01   4.0643582e-01   4.3967763e-01
   4.3967763e-01   4.0648151e-01   4.0643582e-01   4.3967026e-01
   4.3967026e-01   4.0647078e-01   4.0643582e-01   4.3966444e-01
   4.3966444e-01   4.0646186e-01   4.0643582e-01   4.3965995e-01
   2.1090360e-01   0.0000000e+00   6.8336095e-01   3.7083819e-01
   3.7083819e-01   3.7509272e-02   6.8336095e-01   4.9054520e-01
   4.9054520e-01   2.1685344e-01   6.8336095e-01   5.7496562e-01
   5.7496562e-01   4.1059516e-01   6.8336095e-01   6.3548641e-01
   6.3548641e-01   4.7645808e-01   6.8336095e-01   6.7751803e-01
   6.7751803e-01   5.5503794e-01   6.8336095e-01   7.0530909e-01
   7.0530909e-01   6.1489899e-01   6.8336095e-01   7.2236605e-01
   7.2236605e-01   6.5754949e-01   6.8336095e-01   7.3177914e-01
   7.3177914e-01   6.8309923e-01   6.8336095e-01   7.3597730e-01
   7.3597730e-01   6.9792324e-01   6.8336095e-01   7.3678282e-01
   7.3678282e-01   7.0559948e-01   6.8336095e-01   7.3551936e-01
   7.3551936e-01   7.0855424e-01   6.8336095e-01   7.3311902e-01
   7.3311902e-01   7.0851361e-01   6.8336095e-01   7.3021512e-01
   7.3021512e-01   7.0670358e-01   6.8336095e-01   7.2721882e-01
   7.2721882e-01   7.0397374e-01   6.8336095e-01   7.2438042e-01
   7.2438042e-01   7.0089244e-01   6.8336095e-01   7.2183709e-01
   7.2183709e-01   6.9782153e-01   6.8336095e-01   7.1964919e-01
   7.1964919e-01   6.9497483e-01   6.8336095e-01   7.1782726e-01
   7.1782726e-01   6.9246320e-01   6.8336095e-01   7.1635156e-01
   7.1635156e-01   6.9032851e-01   6.8336095e-01   7.1518582e-01
   7.1518582e-01   6.8856882e-01   6.8336095e-01   7.1428652e-01
   7.1428652e-01   6.8715629e-01   6.8336095e-01   7.1360897e-01
   7.1360897e-01   6.8604977e-01   6.8336095e-01   7.1311093e-01
   7.1311093e-01   6.8520315e-01   6.8336095e-01   7.1275463e-01
   7.1275463e-01   6.8457064e-01   6.8336095e-01   7.1250761e-01
   7.1250761e-01   6.8410990e-01   6.8336095e-01   7.1234291e-01
   7.1234291e-01   6.8378367e-01   6.8336095e-01   7.1223868e-01
   7.1223868e-01   6.8356030e-01   6.8336095e-01   7.1217769e-01
   7.1217769e-01   6.8341375e-01   6.8336095e-01   7.1214666e-01
   7.1214666e-01   6.8332313e-01   9.0109202e-01   7.7923772e-01
   7.7923772e-01   6.8327209e-01   9.0109202e-01   8.2855367e-01
   8.2855367e-01   7.1867859e-01   9.0109202e-01   8.6403101e-01
   8.6403101e-01   7.7841236e-01   9.0109202e-01   8.8890424e-01
   8.8890424e-01   8.2241167e-01   9.0109202e-01   9.0593845e-01
   9.0593845e-01   8.5189811e-01   9.0109202e-01   9.1754968e-01
   9.1754968e-01   8.6820614e-01   9.0109202e-01   9.2546588e-01
   9.2546588e-01   8.7865361e-01   9.0109202e-01   9.3096872e-01
   9.3096872e-01   8.8423268e-01   9.0109202e-01   9.3492340e-01
   9.3492340e-01   8.8746193e-01   9.0109202e-01   9.3796186e-01
   9.3796186e-01   8.8839859e-01   9.0109202e-01   9.4049523e-01
   9.4049523e-01   8.8840477e-01   9.0109202e-01   9.4282845e-01
   9.4282845e-01   8.8725265e-01   9.0109202e-01   9.4515191e-01
   9.4515191e-01   8.8576960e-01   9.0109202e-01   9.4761371e-01
   9.4761371e-01   8.8364888e-01   9.0109202e-01   9.5030313e-01
   9.5030313e-01   8.8141424e-01   9.0109202e-01   9.5329764e-01
   9.5329764e-01   8.7876209e-01   9.0109202e-01   9.5664594e-01
   9.5664594e-01   8.7602113e-01   9.0109202e-01   9.6039918e-01
   9.6039918e-01   8.7292108e-01   9.0109202e-01   9.6459673e-01
   9.6459673e-01   8.6965577e-01   9.0109202e-01   9.6928700e-01
   9.6928700e-01   8.6599612e-01   9.0109202e-01   9.7451673e-01
   9.7451673e-01   8.6204031e-01   9.0109202e-01   9.8034453e-01
   9.8034453e-01   8.5759948e-01   9.0109202e-01   9.8678685e-01
   9.8678685e-01   8.5270519e-01   9.0109202e-01   9.9302902e-01
   9.9302902e-01   8.4719007e-01   9.0109202e-01   9.9794221e-01
   9.9794221e-01   8.4075619e-01   9.0109202e-01   1.0000000e+00
   1.0000000e+00   8.3269805e-01   9.0109202e-01   1.0000000e+00
   1.0000000e+00   8.2341766e-01   9.0109202e-01   1.0000000e+00
   1.0000000e+00   8.1463621e-01   9.0109202e-01   1.0000000e+00
   1.0000000e+00   8.1042227e-01   9.0109202e-01   1.0000000e+00
   1.0000000e+00   8.1085332e-01   3.5049569e-01   8.5233302e-01
   8.5233302e-01   8.1152547e-01   3.5049569e-01   7.4089860e-01
   7.4089860e-01   7.9464085e-01   3.5049569e-01   6.5483466e-01
   6.5483466e-01   7.1476168e-01   3.5049569e-01   5.8613038e-01
   5.8613038e-01   6.6480680e-01   3.5049569e-01   5.3178994e-01
   5.3178994e-01   5.9394468e-01   3.5049569e-01   4.8857576e-01
   4.8857576e-01   5.4650903e-01   3.5049569e-01   4.5502581e-01
   4.5502581e-01   4.9433178e-01   3.5049569e-01   4.2970574e-01
   4.2970574e-01   4.5143744e-01   3.5049569e-01   4.1118184e-01
   4.1118184e-01   4.1804149e-01   3.5049569e-01   3.9810843e-01
   3.9810843e-01   3.9285045e-01   3.5049569e-01   3.8926818e-01
   3.8926818e-01   3.7468508e-01   3.5049569e-01   3.8359472e-01
   3.8359472e-01   3.6236158e-01   3.5049569e-01   3.8019749e-01
   3.8019749e-01   3.5451218e-01   3.5049569e-01   3.7837353e-01
   3.7837353e-01   3.4979747e-01   3.5049569e-01   3.7759489e-01
   3.7759489e-01   3.4715997e-01   3.5049569e-01   3.7748004e-01
   3.7748004e-01   3.4586122e-01   3.5049569e-01   3.7776167e-01
   3.7776167e-01   3.4540588e-01   3.5049569e-01   3.7825778e-01
   3.7825778e-01   3.4546375e-01   3.5049569e-01   3.7884819e-01
   3.7884819e-01   3.4581542e-01   3.5049569e-01   3.7945659e-01
   3.7945659e-01   3.4631653e-01   3.5049569e-01   3.8003712e-01
   3.8003712e-01   3.4687407e-01   3.5049569e-01   3.8056462e-01
   3.8056462e-01   3.4743011e-01   3.5049569e-01   3.8102763e-01
   3.8102763e-01   3.4795067e-01   3.5049569e-01   3.8142347e-01
   3.8142347e-01   3.4841786e-01   3.5049569e-01   3.8175475e-01
   3.8175475e-01   3.4882438e-01   3.5049569e-01   3.8202709e-01
   3.8202709e-01   3.4916962e-01   3.5049569e-01   3.8224748e-01
   3.8224748e-01   3.4945701e-01   3.5049569e-01   3.8242333e-01
   3.8242333e-01   3.4969218e-01   3.5049569e-01   3.8256179e-01
   3.8256179e-01   3.4988171e-01   1.7846198e-01   3.2965071e-01
   3.2965071e-01   3.5003234e-01   1.7846198e-01   2.9029866e-01
   2.9029866e-01   3.2909867e-01   1.7846198e-01   2.6167961e-01
   2.6167961e-01   2.8092463e-01   1.7846198e-01   2.4116037e-01
   2.4116037e-01   2.4863751e-01   1.7846198e-01   2.2660314e-01
   2.2660314e-01   2.2649441e-01   1.7846198e-01   2.1642485e-01
   2.1642485e-01   2.1033596e-01   1.7846198e-01   2.0945537e-01
   2.0945537e-01   1.9857728e-01   1.7846198e-01   2.0482298e-01
   2.0482298e-01   1.9017133e-01   1.7846198e-01   2.0187384e-01
   2.0187384e-01   1.8432834e-01   1.7846198e-01   2.0011659e-01
   2.0011659e-01   1.8042183e-01   1.7846198e-01   1.9918354e-01
   1.9918354e-01   1.7794710e-01   1.7846198e-01   1.9880240e-01
   1.9880240e-01   1.7650219e-01   1.7846198e-01   1.9877460e-01
   1.9877460e-01   1.7577400e-01   1.7846198e-01   1.9895833e-01
   1.9895833e-01   1.7552474e-01   1.7846198e-01   1.9925491e-01
   1.9925491e-01   1.7557865e-01   1.7846198e-01   1.9959800e-01
   1.9959800e-01   1.7580954e-01   1.7846198e-01   1.9994502e-01
   1.9994502e-01   1.7612980e-01   1.7846198e-01   2.0027040e-01
   2.0027040e-01   1.7648101e-01   1.7846198e-01   2.0056047e-01
   2.0056047e-01   1.7682627e-01   1.7846198e-01   2.0080955e-01
   2.0080955e-01   1.7714409e-01   1.7846198e-01   2.0101710e-01
   2.0101710e-01   1.7742362e-01   1.7846198e-01   2.0118570e-01
   2.0118570e-01   1.7766109e-01   1.7846198e-01   2.0131955e-01
   2.0131955e-01   1.7785719e-01   1.7846198e-01   2.0142355e-01
   2.0142355e-01   1.7801521e-01   1.7846198e-01   2.0150268e-01
   2.0150268e-01   1.7813973e-01   1.7846198e-01   2.0156159e-01
   2.0156159e-01   1.7823579e-01   1.7846198e-01   2.0160445e-01
   2.0160445e-01   1.7830834e-01   1.7846198e-01   2.0163483e-01
   2.0163483e-01   1.7836195e-01   1.7846198e-01   2.0165573e-01
   2.0165573e-01   1.7840064e-01   1.7846198e-01   2.0166955e-01
   2.0166955e-01   1.7842780e-01   1.7846198e-01   2.0167823e-01
   1.4816966e-01   0.0000000e+00   4.7980366e-01   2.6059955e-01
   2.6059955e-01   2.5053920e-02   4.7980366e-01   3.4500805e-01
   3.4500805e-01   1.4805977e-01   4.7980366e-01   4.0579307e-01
   4.0579307e-01   2.6890458e-01   4.7980366e-01   4.4790461e-01
   4.4790461e-01   3.5244914e-01   4.7980366e-01   4.7734446e-01
   4.7734446e-01   3.8765928e-01   4.7980366e-01   4.9754464e-01
   4.9754464e-01   4.2100877e-01   4.7980366e-01   5.1079434e-01
   5.1079434e-01   4.4847351e-01   4.7980366e-01   5.1889715e-01
   5.1889715e-01   4.6792991e-01   4.7980366e-01   5.2329763e-01
   5.2329763e-01   4.8072949e-01   4.7980366e-01   5.2513235e-01
   5.2513235e-01   4.8849813e-01   4.7980366e-01   5.2527309e-01
   5.2527309e-01   4.9264078e-01   4.7980366e-01   5.2436974e-01
   5.2436974e-01   4.9427877e-01   4.7980366e-01   5.2289168e-01
   5.2289168e-01   4.9427308e-01   4.7980366e-01   5.2116543e-01
   5.2116543e-01   4.9326403e-01   4.7980366e-01   5.1940762e-01
   5.1940762e-01   4.9171240e-01   4.7980366e-01   5.1775270e-01
   5.1775270e-01   4.8993724e-01   4.7980366e-01   5.1627564e-01
   5.1627564e-01   4.8814895e-01   4.7980366e-01   5.1500985e-01
   5.1500985e-01   4.8647695e-01   4.7980366e-01   5.1396104e-01
   5.1396104e-01   4.8499216e-01   4.7980366e-01   5.1311762e-01
   5.1311762e-01   4.8372491e-01   4.7980366e-01   5.1245824e-01
   5.1245824e-01   4.8267858e-01   4.7980366e-01   5.1195706e-01
   5.1195706e-01   4.8183988e-01   4.7980366e-01   5.1158731e-01
   5.1158731e-01   4.8118625e-01   4.7980366e-01   5.1132351e-01
   5.1132351e-01   4.8069107e-01   4.7980366e-01   5.1114274e-01
   5.1114274e-01   4.8032705e-01   4.7980366e-01   5.1102522e-01
   5.1102522e-01   4.8006841e-01   4.7980366e-01   5.1095450e-01
   5.1095450e-01   4.7989209e-01   4.7980366e-01   5.1091727e-01
   5.1091727e-01   4.7977830e-01   4.7980366e-01   5.1090307e-01
   5.1090307e-01   4.7971058e-01   4.9709129e-01   5.1623175e-01
   5.1623175e-01   4.7967570e-01   4.9709129e-01   5.2027677e-01
   5.2027677e-01   4.8071259e-01   4.9709129e-01   5.2327071e-01
   5.2327071e-01   4.8578910e-01   4.9709129e-01   5.2541561e-01
   5.2541561e-01   4.8977487e-01   4.9709129e-01   5.2689310e-01
   5.2689310e-01   4.9272260e-01   4.9709129e-01   5.2786042e-01
   5.2786042e-01   4.9482627e-01   4.9709129e-01   5.2844902e-01
   5.2844902e-01   4.9626814e-01   4.9709129e-01   5.2876548e-01
   5.2876548e-01   4.9720571e-01   4.9709129e-01   5.2889379e-01
   5.2889379e-01   4.9777021e-01   4.9709129e-01   5.2889830e-01
   5.2889830e-01   4.9806771e-01   4.9709129e-01   5.2882691e-01
   5.2882691e-01   4.9818150e-01   4.9709129e-01   5.2871413e-01
   5.2871413e-01   4.9817522e-01   4.9709129e-01   5.2858393e-01
   5.2858393e-01   4.9809606e-01   4.9709129e-01   5.2845213e-01
   5.2845213e-01   4.9797791e-01   4.9709129e-01   5.2832852e-01
   5.2832852e-01   4.9784416e-01   4.9709129e-01   5.2821849e-01
   5.2821849e-01   4.9771018e-01   4.9709129e-01   5.2812440e-01
   5.2812440e-01   4.9758536e-01   4.9709129e-01   5.2804659e-01
   5.2804659e-01   4.9747482e-01   4.9709129e-01   5.2798412e-01
   5.2798412e-01   4.9738068e-01   4.9709129e-01   5.2793536e-01
   5.2793536e-01   4.9730308e-01   4.9709129e-01   5.2789836e-01
   5.2789836e-01   4.9724099e-01   4.9709129e-01   5.2787110e-01
   5.2787110e-01   4.9719267e-01   4.9709129e-01   5.2785170e-01
   5.2785170e-01   4.9715612e-01   4.9709129e-01   5.2783843e-01
   5.2783843e-01   4.9712930e-01   4.9709129e-01   5.2782984e-01
   5.2782984e-01   4.9711029e-01   4.9709129e-01   5.2782470e-01
   5.2782470e-01   4.9709736e-01   4.9709129e-01   5.2782201e-01
   5.2782201e-01   4.9708904e-01   4.9709129e-01   5.2782102e-01
   5.2782102e-01   4.9708412e-01   4.9709129e-01   5.2782113e-01
   5.2782113e-01   4.9708161e-01   4.9709129e-01   5.2782191e-01
   5.2782191e-01   4.9708075e-01   1.3442984e-01   4.1605507e-01
   4.1605507e-01   4.9708096e-01   1.3442984e-01   3.3141061e-01
   3.3141061e-01   4.7504549e-01   1.3442984e-01   2.6900051e-01
   2.6900051e-01   3.6739322e-01   1.3442984e-01   2.2519414e-01
   2.2519414e-01   2.7358602e-01   1.3442984e-01   1.9534177e-01
   1.9534177e-01   2.1888491e-01   1.3442984e-01   1.7538798e-01
   1.7538798e-01   1.8623544e-01   1.3442984e-01   1.6245678e-01
   1.6245678e-01   1.6306253e-01   1.3442984e-01   1.5448785e-01
   1.5448785e-01   1.4691686e-01   1.3442984e-01   1.4997537e-01
   1.4997537e-01   1.3624531e-01   1.3442984e-01   1.4781143e-01
   1.4781143e-01   1.2968329e-01   1.3442984e-01   1.4718727e-01
   1.4718727e-01   1.2605075e-01   1.3442984e-01   1.4752218e-01
   1.4752218e-01   1.2441365e-01   1.3442984e-01   1.4840820e-01
   1.4840820e-01   1.2407693e-01   1.3442984e-01   1.4956629e-01
   1.4956629e-01   1.2454147e-01   1.3442984e-01   1.5081215e-01
   1.5081215e-01   1.2545783e-01   1.3442984e-01   1.5202980e-01
   1.5202980e-01   1.2658766e-01   1.3442984e-01   1.5315154e-01
   1.5315154e-01   1.2777387e-01   1.3442984e-01   1.5414291e-01
   1.5414291e-01   1.2891798e-01   1.3442984e-01   1.5499165e-01
   1.5499165e-01   1.2996311e-01   1.3442984e-01   1.5569962e-01
   1.5569962e-01   1.3088117e-01   1.3442984e-01   1.5627705e-01
   1.5627705e-01   1.3166333e-01   1.3442984e-01   1.5673855e-01
   1.5673855e-01   1.3231300e-01   1.3442984e-01   1.5710044e-01
   1.5710044e-01   1.3284080e-01   1.3442984e-01   1.5737897e-01
   1.5737897e-01   1.3326103e-01   1.3442984e-01   1.5758935e-01
   1.5758935e-01   1.3358929e-01   1.3442984e-01   1.5774514e-01
   1.5774514e-01   1.3384094e-01   1.3442984e-01   1.5785803e-01
   1.5785803e-01   1.3403020e-01   1.3442984e-01   1.5793784e-01
   1.5793784e-01   1.3416969e-01   1.3442984e-01   1.5799262e-01
   1.5799262e-01   1.3427024e-01   7.1005947e-01   3.3543106e-01
   3.3543106e-01   1.3434087e-01   7.1005947e-01   4.6744712e-01
   4.6744712e-01   2.0418550e-01   7.1005947e-01   5.6241937e-01
   5.6241937e-01   3.8163245e-01   7.1005947e-01   6.3172886e-01
   6.3172886e-01   4.5923045e-01   7.1005947e-01   6.8117686e-01
   6.8117686e-01   5.4373035e-01   7.1005947e-01   7.1504669e-01
   7.1504669e-01   6.1217610e-01   7.1005947e-01   7.3684313e-01
   7.3684313e-01   6.6371800e-01   7.1005947e-01   7.4983627e-01
   7.4983627e-01   6.9549108e-01   7.1005947e-01   7.5666753e-01
   7.5666753e-01   7.1486524e-01   7.1005947e-01   7.5935707e-01
   7.5935707e-01   7.2589819e-01   7.1005947e-01   7.5940035e-01
   7.5940035e-01   7.3128355e-01   7.1005947e-01   7.5787226e-01
   7.5787226e-01   7.3296196e-01   7.1005947e-01   7.5552131e-01
   7.5552131e-01   7.3233225e-01   7.1005947e-01   7.5284934e-01
   7.5284934e-01   7.3038081e-01   7.1005947e-01   7.5017652e-01
   7.5017652e-01   7.2778381e-01   7.1005947e-01   7.4769271e-01
   7.4769271e-01   7.2498753e-01   7.1005947e-01   7.4549710e-01
   7.4549710e-01   7.2227096e-01   7.1005947e-01   7.4362808e-01
   7.4362808e-01   7.1979408e-01   7.1005947e-01   7.4208525e-01
   7.4208525e-01   7.1763491e-01   7.1005947e-01   7.4084527e-01
   7.4084527e-01   7.1581725e-01   7.1005947e-01   7.3987281e-01
   7.3987281e-01   7.1433101e-01   7.1005947e-01   7.3912796e-01
   7.3912796e-01   7.1314673e-01   7.1005947e-01   7.3857090e-01
   7.3857090e-01   7.1222552e-01   7.1005947e-01   7.3816471e-01
   7.3816471e-01   7.1152564e-01   7.1005947e-01   7.3787679e-01
   7.3787679e-01   7.1100666e-01   7.1005947e-01   7.3767942e-01
   7.3767942e-01   7.1063176e-01   7.1005947e-01   7.3754974e-01
   7.3754974e-01   7.1036888e-01   7.1005947e-01   7.3746939e-01
   7.3746939e-01   7.1019108e-01   7.1005947e-01   7.3742398e-01
   7.3742398e-01   7.1007634e-01   7.1005947e-01   7.3740252e-01
   7.3740252e-01   7.1000712e-01   7.1005947e-01   7.3739678e-01
   1.7824468e-01   0.0000000e+00   5.7739023e-01   3.1344927e-01
   3.1344927e-01   3.1015277e-02   5.7739023e-01   4.1482519e-01
   4.1482519e-01   1.8037962e-01   5.7739023e-01   4.8674591e-01
   4.8674591e-01   3.4007999e-01   5.7739023e-01   5.3765358e-01
   5.3765358e-01   4.1074606e-01   5.7739023e-01   5.7337650e-01
   5.7337650e-01   4.6402510e-01   5.7739023e-01   5.9743694e-01
   5.9743694e-01   5.1270105e-01   5.7739023e-01   6.1271196e-01
   6.1271196e-01   5.4755055e-01   5.7739023e-01   6.2156622e-01
   6.2156622e-01   5.7089028e-01   5.7739023e-01   6.2590437e-01
   6.2590437e-01   5.8534421e-01   5.7739023e-01   6.2721871e-01
   6.2721871e-01   5.9325764e-01   5.7739023e-01   6.2663016e-01
   6.2663016e-01   5.9675961e-01   5.7739023e-01   6.2494255e-01
   6.2494255e-01   5.9751108e-01   5.7739023e-01   6.2270857e-01
   6.2270857e-01   5.9664009e-01   5.7739023e-01   6.2029304e-01
   6.2029304e-01   5.9487782e-01   5.7739023e-01   6.1792547e-01
   6.1792547e-01   5.9269452e-01   5.7739023e-01   6.1574041e-01
   6.1574041e-01   5.9039075e-01   5.7739023e-01   6.1380742e-01
   6.1380742e-01   5.8815464e-01   5.7739023e-01   6.1215263e-01
   6.1215263e-01   5.8609805e-01   5.7739023e-01   6.1077426e-01
   6.1077426e-01   5.8428010e-01   5.7739023e-01   6.0965362e-01
   6.0965362e-01   5.8272352e-01   5.7739023e-01   6.0876284e-01
   6.0876284e-01   5.8142659e-01   5.7739023e-01   6.0807012e-01
   6.0807012e-01   5.8037222e-01   5.7739023e-01   6.0754324e-01
   6.0754324e-01   5.7953456e-01   5.6397317e-01   6.0301684e-01
   6.0301684e-01   5.7888388e-01   5.6397317e-01   5.9960646e-01
   5.9960646e-01   5.7750783e-01   5.6397317e-01   5.9709539e-01
   5.9709539e-01   5.7330807e-01   5.6397317e-01   5.9529886e-01
   5.9529886e-01   5.7007376e-01   5.6397317e-01   5.9405727e-01
   5.9405727e-01   5.6769230e-01   5.6397317e-01   5.9323690e-01
   5.9323690e-01   5.6598717e-01   5.6397317e-01   5.9272825e-01
   5.9272825e-01   5.6481096e-01   5.6397317e-01   5.9244371e-01
   5.9244371e-01   5.6403763e-01   5.6397317e-01   5.9231480e-01
   5.9231480e-01   5.6356260e-01   5.6397317e-01   5.9228929e-01
   5.9228929e-01   5.6330171e-01   5.6397317e-01   5.9232838e-01
   5.9232838e-01   5.6318898e-01   5.6397317e-01   5.9240406e-01
   5.9240406e-01   5.6317411e-01   5.6397317e-01   5.9249680e-01
   5.9249680e-01   5.6321975e-01   5.6397317e-01   5.9259356e-01
   5.9259356e-01   5.6329906e-01   5.6397317e-01   5.9268614e-01
   5.9268614e-01   5.6339341e-01   5.6397317e-01   5.9276985e-01
   5.9276985e-01   5.6349042e-01   5.6397317e-01   5.9284244e-01
   5.9284244e-01   5.6358242e-01   5.6397317e-01   5.9290330e-01
   5.9290330e-01   5.6366507e-01   5.6397317e-01   5.9295287e-01
   5.9295287e-01   5.6373638e-01   5.6397317e-01   5.9299218e-01
   5.9299218e-01   5.6379591e-01   5.6397317e-01   5.9302257e-01
   5.9302257e-01   5.6384422e-01   5.6397317e-01   5.9304547e-01
   5.9304547e-01   5.6388240e-01   5.6397317e-01   5.9306223e-01
   5.9306223e-01   5.6391181e-01   5.6397317e-01   5.9307413e-01
   5.9307413e-01   5.6393388e-01   1.0000000e+00   7.2649024e-01
   7.2649024e-01   5.6394998e-01   1.0000000e+00   8.2464071e-01
   8.2464071e-01   6.1143922e-01   1.0000000e+00   8.9400018e-01
   8.9400018e-01   7.4518164e-01   1.0000000e+00   9.4118812e-01
   9.4118812e-01   8.3358072e-01   1.0000000e+00   9.7168509e-01
   9.7168509e-01   8.9214246e-01   1.0000000e+00   9.9035052e-01
   9.9035052e-01   9.0667232e-01   1.0000000e+00   9.9939375e-01
   9.9939375e-01   9.2709251e-01   1.0000000e+00   1.0000000e+00
   1.0000000e+00   9.1974105e-01   1.0000000e+00   1.0000000e+00
   1.0000000e+00   9.2099798e-01   1.0000000e+00   1.0000000e+00
   1.0000000e+00   9.0040269e-01   1.0000000e+00   1.0000000e+00
   1.0000000e+00   8.9716560e-01   1.0000000e+00   1.0000000e+00
   1.0000000e+00   8.7357599e-01   1.0000000e+00   1.0000000e+00
   1.0000000e+00   8.6617866e-01   1.0000000e+00   1.0000000e+00
   1.0000000e+00   8.4176118e-01   1.0000000e+00   1.0000000e+00
   1.0000000e+00   8.3251995e-01   1.0000000e+00   1.0000000e+00
   1.0000000e+00   8.1575306e-01   1.0000000e+00   1.0000000e+00
   1.0000000e+00   8.1204625e-01   1.0000000e+00   1.0000000e+00
   1.0000000e+00   8.1059251e-01   1.0000000e+00   1.0000000e+00
   1.0000000e+00   8.1122866e-01   1.0000000e+00   1.0000000e+00
   1.0000000e+00   8.1144852e-01   1.0000000e+00   1.0000000e+00
   1.0000000e+00   8.1129515e-01   1.0000000e+00   1.0000000e+00
   1.0000000e+00   8.1126826e-01   1.0000000e+00   1.0000000e+00
   1.0000000e+00   8.1130080e-01   1.5633374e-01   7.9602900e-01
   7.9602900e-01   8.1130270e-01   1.5633374e-01   6.4184831e-01
   6.4184831e-01   7.7362571e-01   1.5633374e-01   5.2387400e-01
   5.2387400e-01   6.4404296e-01   1.5633374e-01   4.3125352e-01
   4.3125352e-01   5.6419670e-01   1.5633374e-01   3.5846376e-01
   3.5846376e-01   4.7763986e-01   1.5633374e-01   3.0282396e-01
   3.0282396e-01   3.8574822e-01   1.5633374e-01   2.6192783e-01
   2.6192783e-01   3.0757623e-01   1.5633374e-01   2.3284072e-01
   2.3284072e-01   2.5315215e-01   1.5633374e-01   2.1240331e-01
   2.1240331e-01   2.2149700e-01   1.5633374e-01   1.9825648e-01
   1.9825648e-01   1.9897495e-01   1.5633374e-01   1.8868611e-01
   1.8868611e-01   1.8257238e-01   1.5633374e-01   1.8243069e-01
   1.8243069e-01   1.7085282e-01   1.5633374e-01   1.7854987e-01
   1.7854987e-01   1.6275626e-01   1.5633374e-01   1.7633847e-01
   1.7633847e-01   1.5742218e-01   1.5633374e-01   1.7526963e-01
   1.7526963e-01   1.5413122e-01   1.5633374e-01   1.7495426e-01
   1.7495426e-01   1.5229960e-01   1.5633374e-01   1.7511000e-01
   1.7511000e-01   1.5147169e-01   1.5633374e-01   1.7553664e-01
   1.7553664e-01   1.5130364e-01   1.5633374e-01   1.7609624e-01
   1.7609624e-01   1.5154356e-01   1.5633374e-01   1.7669731e-01
   1.7669731e-01   1.5201225e-01   1.5633374e-01   1.7728231e-01
   1.7728231e-01   1.5258646e-01   1.5633374e-01   1.7781792e-01
   1.7781792e-01   1.5318495e-01   1.5633374e-01   1.7828752e-01
   1.7828752e-01   1.5375730e-01   1.5633374e-01   1.7868570e-01
   1.7868570e-01   1.5427504e-01   4.2672434e-01   2.6234522e-01
   2.6234522e-01   1.5472482e-01   4.2672434e-01   3.2440347e-01
   3.2440347e-01   1.9094730e-01   4.2672434e-01   3.6918343e-01
   3.6918343e-01   2.7034027e-01   4.2672434e-01   4.0080865e-01
   4.0080865e-01   3.2402031e-01   4.2672434e-01   4.2321460e-01
   4.2321460e-01   3.5314212e-01   4.2672434e-01   4.3905642e-01
   4.3905642e-01   3.7507113e-01   4.2672434e-01   4.5001988e-01
   4.5001988e-01   3.9370532e-01   4.2672434e-01   4.5732307e-01
   4.5732307e-01   4.0806681e-01   4.2672434e-01   4.6191262e-01
   4.6191262e-01   4.1835985e-01   4.2672434e-01   4.6453737e-01
   4.6453737e-01   4.2529702e-01   4.2672434e-01   4.6578467e-01
   4.6578467e-01   4.2965316e-01   4.2672434e-01   4.6610639e-01
   4.6610639e-01   4.3211554e-01   4.2672434e-01   4.6584168e-01
   4.6584168e-01   4.3324607e-01   4.2672434e-01   4.6523784e-01
   4.6523784e-01   4.3348371e-01   4.2672434e-01   4.6446917e-01
   4.6446917e-01   4.3315956e-01   4.2672434e-01   4.6365337e-01
   4.6365337e-01   4.3251513e-01   4.2672434e-01   4.6286549e-01
   4.6286549e-01   4.3172018e-01   4.2672434e-01   4.6214931e-01
   4.6214931e-01   4.3088874e-01   4.2672434e-01   4.6152657e-01
   4.6152657e-01   4.3009289e-01   4.2672434e-01   4.6100400e-01
   4.6100400e-01   4.2937407e-01   4.2672434e-01   4.6057874e-01
   4.6057874e-01   4.2875215e-01   4.2672434e-01   4.6024231e-01
   4.6024231e-01   4.2823249e-01   4.2672434e-01   4.5998334e-01
   4.5998334e-01   4.2781123e-01   4.2672434e-01   4.5978955e-01
   4.5978955e-01   4.2747916e-01   4.2672434e-01   4.5964892e-01
   2.8865993e-01   0.0000000e+00   9.3566241e-01   5.0720553e-01
   5.0720553e-01   5.3071400e-02   9.3566241e-01   6.6875292e-01
   6.6875292e-01   3.1384426e-01   9.3566241e-01   7.8388758e-01
   7.8388758e-01   5.3319157e-01   9.3566241e-01   8.6447261e-01
   8.6447261e-01   6.6247314e-01   9.3566241e-01   9.1789908e-01
   9.1789908e-01   7.9341314e-01   9.3566241e-01   9.5168115e-01
   9.5168115e-01   8.6708894e-01   9.3566241e-01   9.7275099e-01
   9.7275099e-01   8.9663863e-01   9.3566241e-01   9.8562890e-01
   9.8562890e-01   9.1150769e-01   9.3566241e-01   9.9342203e-01
   9.9342203e-01   9.1711898e-01   9.3566241e-01   9.9794880e-01
   9.9794880e-01   9.1650251e-01   9.3566241e-01   1.0000000e+00
   1.0000000e+00   9.1127870e-01   9.3566241e-01   1.0000000e+00
   1.0000000e+00   9.0213259e-01   9.3566241e-01   1.0000000e+00
   1.0000000e+00   8.8931171e-01   9.3566241e-01   1.0000000e+00
   1.0000000e+00   8.7411012e-01   9.3566241e-01   1.0000000e+00
   1.0000000e+00   8.5812717e-01   9.3566241e-01   1.0000000e+00
   1.0000000e+00   8.4120893e-01   9.3566241e-01   1.0000000e+00
   1.0000000e+00   8.2629059e-01   9.3566241e-01   1.0000000e+00
   1.0000000e+00   8.1530348e-01   9.3566241e-01   1.0000000e+00
   1.0000000e+00   8.1073569e-01   1.1809193e-01   7.7788703e-01
   7.7788703e-01   8.1074951e-01   1.1809193e-01   6.1165866e-01
   6.1165866e-01   7.6570595e-01   1.1809193e-01   4.8606949e-01
   4.8606949e-01   6.2024491e-01   1.1809193e-01   3.8763525e-01
   3.8763525e-01   5.4985216e-01   1.1809193e-01   3.1171546e-01
   3.1171546e-01   4.3833074e-01   1.1809193e-01   2.5498624e-01
   2.5498624e-01   3.3814024e-01   1.1809193e-01   2.1455958e-01
   2.1455958e-01   2.5355054e-01   1.1809193e-01   1.8620682e-01
   1.8620682e-01   2.0788963e-01   1.1809193e-01   1.6659519e-01
   1.6659519e-01   1.7703787e-01   1.1809193e-01   1.5333003e-01
   1.5333003e-01   1.5443437e-01   1.1809193e-01   1.4465530e-01
   1.4465530e-01   1.3828008e-01   1.1809193e-01   1.3925809e-01
   1.3925809e-01   1.2722647e-01   1.1809193e-01   1.3615359e-01
   1.3615359e-01   1.2003411e-01   1.1809193e-01   1.3461053e-01
   1.3461053e-01   1.1562777e-01   1.1809193e-01   1.3409479e-01
   1.3409479e-01   1.1315995e-01   1.1809193e-01   1.3422356e-01
   1.3422356e-01   1.1199919e-01   1.1809193e-01   1.3472838e-01
   1.3472838e-01   1.1168874e-01   1.1809193e-01   1.3542571e-01
   1.3542571e-01   1.1190468e-01   1.1809193e-01   1.3619405e-01
   1.3619405e-01   1.1242166e-01   1.1809193e-01   1.3695643e-01
   1.3695643e-01   1.1308658e-01   9.1002101e-01   3.8173047e-01
   3.8173047e-01   1.1379865e-01   9.1002101e-01   5.6473344e-01
   5.6473344e-01   1.9898306e-01   9.1002101e-01   6.9641657e-01
   6.9641657e-01   4.5337585e-01   9.1002101e-01   7.9247151e-01
   7.9247151e-01   5.5909640e-01   9.1002101e-01   8.5934067e-01
   8.5934067e-01   7.0245836e-01   9.1002101e-01   9.0394296e-01
   9.0394296e-01   7.9708372e-01   9.1002101e-01   9.3216372e-01
   9.3216372e-01   8.5788894e-01   9.1002101e-01   9.4941737e-01
   9.4941737e-01   8.8479994e-01   9.1002101e-01   9.5975134e-01
   9.5975134e-01   8.9776806e-01   9.1002101e-01   9.6588247e-01
   9.6588247e-01   9.0354316e-01   9.1002101e-01   9.6968685e-01
   9.6968685e-01   9.0371643e-01   9.1002101e-01   9.7238076e-01
   9.7238076e-01   9.0119045e-01   9.1002101e-01   9.7481364e-01
   9.7481364e-01   8.9601587e-01   9.1002101e-01   9.7751663e-01
   9.7751663e-01   8.8990785e-01   9.1002101e-01   9.8087627e-01
   9.8087627e-01   8.8241310e-01   9.1002101e-01   9.8512146e-01
   9.8512146e-01   8.7468226e-01   9.1002101e-01   9.9033202e-01
   9.9033202e-01   8.6614581e-01   9.1002101e-01   9.9550312e-01
   9.9550312e-01   8.5755852e-01   9.1002101e-01   9.9920970e-01
   9.9920970e-01   8.4793912e-01   9.1002101e-01   1.0000000e+00
   1.0000000e+00   8.3698277e-01   3.9163155e-01   8.5395505e-01
   8.5395505e-01   8.2482098e-01   3.9163155e-01   7.4701834e-01
   7.4701834e-01   7.8258688e-01   3.9163155e-01   6.6634482e-01
   6.6634482e-01   7.1290910e-01   3.9163155e-01   6.0281748e-01
   6.0281748e-01   6.7336122e-01   3.9163155e-01   5.5330745e-01
   5.5330745e-01   6.0587793e-01   3.9163155e-01   5.1445771e-01
   5.1445771e-01   5.6250185e-01   3.9163155e-01   4.8456109e-01
   4.8456109e-01   5.1703103e-01   3.9163155e-01   4.6219417e-01
   4.6219417e-01   4.7868909e-01   3.9163155e-01   4.4598223e-01
   4.4598223e-01   4.4906422e-01   3.9163155e-01   4.3466051e-01
   4.3466051e-01   4.2692896e-01   3.9163155e-01   4.2711419e-01
   4.2711419e-01   4.1096478e-01   3.9163155e-01   4.2239404e-01
   4.2239404e-01   3.9994705e-01   3.9163155e-01   4.1971842e-01
   4.1971842e-01   3.9274812e-01   3.9163155e-01   4.1846579e-01
   4.1846579e-01   3.8836765e-01   3.9163155e-01   4.1815897e-01
   4.1815897e-01   3.8597724e-01   3.9163155e-01   4.1844374e-01
   4.1844374e-01   3.8493487e-01   3.9163155e-01   4.1906584e-01
   4.1906584e-01   3.8476588e-01   3.9163155e-01   4.1984905e-01
   4.1984905e-01   3.8513014e-01   3.9163155e-01   4.2067630e-01
   4.2067630e-01   3.8578989e-01   8.7870501e-01   5.7158432e-01
   5.7158432e-01   3.8658334e-01   8.7870501e-01   6.8576992e-01
   6.8576992e-01   4.2030490e-01   8.7870501e-01   7.7020918e-01
   7.7020918e-01   5.6077901e-01   8.7870501e-01   8.3008434e-01
   8.3008434e-01   6.8148330e-01   8.7870501e-01   8.7041506e-01
   8.7041506e-01   7.7023477e-01   8.7870501e-01   8.9623632e-01
   8.9623632e-01   8.2548619e-01   8.7870501e-01   9.1185730e-01
   9.1185730e-01   8.5807315e-01   8.7870501e-01   9.2090273e-01
   9.2090273e-01   8.7219623e-01   8.7870501e-01   9.2573989e-01
   9.2573989e-01   8.8084871e-01   8.7870501e-01   9.2809957e-01
   9.2809957e-01   8.8320208e-01   8.7870501e-01   9.2902745e-01
   9.2902745e-01   8.8419313e-01   8.7870501e-01   9.2928211e-01
   9.2928211e-01   8.8248932e-01   8.7870501e-01   9.2926836e-01
   9.2926836e-01   8.8097805e-01   8.7870501e-01   9.2928207e-01
   9.2928207e-01   8.7839088e-01   8.7870501e-01   9.2943884e-01
   9.2943884e-01   8.7650299e-01   8.7870501e-01   9.2982561e-01
   9.2982561e-01   8.7427151e-01   8.7870501e-01   9.3044222e-01
   9.3044222e-01   8.7274939e-01   8.7870501e-01   9.3129371e-01
   9.3129371e-01   8.7115138e-01   8.7870501e-01   9.3234799e-01
   9.3234799e-01   8.7006802e-01   8.7870501e-01   9.3358946e-01
   9.3358946e-01   8.6895398e-01   7.3499072e-01   8.9069875e-01
   8.9069875e-01   8.6813119e-01   7.3499072e-01   8.5941651e-01
   8.5941651e-01   8.4799057e-01   7.3499072e-01   8.3687195e-01
   8.3687195e-01   8.1340634e-01   7.3499072e-01   8.1924747e-01
   8.1924747e-01   8.1182486e-01   7.3499072e-01   8.0516779e-01
   8.0516779e-01   7.9950666e-01   7.3499072e-01   7.9384176e-01
   7.9384176e-01   7.8768434e-01   7.3499072e-01   7.8485139e-01
   7.8485139e-01   7.7559964e-01   7.3499072e-01   7.7785019e-01
   7.7785019e-01   7.6523050e-01   7.3499072e-01   7.7251642e-01
   7.7251642e-01   7.5679271e-01   7.3499072e-01   7.6854664e-01
   7.6854664e-01   7.5021804e-01   7.3499072e-01   7.6566581e-01
   7.6566581e-01   7.4523502e-01   7.3499072e-01   7.6363423e-01
   7.6363423e-01   7.4155434e-01   7.3499072e-01   7.6224979e-01
   7.6224979e-01   7.3890731e-01   7.3499072e-01   7.6134695e-01
   7.6134695e-01   7.3706072e-01   7.3499072e-01   7.6079348e-01
   7.6079348e-01   7.3581949e-01   7.3499072e-01   7.6048629e-01
   7.6048629e-01   7.3502506e-01   7.3499072e-01   7.6034683e-01
   7.6034683e-01   7.3455178e-01   7.3499072e-01   7.6031665e-01
   7.6031665e-01   7.3430238e-01   7.3499072e-01   7.6035339e-01
   7.6035339e-01   7.3420336e-01   7.3499072e-01   7.6042717e-01
   7.6042717e-01   7.3420048e-01   7.3499072e-01   7.6051768e-01
   3.0807555e-01   0.0000000e+00   1.0000000e+00   5.3958243e-01
   5.3958243e-01   5.6982733e-02   1.0000000e+00   7.0843922e-01
   7.0843922e-01   3.4062534e-01   1.0000000e+00   8.2712485e-01
   8.2712485e-01   5.5843107e-01   1.0000000e+00   9.0698254e-01
   9.0698254e-01   7.1468848e-01   1.0000000e+00   9.5717300e-01
   9.5717300e-01   8.3884502e-01   1.0000000e+00   9.8591788e-01
   9.8591788e-01   9.0671110e-01   1.0000000e+00   9.9925774e-01
   9.9925774e-01   9.1117660e-01   1.0000000e+00   1.0000000e+00
   1.0000000e+00   9.3430875e-01   1.0000000e+00   1.0000000e+00
   1.0000000e+00   9.1145683e-01   1.0000000e+00   1.0000000e+00
   1.0000000e+00   9.1572656e-01   1.0000000e+00   1.0000000e+00
   1.0000000e+00   8.8912567e-01   1.0000000e+00   1.0000000e+00
   1.0000000e+00   8.8912343e-01   1.0000000e+00   1.0000000e+00
   1.0000000e+00   8.6029061e-01   1.0000000e+00   1.0000000e+00
   1.0000000e+00   8.5584545e-01   1.0000000e+00   1.0000000e+00
   1.0000000e+00   8.2928392e-01   1.0000000e+00   1.0000000e+00
   1.0000000e+00   8.2377032e-01   1.0000000e+00   1.0000000e+00
   1.0000000e+00   8.1108744e-01   1.0000000e+00   1.0000000e+00
   1.0000000e+00   8.1063795e-01   1.0000000e+00   1.0000000e+00
   1.0000000e+00   8.1140824e-01   1.0000000e+00   1.0000000e+00
   1.0000000e+00   8.1141977e-01   1.0000000e+00   1.0000000e+00
   1.0000000e+00   8.1126316e-01   1.0000000e+00   1.0000000e+00
   1.0000000e+00   8.1127709e-01   1.0000000e+00   1.0000000e+00
   1.0000000e+00   8.1130616e-01   1.0000000e+00   1.0000000e+00
   1.0000000e+00   8.1130041e-01   1.0000000e+00   1.0000000e+00
   1.0000000e+00   8.1129531e-01   1.0000000e+00   1.0000000e+00
   1.0000000e+00   8.1129697e-01   1.0000000e+00   1.0000000e+00
   1.0000000e+00   8.1129779e-01   1.0000000e+00   1.0000000e+00
   1.0000000e+00   8.1129738e-01   1.0000000e+00   1.0000000e+00
   1.0000000e+00   8.1129726e-01   1.0000000e+00   1.0000000e+00
   1.0000000e+00   8.1129736e-01   1.0000000e+00   1.0000000e+00
   1.0000000e+00   8.1129737e-01   1.0000000e+00   1.0000000e+00
   1.0000000e+00   8.1129735e-01   1.0000000e+00   1.0000000e+00
   1.0000000e+00   8.1129735e-01   1.0000000e+00   1.0000000e+00
   1.0000000e+00   8.1129735e-01   1.0000000e+00   1.0000000e+00
   1.0000000e+00   8.1129735e-01   1.0000000e+00   1.0000000e+00
   1.0000000e+00   8.1129735e-01   1.0000000e+00   1.0000000e+00
   1.0000000e+00   8.1129735e-01   1.0000000e+00   1.0000000e+00
   1.0000000e+00   8.1129735e-01   1.0000000e+00   1.0000000e+00
   1.0000000e+00   8.1129735e-01   1.0000000e+00   1.0000000e+00
   1.0000000e+00   8.1129735e-01   1.0000000e+00   1.0000000e+00
   1.0000000e+00   8.1129735e-01   1.0000000e+00   1.0000000e+00
   1.0000000e+00   8.1129735e-01   1.0000000e+00   1.0000000e+00
   1.0000000e+00   8.1129735e-01   1.0000000e+00   1.0000000e+00
   1.0000000e+00   8.1129735e-01   1.0000000e+00   1.0000000e+00
   1.0000000e+00   8.1129735e-01   1.0000000e+00   1.0000000e+00
   1.0000000e+00   8.1129735e-01   1.0000000e+00   1.0000000e+00
   1.0000000e+00   8.1129735e-01   1.0000000e+00   1.0000000e+00
   1.0000000e+00   8.1129735e-01   1.0000000e+00   1.0000000e+00
   1.0000000e+00   8.1129735e-01   1.0000000e+00   1.0000000e+00
   1.0000000e+00   8.1129735e-01   1.0000000e+00   1.0000000e+00
   1.0000000e+00   8.1129735e-01   1.0000000e+00   1.0000000e+00
   1.0000000e+00   8.1129735e-01   1.0000000e+00   1.0000000e+00
   1.0000000e+00   8.1129735e-01   1.0000000e+00   1.0000000e+00
   1.0000000e+00   8.1129735e-01   1.0000000e+00   1.0000000e+00
   1.0000000e+00   8.1129735e-01   1.0000000e+00   1.0000000e+00
   1.0000000e+00   8.1129735e-01   1.0000000e+00   1.0000000e+00
   1.0000000e+00   8.1129735e-01   1.0000000e+00   1.0000000e+00
   1.0000000e+00   8.1129735e-01   1.0000000e+00   1.0000000e+00
   1.0000000e+00   8.1129735e-01   5.5300370e-01   9.2039667e-01
   9.2039667e-01   8.1129735e-01   5.5300370e-01   8.5925077e-01
   8.5925077e-01   8.0828871e-01   5.5300370e-01   8.1035656e-01
   8.1035656e-01   7.7752012e-01   5.5300370e-01   7.6762591e-01
   7.6762591e-01   7.8615254e-01   5.5300370e-01   7.3012871e-01
   7.3012871e-01   7.5902185e-01   5.5300370e-01   6.9798607e-01
   6.9798607e-01   7.2254333e-01   5.5300370e-01   6.7121220e-01
   6.7121220e-01   6.8683968e-01   5.5300370e-01   6.4949761e-01
   6.4949761e-01   6.5581851e-01   5.5300370e-01   6.3226950e-01
   6.3226950e-01   6.3073517e-01   5.5300370e-01   6.1878250e-01
   6.1878250e-01   6.1199504e-01   5.5300370e-01   6.0829600e-01
   6.0829600e-01   5.9812562e-01   5.5300370e-01   6.0022652e-01
   6.0022652e-01   5.8684697e-01   5.5300370e-01   5.9412251e-01
   5.9412251e-01   5.7748890e-01   5.5300370e-01   5.8960898e-01
   5.8960898e-01   5.6999409e-01   5.5300370e-01   5.8636355e-01
   5.8636355e-01   5.6420884e-01   5.5300370e-01   5.8410920e-01
   5.8410920e-01   5.5989079e-01   5.5300370e-01   5.8261186e-01
   5.8261186e-01   5.5677579e-01   5.5300370e-01   5.8167801e-01
   5.8167801e-01   5.5461349e-01   5.5300370e-01   5.8115147e-01
   5.8115147e-01   5.5318299e-01   5.5300370e-01   5.8090926e-01
   5.8090926e-01   5.5229809e-01   5.5300370e-01   5.8085692e-01
   5.8085692e-01   5.5180718e-01   5.5300370e-01   5.8092386e-01
   5.8092386e-01   5.5159041e-01   5.5300370e-01   5.8105884e-01
   5.8105884e-01   5.5155575e-01   5.5300370e-01   5.8122598e-01
   5.8122598e-01   5.5163446e-01   5.5300370e-01   5.8140118e-01
   5.8140118e-01   5.5177681e-01   5.5300370e-01   5.8156921e-01
   5.8156921e-01   5.5194812e-01   5.5300370e-01   5.8172129e-01
   5.8172129e-01   5.5212525e-01   5.5300370e-01   5.8185317e-01
   5.8185317e-01   5.5229370e-01   5.5300370e-01   5.8196366e-01
   5.8196366e-01   5.5244524e-01   1.0000000e+00   8.7997238e-01
   8.7997238e-01   5.5257603e-01   1.0000000e+00   1.0000000e+00
   1.0000000e+00   7.0026976e-01   1.0000000e+00   1.0000000e+00
   1.0000000e+00   9.1583874e-01   1.0000000e+00   1.0000000e+00
   1.0000000e+00   9.6071291e-01   1.0000000e+00   1.0000000e+00
   1.0000000e+00   9.0256875e-01   1.0000000e+00   1.0000000e+00
   1.0000000e+00   9.4432455e-01   1.0000000e+00   1.0000000e+00
   1.0000000e+00   8.8434243e-01   1.0000000e+00   1.0000000e+00
   1.0000000e+00   9.2125284e-01   1.0000000e+00   1.0000000e+00
   1.0000000e+00   8.6054972e-01   1.0000000e+00   1.0000000e+00
   1.0000000e+00   8.9024222e-01   1.0000000e+00   1.0000000e+00
   1.0000000e+00   8.3335914e-01   1.0000000e+00   1.0000000e+00
   1.0000000e+00   8.5309537e-01   1.0000000e+00   1.0000000e+00
   1.0000000e+00   8.1264360e-01   1.0000000e+00   1.0000000e+00
   1.0000000e+00   8.2105607e-01   1.0000000e+00   1.0000000e+00
   1.0000000e+00   8.1016508e-01   1.0000000e+00   1.0000000e+00
   1.0000000e+00   8.1055362e-01   1.0000000e+00   1.0000000e+00
   1.0000000e+00   8.1161511e-01   1.0000000e+00   1.0000000e+00
   1.0000000e+00   8.1141562e-01   1.0000000e+00   1.0000000e+00
   1.0000000e+00   8.1122423e-01   1.0000000e+00   1.0000000e+00
   1.0000000e+00   8.1128192e-01   1.0000000e+00   1.0000000e+00
   1.0000000e+00   8.1131334e-01   1.0000000e+00   1.0000000e+00
   1.0000000e+00   8.1129872e-01   1.0000000e+00   1.0000000e+00
   1.0000000e+00   8.1129409e-01   1.0000000e+00   1.0000000e+00
   1.0000000e+00   8.1129742e-01   1.0000000e+00   1.0000000e+00
   1.0000000e+00   8.1129798e-01   1.0000000e+00   1.0000000e+00
   1.0000000e+00   8.1129727e-01   1.0000000e+00   1.0000000e+00
   1.0000000e+00   8.1129724e-01   1.0000000e+00   1.0000000e+00
   1.0000000e+00   8.1129738e-01   1.0000000e+00   1.0000000e+00
   1.0000000e+00   8.1129737e-01   1.0000000e+00   1.0000000e+00
   1.0000000e+00   8.1129735e-01   1.0000000e+00   1.0000000e+00
   9.4842362e-02   0.0000000e+00   3.0676881e-01   1.6688685e-01
   1.6688685e-01   1.4522276e-02   3.0676881e-01   2.2109298e-01
   2.2109298e-01   9.2453619e-02   3.0676881e-01   2.6124123e-01
   2.6124123e-01   1.5490914e-01   3.0676881e-01   2.8975322e-01
   2.8975322e-01   2.1235847e-01   3.0676881e-01   3.0908677e-01
   3.0908677e-01   2.5322080e-01   3.0676881e-01   3.2176419e-01
   3.2176419e-01   2.7683944e-01   3.0676881e-01   3.2981941e-01
   3.2981941e-01   2.9094543e-01   3.0676881e-01   3.3473565e-01
   3.3473565e-01   2.9969642e-01   3.0676881e-01   3.3755698e-01
   3.3755698e-01   3.0509588e-01   3.0676881e-01   3.3900723e-01
   3.3900723e-01   3.0830064e-01   3.0676881e-01   3.3958325e-01
   3.3958325e-01   3.1005697e-01   3.0676881e-01   3.3962259e-01
   3.3962259e-01   3.1087053e-01   3.0676881e-01   3.3935150e-01
   3.3935150e-01   3.1108927e-01   3.0676881e-01   3.3891878e-01
   3.3891878e-01   3.1095107e-01   3.0676881e-01   3.3841976e-01
   3.3841976e-01   3.1061556e-01   3.0676881e-01   3.3791326e-01
   3.3791326e-01   3.1018711e-01   3.0676881e-01   3.3743351e-01
   3.3743351e-01   3.0973156e-01   3.0676881e-01   3.3699851e-01
   3.3699851e-01   3.0928843e-01   3.0676881e-01   3.3661587e-01
   3.3661587e-01   3.0887965e-01   3.0676881e-01   3.3628673e-01
   3.3628673e-01   3.0851569e-01   3.0676881e-01   3.3600847e-01
   3.3600847e-01   3.0819978e-01   3.0676881e-01   3.3577646e-01
   3.3577646e-01   3.0793084e-01   3.0676881e-01   3.3558520e-01
   3.3558520e-01   3.0770532e-01   3.0676881e-01   3.3542904e-01
   3.3542904e-01   3.0751856e-01   3.0676881e-01   3.3530260e-01
   3.3530260e-01   3.0736548e-01   3.0676881e-01   3.3520095e-01
   3.3520095e-01   3.0724110e-01   3.0676881e-01   3.3511975e-01
   3.3511975e-01   3.0714082e-01   3.0676881e-01   3.3505525e-01
   3.3505525e-01   3.0706050e-01   3.0676881e-01   3.3500430e-01
   3.3500430e-01   3.0699655e-01   0.0000000e+00   2.4042171e-01
   2.4042171e-01   3.0694591e-01   0.0000000e+00   1.7110838e-01
   1.7110838e-01   2.5405307e-01   0.0000000e+00   1.2092176e-01
   1.2092176e-01   1.7719824e-01   0.0000000e+00   8.4793646e-02
   8.4793646e-02   1.2529178e-01   0.0000000e+00   5.8919159e-02
   5.8919159e-02   8.8416779e-02   0.0000000e+00   4.0551935e-02
   4.0551935e-02   6.1051892e-02   0.0000000e+00   2.7666024e-02
   2.7666024e-02   4.1115345e-02   0.0000000e+00   1.8754053e-02
   1.8754053e-02   2.6903531e-02   0.0000000e+00   1.2694532e-02
   1.2694532e-02   1.6941227e-02   0.0000000e+00   8.6630860e-03
   8.6630860e-03   1.0070716e-02   0.0000000e+00   6.0645323e-03
   6.0645323e-03   5.4190278e-03   0.0000000e+00   4.4738780e-03
   4.4738780e-03   2.3436411e-03   0.0000000e+00   3.5718868e-03
   3.5718868e-03   3.8109483e-04   0.0000000e+00   3.1294430e-03
   3.1294430e-03   0.0000000e+00   0.0000000e+00   2.9810206e-03
   2.9810206e-03   0.0000000e+00   0.0000000e+00   3.0876571e-03
   3.0876571e-03   0.0000000e+00   0.0000000e+00   3.4826892e-03
   3.4826892e-03   0.0000000e+00   0.0000000e+00   3.8436364e-03
   3.8436364e-03   0.0000000e+00   0.0000000e+00   4.1300841e-03
   4.1300841e-03   0.0000000e+00   0.0000000e+00   4.3541040e-03
   4.3541040e-03   0.0000000e+00   0.0000000e+00   4.5293397e-03
   4.5293397e-03   0.0000000e+00   0.0000000e+00   4.6664768e-03
   4.6664768e-03   0.0000000e+00   0.0000000e+00   4.7738085e-03
   4.7738085e-03   0.0000000e+00   0.0000000e+00   4.8578135e-03
   4.8578135e-03   0.0000000e+00   0.0000000e+00   4.9235613e-03
   4.9235613e-03   0.0000000e+00   0.0000000e+00   4.9750198e-03
   4.9750198e-03   0.0000000e+00   0.0000000e+00   5.0152945e-03
   5.0152945e-03   0.0000000e+00   0.0000000e+00   5.0468161e-03
   5.0468161e-03   0.0000000e+00   0.0000000e+00   5.0714868e-03
   5.0714868e-03   0.0000000e+00   0.0000000e+00   5.0907957e-03
   5.0907957e-03   0.0000000e+00   3.2499848e-01   1.0525596e-01
   1.0525596e-01   0.0000000e+00   3.2499848e-01   1.8111996e-01
   1.8111996e-01   1.9653135e-02   3.2499848e-01   2.3799602e-01
   2.3799602e-01   1.0232972e-01   3.2499848e-01   2.7982933e-01
   2.7982933e-01   1.6997486e-01   3.2499848e-01   3.0914292e-01
   3.0914292e-01   2.3245572e-01   3.2499848e-01   3.2883191e-01
   3.2883191e-01   2.7272129e-01   3.2499848e-01   3.4169376e-01
   3.4169376e-01   2.9523660e-01   3.2499848e-01   3.4987424e-01
   3.4987424e-01   3.0882592e-01   3.2499848e-01   3.5489131e-01
   3.5489131e-01   3.1745607e-01   3.2499848e-01   3.5779460e-01
   3.5779460e-01   3.2293574e-01   3.2499848e-01   3.5930665e-01
   3.5930665e-01   3.2628458e-01   3.2499848e-01   3.5992413e-01
   3.5992413e-01   3.2817717e-01   3.2499848e-01   3.5998679e-01
   3.5998679e-01   3.2909306e-01   3.2499848e-01   3.5972460e-01
   3.5972460e-01   3.2937710e-01   3.2499848e-01   3.5929051e-01
   3.5929051e-01   3.2927327e-01   3.2499848e-01   3.5878366e-01
   3.5878366e-01   3.2894973e-01   3.2499848e-01   3.5826594e-01
   3.5826594e-01   3.2851871e-01   3.2499848e-01   3.5777384e-01
   3.5777384e-01   3.2805227e-01   3.2499848e-01   3.5732687e-01
   3.5732687e-01   3.2759437e-01   3.2499848e-01   3.5693354e-01
   3.5693354e-01   3.2716985e-01   3.2499848e-01   3.5659542e-01
   3.5659542e-01   3.2679095e-01   3.2499848e-01   3.5631002e-01
   3.5631002e-01   3.2646184e-01   3.2499848e-01   3.5607262e-01
   3.5607262e-01   3.2618181e-01   3.2499848e-01   3.5587756e-01
   3.5587756e-01   3.2594740e-01   3.2499848e-01   3.5571894e-01
   3.5571894e-01   3.2575375e-01   3.2499848e-01   3.5559111e-01
   3.5559111e-01   3.2559557e-01   3.2499848e-01   3.5548891e-01
   3.5548891e-01   3.2546758e-01   3.2499848e-01   3.5540779e-01
   3.5540779e-01   3.2536490e-01   3.2499848e-01   3.5534381e-01
   3.5534381e-01   3.2528313e-01   7.3747757e-01   4.8241484e-01
   4.8241484e-01   3.2521845e-01   7.3747757e-01   5.7751673e-01
   5.7751673e-01   3.6694033e-01   7.3747757e-01   6.4802552e-01
   6.4802552e-01   4.7000376e-01   7.3747757e-01   6.9893685e-01
   6.9893685e-01   5.5930218e-01   7.3747757e-01   7.3424457e-01
   7.3424457e-01   6.3026944e-01   7.3747757e-01   7.5733333e-01
   7.5733333e-01   6.8375295e-01   7.3747757e-01   7.7147245e-01
   7.7147245e-01   7.1650242e-01   7.3747757e-01   7.7928527e-01
   7.7928527e-01   7.3711330e-01   7.3747757e-01   7.8279255e-01
   7.8279255e-01   7.4922745e-01   7.3747757e-01   7.8350130e-01
   7.8350130e-01   7.5552801e-01   7.3747757e-01   7.8250310e-01
   7.8250310e-01   7.5796972e-01   7.3747757e-01   7.8056464e-01
   7.8056464e-01   7.5797035e-01   7.3747757e-01   7.7820597e-01
   7.7820597e-01   7.5652841e-01   7.3747757e-01   7.7576469e-01
   7.7576469e-01   7.5433180e-01   7.3747757e-01   7.7344669e-01
   7.7344669e-01   7.5184077e-01   7.3747757e-01   7.7136541e-01
   7.7136541e-01   7.4934966e-01   7.3747757e-01   7.6957145e-01
   7.6957145e-01   7.4703375e-01   7.3747757e-01   7.6807458e-01
   7.6807458e-01   7.4498504e-01   7.3747757e-01   7.6685963e-01
   7.6685963e-01   7.4323944e-01   7.3747757e-01   7.6589772e-01
   7.6589772e-01   7.4179694e-01   7.3747757e-01   7.6515385e-01
   7.6515385e-01   7.4063617e-01   7.3747757e-01   7.6459185e-01
   7.6459185e-01   7.3972453e-01   7.3747757e-01   7.6417742e-01
   7.6417742e-01   7.3902510e-01   7.3747757e-01   7.6387980e-01
   7.6387980e-01   7.3850097e-01   7.3747757e-01   7.6367247e-01
   7.6367247e-01   7.3811786e-01   7.3747757e-01   7.6353335e-01
   7.6353335e-01   7.3784546e-01   7.3747757e-01   7.6344449e-01
   7.6344449e-01   7.3765796e-01   7.3747757e-01   7.6339171e-01
   7.6339171e-01   7.3753407e-01   7.3747757e-01   7.6336406e-01
   7.6336406e-01   7.3745665e-01   7.3747757e-01   7.6335326e-01
   7.6335326e-01   7.3741224e-01   7.3747757e-01   7.6335321e-01
   9.4962687e-02   0.0000000e+00   3.0715923e-01   1.6709830e-01
   1.6709830e-01   1.4545989e-02   3.0715923e-01   2.2137268e-01
   2.2137268e-01   9.2577561e-02   3.0715923e-01   2.6156980e-01
   2.6156980e-01   1.5513330e-01   3.0715923e-01   2.9011232e-01
   2.9011232e-01   2.1269537e-01   3.0715923e-01   3.0946480e-01
   3.0946480e-01   2.5358011e-01   3.0715923e-01   3.2215507e-01
   3.2215507e-01   2.7719413e-01   3.0715923e-01   3.3021984e-01
   3.3021984e-01   2.9129943e-01   3.0715923e-01   3.3514359e-01
   3.3514359e-01   3.0005358e-01   3.0715923e-01   3.3797096e-01
   3.3797096e-01   3.0545824e-01   3.0715923e-01   3.3942606e-01
   3.3942606e-01   3.0866871e-01   3.0715923e-01   3.4000590e-01
   3.4000590e-01   3.1043028e-01   3.0715923e-01   3.4004821e-01
   3.4004821e-01   3.1124821e-01   3.0715923e-01   3.3977939e-01
   3.3977939e-01   3.1147039e-01   3.0715923e-01   3.3934837e-01
   3.3934837e-01   3.1133478e-01   3.0715923e-01   3.3885061e-01
   3.3885061e-01   3.1100121e-01   3.0715923e-01   3.3834503e-01
   3.3834503e-01   3.1057417e-01   3.0715923e-01   3.3786595e-01
   3.3786595e-01   3.1011964e-01   3.0715923e-01   3.3743143e-01
   3.3743143e-01   3.0967724e-01   3.0715923e-01   3.3704913e-01
   3.3704913e-01   3.0926898e-01   0.0000000e+00   2.4205739e-01
   2.4205739e-01   3.0890538e-01   0.0000000e+00   1.7239454e-01
   1.7239454e-01   2.5588513e-01   0.0000000e+00   1.2192743e-01
   1.2192743e-01   1.7849636e-01   0.0000000e+00   8.5576980e-02
   8.5576980e-02   1.2627206e-01   0.0000000e+00   5.9526235e-02
   5.9526235e-02   8.9191768e-02   0.0000000e+00   4.1018703e-02
   4.1018703e-02   6.1666818e-02   0.0000000e+00   2.8022000e-02
   2.8022000e-02   4.1594914e-02   0.0000000e+00   1.9024211e-02
   1.9024211e-02   2.7272540e-02   0.0000000e+00   1.2898528e-02
   1.2898528e-02   1.7222548e-02   0.0000000e+00   8.8163263e-03
   8.8163263e-03   1.0284039e-02   0.0000000e+00   6.1797774e-03
   6.1797774e-03   5.5799420e-03   0.0000000e+00   4.5601401e-03
   4.5601401e-03   2.4645267e-03   0.0000000e+00   3.6360292e-03
   3.6360292e-03   4.7193163e-04   0.0000000e+00   3.1768002e-03
   3.1768002e-03   0.0000000e+00   0.0000000e+00   3.0160088e-03
   3.0160088e-03   0.0000000e+00   0.0000000e+00   3.0917847e-03
   3.0917847e-03   0.0000000e+00   0.0000000e+00   3.4818090e-03
   3.4818090e-03   0.0000000e+00   0.0000000e+00   3.8426092e-03
   3.8426092e-03   0.0000000e+00   0.0000000e+00   4.1292896e-03
   4.1292896e-03   0.0000000e+00   0.0000000e+00   4.3534895e-03
   4.3534895e-03   0.0000000e+00   8.4970545e-01   2.6627459e-01
   2.6627459e-01   0.0000000e+00   8.4970545e-01   4.6465001e-01
   4.6465001e-01   5.1271744e-02   8.4970545e-01   6.1225713e-01
   6.1225713e-01   2.8393793e-01   8.4970545e-01   7.1736721e-01
   7.1736721e-01   4.9840527e-01   8.4970545e-01   7.9209381e-01
   7.9209381e-01   6.0134147e-01   8.4970545e-01   8.4205123e-01
   8.4205123e-01   7.1989287e-01   8.4970545e-01   8.7366153e-01
   8.7366153e-01   7.8930817e-01   8.4970545e-01   8.9214918e-01
   8.9214918e-01   8.3382624e-01   8.4970545e-01   9.0187764e-01
   9.0187764e-01   8.5641922e-01   8.4970545e-01   9.0611436e-01
   9.0611436e-01   8.6626240e-01   8.4970545e-01   9.0701224e-01
   9.0701224e-01   8.7089435e-01   8.4970545e-01   9.0603495e-01
   9.0603495e-01   8.7142637e-01   8.4970545e-01   9.0408009e-01
   9.0408009e-01   8.7061026e-01   8.4970545e-01   9.0172219e-01
   9.0172219e-01   8.6861159e-01   8.4970545e-01   8.9927440e-01
   8.9927440e-01   8.6666198e-01   8.4970545e-01   8.9691577e-01
   8.9691577e-01   8.6461542e-01   8.4970545e-01   8.9471876e-01
   8.9471876e-01   8.6295515e-01   8.4970545e-01   8.9271162e-01
   8.9271162e-01   8.6146679e-01   8.4970545e-01   8.9088844e-01
   8.9088844e-01   8.6029552e-01   8.4970545e-01   8.8923579e-01
   8.8923579e-01   8.5927435e-01   0.0000000e+00   6.2587403e-01
   6.2587403e-01   8.5843313e-01   0.0000000e+00   4.3238280e-01
   4.3238280e-01   7.1888860e-01   0.0000000e+00   2.9156719e-01
   2.9156719e-01   5.1499254e-01   0.0000000e+00   1.8975843e-01
   1.8975843e-01   3.7563386e-01   0.0000000e+00   1.2019728e-01
   1.2019728e-01   2.0864722e-01   0.0000000e+00   7.3689522e-02
   7.3689522e-02   1.2936488e-01   0.0000000e+00   4.3105275e-02
   4.3105275e-02   8.3385040e-02   0.0000000e+00   2.3501925e-02
   2.3501925e-02   5.0169416e-02   0.0000000e+00   1.1486083e-02
   1.1486083e-02   2.7318661e-02   0.0000000e+00   4.6798958e-03
   4.6798958e-03   1.2597964e-02   0.0000000e+00   1.2764002e-03
   1.2764002e-03   3.6754593e-03   0.0000000e+00   0.0000000e+00
   0.0000000e+00   0.0000000e+00   0.0000000e+00   0.0000000e+00
   0.0000000e+00   0.0000000e+00   0.0000000e+00   0.0000000e+00
   0.0000000e+00   0.0000000e+00   0.0000000e+00   0.0000000e+00
   0.0000000e+00   0.0000000e+00   0.0000000e+00   0.0000000e+00
   0.0000000e+00   0.0000000e+00   0.0000000e+00   0.0000000e+00
   0.0000000e+00   0.0000000e+00   0.0000000e+00   6.0004825e-04
   6.0004825e-04   0.0000000e+00   0.0000000e+00   1.5171592e-03
   1.5171592e-03   0.0000000e+00   1.0000000e+00   3.7301590e-01
   3.7301590e-01   0.0000000e+00   1.0000000e+00   6.4203462e-01
   6.4203462e-01   7.1147297e-02   1.0000000e+00   8.2516852e-01
   8.2516852e-01   4.3778542e-01   1.0000000e+00   9.3908636e-01
   9.3908636e-01   6.4882323e-01   1.0000000e+00   9.9436924e-01
   9.9436924e-01   8.4964628e-01   1.0000000e+00   1.0000000e+00
   1.0000000e+00   9.4306310e-01   1.0000000e+00   1.0000000e+00
   1.0000000e+00   9.0929728e-01   1.0000000e+00   1.0000000e+00
   1.0000000e+00   9.3247882e-01   1.0000000e+00   1.0000000e+00
   1.0000000e+00   8.8975511e-01   1.0000000e+00   1.0000000e+00
   1.0000000e+00   9.0842265e-01   1.0000000e+00   1.0000000e+00
   1.0000000e+00   8.6408811e-01   1.0000000e+00   1.0000000e+00
   1.0000000e+00   8.7666595e-01   1.0000000e+00   1.0000000e+00
   1.0000000e+00   8.3470420e-01   1.0000000e+00   1.0000000e+00
   1.0000000e+00   8.4062724e-01   1.0000000e+00   1.0000000e+00
   1.0000000e+00   8.1286470e-01   1.0000000e+00   1.0000000e+00
   1.0000000e+00   8.1481342e-01   1.0000000e+00   1.0000000e+00
   1.0000000e+00   8.1068603e-01   1.0000000e+00   1.0000000e+00
   1.0000000e+00   8.1080825e-01   1.0000000e+00   1.0000000e+00
   1.0000000e+00   8.1147355e-01   1.0000000e+00   1.0000000e+00
   1.0000000e+00   8.1137731e-01   9.4892313e-01   1.0000000e+00
   1.0000000e+00   8.1125499e-01   9.4892313e-01   1.0000000e+00
   1.0000000e+00   8.1128616e-01   9.4892313e-01   1.0000000e+00
   1.0000000e+00   8.1130683e-01   9.4892313e-01   1.0000000e+00
   1.0000000e+00   8.1129856e-01   9.4892313e-01   1.0000000e+00
   1.0000000e+00   8.1129537e-01   9.4892313e-01   1.0000000e+00
   1.0000000e+00   8.1129732e-01   9.4892313e-01   1.0000000e+00
   1.0000000e+00   8.1129774e-01   9.4892313e-01   1.0000000e+00
   1.0000000e+00   8.1129732e-01   9.4892313e-01   1.0000000e+00
   1.0000000e+00   8.1129728e-01   9.4892313e-01   1.0000000e+00
   1.0000000e+00   8.1129737e-01   9.4892313e-01   1.0000000e+00
   1.0000000e+00   8.1129737e-01   9.4892313e-01   1.0000000e+00
   1.0000000e+00   8.1129735e-01   9.4892313e-01   1.0000000e+00
   1.0000000e+00   8.1129735e-01   9.4892313e-01   1.0000000e+00
   1.0000000e+00   8.1129735e-01   9.4892313e-01   1.0000000e+00
   1.0000000e+00   8.1129735e-01   9.4892313e-01   1.0000000e+00
   1.0000000e+00   8.1129735e-01   9.4892313e-01   1.0000000e+00
   1.0000000e+00   8.1129735e-01   9.4892313e-01   1.0000000e+00
   1.0000000e+00   8.1129735e-01   9.4892313e-01   1.0000000e+00
   1.0000000e+00   8.1129735e-01   9.4892313e-01   1.0000000e+00
   1.0000000e+00   8.1129735e-01   9.4892313e-01   1.0000000e+00
   3.8892336e-01   0.0000000e+00   1.0000000e+00   6.6691000e-01
   6.6691000e-01   7.3401167e-02   1.0000000e+00   8.5086198e-01
   8.5086198e-01   4.6213771e-01   1.0000000e+00   9.5819040e-01
   9.5819040e-01   6.7276196e-01   1.0000000e+00   1.0000000e+00
   1.0000000e+00   8.7313826e-01   1.0000000e+00   1.0000000e+00
   1.0000000e+00   9.5257377e-01   1.0000000e+00   1.0000000e+00
   1.0000000e+00   9.1134429e-01   1.0000000e+00   1.0000000e+00
   1.0000000e+00   9.3631355e-01   1.0000000e+00   1.0000000e+00
   1.0000000e+00   8.9279263e-01   1.0000000e+00   1.0000000e+00
   1.0000000e+00   9.1346766e-01   1.0000000e+00   1.0000000e+00
   1.0000000e+00   8.6815866e-01   1.0000000e+00   1.0000000e+00
   1.0000000e+00   8.8289680e-01   1.0000000e+00   1.0000000e+00
   1.0000000e+00   8.3905086e-01   1.0000000e+00   1.0000000e+00
   1.0000000e+00   8.4684087e-01   1.0000000e+00   1.0000000e+00
   1.0000000e+00   8.1497797e-01   1.0000000e+00   1.0000000e+00
   1.0000000e+00   8.1770356e-01   1.0000000e+00   1.0000000e+00
   1.0000000e+00   8.1019565e-01   1.0000000e+00   1.0000000e+00
   1.0000000e+00   8.1060516e-01   1.0000000e+00   1.0000000e+00
   1.0000000e+00   8.1160260e-01   1.0000000e+00   1.0000000e+00
   1.0000000e+00   8.1140605e-01   4.9453744e-01   8.9888344e-01
   8.9888344e-01   8.1122756e-01   4.9453744e-01   8.2213658e-01
   8.2213658e-01   8.0517774e-01   4.9453744e-01   7.6178485e-01
   7.6178485e-01   7.6132200e-01   4.9453744e-01   7.1102718e-01
   7.1102718e-01   7.5300961e-01   4.9453744e-01   6.6861029e-01
   6.6861029e-01   7.0790824e-01   4.9453744e-01   6.3392893e-01
   6.3392893e-01   6.6155135e-01   4.9453744e-01   6.0617762e-01
   6.0617762e-01   6.2216122e-01   4.9453744e-01   5.8412140e-01
   5.8412140e-01   5.9444861e-01   4.9453744e-01   5.6670367e-01
   5.6670367e-01   5.7228999e-01   4.9453744e-01   5.5322672e-01
   5.5322672e-01   5.5183921e-01   4.9453744e-01   5.4306892e-01
   5.4306892e-01   5.3489034e-01   4.9453744e-01   5.3563763e-01
   5.3563763e-01   5.2163451e-01   4.9453744e-01   5.3038588e-01
   5.3038588e-01   5.1163309e-01   4.9453744e-01   5.2682942e-01
   5.2682942e-01   5.0433161e-01   4.9453744e-01   5.2455513e-01
   5.2455513e-01   4.9919068e-01   4.9453744e-01   5.2322175e-01
   5.2322175e-01   4.9572766e-01   4.9453744e-01   5.2255554e-01
   5.2255554e-01   4.9353029e-01   4.9453744e-01   5.2234300e-01
   5.2234300e-01   4.9225858e-01   4.9453744e-01   5.2242223e-01
   5.2242223e-01   4.9164048e-01   4.9453744e-01   5.2267411e-01
   5.2267411e-01   4.9146442e-01   9.4474779e-01   6.6176339e-01
   6.6176339e-01   4.9157050e-01   9.4474779e-01   7.6698123e-01
   7.6698123e-01   5.1958666e-01   9.4474779e-01   8.4352633e-01
   8.4352633e-01   6.6423384e-01   9.4474779e-01   8.9695466e-01
   8.9695466e-01   7.7439343e-01   9.4474779e-01   9.3297868e-01
   9.3297868e-01   8.4575194e-01   9.4474779e-01   9.5679690e-01
   9.5679690e-01   8.8600726e-01   9.4474779e-01   9.7279684e-01
   9.7279684e-01   9.0036971e-01   9.4474779e-01   9.8352856e-01
   9.8352856e-01   9.1411541e-01   9.4474779e-01   9.9102054e-01
   9.9102054e-01   9.1378814e-01   9.4474779e-01   9.9610495e-01
   9.9610495e-01   9.1649586e-01   9.4474779e-01   9.9923728e-01
   9.9923728e-01   9.0823669e-01   9.4474779e-01   1.0000000e+00
   1.0000000e+00   9.0357105e-01   9.4474779e-01   1.0000000e+00
   1.0000000e+00   8.8833122e-01   9.4474779e-01   1.0000000e+00
   1.0000000e+00   8.7656162e-01   9.4474779e-01   1.0000000e+00
   1.0000000e+00   8.5750827e-01   9.4474779e-01   1.0000000e+00
   1.0000000e+00   8.4336436e-01   9.4474779e-01   1.0000000e+00
   1.0000000e+00   8.2602743e-01   9.4474779e-01   1.0000000e+00
   1.0000000e+00   8.1631780e-01   9.4474779e-01   1.0000000e+00
   1.0000000e+00   8.1065730e-01   9.4474779e-01   1.0000000e+00
   1.0000000e+00   8.1066119e-01   1.0000000e+00   1.0000000e+00
   1.0000000e+00   8.1149542e-01   1.0000000e+00   1.0000000e+00
   1.0000000e+00   8.1140563e-01   1.0000000e+00   1.0000000e+00
   1.0000000e+00   8.1124791e-01   1.0000000e+00   1.0000000e+00
   1.0000000e+00   8.1128140e-01   1.0000000e+00   1.0000000e+00
   1.0000000e+00   8.1130872e-01   1.0000000e+00   1.0000000e+00
   1.0000000e+00   8.1129930e-01   1.0000000e+00   1.0000000e+00
   1.0000000e+00   8.1129493e-01   1.0000000e+00   1.0000000e+00
   1.0000000e+00   8.1129722e-01   1.0000000e+00   1.0000000e+00
   1.0000000e+00   8.1129784e-01   1.0000000e+00   1.0000000e+00
   1.0000000e+00   8.1129733e-01   1.0000000e+00   1.0000000e+00
   1.0000000e+00   8.1129726e-01   1.0000000e+00   1.0000000e+00
   1.0000000e+00   8.1129737e-01   1.0000000e+00   1.0000000e+00
   1.0000000e+00   8.1129737e-01   1.0000000e+00   1.0000000e+00
   1.0000000e+00   8.1129735e-01   1.0000000e+00   1.0000000e+00
   1.0000000e+00   8.1129735e-01   1.0000000e+00   1.0000000e+00
   1.0000000e+00   8.1129735e-01   1.0000000e+00   1.0000000e+00
   1.0000000e+00   8.1129735e-01   1.0000000e+00   1.0000000e+00
   1.0000000e+00   8.1129735e-01   1.0000000e+00   1.0000000e+00
   1.0000000e+00   8.1129735e-01   1.6110583e-01   7.9955640e-01
   7.9955640e-01   8.1129735e-01   1.6110583e-01   6.4753768e-01
   6.4753768e-01   7.7516600e-01   1.6110583e-01   5.3077699e-01
   5.3077699e-01   6.4847916e-01   1.6110583e-01   4.3894102e-01
   4.3894102e-01   5.6725663e-01   1.6110583e-01   3.6642464e-01
   3.6642464e-01   4.8475457e-01   1.6110583e-01   3.1071074e-01
   3.1071074e-01   3.9383601e-01   1.6110583e-01   2.6946473e-01
   2.6946473e-01   3.1690948e-01   1.6110583e-01   2.3999437e-01
   2.3999437e-01   2.6073597e-01   1.6110583e-01   2.1920304e-01
   2.1920304e-01   2.2837665e-01   1.6110583e-01   2.0473326e-01
   2.0473326e-01   2.0563606e-01   1.6110583e-01   1.9486933e-01
   1.9486933e-01   1.8905149e-01   1.6110583e-01   1.8834949e-01
   1.8834949e-01   1.7714088e-01   1.6110583e-01   1.8423455e-01
   1.8423455e-01   1.6883392e-01   1.6110583e-01   1.8182042e-01
   1.8182042e-01   1.6328306e-01   1.6110583e-01   1.8058008e-01
   1.8058008e-01   1.5978618e-01   1.6110583e-01   1.8012285e-01
   1.8012285e-01   1.5777110e-01   1.6110583e-01   1.8016364e-01
   1.8016364e-01   1.5678706e-01   1.6110583e-01   1.8049885e-01
   1.8049885e-01   1.5649049e-01   1.6110583e-01   1.8098698e-01
   1.8098698e-01   1.5662719e-01   1.6110583e-01   1.8153308e-01
   1.8153308e-01   1.5701461e-01   8.6179676e-01   3.9802112e-01
   3.9802112e-01   1.5752590e-01   8.6179676e-01   5.5803040e-01
   5.5803040e-01   2.6023749e-01   8.6179676e-01   6.7403506e-01
   6.7403506e-01   4.5053365e-01   8.6179676e-01   7.5914843e-01
   7.5914843e-01   5.4870934e-01   8.6179676e-01   8.1907052e-01
   8.1907052e-01   6.6936208e-01   8.6179676e-01   8.5907628e-01
   8.5907628e-01   7.5850369e-01   8.6179676e-01   8.8436977e-01
   8.8436977e-01   8.1372497e-01   8.6179676e-01   8.9927686e-01
   8.9927686e-01   8.4741005e-01   8.6179676e-01   9.0741161e-01
   9.0741161e-01   8.6292427e-01   8.6179676e-01   9.1124907e-01
   9.1124907e-01   8.7129088e-01   8.6179676e-01   9.1251277e-01
   9.1251277e-01   8.7434142e-01   8.6179676e-01   9.1230230e-01
   9.1230230e-01   8.7517504e-01   8.6179676e-01   9.1134595e-01
   9.1134595e-01   8.7419940e-01   8.6179676e-01   9.1006984e-01
   9.1006984e-01   8.7285497e-01   8.6179676e-01   9.0873541e-01
   9.0873541e-01   8.7111634e-01   8.6179676e-01   9.0746846e-01
   9.0746846e-01   8.6964662e-01   8.6179676e-01   9.0633155e-01
   9.0633155e-01   8.6827595e-01   8.6179676e-01   9.0533460e-01
   9.0533460e-01   8.6726764e-01   8.6179676e-01   9.0447077e-01
   9.0447077e-01   8.6644075e-01   8.6179676e-01   9.0371831e-01
   9.0371831e-01   8.6587927e-01   8.6179676e-01   9.0305642e-01
   2.6919558e-02   0.0000000e+00   8.6374869e-02   4.7521273e-02
   4.7521273e-02   1.1674529e-03   8.6374869e-02   6.3161943e-02
   6.3161943e-02   2.3023911e-02   8.6374869e-02   7.4950936e-02
   7.4950936e-02   3.9537927e-02   8.6374869e-02   8.3774138e-02
   8.3774138e-02   5.1996265e-02   8.6374869e-02   9.0325770e-02
   9.0325770e-02   6.1410778e-02   8.6374869e-02   9.5147078e-02
   9.5147078e-02   6.8481004e-02   8.6374869e-02   9.8658483e-02
   9.8658483e-02   7.3746537e-02   8.6374869e-02   1.0118526e-01
   1.0118526e-01   7.7629307e-02   8.6374869e-02   1.0297789e-01
   1.0297789e-01   8.0459648e-02   8.6374869e-02   1.0422818e-01
   1.0422818e-01   8.2495580e-02   8.6374869e-02   1.0508202e-01
   1.0508202e-01   8.3937570e-02   8.6374869e-02   1.0564955e-01
   1.0564955e-01   8.4940225e-02   8.6374869e-02   1.0601319e-01
   1.0601319e-01   8.5621742e-02   8.6374869e-02   1.0623404e-01
   1.0623404e-01   8.6071625e-02   8.6374869e-02   1.0635691e-01
   1.0635691e-01   8.6356953e-02   8.6374869e-02   1.0641424e-01
   1.0641424e-01   8.6527450e-02   8.6374869e-02   1.0642925e-01
   1.0642925e-01   8.6619540e-02   8.6374869e-02   1.0641822e-01
   1.0641822e-01   8.6659557e-02   8.6374869e-02   1.0639240e-01
   1.0639240e-01   8.6666262e-02   8.6374869e-02   1.0635935e-01
   1.0635935e-01   8.6652788e-02   8.6374869e-02   1.0632398e-01
   1.0632398e-01   8.6628144e-02   8.6374869e-02   1.0628935e-01
   1.0628935e-01   8.6598346e-02   8.6374869e-02   1.0625724e-01
   1.0625724e-01   8.6567273e-02   8.6374869e-02   1.0622855e-01
   1.0622855e-01   8.6537305e-02   8.6374869e-02   1.0620360e-01
   1.0620360e-01   8.6509789e-02   8.6374869e-02   1.0618237e-01
   1.0618237e-01   8.6485375e-02   8.6374869e-02   1.0616462e-01
   1.0616462e-01   8.6464266e-02   8.6374869e-02   1.0614999e-01
   1.0614999e-01   8.6446382e-02   8.6374869e-02   1.0613810e-01
   1.0613810e-01   8.6431483e-02   1.0000000e+00   3.8694085e-01
   3.8694085e-01   8.6419250e-02   1.0000000e+00   5.9602816e-01
   5.9602816e-01   1.6432433e-01   1.0000000e+00   7.4454497e-01
   7.4454497e-01   4.7057148e-01   1.0000000e+00   8.4963642e-01
   8.4963642e-01   5.9386533e-01   1.0000000e+00   9.1951546e-01
   9.1951546e-01   7.6279614e-01   1.0000000e+00   9.6327411e-01
   9.6327411e-01   8.5882436e-01   1.0000000e+00   9.8841126e-01
   9.8841126e-01   9.0796796e-01   1.0000000e+00   9.9995853e-01
   9.9995853e-01   9.1671952e-01   1.0000000e+00   1.0000000e+00
   1.0000000e+00   9.3008776e-01   1.0000000e+00   1.0000000e+00
   1.0000000e+00   9.1392642e-01   1.0000000e+00   1.0000000e+00
   1.0000000e+00   9.1027768e-01   1.0000000e+00   1.0000000e+00
   1.0000000e+00   8.9092526e-01   1.0000000e+00   1.0000000e+00
   1.0000000e+00   8.8334481e-01   1.0000000e+00   1.0000000e+00
   1.0000000e+00   8.6123028e-01   1.0000000e+00   1.0000000e+00
   1.0000000e+00   8.5028538e-01   1.0000000e+00   1.0000000e+00
   1.0000000e+00   8.2945884e-01   1.0000000e+00   1.0000000e+00
   1.0000000e+00   8.2024988e-01   1.0000000e+00   1.0000000e+00
   1.0000000e+00   8.1119435e-01   1.0000000e+00   1.0000000e+00
   1.0000000e+00   8.1047360e-01   1.0000000e+00   1.0000000e+00
   1.0000000e+00   8.1140393e-01   1.0000000e+00   1.0000000e+00
   1.0000000e+00   8.1145521e-01   1.0000000e+00   1.0000000e+00
   1.0000000e+00   8.1126034e-01   1.0000000e+00   1.0000000e+00
   1.0000000e+00   8.1127056e-01   1.0000000e+00   1.0000000e+00
   1.0000000e+00   8.1130740e-01   1.0000000e+00   1.0000000e+00
   1.0000000e+00   8.1130156e-01   1.0000000e+00   1.0000000e+00
   1.0000000e+00   8.1129495e-01   1.0000000e+00   1.0000000e+00
   1.0000000e+00   8.1129678e-01   1.0000000e+00   1.0000000e+00
   1.0000000e+00   8.1129788e-01   1.0000000e+00   1.0000000e+00
   1.0000000e+00   8.1129741e-01   1.0000000e+00   1.0000000e+00
   1.0000000e+00   8.1129724e-01   3.4843969e-01   8.5688309e-01
   8.5688309e-01   8.1129735e-01   3.4843969e-01   7.4774331e-01
   7.4774331e-01   7.9570824e-01   3.4843969e-01   6.6248949e-01
   6.6248949e-01   7.1940265e-01   3.4843969e-01   5.9361325e-01
   5.9361325e-01   6.7187389e-01   3.4843969e-01   5.3862127e-01
   5.3862127e-01   6.0010601e-01   3.4843969e-01   4.9445119e-01
   4.9445119e-01   5.5326353e-01   3.4843969e-01   4.5977321e-01
   4.5977321e-01   5.0115244e-01   3.4843969e-01   4.3329478e-01
   4.3329478e-01   4.5730628e-01   3.4843969e-01   4.1367317e-01
   4.1367317e-01   4.2276913e-01   3.4843969e-01   3.9961619e-01
   3.9961619e-01   3.9638633e-01   3.4843969e-01   3.8993494e-01
   3.8993494e-01   3.7704501e-01   3.4843969e-01   3.8357099e-01
   3.8357099e-01   3.6365929e-01   3.4843969e-01   3.7962459e-01
   3.7962459e-01   3.5494757e-01   3.4843969e-01   3.7737360e-01
   3.7737360e-01   3.4957945e-01   3.4843969e-01   3.7626803e-01
   3.7626803e-01   3.4645739e-01   3.4843969e-01   3.7590578e-01
   3.7590578e-01   3.4479870e-01   3.4843969e-01   3.7600203e-01
   3.7600203e-01   3.4407450e-01   3.4843969e-01   3.7636058e-01
   3.7636058e-01   3.4393094e-01   3.4843969e-01   3.7684999e-01
   3.7684999e-01   3.4413169e-01   3.4843969e-01   3.7738517e-01
   3.7738517e-01   3.4452008e-01   3.4843969e-01   3.7791345e-01
   3.7791345e-01   3.4499394e-01   3.4843969e-01   3.7840442e-01
   3.7840442e-01   3.4548847e-01   3.4843969e-01   3.7884259e-01
   3.7884259e-01   3.4596441e-01   3.4843969e-01   3.7922217e-01
   3.7922217e-01   3.4639982e-01   3.4843969e-01   3.7954342e-01
   3.7954342e-01   3.4678424e-01   3.4843969e-01   3.7981017e-01
   3.7981017e-01   3.4711462e-01   3.4843969e-01   3.8002806e-01
   3.8002806e-01   3.4739251e-01   3.4843969e-01   3.8020348e-01
   3.8020348e-01   3.4762205e-01   3.4843969e-01   3.8034286e-01
   3.8034286e-01   3.4780870e-01   0.0000000e+00   2.7306726e-01
   2.7306726e-01   3.4795836e-01   0.0000000e+00   1.9382509e-01
   1.9382509e-01   2.9739963e-01   0.0000000e+00   1.3651244e-01
   1.3651244e-01   2.0166948e-01   0.0000000e+00   9.5379887e-02
   9.5379887e-02   1.4134196e-01   0.0000000e+00   6.5994059e-02
   6.5994059e-02   9.9713127e-02   0.0000000e+00   4.5165579e-02
   4.5165579e-02   6.8987180e-02   0.0000000e+00   3.0573867e-02
   3.0573867e-02   4.6476197e-02   0.0000000e+00   2.0496276e-02
   2.0496276e-02   3.0393783e-02   0.0000000e+00   1.3654568e-02
   1.3654568e-02   1.9123207e-02   0.0000000e+00   9.1068186e-03
   9.1068186e-03   1.1358634e-02   0.0000000e+00   6.1690558e-03
   6.1690558e-03   6.1083436e-03   0.0000000e+00   4.3599267e-03
   4.3599267e-03   2.6382626e-03   0.0000000e+00   3.3351422e-03
   3.3351422e-03   4.1728930e-04   0.0000000e+00   2.8336400e-03
   2.8336400e-03   0.0000000e+00   0.0000000e+00   2.6667442e-03
   2.6667442e-03   0.0000000e+00   0.0000000e+00   2.7945469e-03
   2.7945469e-03   0.0000000e+00   0.0000000e+00   3.2462790e-03
   3.2462790e-03   0.0000000e+00   0.0000000e+00   3.6581553e-03
   3.6581553e-03   0.0000000e+00   0.0000000e+00   3.9849515e-03
   3.9849515e-03   0.0000000e+00   0.0000000e+00   4.2405272e-03
   4.2405272e-03   0.0000000e+00   0.0000000e+00   4.4404485e-03
   4.4404485e-03   0.0000000e+00   0.0000000e+00   4.5969045e-03
   4.5969045e-03   0.0000000e+00   0.0000000e+00   4.7193566e-03
   4.7193566e-03   0.0000000e+00   0.0000000e+00   4.8151958e-03
   4.8151958e-03   0.0000000e+00   0.0000000e+00   4.8902060e-03
   4.8902060e-03   0.0000000e+00   0.0000000e+00   4.9489138e-03
   4.9489138e-03   0.0000000e+00   0.0000000e+00   4.9948623e-03
   4.9948623e-03   0.0000000e+00   0.0000000e+00   5.0308245e-03
   5.0308245e-03   0.0000000e+00   0.0000000e+00   5.0589708e-03
   5.0589708e-03   0.0000000e+00   0.0000000e+00   5.0809999e-03
   5.0809999e-03   0.0000000e+00   0.0000000e+00   5.0982412e-03
   1.6691008e-02   0.0000000e+00   5.3185569e-02   2.9545588e-02
   2.9545588e-02   0.0000000e+00   5.3185569e-02   3.9371047e-02
   3.9371047e-02   1.2678052e-02   5.3185569e-02   4.6833768e-02
   4.6833768e-02   2.2923174e-02   5.3185569e-02   5.2466414e-02
   5.2466414e-02   3.0724398e-02   5.3185569e-02   5.6689923e-02
   5.6689923e-02   3.6643520e-02   5.3185569e-02   5.9834668e-02
   5.9834668e-02   4.1108851e-02   5.3185569e-02   6.2158477e-02
   6.2158477e-02   4.4454817e-02   5.3185569e-02   6.3861437e-02
   6.3861437e-02   4.6943804e-02   5.3185569e-02   6.5097945e-02
   6.5097945e-02   4.8780730e-02   5.3185569e-02   6.5986450e-02
   6.5986450e-02   5.0124736e-02   5.3185569e-02   6.6617269e-02
   6.6617269e-02   5.1098682e-02   5.3185569e-02   6.7058842e-02
   6.7058842e-02   5.1796831e-02   5.3185569e-02   6.7362685e-02
   6.7362685e-02   5.2291045e-02   5.3185569e-02   6.7567306e-02
   6.7567306e-02   5.2635741e-02   5.3185569e-02   6.7701274e-02
   6.7701274e-02   5.2871845e-02   5.3185569e-02   6.7785615e-02
   6.7785615e-02   5.3029908e-02   5.3185569e-02   6.7835663e-02
   6.7835663e-02   5.3132563e-02   5.3185569e-02   6.7862495e-02
   6.7862495e-02   5.3196436e-02   5.3185569e-02   6.7874018e-02
   6.7874018e-02   5.3233629e-02   5.3185569e-02   6.7875805e-02
   6.7875805e-02   5.3252859e-02   5.3185569e-02   6.7871723e-02
   6.7871723e-02   5.3260334e-02   5.3185569e-02   6.7864403e-02
   6.7864403e-02   5.3260413e-02   5.3185569e-02   6.7855591e-02
   6.7855591e-02   5.3256107e-02   5.3185569e-02   6.7846408e-02
   6.7846408e-02   5.3249456e-02   5.3185569e-02   6.7837540e-02
   6.7837540e-02   5.3241803e-02   5.3185569e-02   6.7829373e-02
   6.7829373e-02   5.3234001e-02   5.3185569e-02   6.7822096e-02
   6.7822096e-02   5.3226565e-02   5.3185569e-02   6.7815770e-02
   6.7815770e-02   5.3219777e-02   5.3185569e-02   6.7810375e-02
   6.7810375e-02   5.3213769e-02   5.3185569e-02   6.7805844e-02
   6.7805844e-02   5.3208571e-02   5.3185569e-02   6.7802089e-02
   6.7802089e-02   5.3204156e-02   5.3185569e-02   6.7799012e-02
   6.7799012e-02   5.3200460e-02   5.3185569e-02   6.7796514e-02
   6.7796514e-02   5.3197406e-02   5.3185569e-02   6.7794506e-02
   6.7794506e-02   5.3194909e-02   5.3185569e-02   6.7792904e-02
   6.7792904e-02   5.3192887e-02   5.3185569e-02   6.7791635e-02
   6.7791635e-02   5.3191265e-02   5.3185569e-02   6.7790638e-02
   6.7790638e-02   5.3189973e-02   5.3185569e-02   6.7789859e-02
   6.7789859e-02   5.3188951e-02   5.3185569e-02   6.7789256e-02
   6.7789256e-02   5.3188150e-02   8.0220208e-01   2.9862682e-01
   2.9862682e-01   5.3187525e-02   8.0220208e-01   4.7309193e-01
   4.7309193e-01   1.0395434e-01   8.0220208e-01   6.0073754e-01
   6.0073754e-01   3.3665572e-01   8.0220208e-01   6.9259098e-01
   6.9259098e-01   4.8427450e-01   8.0220208e-01   7.5777143e-01
   7.5777143e-01   5.8695542e-01   8.0220208e-01   8.0147727e-01
   8.0147727e-01   6.8704890e-01   8.0220208e-01   8.2908065e-01
   8.2908065e-01   7.5011935e-01   8.0220208e-01   8.4513829e-01
   8.4513829e-01   7.8961253e-01   8.0220208e-01   8.5325156e-01
   8.5325156e-01   8.1299902e-01   8.0220208e-01   8.5617844e-01
   8.5617844e-01   8.2495955e-01   8.0220208e-01   8.5589462e-01
   8.5589462e-01   8.3018246e-01   8.0220208e-01   8.5375131e-01
   8.5375131e-01   8.3152499e-01   8.0220208e-01   8.5064874e-01
   8.5064874e-01   8.3056574e-01   8.0220208e-01   8.4717114e-01
   8.4717114e-01   8.2830278e-01   8.0220208e-01   8.4368665e-01
   8.4368665e-01   8.2535598e-01   8.0220208e-01   8.4041625e-01
   8.4041625e-01   8.2214045e-01   8.0220208e-01   8.3748111e-01
   8.3748111e-01   8.1893302e-01   8.0220208e-01   8.3493500e-01
   8.3493500e-01   8.1591748e-01   8.0220208e-01   8.3278698e-01
   8.3278698e-01   8.1320460e-01   8.0220208e-01   8.3101788e-01
   8.3101788e-01   8.1084892e-01   8.0220208e-01   8.2959206e-01
   8.2959206e-01   8.0886307e-01   8.0220208e-01   8.2846590e-01
   8.2846590e-01   8.0723123e-01   8.0220208e-01   8.2759362e-01
   8.2759362e-01   8.0592052e-01   8.0220208e-01   8.2693103e-01
   8.2693103e-01   8.0488968e-01   8.0220208e-01   8.2643778e-01
   8.2643778e-01   8.0409515e-01   8.0220208e-01   8.2607848e-01
   8.2607848e-01   8.0349494e-01   8.0220208e-01   8.2582306e-01
   8.2582306e-01   8.0305089e-01   8.0220208e-01   8.2564661e-01
   8.2564661e-01   8.0272971e-01   8.0220208e-01   8.2552901e-01
   8.2552901e-01   8.0250327e-01   8.0220208e-01   8.2545431e-01
   8.2545431e-01   8.0234843e-01   8.0220208e-01   8.2541015e-01
   8.2541015e-01   8.0224659e-01   8.0220208e-01   8.2538711e-01
   8.2538711e-01   8.0218313e-01   8.0220208e-01   8.2537817e-01
   8.2537817e-01   8.0214674e-01   8.0220208e-01   8.2537821e-01
   8.2537821e-01   8.0212888e-01   8.0220208e-01   8.2538357e-01
   8.2538357e-01   8.0212324e-01   8.0220208e-01   8.2539173e-01
   8.2539173e-01   8.0212523e-01   8.0220208e-01   8.2540100e-01
   8.2540100e-01   8.0213162e-01   8.0220208e-01   8.2541030e-01
   8.2541030e-01   8.0214018e-01   8.0220208e-01   8.2541899e-01
   8.2541899e-01   8.0214945e-01   3.8196421e-01   6.9591439e-01
   6.9591439e-01   8.0215852e-01   3.8196421e-01   6.0074919e-01
   6.0074919e-01   7.3365384e-01   3.8196421e-01   5.3226672e-01
   5.3226672e-01   6.1901994e-01   3.8196421e-01   4.8284062e-01
   4.8284062e-01   5.5469281e-01   3.8196421e-01   4.4803052e-01
   4.4803052e-01   4.9390181e-01   3.8196421e-01   4.2455243e-01
   4.2455243e-01   4.4547936e-01   3.8196421e-01   4.0963775e-01
   4.0963775e-01   4.1122000e-01   3.8196421e-01   4.0099624e-01
   4.0099624e-01   3.8825351e-01   3.8196421e-01   3.9676690e-01
   3.9676690e-01   3.7413396e-01   3.8196421e-01   3.9548483e-01
   3.9548483e-01   3.6650511e-01   3.8196421e-01   3.9605090e-01
   3.9605090e-01   3.6318864e-01   3.8196421e-01   3.9767967e-01
   3.9767967e-01   3.6252925e-01   3.8196421e-01   3.9983321e-01
   3.9983321e-01   3.6342309e-01   3.8196421e-01   4.0215795e-01
   4.0215795e-01   3.6516242e-01   3.8196421e-01   4.0443256e-01
   4.0443256e-01   3.6729390e-01   3.8196421e-01   4.0652815e-01
   4.0652815e-01   3.6952830e-01   3.8196421e-01   4.0837894e-01
   4.0837894e-01   3.7168567e-01   3.8196421e-01   4.0996106e-01
   4.0996106e-01   3.7366074e-01   3.8196421e-01   4.1127735e-01
   4.1127735e-01   3.7539967e-01   3.8196421e-01   4.1234666e-01
   4.1234666e-01   3.7688359e-01   3.8196421e-01   4.1319639e-01
   4.1319639e-01   3.7811662e-01   3.8196421e-01   4.1385737e-01
   4.1385737e-01   3.7911700e-01   3.8196421e-01   4.1436060e-01
   4.1436060e-01   3.7991067e-01   3.8196421e-01   4.1473520e-01
   4.1473520e-01   3.8052678e-01   3.8196421e-01   4.1500723e-01
   4.1500723e-01   3.8099461e-01   3.8196421e-01   4.1519926e-01
   4.1519926e-01   3.8134169e-01   3.8196421e-01   4.1533021e-01
   4.1533021e-01   3.8159266e-01   3.8196421e-01   4.1541558e-01
   4.1541558e-01   3.8176884e-01   3.8196421e-01   4.1546776e-01
   4.1546776e-01   3.8188810e-01   3.8196421e-01   4.1549645e-01
   4.1549645e-01   3.8196503e-01   3.8196421e-01   4.1550906e-01
   4.1550906e-01   3.8201127e-01   3.8196421e-01   4.1551115e-01
   4.1551115e-01   3.8203593e-01   3.8196421e-01   4.1550676e-01
   4.1550676e-01   3.8204593e-01   3.8196421e-01   4.1549877e-01
   4.1549877e-01   3.8204642e-01   3.8196421e-01   4.1548916e-01
   4.1548916e-01   3.8204117e-01   3.8196421e-01   4.1547921e-01
   4.1547921e-01   3.8203280e-01   3.8196421e-01   4.1546974e-01
   4.1546974e-01   3.8202314e-01   3.8196421e-01   4.1546120e-01
   4.1546120e-01   3.8201334e-01   3.8196421e-01   4.1545378e-01
   4.1545378e-01   3.8200412e-01   3.8196421e-01   4.1544755e-01
   4.1544755e-01   3.8199588e-01   3.8196421e-01   4.1544246e-01
   2.4031945e-01   0.0000000e+00   7.7880862e-01   4.2252693e-01
   4.2252693e-01   4.3378689e-02   7.7880862e-01   5.5862072e-01
   5.5862072e-01   2.5152405e-01   7.7880862e-01   6.5493633e-01
   6.5493633e-01   4.6370366e-01   7.7880862e-01   7.2380007e-01
   7.2380007e-01   5.4547778e-01   7.7880862e-01   7.7099651e-01
   7.7099651e-01   6.4208357e-01   7.7880862e-01   8.0130663e-01
   8.0130663e-01   7.1515519e-01   7.7880862e-01   8.1938176e-01
   8.1938176e-01   7.5844839e-01   7.7880862e-01   8.2890821e-01
   8.2890821e-01   7.8515034e-01   7.7880862e-01   8.3272240e-01
   8.3272240e-01   7.9995886e-01   7.7880862e-01   8.3291814e-01
   8.3291814e-01   8.0692476e-01   7.7880862e-01   8.3097325e-01
   8.3097325e-01   8.0910147e-01   7.7880862e-01   8.2789629e-01
   8.2789629e-01   8.0840722e-01   7.7880862e-01   8.2435530e-01
   8.2435530e-01   8.0605302e-01   7.7880862e-01   8.2077653e-01
   8.2077653e-01   8.0283858e-01   7.7880862e-01   8.1741666e-01
   8.1741666e-01   7.9930086e-01   7.7880862e-01   8.1441497e-01
   8.1441497e-01   7.9579467e-01   7.7880862e-01   8.1183110e-01
   8.1183110e-01   7.9253989e-01   7.7880862e-01   8.0967280e-01
   8.0967280e-01   7.8965617e-01   7.7880862e-01   8.0791591e-01
   8.0791591e-01   7.8719167e-01   7.7880862e-01   8.0651868e-01
   8.0651868e-01   7.8514690e-01   7.7880862e-01   8.0543161e-01
   8.0543161e-01   7.8349328e-01   7.7880862e-01   8.0460392e-01
   8.0460392e-01   7.8218675e-01   7.7880862e-01   8.0398753e-01
   8.0398753e-01   7.8117700e-01   7.7880862e-01   8.0353925e-01
   8.0353925e-01   7.8041355e-01   7.7880862e-01   8.0322181e-01
   8.0322181e-01   7.7984929e-01   7.7880862e-01   8.0300401e-01
   8.0300401e-01   7.7944241e-01   7.7880862e-01   8.0286042e-01
   8.0286042e-01   7.7915716e-01   7.7880862e-01   8.0277081e-01
   8.0277081e-01   7.7896387e-01   7.7880862e-01   8.0271943e-01
   8.0271943e-01   7.7883853e-01   1.0000000e+00   8.6996930e-01
   8.6996930e-01   7.7876220e-01   1.0000000e+00   9.1851243e-01
   9.1851243e-01   8.1421924e-01   1.0000000e+00   9.5244789e-01
   9.5244789e-01   8.7366480e-01   1.0000000e+00   9.7578132e-01
   9.7578132e-01   8.9851027e-01   1.0000000e+00   9.9076571e-01
   9.9076571e-01   9.1895394e-01   1.0000000e+00   9.9878971e-01
   9.9878971e-01   9.2353863e-01   1.0000000e+00   1.0000000e+00
   1.0000000e+00   9.2739376e-01   1.0000000e+00   1.0000000e+00
   1.0000000e+00   9.1742550e-01   1.0000000e+00   1.0000000e+00
   1.0000000e+00   9.0943722e-01   1.0000000e+00   1.0000000e+00
   1.0000000e+00   8.9475061e-01   1.0000000e+00   1.0000000e+00
   1.0000000e+00   8.8308668e-01   1.0000000e+00   1.0000000e+00
   1.0000000e+00   8.6518007e-01   1.0000000e+00   1.0000000e+00
   1.0000000e+00   8.5059738e-01   1.0000000e+00   1.0000000e+00
   1.0000000e+00   8.3263676e-01   1.0000000e+00   1.0000000e+00
   1.0000000e+00   8.2062228e-01   1.0000000e+00   1.0000000e+00
   1.0000000e+00   8.1202098e-01   1.0000000e+00   1.0000000e+00
   1.0000000e+00   8.1042348e-01   1.0000000e+00   1.0000000e+00
   1.0000000e+00   8.1125047e-01   1.0000000e+00   1.0000000e+00
   1.0000000e+00   8.1148246e-01   1.0000000e+00   1.0000000e+00
   1.0000000e+00   8.1128735e-01   1.0000000e+00   1.0000000e+00
   1.0000000e+00   8.1126255e-01   1.0000000e+00   1.0000000e+00
   1.0000000e+00   8.1130292e-01   1.0000000e+00   1.0000000e+00
   1.0000000e+00   8.1130360e-01   1.0000000e+00   1.0000000e+00
   1.0000000e+00   8.1129561e-01   1.0000000e+00   1.0000000e+00
   1.0000000e+00   8.1129631e-01   1.0000000e+00   1.0000000e+00
   1.0000000e+00   8.1129780e-01   1.0000000e+00   1.0000000e+00
   1.0000000e+00   8.1129751e-01   1.0000000e+00   1.0000000e+00
   1.0000000e+00   8.1129725e-01   1.0000000e+00   1.0000000e+00
   1.0000000e+00   8.1129733e-01   1.0000000e+00   1.0000000e+00
   1.0000000e+00   8.1129738e-01   0.0000000e+00   7.4964971e-01
   7.4964971e-01   8.1129735e-01   0.0000000e+00   5.6089013e-01
   5.6089013e-01   7.5058414e-01   0.0000000e+00   4.1776363e-01
   4.1776363e-01   5.7780962e-01   0.0000000e+00   3.0470628e-01
   3.0470628e-01   5.0500416e-01   0.0000000e+00   2.1769353e-01
   2.1769353e-01   3.6507551e-01   0.0000000e+00   1.5410753e-01
   1.5410753e-01   2.3106531e-01   0.0000000e+00   1.0833004e-01
   1.0833004e-01   1.5873194e-01   0.0000000e+00   7.5495623e-02
   7.5495623e-02   1.1268222e-01   0.0000000e+00   5.2089976e-02
   5.2089976e-02   7.8874825e-02   0.0000000e+00   3.5574571e-02
   3.5574571e-02   5.3849727e-02   0.0000000e+00   2.4071949e-02
   2.4071949e-02   3.5789246e-02   0.0000000e+00   1.6183185e-02
   1.6183185e-02   2.3018910e-02   0.0000000e+00   1.0874487e-02
   1.0874487e-02   1.4139431e-02   0.0000000e+00   7.3890984e-03
   7.3890984e-03   8.0703916e-03   0.0000000e+00   5.1855281e-03
   5.1855281e-03   4.0061978e-03   0.0000000e+00   3.8795376e-03
   3.8795376e-03   1.3576631e-03   0.0000000e+00   3.1802510e-03
   3.1802510e-03   0.0000000e+00   0.0000000e+00   2.8790578e-03
   2.8790578e-03   0.0000000e+00   0.0000000e+00   2.8267842e-03
   2.8267842e-03   0.0000000e+00   0.0000000e+00   3.1517077e-03
   3.1517077e-03   0.0000000e+00   0.0000000e+00   3.5650509e-03
   3.5650509e-03   0.0000000e+00   0.0000000e+00   3.9107107e-03
   3.9107107e-03   0.0000000e+00   0.0000000e+00   4.1825003e-03
   4.1825003e-03   0.0000000e+00   0.0000000e+00   4.3950699e-03
   4.3950699e-03   0.0000000e+00   0.0000000e+00   4.5613934e-03
   4.5613934e-03   0.0000000e+00   0.0000000e+00   4.6915635e-03
   4.6915635e-03   0.0000000e+00   0.0000000e+00   4.7934431e-03
   4.7934431e-03   0.0000000e+00   0.0000000e+00   4.8731809e-03
   4.8731809e-03   0.0000000e+00   0.0000000e+00   4.9355888e-03
   4.9355888e-03   0.0000000e+00   3.5010737e-01   1.1284900e-01
   1.1284900e-01   0.0000000e+00   3.5010737e-01   1.9458690e-01
   1.9458690e-01   2.1061638e-02   3.5010737e-01   2.5586479e-01
   2.5586479e-01   1.1022605e-01   3.5010737e-01   3.0079327e-01
   3.0079327e-01   1.8518803e-01   3.5010737e-01   3.3205129e-01
   3.3205129e-01   2.5402975e-01   3.5010737e-01   3.5304687e-01
   3.5304687e-01   2.9435378e-01   3.5010737e-01   3.6688969e-01
   3.6688969e-01   3.1648982e-01   3.5010737e-01   3.7585239e-01
   3.7585239e-01   3.3036521e-01   3.5010737e-01   3.8148535e-01
   3.8148535e-01   3.3983443e-01   3.5010737e-01   3.8484778e-01
   3.8484778e-01   3.4627545e-01   3.5010737e-01   3.8667627e-01
   3.8667627e-01   3.5045559e-01   3.5010737e-01   3.8748946e-01
   3.8748946e-01   3.5297026e-01   3.5010737e-01   3.8765314e-01
   3.8765314e-01   3.5430199e-01   3.5010737e-01   3.8742328e-01
   3.8742328e-01   3.5483006e-01   3.5010737e-01   3.8697591e-01
   3.8697591e-01   3.5484087e-01   3.5010737e-01   3.8642897e-01
   3.8642897e-01   3.5454243e-01   3.5010737e-01   3.8585850e-01
   3.8585850e-01   3.5408006e-01   3.5010737e-01   3.8531092e-01
   3.8531092e-01   3.5355110e-01   3.5010737e-01   3.8481210e-01
   3.8481210e-01   3.5301752e-01   3.5010737e-01   3.8437412e-01
   3.8437412e-01   3.5251608e-01   3.5010737e-01   3.8400014e-01
   3.8400014e-01   3.5206620e-01   3.5010737e-01   3.8368786e-01
   3.8368786e-01   3.5167584e-01   3.5010737e-01   3.8343193e-01
   3.8343193e-01   3.5134571e-01   3.5010737e-01   3.8322558e-01
   3.8322558e-01   3.5107229e-01   3.5010737e-01   3.8306161e-01
   3.8306161e-01   3.5084978e-01   3.5010737e-01   3.8293306e-01
   3.8293306e-01   3.5067148e-01   3.5010737e-01   3.8283358e-01
   3.8283358e-01   3.5053061e-01   3.5010737e-01   3.8275754e-01
   3.8275754e-01   3.5042074e-01   3.5010737e-01   3.8270016e-01
   3.8270016e-01   3.5033614e-01   3.5010737e-01   3.8265741e-01
   3.8265741e-01   3.5027179e-01   3.5010737e-01   3.8262600e-01
   1.0125232e-03   0.0000000e+00   0.0000000e+00   1.9135363e-03
   1.9135363e-03   0.0000000e+00   0.0000000e+00   2.6209176e-03
   2.6209176e-03   0.0000000e+00   0.0000000e+00   3.1731215e-03
   3.1731215e-03   0.0000000e+00   0.0000000e+00   3.6050261e-03
   3.6050261e-03   0.0000000e+00   0.0000000e+00   3.9430405e-03
   3.9430405e-03   0.0000000e+00   0.0000000e+00   4.2075961e-03
   4.2075961e-03   0.0000000e+00   0.0000000e+00   4.4146569e-03
   4.4146569e-03   0.0000000e+00   0.0000000e+00   4.5767173e-03
   4.5767173e-03   0.0000000e+00   0.0000000e+00   4.7035568e-03
   4.7035568e-03   0.0000000e+00   0.0000000e+00   4.8028300e-03
   4.8028300e-03   0.0000000e+00   0.0000000e+00   4.8805276e-03
   4.8805276e-03   0.0000000e+00   0.0000000e+00   4.9413389e-03
   4.9413389e-03   0.0000000e+00   0.0000000e+00   4.9889337e-03
   4.9889337e-03   0.0000000e+00   0.0000000e+00   5.0261844e-03
   5.0261844e-03   0.0000000e+00   0.0000000e+00   5.0553392e-03
   5.0553392e-03   0.0000000e+00   0.0000000e+00   5.0781575e-03
   5.0781575e-03   0.0000000e+00   0.0000000e+00   5.0960166e-03
   5.0960166e-03   0.0000000e+00   0.0000000e+00   5.1099942e-03
   5.1099942e-03   0.0000000e+00   0.0000000e+00   5.1209340e-03
   5.1209340e-03   0.0000000e+00   5.2349997e-01   1.6645997e-01
   1.6645997e-01   0.0000000e+00   5.2349997e-01   2.8864823e-01
   2.8864823e-01   3.1791592e-02   5.2349997e-01   3.8012112e-01
   3.8012112e-01   1.6682689e-01   5.2349997e-01   4.4521148e-01
   4.4521148e-01   3.0648947e-01   5.2349997e-01   4.9060018e-01
   4.9060018e-01   3.8277958e-01   5.2349997e-01   5.2242447e-01
   5.2242447e-01   4.2280659e-01   5.2349997e-01   5.4398389e-01
   5.4398389e-01   4.6402866e-01   5.2349997e-01   5.5780458e-01
   5.5780458e-01   4.9479230e-01   5.2349997e-01   5.6594300e-01
   5.6594300e-01   5.1574224e-01   5.2349997e-01   5.7004728e-01
   5.7004728e-01   5.2908637e-01   5.2349997e-01   5.7140439e-01
   5.7140439e-01   5.3683495e-01   5.2349997e-01   5.7099123e-01
   5.7099123e-01   5.4062899e-01   5.2349997e-01   5.6952682e-01
   5.6952682e-01   5.4175239e-01   5.2349997e-01   5.6752262e-01
   5.6752262e-01   5.4117329e-01   5.2349997e-01   5.6532787e-01
   5.6532787e-01   5.3959729e-01   5.2349997e-01   5.6316880e-01
   5.6316880e-01   5.3752187e-01   5.2349997e-01   5.6118099e-01
   5.6118099e-01   5.3528457e-01   5.2349997e-01   5.5943535e-01
   5.5943535e-01   5.3310273e-01   5.2349997e-01   5.5795846e-01
   5.5795846e-01   5.3110543e-01   5.2349997e-01   5.5674793e-01
   5.5674793e-01   5.2935896e-01   9.1005267e-01   6.7491488e-01
   6.7491488e-01   5.2788656e-01   9.1005267e-01   7.6422800e-01
   7.6422800e-01   5.5256393e-01   9.1005267e-01   8.2903815e-01
   8.2903815e-01   6.7962116e-01   9.1005267e-01   8.7443732e-01
   8.7443732e-01   7.6690023e-01   9.1005267e-01   9.0506592e-01
   9.0506592e-01   8.2708967e-01   9.1005267e-01   9.2502323e-01
   9.2502323e-01   8.6450501e-01   9.1005267e-01   9.3799704e-01
   9.3799704e-01   8.8081974e-01   9.1005267e-01   9.4635076e-01
   9.4635076e-01   8.9223346e-01   9.1005267e-01   9.5193643e-01
   9.5193643e-01   8.9552757e-01   9.1005267e-01   9.5583862e-01
   9.5583862e-01   8.9787067e-01   9.1005267e-01   9.5896256e-01
   9.5896256e-01   8.9567101e-01   9.1005267e-01   9.6177380e-01
   9.6177380e-01   8.9395944e-01   9.1005267e-01   9.6472694e-01
   9.6472694e-01   8.8932364e-01   9.1005267e-01   9.6801058e-01
   9.6801058e-01   8.8559978e-01   9.1005267e-01   9.7187011e-01
   9.7187011e-01   8.7978747e-01   9.1005267e-01   9.7638235e-01
   9.7638235e-01   8.7483637e-01   9.1005267e-01   9.8169920e-01
   9.8169920e-01   8.6826818e-01   9.1005267e-01   9.8780485e-01
   9.8780485e-01   8.6226909e-01   9.1005267e-01   9.9380918e-01
   9.9380918e-01   8.5489638e-01   9.1005267e-01   9.9838423e-01
   9.9838423e-01   8.4727873e-01   3.2910351e-01   8.2981748e-01
   8.2981748e-01   8.3730813e-01   3.2910351e-01   7.0662532e-01
   7.0662532e-01   7.7687452e-01   3.2910351e-01   6.1492469e-01
   6.1492469e-01   6.8097716e-01   3.2910351e-01   5.4420216e-01
   5.4420216e-01   6.2737943e-01   3.2910351e-01   4.8910011e-01
   4.8910011e-01   5.6738633e-01   3.2910351e-01   4.4682693e-01
   4.4682693e-01   5.0503893e-01   3.2910351e-01   4.1530603e-01
   4.1530603e-01   4.5064514e-01   3.2910351e-01   3.9255822e-01
   3.9255822e-01   4.0857866e-01   3.2910351e-01   3.7677627e-01
   3.7677627e-01   3.7709438e-01   3.2910351e-01   3.6633483e-01
   3.6633483e-01   3.5490547e-01   3.2910351e-01   3.5980033e-01
   3.5980033e-01   3.4066051e-01   3.2910351e-01   3.5599286e-01
   3.5599286e-01   3.3217488e-01   3.2910351e-01   3.5401511e-01
   3.5401511e-01   3.2734019e-01   3.2910351e-01   3.5322058e-01
   3.5322058e-01   3.2475215e-01   3.2910351e-01   3.5315880e-01
   3.5315880e-01   3.2355666e-01   3.2910351e-01   3.5352370e-01
   3.5352370e-01   3.2321621e-01   3.2910351e-01   3.5411238e-01
   3.5411238e-01   3.2338230e-01   3.2910351e-01   3.5479412e-01
   3.5479412e-01   3.2382803e-01   3.2910351e-01   3.5548785e-01
   3.5548785e-01   3.2440742e-01   0.0000000e+00   2.5472028e-01
   2.5472028e-01   3.2502877e-01   0.0000000e+00   1.8079376e-01
   1.8079376e-01   2.7185597e-01   0.0000000e+00   1.2735978e-01
   1.2735978e-01   1.8763606e-01   0.0000000e+00   8.8993895e-02
   8.8993895e-02   1.3202589e-01   0.0000000e+00   6.1582316e-02
   6.1582316e-02   9.3037773e-02   0.0000000e+00   4.2164706e-02
   4.2164706e-02   6.4165345e-02   0.0000000e+00   2.8574308e-02
   2.8574308e-02   4.3102219e-02   0.0000000e+00   1.9198529e-02
   1.9198529e-02   2.8096486e-02   0.0000000e+00   1.2843290e-02
   1.2843290e-02   1.7598069e-02   0.0000000e+00   8.6275713e-03
   8.6275713e-03   1.0375576e-02   0.0000000e+00   5.9156539e-03
   5.9156539e-03   5.5003755e-03   0.0000000e+00   4.2611668e-03
   4.2611668e-03   2.2861233e-03   0.0000000e+00   3.3336192e-03
   3.3336192e-03   2.3936280e-04   0.0000000e+00   2.8897622e-03
   2.8897622e-03   0.0000000e+00   0.0000000e+00   2.7534966e-03
   2.7534966e-03   0.0000000e+00   0.0000000e+00   2.9259035e-03
   2.9259035e-03   0.0000000e+00   0.0000000e+00   3.3596754e-03
   3.3596754e-03   0.0000000e+00   0.0000000e+00   3.7477190e-03
   3.7477190e-03   0.0000000e+00   0.0000000e+00   4.0550158e-03
   4.0550158e-03   0.0000000e+00   0.0000000e+00   4.2953446e-03
   4.2953446e-03   0.0000000e+00   3.6776894e-01   1.1769305e-01
   1.1769305e-01   0.0000000e+00   3.6776894e-01   2.0360932e-01
   2.0360932e-01   2.1641465e-02   3.6776894e-01   2.6803700e-01
   2.6803700e-01   1.1536949e-01   3.6776894e-01   3.1517994e-01
   3.1517994e-01   1.9577352e-01   3.6776894e-01   3.4786889e-01
   3.4786889e-01   2.6857522e-01   3.6776894e-01   3.6987928e-01
   3.6987928e-01   3.0867089e-01   3.6776894e-01   3.8452412e-01
   3.8452412e-01   3.3056474e-01   3.6776894e-01   3.9412571e-01
   3.9412571e-01   3.4511787e-01   3.6776894e-01   4.0023116e-01
   4.0023116e-01   3.5571671e-01   3.6776894e-01   4.0390434e-01
   4.0390434e-01   3.6319170e-01   3.6776894e-01   4.0590215e-01
   4.0590215e-01   3.6814448e-01   3.6776894e-01   4.0677240e-01
   4.0677240e-01   3.7116602e-01   3.6776894e-01   4.0691198e-01
   4.0691198e-01   3.7278326e-01   3.6776894e-01   4.0660525e-01
   4.0660525e-01   3.7342992e-01   3.6776894e-01   4.0605183e-01
   4.0605183e-01   3.7344284e-01   3.6776894e-01   4.0538764e-01
   4.0538764e-01   3.7307206e-01   3.6776894e-01   4.0470150e-01
   4.0470150e-01   3.7249568e-01   3.6776894e-01   4.0404802e-01
   4.0404802e-01   3.7183515e-01   3.6776894e-01   4.0345767e-01
   4.0345767e-01   3.7116903e-01   3.6776894e-01   4.0294441e-01
   4.0294441e-01   3.7054461e-01   3.6776894e-01   4.0251138e-01
   2.8545964e-01   0.0000000e+00   9.2527822e-01   5.0173065e-01
   5.0173065e-01   5.2427749e-02   9.2527822e-01   6.6188287e-01
   6.6188287e-01   3.0951293e-01   9.2527822e-01   7.7619509e-01
   7.7619509e-01   5.2898530e-01   9.2527822e-01   8.5656765e-01
   8.5656765e-01   6.5469548e-01   9.2527822e-01   9.0996982e-01
   9.0996982e-01   7.8523660e-01   9.2527822e-01   9.4399546e-01
   9.4399546e-01   8.5884007e-01   9.2527822e-01   9.6515336e-01
   9.6515336e-01   8.9290639e-01   9.2527822e-01   9.7827186e-01
   9.7827186e-01   9.0592049e-01   9.2527822e-01   9.8632945e-01
   9.8632945e-01   9.1485852e-01   9.2527822e-01   9.9158096e-01
   9.9158096e-01   9.1292305e-01   9.2527822e-01   9.9523493e-01
   9.9523493e-01   9.1138819e-01   9.2527822e-01   9.9802499e-01
   9.9802499e-01   9.0231155e-01   9.2527822e-01   9.9982393e-01
   9.9982393e-01   8.9489936e-01   9.2527822e-01   1.0000000e+00
   1.0000000e+00   8.8076379e-01   9.2527822e-01   1.0000000e+00
   1.0000000e+00   8.6758823e-01   9.2527822e-01   1.0000000e+00
   1.0000000e+00   8.4893199e-01   9.2527822e-01   1.0000000e+00
   1.0000000e+00   8.3444258e-01   9.2527822e-01   1.0000000e+00
   1.0000000e+00   8.1972247e-01   9.2527822e-01   1.0000000e+00
   1.0000000e+00   8.1258102e-01   9.2527822e-01   1.0000000e+00
   1.0000000e+00   8.1037737e-01   9.2527822e-01   1.0000000e+00
   1.0000000e+00   8.1115663e-01   9.2527822e-01   1.0000000e+00
   1.0000000e+00   8.1150257e-01   9.2527822e-01   1.0000000e+00
   1.0000000e+00   8.1130376e-01   9.2527822e-01   1.0000000e+00
   1.0000000e+00   8.1125702e-01   9.2527822e-01   1.0000000e+00
   1.0000000e+00   8.1130028e-01   9.2527822e-01   1.0000000e+00
   1.0000000e+00   8.1130496e-01   9.2527822e-01   1.0000000e+00
   1.0000000e+00   8.1129599e-01   9.2527822e-01   1.0000000e+00
   1.0000000e+00   8.1129600e-01   9.2527822e-01   1.0000000e+00
   1.0000000e+00   8.1129776e-01   1.0000000e+00   1.0000000e+00
   1.0000000e+00   8.1129757e-01   1.0000000e+00   1.0000000e+00
   1.0000000e+00   8.1129725e-01   1.0000000e+00   1.0000000e+00
   1.0000000e+00   8.1129732e-01   1.0000000e+00   1.0000000e+00
   1.0000000e+00   8.1129738e-01   1.0000000e+00   1.0000000e+00
   1.0000000e+00   8.1129736e-01   1.0000000e+00   1.0000000e+00
   1.0000000e+00   8.1129735e-01   1.0000000e+00   1.0000000e+00
   1.0000000e+00   8.1129735e-01   1.0000000e+00   1.0000000e+00
   1.0000000e+00   8.1129735e-01   1.0000000e+00   1.0000000e+00
   1.0000000e+00   8.1129735e-01   1.0000000e+00   1.0000000e+00
   1.0000000e+00   8.1129735e-01   1.0000000e+00   1.0000000e+00
   1.0000000e+00   8.1129735e-01   1.0000000e+00   1.0000000e+00
   1.0000000e+00   8.1129735e-01   1.0000000e+00   1.0000000e+00
   1.0000000e+00   8.1129735e-01   1.0000000e+00   1.0000000e+00
   1.0000000e+00   8.1129735e-01   1.0000000e+00   1.0000000e+00
   1.0000000e+00   8.1129735e-01   1.0000000e+00   1.0000000e+00
   1.0000000e+00   8.1129735e-01   1.0000000e+00   1.0000000e+00
   1.0000000e+00   8.1129735e-01   1.0000000e+00   1.0000000e+00
   1.0000000e+00   8.1129735e-01   1.0000000e+00   1.0000000e+00
   1.0000000e+00   8.1129735e-01   1.0000000e+00   1.0000000e+00
   1.0000000e+00   8.1129735e-01   1.0000000e+00   1.0000000e+00
   1.0000000e+00   8.1129735e-01   1.0000000e+00   1.0000000e+00
   1.0000000e+00   8.1129735e-01   1.0000000e+00   1.0000000e+00
   1.0000000e+00   8.1129735e-01   1.0000000e+00   1.0000000e+00
   1.0000000e+00   8.1129735e-01   1.0000000e+00   1.0000000e+00
   1.0000000e+00   8.1129735e-01   1.0000000e+00   1.0000000e+00
   1.0000000e+00   8.1129735e-01   1.0000000e+00   1.0000000e+00
   1.0000000e+00   8.1129735e-01   1.0000000e+00   1.0000000e+00
   1.0000000e+00   8.1129735e-01   1.0000000e+00   1.0000000e+00
   1.0000000e+00   8.1129735e-01   1.0000000e+00   1.0000000e+00
   1.0000000e+00   8.1129735e-01   1.0000000e+00   1.0000000e+00
   1.0000000e+00   8.1129735e-01   1.0000000e+00   1.0000000e+00
   1.0000000e+00   8.1129735e-01   1.0000000e+00   1.0000000e+00
   1.0000000e+00   8.1129735e-01   1.0000000e+00   1.0000000e+00
   1.0000000e+00   8.1129735e-01   1.0000000e+00   1.0000000e+00
   1.0000000e+00   8.1129735e-01   1.0000000e+00   1.0000000e+00
   1.0000000e+00   8.1129735e-01   1.0000000e+00   1.0000000e+00
   1.0000000e+00   8.1129735e-01   1.0000000e+00   1.0000000e+00
   1.0000000e+00   8.1129735e-01   1.0000000e+00   1.0000000e+00
   1.0000000e+00   8.1129735e-01   1.0000000e+00   1.0000000e+00
   1.0000000e+00   8.1129735e-01   1.0000000e+00   1.0000000e+00
   1.0000000e+00   8.1129735e-01   1.0000000e+00   1.0000000e+00
   1.0000000e+00   8.1129735e-01   1.0000000e+00   1.0000000e+00
   1.0000000e+00   8.1129735e-01   1.0000000e+00   1.0000000e+00
   1.0000000e+00   8.1129735e-01   1.0000000e+00   1.0000000e+00
   1.0000000e+00   8.1129735e-01   1.0000000e+00   1.0000000e+00
   1.0000000e+00   8.1129735e-01   1.0000000e+00   1.0000000e+00
   1.0000000e+00   8.1129735e-01   1.0000000e+00   1.0000000e+00
   1.0000000e+00   8.1129735e-01   1.0000000e+00   1.0000000e+00
   1.0000000e+00   8.1129735e-01   1.0000000e+00   1.0000000e+00
   1.0000000e+00   8.1129735e-01   1.0000000e+00   1.0000000e+00
   1.0000000e+00   8.1129735e-01   1.0000000e+00   1.0000000e+00
   1.0000000e+00   8.1129735e-01   1.0000000e+00   1.0000000e+00
   1.0000000e+00   8.1129735e-01   1.0000000e+00   1.0000000e+00
   1.0000000e+00   8.1129735e-01   1.0000000e+00   1.0000000e+00
   1.0000000e+00   8.1129735e-01   1.0000000e+00   1.0000000e+00
   1.0000000e+00   8.1129735e-01   1.0000000e+00   1.0000000e+00
   1.0000000e+00   8.1129735e-01   1.0000000e+00   1.0000000e+00
   1.0000000e+00   8.1129735e-01   1.0000000e+00   1.0000000e+00
   1.0000000e+00   8.1129735e-01   1.0000000e+00   1.0000000e+00
   1.0000000e+00   8.1129735e-01   1.0000000e+00   1.0000000e+00
   1.0000000e+00   8.1129735e-01   1.0000000e+00   1.0000000e+00
   1.0000000e+00   8.1129735e-01   1.0000000e+00   1.0000000e+00
   1.0000000e+00   8.1129735e-01   1.0000000e+00   1.0000000e+00
   1.0000000e+00   8.1129735e-01   1.0000000e+00   1.0000000e+00
   1.0000000e+00   8.1129735e-01   1.0000000e+00   1.0000000e+00
   1.0000000e+00   8.1129735e-01   1.0000000e+00   1.0000000e+00
   1.0000000e+00   8.1129735e-01   1.0000000e+00   1.0000000e+00
   1.0000000e+00   8.1129735e-01   1.0000000e+00   1.0000000e+00
   1.0000000e+00   8.1129735e-01   1.0000000e+00   1.0000000e+00
   1.0000000e+00   8.1129735e-01   1.0000000e+00   1.0000000e+00
   1.0000000e+00   8.1129735e-01   1.0000000e+00   1.0000000e+00
   1.0000000e+00   8.1129735e-01   1.0000000e+00   1.0000000e+00
   1.0000000e+00   8.1129735e-01   1.0000000e+00   1.0000000e+00
   1.0000000e+00   8.1129735e-01   1.0000000e+00   1.0000000e+00
   1.0000000e+00   8.1129735e-01   1.0000000e+00   1.0000000e+00
   1.0000000e+00   8.1129735e-01   1.0000000e+00   1.0000000e+00
   1.0000000e+00   8.1129735e-01   1.0000000e+00   1.0000000e+00
   1.0000000e+00   8.1129735e-01   1.0000000e+00   1.0000000e+00
   1.0000000e+00   8.1129735e-01   1.0000000e+00   1.0000000e+00
   1.0000000e+00   8.1129735e-01   1.0000000e+00   1.0000000e+00
   1.0000000e+00   8.1129735e-01   1.0000000e+00   1.0000000e+00
   1.0000000e+00   8.1129735e-01   1.0000000e+00   1.0000000e+00
   1.0000000e+00   8.1129735e-01   1.0000000e+00   1.0000000e+00
   1.0000000e+00   8.1129735e-01   1.0000000e+00   1.0000000e+00
   1.0000000e+00   8.1129735e-01   1.0000000e+00   1.0000000e+00
   1.0000000e+00   8.1129735e-01   1.0000000e+00   1.0000000e+00
   1.0000000e+00   8.1129735e-01   1.0000000e+00   1.0000000e+00
   1.0000000e+00   8.1129735e-01   1.0000000e+00   1.0000000e+00
   1.0000000e+00   8.1129735e-01   1.0000000e+00   1.0000000e+00
   1.5023562e-01   0.0000000e+00   4.8650724e-01   2.6423002e-01
   2.6423002e-01   2.5462890e-02   4.8650724e-01   3.4980605e-01
   3.4980605e-01   1.5025117e-01   4.8650724e-01   4.1135596e-01
   4.1135596e-01   2.7381084e-01   4.8650724e-01   4.5403459e-01
   4.5403459e-01   3.5700142e-01   4.8650724e-01   4.8392012e-01
   4.8392012e-01   3.9239544e-01   4.8650724e-01   5.0440754e-01
   5.0440754e-01   4.2709635e-01   4.8650724e-01   5.1781304e-01
   5.1781304e-01   4.5521258e-01   4.8650724e-01   5.2597693e-01
   5.2597693e-01   4.7499879e-01   4.8650724e-01   5.3037549e-01
   5.3037549e-01   4.8795772e-01   4.8650724e-01   5.3216977e-01
   5.3216977e-01   4.9578300e-01   4.8650724e-01   5.3224931e-01
   5.3224931e-01   4.9991861e-01   4.8650724e-01   5.3127637e-01
   5.3127637e-01   5.0151209e-01   4.8650724e-01   5.2972841e-01
   5.2972841e-01   5.0144247e-01   4.8650724e-01   5.2793692e-01
   5.2793692e-01   5.0036220e-01   4.8650724e-01   5.2612121e-01
   5.2612121e-01   4.9873986e-01   4.8650724e-01   5.2441691e-01
   5.2441691e-01   4.9689918e-01   4.8650724e-01   5.2289905e-01
   5.2289905e-01   4.9505306e-01   4.8650724e-01   5.2160054e-01
   5.2160054e-01   4.9333188e-01   4.8650724e-01   5.2052619e-01
   5.2052619e-01   4.9180660e-01   4.8650724e-01   5.1966338e-01
   5.1966338e-01   4.9050694e-01   4.8650724e-01   5.1898972e-01
   5.1898972e-01   4.8943538e-01   4.8650724e-01   5.1847835e-01
   5.1847835e-01   4.8857758e-01   4.8650724e-01   5.1810164e-01
   5.1810164e-01   4.8790993e-01   4.8650724e-01   5.1783331e-01
   5.1783331e-01   4.8740477e-01   4.8650724e-01   5.1764982e-01
   5.1764982e-01   4.8703395e-01   4.8650724e-01   5.1753088e-01
   5.1753088e-01   4.8677093e-01   4.8650724e-01   5.1745963e-01
   5.1745963e-01   4.8659201e-01   4.8650724e-01   5.1742243e-01
   5.1742243e-01   4.8647687e-01   4.8650724e-01   5.1740863e-01
   5.1740863e-01   4.8640868e-01   3.0928512e-01   4.6279230e-01
   4.6279230e-01   4.8637389e-01   3.0928512e-01   4.2143891e-01
   4.2143891e-01   4.7559511e-01   3.0928512e-01   3.9092512e-01
   3.9092512e-01   4.2344099e-01   3.0928512e-01   3.6917855e-01
   3.6917855e-01   3.8217102e-01   3.0928512e-01   3.5432407e-01
   3.5432407e-01   3.5172772e-01   3.0928512e-01   3.4463185e-01
   3.4463185e-01   3.3156964e-01   3.0928512e-01   3.3860365e-01
   3.3860365e-01   3.1946059e-01   3.0928512e-01   3.3507644e-01
   3.3507644e-01   3.1233611e-01   3.0928512e-01   3.3320763e-01
   3.3320763e-01   3.0819231e-01   3.0928512e-01   3.3240646e-01
   3.3240646e-01   3.0591733e-01   3.0928512e-01   3.3226703e-01
   3.3226703e-01   3.0483015e-01   3.0928512e-01   3.3251559e-01
   3.3251559e-01   3.0448368e-01   3.0928512e-01   3.3297128e-01
   3.3297128e-01   3.0458061e-01   3.0928512e-01   3.3351776e-01
   3.3351776e-01   3.0492479e-01   3.0928512e-01   3.3408276e-01
   3.3408276e-01   3.0538923e-01   3.0928512e-01   3.3462377e-01
   3.3462377e-01   3.0589404e-01   3.0928512e-01   3.3511787e-01
   3.3511787e-01   3.0639105e-01   3.0928512e-01   3.3555483e-01
   3.3555483e-01   3.0685319e-01   3.0928512e-01   3.3593226e-01
   3.3593226e-01   3.0726707e-01   3.0928512e-01   3.3625245e-01
   3.3625245e-01   3.0762798e-01   3.0928512e-01   3.3652021e-01
   3.3652021e-01   3.0793644e-01   3.0928512e-01   3.3674150e-01
   3.3674150e-01   3.0819594e-01   3.0928512e-01   3.3692259e-01
   3.3692259e-01   3.0841149e-01   3.0928512e-01   3.3706953e-01
   3.3706953e-01   3.0858863e-01   3.0928512e-01   3.3718789e-01
   3.3718789e-01   3.0873291e-01   3.0928512e-01   3.3728261e-01
   3.3728261e-01   3.0884950e-01   3.0928512e-01   3.3735796e-01
   3.3735796e-01   3.0894306e-01   3.0928512e-01   3.3741758e-01
   3.3741758e-01   3.0901769e-01   3.0928512e-01   3.3746454e-01
   3.3746454e-01   3.0907688e-01   3.0928512e-01   3.3750135e-01
   3.3750135e-01   3.0912360e-01   7.4513491e-01   4.7185383e-01
   4.7185383e-01   3.0916029e-01   7.4513491e-01   5.7195452e-01
   5.7195452e-01   3.6001688e-01   7.4513491e-01   6.4626716e-01
   6.4626716e-01   4.6215994e-01   7.4513491e-01   7.0013303e-01
   7.0013303e-01   5.5427826e-01   7.4513491e-01   7.3768645e-01
   7.3768645e-01   6.2880277e-01   7.4513491e-01   7.6238461e-01
   7.6238461e-01   6.8591428e-01   7.4513491e-01   7.7763493e-01
   7.7763493e-01   7.2084356e-01   7.4513491e-01   7.8618318e-01
   7.8618318e-01   7.4295024e-01   7.4513491e-01   7.9015183e-01
   7.9015183e-01   7.5605409e-01   7.4513491e-01   7.9112848e-01
   7.9112848e-01   7.6298236e-01   7.4513491e-01   7.9026578e-01
   7.9026578e-01   7.6580512e-01   7.4513491e-01   7.8837517e-01
   7.8837517e-01   7.6602289e-01   7.4513491e-01   7.8600883e-01
   7.8600883e-01   7.6468796e-01   7.4513491e-01   7.8352703e-01
   7.8352703e-01   7.6252461e-01   7.4513491e-01   7.8115141e-01
   7.8115141e-01   7.6001927e-01   7.4513491e-01   7.7900596e-01
   7.7900596e-01   7.5748548e-01   7.4513491e-01   7.7714812e-01
   7.7714812e-01   7.5511228e-01   7.4513491e-01   7.7559174e-01
   7.7559174e-01   7.5300116e-01   7.4513491e-01   7.7432387e-01
   7.7432387e-01   7.5119419e-01   7.4513491e-01   7.7331649e-01
   7.7331649e-01   7.4969500e-01   7.4513491e-01   7.7253466e-01
   7.7253466e-01   7.4848414e-01   7.4513491e-01   7.7194173e-01
   7.7194173e-01   7.4752973e-01   7.4513491e-01   7.7150265e-01
   7.7150265e-01   7.4679477e-01   7.4513491e-01   7.7118579e-01
   7.7118579e-01   7.4624183e-01   7.4513491e-01   7.7096376e-01
   7.7096376e-01   7.4583588e-01   7.4513491e-01   7.7081362e-01
   7.7081362e-01   7.4554574e-01   7.4513491e-01   7.7071670e-01
   7.7071670e-01   7.4534475e-01   7.4513491e-01   7.7065818e-01
   7.7065818e-01   7.4521081e-01   7.4513491e-01   7.7062654e-01
   7.7062654e-01   7.4512607e-01   1.0000000e+00   8.4822135e-01
   8.4822135e-01   7.4507648e-01   1.0000000e+00   9.0431223e-01
   9.0431223e-01   7.8609177e-01   1.0000000e+00   9.4360162e-01
   9.4360162e-01   8.5462933e-01   1.0000000e+00   9.7036997e-01
   9.7036997e-01   8.9358074e-01   1.0000000e+00   9.8778904e-01
   9.8778904e-01   9.1117391e-01   1.0000000e+00   9.9746303e-01
   9.9746303e-01   9.2432350e-01   1.0000000e+00   1.0000000e+00
   1.0000000e+00   9.2386151e-01   1.0000000e+00   1.0000000e+00
   1.0000000e+00   9.2111962e-01   1.0000000e+00   1.0000000e+00
   1.0000000e+00   9.0788657e-01   1.0000000e+00   1.0000000e+00
   1.0000000e+00   8.9869259e-01   1.0000000e+00   1.0000000e+00
   1.0000000e+00   8.8206109e-01   1.0000000e+00   1.0000000e+00
   1.0000000e+00   8.6918754e-01   1.0000000e+00   1.0000000e+00
   1.0000000e+00   8.5017470e-01   1.0000000e+00   1.0000000e+00
   1.0000000e+00   8.3592953e-01   1.0000000e+00   1.0000000e+00
   1.0000000e+00   8.2056235e-01   1.0000000e+00   1.0000000e+00
   1.0000000e+00   8.1308094e-01   1.0000000e+00   1.0000000e+00
   1.0000000e+00   8.1035392e-01   1.0000000e+00   1.0000000e+00
   1.0000000e+00   8.1107713e-01   1.0000000e+00   1.0000000e+00
   1.0000000e+00   8.1151626e-01   1.0000000e+00   1.0000000e+00
   1.0000000e+00   8.1131817e-01   1.0000000e+00   1.0000000e+00
   1.0000000e+00   8.1125292e-01   1.0000000e+00   1.0000000e+00
   1.0000000e+00   8.1129789e-01   1.0000000e+00   1.0000000e+00
   1.0000000e+00   8.1130602e-01   1.0000000e+00   1.0000000e+00
   1.0000000e+00   8.1129635e-01   1.0000000e+00   1.0000000e+00
   1.0000000e+00   8.1129576e-01   1.0000000e+00   1.0000000e+00
   1.0000000e+00   8.1129771e-01   1.0000000e+00   1.0000000e+00
   1.0000000e+00   8.1129763e-01   1.0000000e+00   1.0000000e+00
   1.0000000e+00   8.1129725e-01   1.0000000e+00   1.0000000e+00
   1.0000000e+00   8.1129731e-01   1.0000000e+00   1.0000000e+00
   1.0000000e+00   8.1129738e-01   1.0000000e+00   1.0000000e+00
   3.1830944e-01   0.0000000e+00   1.0000000e+00   5.5634199e-01
   5.5634199e-01   5.9048957e-02   1.0000000e+00   7.2856614e-01
   7.2856614e-01   3.5517340e-01   1.0000000e+00   8.4843922e-01
   8.4843922e-01   5.7209482e-01   1.0000000e+00   9.2676048e-01
   9.2676048e-01   7.4419815e-01   1.0000000e+00   9.7316511e-01
   9.7316511e-01   8.6086061e-01   1.0000000e+00   9.9582104e-01
   9.9582104e-01   9.1722729e-01   1.0000000e+00   1.0000000e+00
   1.0000000e+00   9.1919369e-01   1.0000000e+00   1.0000000e+00
   1.0000000e+00   9.3143620e-01   1.0000000e+00   1.0000000e+00
   1.0000000e+00   9.0672812e-01   1.0000000e+00   1.0000000e+00
   1.0000000e+00   9.1042224e-01   1.0000000e+00   1.0000000e+00
   1.0000000e+00   8.8285917e-01   1.0000000e+00   1.0000000e+00
   1.0000000e+00   8.8208660e-01   1.0000000e+00   1.0000000e+00
   1.0000000e+00   8.5285433e-01   1.0000000e+00   1.0000000e+00
   1.0000000e+00   8.4791349e-01   1.0000000e+00   1.0000000e+00
   1.0000000e+00   8.2313929e-01   1.0000000e+00   1.0000000e+00
   1.0000000e+00   8.1857473e-01   1.0000000e+00   1.0000000e+00
   1.0000000e+00   8.1020555e-01   1.0000000e+00   1.0000000e+00
   1.0000000e+00   8.1056664e-01   1.0000000e+00   1.0000000e+00
   1.0000000e+00   8.1160458e-01   1.0000000e+00   1.0000000e+00
   1.0000000e+00   8.1141398e-01   1.0000000e+00   1.0000000e+00
   1.0000000e+00   8.1122638e-01   1.0000000e+00   1.0000000e+00
   1.0000000e+00   8.1128201e-01   1.0000000e+00   1.0000000e+00
   1.0000000e+00   8.1131290e-01   1.0000000e+00   1.0000000e+00
   1.0000000e+00   8.1129874e-01   1.0000000e+00   1.0000000e+00
   1.0000000e+00   8.1129417e-01   1.0000000e+00   1.0000000e+00
   1.0000000e+00   8.1129741e-01   1.0000000e+00   1.0000000e+00
   1.0000000e+00   8.1129797e-01   1.0000000e+00   1.0000000e+00
   1.0000000e+00   8.1129728e-01   1.0000000e+00   1.0000000e+00
   1.0000000e+00   8.1129724e-01   1.0000000e+00   1.0000000e+00
   1.0000000e+00   8.1129738e-01   1.0000000e+00   1.0000000e+00
   1.0000000e+00   8.1129737e-01   1.0000000e+00   1.0000000e+00
   1.0000000e+00   8.1129735e-01   1.0000000e+00   1.0000000e+00
   1.0000000e+00   8.1129735e-01   1.0000000e+00   1.0000000e+00
   1.0000000e+00   8.1129735e-01   1.0000000e+00   1.0000000e+00
   1.0000000e+00   8.1129735e-01   1.0000000e+00   1.0000000e+00
   1.0000000e+00   8.1129735e-01   1.0000000e+00   1.0000000e+00
   1.0000000e+00   8.1129735e-01   1.0000000e+00   1.0000000e+00
   1.0000000e+00   8.1129735e-01   1.0000000e+00   1.0000000e+00
   1.0000000e+00   8.1129735e-01   1.0000000e+00   1.0000000e+00
   1.0000000e+00   8.1129735e-01   1.0000000e+00   1.0000000e+00
   1.0000000e+00   8.1129735e-01   1.0000000e+00   1.0000000e+00
   1.0000000e+00   8.1129735e-01   1.0000000e+00   1.0000000e+00
   1.0000000e+00   8.1129735e-01   1.0000000e+00   1.0000000e+00
   1.0000000e+00   8.1129735e-01   1.0000000e+00   1.0000000e+00
   1.0000000e+00   8.1129735e-01   1.0000000e+00   1.0000000e+00
   1.0000000e+00   8.1129735e-01   1.0000000e+00   1.0000000e+00
   1.0000000e+00   8.1129735e-01   1.0000000e+00   1.0000000e+00
   1.0000000e+00   8.1129735e-01   1.0000000e+00   1.0000000e+00
   1.0000000e+00   8.1129735e-01   1.0000000e+00   1.0000000e+00
   1.0000000e+00   8.1129735e-01   1.0000000e+00   1.0000000e+00
   1.0000000e+00   8.1129735e-01   1.0000000e+00   1.0000000e+00
   1.0000000e+00   8.1129735e-01   1.0000000e+00   1.0000000e+00
   1.0000000e+00   8.1129735e-01   1.0000000e+00   1.0000000e+00
   1.0000000e+00   8.1129735e-01   1.0000000e+00   1.0000000e+00
   1.0000000e+00   8.1129735e-01   1.0000000e+00   1.0000000e+00
   1.0000000e+00   8.1129735e-01   1.0000000e+00   1.0000000e+00
   1.0000000e+00   8.1129735e-01   1.0000000e+00   1.0000000e+00
   1.0000000e+00   8.1129735e-01   1.0000000e+00   1.0000000e+00
   1.0000000e+00   8.1129735e-01   0.0000000e+00   7.4996751e-01
   7.4996751e-01   8.1129735e-01   0.0000000e+00   5.6137107e-01
   5.6137107e-01   7.5075985e-01   0.0000000e+00   4.1830634e-01
   4.1830634e-01   5.7822417e-01   0.0000000e+00   3.0525018e-01
   3.0525018e-01   5.0548864e-01   0.0000000e+00   2.1819894e-01
   2.1819894e-01   3.6565329e-01   0.0000000e+00   1.5454854e-01
   1.5454854e-01   2.3170277e-01   0.0000000e+00   1.0870615e-01
   1.0870615e-01   1.5915388e-01   0.0000000e+00   7.5810979e-02
   7.5810979e-02   1.1303203e-01   0.0000000e+00   5.2350374e-02
   5.2350374e-02   7.9174597e-02   0.0000000e+00   3.5786306e-02
   3.5786306e-02   5.4102714e-02   0.0000000e+00   2.4242641e-02
   2.4242641e-02   3.5998207e-02   0.0000000e+00   1.6318854e-02
   1.6318854e-02   2.3188656e-02   0.0000000e+00   1.0981678e-02
   1.0981678e-02   1.4275903e-02   0.0000000e+00   7.4738715e-03
   7.4738715e-03   8.1786991e-03   0.0000000e+00   5.2529578e-03
   5.2529578e-03   4.0917680e-03   0.0000000e+00   3.9329158e-03
   3.9329158e-03   1.4254152e-03   0.0000000e+00   3.2222402e-03
   3.2222402e-03   0.0000000e+00   0.0000000e+00   2.9121205e-03
   2.9121205e-03   0.0000000e+00   0.0000000e+00   2.8528269e-03
   2.8528269e-03   0.0000000e+00   0.0000000e+00   3.1591005e-03
   3.1591005e-03   0.0000000e+00   0.0000000e+00   3.5685185e-03
   3.5685185e-03   0.0000000e+00   0.0000000e+00   3.9132317e-03
   3.9132317e-03   0.0000000e+00   0.0000000e+00   4.1844784e-03
   4.1844784e-03   0.0000000e+00   0.0000000e+00   4.3966222e-03
   4.3966222e-03   0.0000000e+00   0.0000000e+00   4.5626090e-03
   4.5626090e-03   0.0000000e+00   0.0000000e+00   4.6925150e-03
   4.6925150e-03   0.0000000e+00   0.0000000e+00   4.7941878e-03
   4.7941878e-03   0.0000000e+00   0.0000000e+00   4.8737637e-03
   4.8737637e-03   0.0000000e+00   0.0000000e+00   4.9360450e-03
   4.9360450e-03   0.0000000e+00   2.6696084e-01   8.7224651e-02
   8.7224651e-02   0.0000000e+00   2.6696084e-01   1.4955639e-01
   1.4955639e-01   1.6003903e-02   2.6696084e-01   1.9630405e-01
   1.9630405e-01   8.3761337e-02   2.6696084e-01   2.3088960e-01
   2.3088960e-01   1.3656479e-01   2.6696084e-01   2.5564137e-01
   2.5564137e-01   1.8282395e-01   2.6696084e-01   2.7252946e-01
   2.7252946e-01   2.1893599e-01   2.6696084e-01   2.8353971e-01
   2.8353971e-01   2.4175614e-01   2.6696084e-01   2.9038856e-01
   2.9038856e-01   2.5538850e-01   2.6696084e-01   2.9439098e-01
   2.9439098e-01   2.6356777e-01   2.6696084e-01   2.9650045e-01
   2.9650045e-01   2.6836505e-01   2.6696084e-01   2.9738908e-01
   2.9738908e-01   2.7099416e-01   2.6696084e-01   2.9752110e-01
   2.9752110e-01   2.7223617e-01   2.6696084e-01   2.9721093e-01
   2.9721093e-01   2.7261124e-01   2.6696084e-01   2.9666694e-01
   2.9666694e-01   2.7246746e-01   2.6696084e-01   2.9602342e-01
   2.9602342e-01   2.7203561e-01   2.6696084e-01   2.9536369e-01
   2.9536369e-01   2.7146581e-01   2.6696084e-01   2.9473657e-01
   2.9473657e-01   2.7085282e-01   2.6696084e-01   2.9416800e-01
   2.9416800e-01   2.7025377e-01   2.6696084e-01   2.9366917e-01
   2.9366917e-01   2.6970062e-01   2.6696084e-01   2.9324207e-01
   2.9324207e-01   2.6920886e-01   2.6696084e-01   2.9288330e-01
   2.9288330e-01   2.6878354e-01   2.6696084e-01   2.9258658e-01
   2.9258658e-01   2.6842337e-01   2.6696084e-01   2.9234436e-01
   2.9234436e-01   2.6812349e-01   2.6696084e-01   2.9214883e-01
   2.9214883e-01   2.6787730e-01   2.6696084e-01   2.9199257e-01
   2.9199257e-01   2.6767759e-01   2.6696084e-01   2.9186878e-01
   2.9186878e-01   2.6751729e-01   2.6696084e-01   2.9177153e-01
   2.9177153e-01   2.6738981e-01   2.6696084e-01   2.9169571e-01
   2.9169571e-01   2.6728930e-01   2.6696084e-01   2.9163701e-01
   2.9163701e-01   2.6721067e-01   2.6696084e-01   2.9159189e-01
   2.9159189e-01   2.6714961e-01   2.6696084e-01   2.9155744e-01
   3.1972197e-02   0.0000000e+00   1.0276953e-01   5.6400768e-02
   5.6400768e-02   2.1589347e-03   1.0276953e-01   7.4911973e-02
   7.4911973e-02   2.8164217e-02   1.0276953e-01   8.8835564e-02
   8.8835564e-02   4.7765119e-02   1.0276953e-01   9.9229374e-02
   9.9229374e-02   6.2564281e-02   1.0276953e-01   1.0691973e-01
   1.0691973e-01   7.3767782e-02   1.0276953e-01   1.1254980e-01
   1.1254980e-01   8.2196800e-02   1.0276953e-01   1.1661939e-01
   1.1661939e-01   8.8477943e-02   1.0276953e-01   1.1951617e-01
   1.1951617e-01   9.3101110e-02   1.0276953e-01   1.2153976e-01
   1.2153976e-01   9.6453479e-02   1.0276953e-01   1.2292056e-01
   1.2292056e-01   9.8841747e-02   1.0276953e-01   1.2383440e-01
   1.2383440e-01   1.0050765e-01   1.0276953e-01   1.2441431e-01
   1.2441431e-01   1.0163992e-01   1.0276953e-01   1.2475985e-01
   1.2475985e-01   1.0238413e-01   1.0276953e-01   1.2494465e-01
   1.2494465e-01   1.0285114e-01   1.0276953e-01   1.2502241e-01
   1.2502241e-01   1.0312420e-01   1.0276953e-01   1.2503167e-01
   1.2503167e-01   1.0326491e-01   1.0276953e-01   1.2499960e-01
   1.2499960e-01   1.0331815e-01   1.0276953e-01   1.2494490e-01
   1.2494490e-01   1.0331604e-01   1.0276953e-01   1.2488010e-01
   1.2488010e-01   1.0328111e-01   1.0276953e-01   1.2481329e-01
   1.2481329e-01   1.0322882e-01   1.0276953e-01   1.2474939e-01
   1.2474939e-01   1.0316942e-01   1.0276953e-01   1.2469115e-01
   1.2469115e-01   1.0310945e-01   1.0276953e-01   1.2463988e-01
   1.2463988e-01   1.0305283e-01   1.0276953e-01   1.2459591e-01
   1.2459591e-01   1.0300170e-01   1.0276953e-01   1.2455898e-01
   1.2455898e-01   1.0295699e-01   1.0276953e-01   1.2452852e-01
   1.2452852e-01   1.0291884e-01   1.0276953e-01   1.2450379e-01
   1.2450379e-01   1.0288694e-01   1.0276953e-01   1.2448399e-01
   1.2448399e-01   1.0286074e-01   1.0276953e-01   1.2446833e-01
   1.2446833e-01   1.0283953e-01   3.2291973e-01   1.9230380e-01
   1.9230380e-01   1.0282260e-01   3.2291973e-01   2.4332123e-01
   2.4332123e-01   1.2144784e-01   3.2291973e-01   2.8088002e-01
   2.8088002e-01   1.8335373e-01   3.2291973e-01   3.0735438e-01
   3.0735438e-01   2.3753061e-01   3.2291973e-01   3.2537047e-01
   3.2537047e-01   2.7225079e-01   3.2291973e-01   3.3735183e-01
   3.3735183e-01   2.9255308e-01   3.2291973e-01   3.4515108e-01
   3.4515108e-01   3.0521591e-01   3.2291973e-01   3.5009159e-01
   3.5009159e-01   3.1340841e-01   3.2291973e-01   3.5309803e-01
   3.5309803e-01   3.1871224e-01   3.2291973e-01   3.5481230e-01
   3.5481230e-01   3.2206018e-01   3.2291973e-01   3.5567869e-01
   3.5567869e-01   3.2406879e-01   3.2291973e-01   3.5600338e-01
   3.5600338e-01   3.2517079e-01   3.2291973e-01   3.5599554e-01
   3.5599554e-01   3.2567466e-01   3.2291973e-01   3.5579616e-01
   3.5579616e-01   3.2579854e-01   3.2291973e-01   3.5549835e-01
   3.5549835e-01   3.2569378e-01   3.2291973e-01   3.5516199e-01
   3.5516199e-01   3.2546288e-01   3.2291973e-01   3.5482401e-01
   3.5482401e-01   3.2517326e-01   3.2291973e-01   3.5450585e-01
   3.5450585e-01   3.2486758e-01   3.2291973e-01   3.5421867e-01
   3.5421867e-01   3.2457151e-01   3.2291973e-01   3.5396701e-01
   3.5396701e-01   3.2429926e-01   3.2291973e-01   3.5375129e-01
   3.5375129e-01   3.2405752e-01   3.2291973e-01   3.5356955e-01
   3.5356955e-01   3.2384826e-01   3.2291973e-01   3.5341856e-01
   3.5341856e-01   3.2367061e-01   3.2291973e-01   3.5329458e-01
   3.5329458e-01   3.2352210e-01   3.2291973e-01   3.5319377e-01
   3.5319377e-01   3.2339951e-01   3.2291973e-01   3.5311252e-01
   3.5311252e-01   3.2329941e-01   3.2291973e-01   3.5304752e-01
   3.5304752e-01   3.2321840e-01   3.2291973e-01   3.5299589e-01
   3.5299589e-01   3.2315338e-01   3.2291973e-01   3.5295513e-01
   3.5295513e-01   3.2310157e-01   3.2291973e-01   3.5292313e-01
   3.5292313e-01   3.2306055e-01   1.1848605e-01   2.8989411e-01
   2.8989411e-01   3.2302826e-01   1.1848605e-01   2.4347267e-01
   2.4347267e-01   2.9120328e-01   1.1848605e-01   2.0981594e-01
   2.0981594e-01   2.3782678e-01   1.1848605e-01   1.8566142e-01
   1.8566142e-01   2.0135916e-01   1.1848605e-01   1.6853917e-01
   1.6853917e-01   1.7482152e-01   1.1848605e-01   1.5662991e-01
   1.5662991e-01   1.5505441e-01   1.1848605e-01   1.4856697e-01
   1.4856697e-01   1.4066741e-01   1.1848605e-01   1.4330668e-01
   1.4330668e-01   1.3057312e-01   1.1848605e-01   1.4005132e-01
   1.4005132e-01   1.2376753e-01   1.1848605e-01   1.3819770e-01
   1.3819770e-01   1.1937874e-01   1.1848605e-01   1.3729703e-01
   1.3729703e-01   1.1671009e-01   1.1848605e-01   1.3702136e-01
   1.3702136e-01   1.1523293e-01   1.1848605e-01   1.3713571e-01
   1.3713571e-01   1.1455755e-01   1.1848605e-01   1.3747543e-01
   1.3747543e-01   1.1440223e-01   1.1848605e-01   1.3792812e-01
   1.3792812e-01   1.1456692e-01   1.1848605e-01   1.3841963e-01
   1.3841963e-01   1.1491245e-01   1.1848605e-01   1.3890325e-01
   1.3890325e-01   1.1534440e-01   1.1848605e-01   1.3935159e-01
   1.3935159e-01   1.1580091e-01   1.1848605e-01   1.3975051e-01
   1.3975051e-01   1.1624341e-01   1.1848605e-01   1.4009468e-01
   1.4009468e-01   1.1664968e-01   1.1848605e-01   1.4038437e-01
   1.4038437e-01   1.1700865e-01   1.1848605e-01   1.4062317e-01
   1.4062317e-01   1.1731670e-01   1.1848605e-01   1.4081645e-01
   1.4081645e-01   1.1757482e-01   1.1848605e-01   1.4097030e-01
   1.4097030e-01   1.1778677e-01   1.1848605e-01   1.4109085e-01
   1.4109085e-01   1.1795771e-01   1.1848605e-01   1.4118386e-01
   1.4118386e-01   1.1809331e-01   1.1848605e-01   1.4125453e-01
   1.4125453e-01   1.1819921e-01   1.1848605e-01   1.4130738e-01
   1.4130738e-01   1.1828065e-01   1.1848605e-01   1.4134622e-01
   1.4134622e-01   1.1834231e-01   1.0000000e+00   4.1223115e-01
   4.1223115e-01   1.1838825e-01   1.0000000e+00   6.1243911e-01
   6.1243911e-01   2.1798702e-01   1.0000000e+00   7.5482454e-01
   7.5482454e-01   4.9022808e-01   1.0000000e+00   8.5567588e-01
   8.5567588e-01   6.0877598e-01   1.0000000e+00   9.2274591e-01
   9.2274591e-01   7.7215404e-01   1.0000000e+00   9.6475922e-01
   9.6475922e-01   8.6399031e-01   1.0000000e+00   9.8894270e-01
   9.8894270e-01   9.0741773e-01   1.0000000e+00   1.0000000e+00
   1.0000000e+00   9.1834216e-01   1.0000000e+00   1.0000000e+00
   1.0000000e+00   9.2803042e-01   1.0000000e+00   1.0000000e+00
   1.0000000e+00   9.1469167e-01   1.0000000e+00   1.0000000e+00
   1.0000000e+00   9.0796642e-01   1.0000000e+00   1.0000000e+00
   1.0000000e+00   8.9137022e-01   1.0000000e+00   1.0000000e+00
   1.0000000e+00   8.8085955e-01   1.0000000e+00   1.0000000e+00
   1.0000000e+00   8.6129570e-01   1.0000000e+00   1.0000000e+00
   1.0000000e+00   8.4790345e-01   1.0000000e+00   1.0000000e+00
   1.0000000e+00   8.2927568e-01   1.0000000e+00   1.0000000e+00
   1.0000000e+00   8.1885158e-01   1.0000000e+00   1.0000000e+00
   1.0000000e+00   8.1118327e-01   1.0000000e+00   1.0000000e+00
   1.0000000e+00   8.1048581e-01   1.0000000e+00   1.0000000e+00
   1.0000000e+00   8.1140487e-01   1.0000000e+00   1.0000000e+00
   1.0000000e+00   8.1145249e-01   1.0000000e+00   1.0000000e+00
   1.0000000e+00   8.1126043e-01   1.0000000e+00   1.0000000e+00
   1.0000000e+00   8.1127107e-01   1.0000000e+00   1.0000000e+00
   1.0000000e+00   8.1130733e-01   1.0000000e+00   1.0000000e+00
   1.0000000e+00   8.1130147e-01   1.0000000e+00   1.0000000e+00
   1.0000000e+00   8.1129497e-01   1.0000000e+00   1.0000000e+00
   1.0000000e+00   8.1129679e-01   1.0000000e+00   1.0000000e+00
   1.0000000e+00   8.1129788e-01   1.0000000e+00   1.0000000e+00
   1.0000000e+00   8.1129741e-01   1.0000000e+00   1.0000000e+00
   1.0000000e+00   8.1129724e-01   1.0000000e+00   1.0000000e+00
   1.8538042e-01   0.0000000e+00   6.0054407e-01   3.2598847e-01
   3.2598847e-01   3.2432269e-02   6.0054407e-01   4.3137941e-01
   4.3137941e-01   1.8820516e-01   6.0054407e-01   5.0597820e-01
   5.0597820e-01   3.5634936e-01   6.0054407e-01   5.5905067e-01
   5.5905067e-01   4.2372220e-01   6.0054407e-01   5.9620762e-01
   5.9620762e-01   4.8361329e-01   6.0054407e-01   6.2112385e-01
   6.2112385e-01   5.3488246e-01   6.0054407e-01   6.3683874e-01
   6.3683874e-01   5.7116957e-01   6.0054407e-01   6.4585836e-01
   6.4585836e-01   5.9517947e-01   6.0054407e-01   6.5022055e-01
   6.5022055e-01   6.0948739e-01   6.0054407e-01   6.5151263e-01
   6.5151263e-01   6.1693542e-01   6.0054407e-01   6.5090018e-01
   6.5090018e-01   6.2008527e-01   6.0054407e-01   6.4920274e-01
   6.4920274e-01   6.2061560e-01   6.0054407e-01   6.4697597e-01
   6.4697597e-01   6.1960759e-01   6.0054407e-01   6.4458165e-01
   6.4458165e-01   6.1777750e-01   6.0054407e-01   6.4224314e-01
   6.4224314e-01   6.1559173e-01   6.0054407e-01   6.4008789e-01
   6.4008789e-01   6.1334103e-01   6.0054407e-01   6.3817894e-01
   6.3817894e-01   6.1119592e-01   6.0054407e-01   6.3653767e-01
   6.3653767e-01   6.0924778e-01   6.0054407e-01   6.3515972e-01
   6.3515972e-01   6.0753764e-01   7.4335448e-01   6.7803839e-01
   6.7803839e-01   6.0607532e-01   7.4335448e-01   7.0988283e-01
   7.0988283e-01   6.2196008e-01   7.4335448e-01   7.3293584e-01
   7.3293584e-01   6.6200536e-01   7.4335448e-01   7.4916489e-01
   7.4916489e-01   6.9124648e-01   7.4335448e-01   7.6019262e-01
   7.6019262e-01   7.1253471e-01   7.4335448e-01   7.6735351e-01
   7.6735351e-01   7.2731934e-01   7.4335448e-01   7.7171420e-01
   7.7171420e-01   7.3721076e-01   7.4335448e-01   7.7410656e-01
   7.7410656e-01   7.4349618e-01   7.4335448e-01   7.7516349e-01
   7.7516349e-01   7.4720379e-01   7.4335448e-01   7.7535460e-01
   7.7535460e-01   7.4912560e-01   7.4335448e-01   7.7501933e-01
   7.7501933e-01   7.4985576e-01   7.4335448e-01   7.7439593e-01
   7.7439593e-01   7.4982909e-01   7.4335448e-01   7.7364587e-01
   7.7364587e-01   7.4935596e-01   7.4335448e-01   7.7287378e-01
   7.7287378e-01   7.4865157e-01   7.4335448e-01   7.7214320e-01
   7.7214320e-01   7.4785979e-01   7.4335448e-01   7.7148888e-01
   7.7148888e-01   7.4707207e-01   7.4335448e-01   7.7092599e-01
   7.7092599e-01   7.4634238e-01   7.4335448e-01   7.7045710e-01
   7.7045710e-01   7.4569863e-01   7.4335448e-01   7.7007707e-01
   7.7007707e-01   7.4515133e-01   7.4335448e-01   7.6977657e-01
   7.6977657e-01   7.4469988e-01   2.7273693e-01   6.2450570e-01
   6.2450570e-01   7.4433717e-01   2.7273693e-01   5.1772715e-01
   5.1772715e-01   6.6765048e-01   2.7273693e-01   4.3950637e-01
   4.3950637e-01   5.5910365e-01   2.7273693e-01   3.8277408e-01
   3.8277408e-01   4.7412646e-01   2.7273693e-01   3.4309320e-01
   3.4309320e-01   3.9716473e-01   2.7273693e-01   3.1672856e-01
   3.1672856e-01   3.3925694e-01   2.7273693e-01   3.0030459e-01
   3.0030459e-01   3.0080207e-01   2.7273693e-01   2.9072378e-01
   2.9072378e-01   2.8061934e-01   2.7273693e-01   2.8567074e-01
   2.8567074e-01   2.6942702e-01   2.7273693e-01   2.8353376e-01
   2.8353376e-01   2.6319860e-01   2.7273693e-01   2.8320657e-01
   2.8320657e-01   2.6019428e-01   2.7273693e-01   2.8393966e-01
   2.8393966e-01   2.5925884e-01   2.7273693e-01   2.8523471e-01
   2.8523471e-01   2.5958432e-01   2.7273693e-01   2.8676931e-01
   2.8676931e-01   2.6061707e-01   2.7273693e-01   2.8834290e-01
   2.8834290e-01   2.6198923e-01   2.7273693e-01   2.8983785e-01
   2.8983785e-01   2.6346643e-01   2.7273693e-01   2.9119184e-01
   2.9119184e-01   2.6490747e-01   2.7273693e-01   2.9237829e-01
   2.9237829e-01   2.6623426e-01   2.7273693e-01   2.9339278e-01
   2.9339278e-01   2.6740987e-01   2.7273693e-01   2.9424389e-01
   2.9424389e-01   2.6842325e-01   0.0000000e+00   2.1089274e-01
   2.1089274e-01   2.6927870e-01   0.0000000e+00   1.4997870e-01
   1.4997870e-01   2.2139811e-01   0.0000000e+00   1.0590667e-01
   1.0590667e-01   1.5523786e-01   0.0000000e+00   7.4185176e-02
   7.4185176e-02   1.0997774e-01   0.0000000e+00   5.1498176e-02
   5.1498176e-02   7.7187899e-02   0.0000000e+00   3.5432634e-02
   3.5432634e-02   5.2936432e-02   0.0000000e+00   2.4196206e-02
   2.4196206e-02   3.5402502e-02   0.0000000e+00   1.6454662e-02
   1.6454662e-02   2.2965209e-02   0.0000000e+00   1.1216319e-02
   1.1216319e-02   1.4281535e-02   0.0000000e+00   7.7562502e-03
   7.7562502e-03   8.3183872e-03   0.0000000e+00   5.5550073e-03
   5.5550073e-03   4.3026655e-03   0.0000000e+00   4.2293696e-03
   4.2293696e-03   1.6697340e-03   0.0000000e+00   3.4983201e-03
   3.4983201e-03   1.2679847e-05   0.0000000e+00   3.1612916e-03
   3.1612916e-03   0.0000000e+00   0.0000000e+00   3.0727162e-03
   3.0727162e-03   0.0000000e+00   0.0000000e+00   3.2807805e-03
   3.2807805e-03   0.0000000e+00   0.0000000e+00   3.6543441e-03
   3.6543441e-03   0.0000000e+00   0.0000000e+00   3.9795829e-03
   3.9795829e-03   0.0000000e+00   0.0000000e+00   4.2364227e-03
   4.2364227e-03   0.0000000e+00   7.8644067e-01   2.4666762e-01
   2.4666762e-01   0.0000000e+00   7.8644067e-01   4.3029210e-01
   4.3029210e-01   4.7265383e-02   7.8644067e-01   5.6717554e-01
   5.6717554e-01   2.5902110e-01   7.8644067e-01   6.6404970e-01
   6.6404970e-01   4.6951185e-01   7.8644067e-01   7.3314948e-01
   7.3314948e-01   5.5416690e-01   7.8644067e-01   7.8023526e-01
   7.8023526e-01   6.5326711e-01   7.8644067e-01   8.1032315e-01
   8.1032315e-01   7.2516756e-01   7.8644067e-01   8.2813517e-01
   8.2813517e-01   7.6815667e-01   7.8644067e-01   8.3740302e-01
   8.3740302e-01   7.9446002e-01   7.8644067e-01   8.4099731e-01
   8.4099731e-01   8.0873402e-01   7.8644067e-01   8.4102452e-01
   8.4102452e-01   8.1525628e-01   7.8644067e-01   8.3895649e-01
   8.3895649e-01   8.1718085e-01   7.8644067e-01   8.3578979e-01
   8.3578979e-01   8.1636280e-01   7.8644067e-01   8.3218036e-01
   8.3218036e-01   8.1396553e-01   7.8644067e-01   8.2854524e-01
   8.2854524e-01   8.1074577e-01   7.8644067e-01   8.2513538e-01
   8.2513538e-01   8.0721269e-01   7.8644067e-01   8.2208721e-01
   8.2208721e-01   8.0370626e-01   7.8644067e-01   8.1945946e-01
   8.1945946e-01   8.0044174e-01   7.8644067e-01   8.1725995e-01
   8.1725995e-01   7.9753965e-01   7.8644067e-01   8.1546496e-01
   8.1546496e-01   7.9505101e-01   0.0000000e+00   5.7170299e-01
   5.7170299e-01   7.9297923e-01   0.0000000e+00   3.9290819e-01
   3.9290819e-01   6.6282062e-01   0.0000000e+00   2.6101994e-01
   2.6101994e-01   5.0934532e-01   0.0000000e+00   1.6687624e-01
   1.6687624e-01   3.3651655e-01   0.0000000e+00   1.0360692e-01
   1.0360692e-01   1.7948504e-01   0.0000000e+00   6.1780496e-02
   6.1780496e-02   1.1324360e-01   0.0000000e+00   3.4635304e-02
   3.4635304e-02   7.1465120e-02   0.0000000e+00   1.7743204e-02
   1.7743204e-02   4.1104596e-02   0.0000000e+00   7.8089050e-03
   7.8089050e-03   2.0815369e-02   0.0000000e+00   2.4575813e-03
   2.4575813e-03   8.2135443e-03   0.0000000e+00   2.2392186e-04
   2.2392186e-04   9.0637397e-04   0.0000000e+00   0.0000000e+00
   0.0000000e+00   0.0000000e+00   0.0000000e+00   0.0000000e+00
   0.0000000e+00   0.0000000e+00   0.0000000e+00   0.0000000e+00
   0.0000000e+00   0.0000000e+00   0.0000000e+00   0.0000000e+00
   0.0000000e+00   0.0000000e+00   0.0000000e+00   0.0000000e+00
   0.0000000e+00   0.0000000e+00   0.0000000e+00   0.0000000e+00
   0.0000000e+00   0.0000000e+00   0.0000000e+00   6.4634711e-04
   6.4634711e-04   0.0000000e+00   0.0000000e+00   1.5616511e-03
   1.5616511e-03   0.0000000e+00   0.0000000e+00   2.3400752e-03
   2.3400752e-03   0.0000000e+00   0.0000000e+00   2.9534503e-03
   2.8215386e-02   0.0000000e+00   9.0579533e-02   4.9798560e-02
   4.9798560e-02   1.4217066e-03   9.0579533e-02   6.6175439e-02
   6.6175439e-02   2.4341997e-02   9.0579533e-02   7.8511997e-02
   7.8511997e-02   4.1646361e-02   9.0579533e-02   8.7738413e-02
   8.7738413e-02   5.4701523e-02   9.0579533e-02   9.4583034e-02
   9.4583034e-02   6.4569288e-02   9.0579533e-02   9.9613445e-02
   9.9613445e-02   7.1981466e-02   9.0579533e-02   1.0327051e-01
   1.0327051e-01   7.7501357e-02   9.0579533e-02   1.0589545e-01
   1.0589545e-01   8.1569379e-02   9.0579533e-02   1.0775119e-01
   1.0775119e-01   8.4530922e-02   9.0579533e-02   1.0903921e-01
   1.0903921e-01   8.6656479e-02   9.0579533e-02   1.0991284e-01
   1.0991284e-01   8.8156793e-02   9.0579533e-02   1.1048790e-01
   1.1048790e-01   8.9194791e-02   9.0579533e-02   1.1085102e-01
   1.1085102e-01   8.9895262e-02   9.0579533e-02   1.1106639e-01
   1.1106639e-01   9.0352808e-02   9.0579533e-02   1.1118104e-01
   1.1118104e-01   9.0638358e-02   9.0579533e-02   1.1122895e-01
   1.1122895e-01   9.0804469e-02   9.0579533e-02   1.1123433e-01
   1.1123433e-01   9.0889592e-02   9.0579533e-02   1.1121412e-01
   1.1121412e-01   9.0921469e-02   9.0579533e-02   1.1117993e-01
   1.1117993e-01   9.0919793e-02   8.5650882e-01   3.4718985e-01
   3.4718985e-01   9.0898289e-02   8.5650882e-01   5.2459799e-01
   5.2459799e-01   1.5687423e-01   8.5650882e-01   6.5246721e-01
   6.5246721e-01   4.1158560e-01   8.5650882e-01   7.4565087e-01
   7.4565087e-01   5.2076816e-01   8.5650882e-01   8.1147283e-01
   8.1147283e-01   6.4260822e-01   8.5650882e-01   8.5519683e-01
   8.5519683e-01   7.4630226e-01   8.5650882e-01   8.8262631e-01
   8.8262631e-01   8.0714001e-01   8.5650882e-01   8.9852509e-01
   8.9852509e-01   8.4485011e-01   8.5650882e-01   9.0690734e-01
   9.0690734e-01   8.6204498e-01   8.5650882e-01   9.1056505e-01
   9.1056505e-01   8.7066744e-01   8.5650882e-01   9.1140714e-01
   9.1140714e-01   8.7381438e-01   8.5650882e-01   9.1066587e-01
   9.1066587e-01   8.7429326e-01   8.5650882e-01   9.0913584e-01
   9.0913584e-01   8.7306272e-01   8.5650882e-01   9.0728912e-01
   9.0728912e-01   8.7132458e-01   8.5650882e-01   9.0540204e-01
   9.0540204e-01   8.6934585e-01   8.5650882e-01   9.0361066e-01
   9.0361066e-01   8.6760542e-01   8.5650882e-01   9.0197534e-01
   9.0197534e-01   8.6608057e-01   8.5650882e-01   9.0050571e-01
   9.0050571e-01   8.6490369e-01   8.5650882e-01   8.9919084e-01
   8.9919084e-01   8.6396681e-01   8.5650882e-01   8.9800813e-01
   8.9800813e-01   8.6327430e-01   1.0000000e+00   1.0000000e+00
   1.0000000e+00   8.6273137e-01   1.0000000e+00   1.0000000e+00
   1.0000000e+00   9.1136308e-01   1.0000000e+00   1.0000000e+00
   1.0000000e+00   9.7180364e-01   1.0000000e+00   1.0000000e+00
   1.0000000e+00   8.9950696e-01   1.0000000e+00   1.0000000e+00
   1.0000000e+00   9.5706884e-01   1.0000000e+00   1.0000000e+00
   1.0000000e+00   8.8324605e-01   1.0000000e+00   1.0000000e+00
   1.0000000e+00   9.3614430e-01   1.0000000e+00   1.0000000e+00
   1.0000000e+00   8.6188892e-01   1.0000000e+00   1.0000000e+00
   1.0000000e+00   9.0746092e-01   1.0000000e+00   1.0000000e+00
   1.0000000e+00   8.3672949e-01   1.0000000e+00   1.0000000e+00
   1.0000000e+00   8.7115058e-01   1.0000000e+00   1.0000000e+00
   1.0000000e+00   8.1501397e-01   1.0000000e+00   1.0000000e+00
   1.0000000e+00   8.3388974e-01   1.0000000e+00   1.0000000e+00
   1.0000000e+00   8.0908886e-01   1.0000000e+00   1.0000000e+00
   1.0000000e+00   8.1253382e-01   1.0000000e+00   1.0000000e+00
   1.0000000e+00   8.1164910e-01   1.0000000e+00   1.0000000e+00
   1.0000000e+00   8.1103862e-01   1.0000000e+00   1.0000000e+00
   1.0000000e+00   8.1125646e-01   1.0000000e+00   1.0000000e+00
   1.0000000e+00   8.1135308e-01   1.0000000e+00   1.0000000e+00
   1.0000000e+00   8.1129959e-01   1.0000000e+00   1.0000000e+00
   1.0000000e+00   8.1128625e-01   1.0000000e+00   1.0000000e+00
   1.0000000e+00   8.1129807e-01   1.0000000e+00   1.0000000e+00
   1.0000000e+00   8.1129945e-01   1.0000000e+00   1.0000000e+00
   1.0000000e+00   8.1129699e-01   1.0000000e+00   1.0000000e+00
   1.0000000e+00   8.1129698e-01   1.0000000e+00   1.0000000e+00
   1.0000000e+00   8.1129746e-01   1.0000000e+00   1.0000000e+00
   1.0000000e+00   8.1129741e-01   1.0000000e+00   1.0000000e+00
   1.0000000e+00   8.1129732e-01   1.0000000e+00   1.0000000e+00
   1.0000000e+00   8.1129734e-01   1.0000000e+00   1.0000000e+00
   1.0000000e+00   8.1129736e-01   1.0000000e+00   1.0000000e+00
   1.0000000e+00   8.1129735e-01   1.0000000e+00   1.0000000e+00
   1.0000000e+00   8.1129735e-01   1.0000000e+00   1.0000000e+00
   1.0000000e+00   8.1129735e-01   1.0000000e+00   1.0000000e+00
   1.0000000e+00   8.1129735e-01   1.0000000e+00   1.0000000e+00
   1.0000000e+00   8.1129735e-01   1.0000000e+00   1.0000000e+00
   1.0000000e+00   8.1129735e-01   1.0000000e+00   1.0000000e+00
   1.0000000e+00   8.1129735e-01   1.0000000e+00   1.0000000e+00
   1.0000000e+00   8.1129735e-01   1.0000000e+00   1.0000000e+00
   1.0000000e+00   8.1129735e-01   1.0000000e+00   1.0000000e+00
   1.0000000e+00   8.1129735e-01   1.0000000e+00   1.0000000e+00
   1.0000000e+00   8.1129735e-01   1.0000000e+00   1.0000000e+00
   1.0000000e+00   8.1129735e-01   1.0000000e+00   1.0000000e+00
   1.0000000e+00   8.1129735e-01   1.0000000e+00   1.0000000e+00
   1.0000000e+00   8.1129735e-01   1.0000000e+00   1.0000000e+00
   1.0000000e+00   8.1129735e-01   1.0000000e+00   1.0000000e+00
   1.0000000e+00   8.1129735e-01   1.0000000e+00   1.0000000e+00
   1.0000000e+00   8.1129735e-01   1.0000000e+00   1.0000000e+00
   1.0000000e+00   8.1129735e-01   1.0000000e+00   1.0000000e+00
   1.0000000e+00   8.1129735e-01   1.0000000e+00   1.0000000e+00
   1.0000000e+00   8.1129735e-01   1.0000000e+00   1.0000000e+00
   1.0000000e+00   8.1129735e-01   1.0000000e+00   1.0000000e+00
   1.0000000e+00   8.1129735e-01   1.0000000e+00   1.0000000e+00
   1.0000000e+00   8.1129735e-01   1.0000000e+00   1.0000000e+00
   1.0000000e+00   8.1129735e-01   1.0000000e+00   1.0000000e+00
   1.0000000e+00   8.1129735e-01   1.0000000e+00   1.0000000e+00
   1.0000000e+00   8.1129735e-01   1.0000000e+00   1.0000000e+00
   1.0000000e+00   8.1129735e-01   1.0000000e+00   1.0000000e+00
   1.0000000e+00   8.1129735e-01   1.0000000e+00   1.0000000e+00
   1.0000000e+00   8.1129735e-01   2.1715380e-01   8.1689185e-01
   8.1689185e-01   8.1129735e-01   2.1715380e-01   6.7773853e-01
   6.7773853e-01   7.8226816e-01   2.1715380e-01   5.7032051e-01
   5.7032051e-01   6.7123245e-01   2.1715380e-01   4.8570732e-01
   4.8570732e-01   5.9265864e-01   2.1715380e-01   4.1819366e-01
   4.1819366e-01   5.2568708e-01   2.1715380e-01   3.6569664e-01
   3.6569664e-01   4.4307694e-01   2.1715380e-01   3.2607567e-01
   3.2607567e-01   3.7512494e-01   2.1715380e-01   2.9728568e-01
   2.9728568e-01   3.1995298e-01   2.1715380e-01   2.7698495e-01
   2.7698495e-01   2.8271516e-01   2.1715380e-01   2.6288459e-01
   2.6288459e-01   2.6022020e-01   2.1715380e-01   2.5324022e-01
   2.5324022e-01   2.4486229e-01   2.1715380e-01   2.4678036e-01
   2.4678036e-01   2.3408856e-01   2.1715380e-01   2.4257897e-01
   2.4257897e-01   2.2664504e-01   2.1715380e-01   2.3996117e-01
   2.3996117e-01   2.2163401e-01   2.1715380e-01   2.3843577e-01
   2.3843577e-01   2.1838550e-01   2.1715380e-01   2.3764709e-01
   2.3764709e-01   2.1639302e-01   2.1715380e-01   2.3734002e-01
   2.3734002e-01   2.1527447e-01   2.1715380e-01   2.3733408e-01
   2.3733408e-01   2.1474534e-01   2.1715380e-01   2.3750401e-01
   2.3750401e-01   2.1459789e-01   2.1715380e-01   2.3776497e-01
   2.3776497e-01   2.1468394e-01   2.1715380e-01   2.3806139e-01
   2.8990383e-01   0.0000000e+00   9.3969860e-01   5.0932351e-01
   5.0932351e-01   5.3321657e-02   9.3969860e-01   6.7137338e-01
   6.7137338e-01   3.1553443e-01   9.3969860e-01   7.8681877e-01
   7.8681877e-01   5.3481048e-01   9.3969860e-01   8.6747650e-01
   8.6747650e-01   6.6551115e-01   9.3969860e-01   9.2077633e-01
   9.2077633e-01   7.9652786e-01   9.3969860e-01   9.5445004e-01
   9.5445004e-01   8.7013783e-01   9.3969860e-01   9.7536159e-01
   9.7536159e-01   8.9777682e-01   9.3969860e-01   9.8805541e-01
   9.8805541e-01   9.1357116e-01   9.3969860e-01   9.9543389e-01
   9.9543389e-01   9.1753817e-01   9.3969860e-01   9.9918525e-01
   9.9918525e-01   9.1758286e-01   9.3969860e-01   1.0000000e+00
   1.0000000e+00   9.1024829e-01   9.3969860e-01   1.0000000e+00
   1.0000000e+00   9.0101807e-01   9.3969860e-01   1.0000000e+00
   1.0000000e+00   8.8623903e-01   9.3969860e-01   1.0000000e+00
   1.0000000e+00   8.7238219e-01   9.3969860e-01   1.0000000e+00
   1.0000000e+00   8.5476446e-01   9.3969860e-01   1.0000000e+00
   1.0000000e+00   8.3924482e-01   9.3969860e-01   1.0000000e+00
   1.0000000e+00   8.2376801e-01   9.3969860e-01   1.0000000e+00
   1.0000000e+00   8.1438854e-01   9.3969860e-01   1.0000000e+00
   1.0000000e+00   8.1046676e-01   9.3969860e-01   1.0000000e+00
   1.0000000e+00   8.1088005e-01   9.3969860e-01   1.0000000e+00
   1.0000000e+00   8.1151291e-01   9.3969860e-01   1.0000000e+00
   1.0000000e+00   8.1135840e-01   9.3969860e-01   1.0000000e+00
   1.0000000e+00   8.1124943e-01   9.3969860e-01   1.0000000e+00
   1.0000000e+00   8.1129041e-01   9.3969860e-01   1.0000000e+00
   1.0000000e+00   8.1130748e-01   9.3969860e-01   1.0000000e+00
   1.0000000e+00   8.1129766e-01   9.3969860e-01   1.0000000e+00
   1.0000000e+00   8.1129534e-01   9.3969860e-01   1.0000000e+00
   1.0000000e+00   8.1129750e-01   9.3969860e-01   1.0000000e+00
   1.0000000e+00   8.1129773e-01   2.1239921e-01   8.1474646e-01
   8.1474646e-01   8.1129728e-01   2.1239921e-01   6.7414604e-01
   6.7414604e-01   7.8143002e-01   2.1239921e-01   5.6578913e-01
   5.6578913e-01   6.6857042e-01   2.1239921e-01   4.8057765e-01
   4.8057765e-01   5.8910117e-01   2.1239921e-01   4.1272166e-01
   4.1272166e-01   5.2112109e-01   2.1239921e-01   3.6007563e-01
   3.6007563e-01   4.3773856e-01   2.1239921e-01   3.2044803e-01
   3.2044803e-01   3.6925700e-01   2.1239921e-01   2.9175468e-01
   2.9175468e-01   3.1371841e-01   2.1239921e-01   2.7155328e-01
   2.7155328e-01   2.7728029e-01   2.1239921e-01   2.5753361e-01
   2.5753361e-01   2.5508223e-01   2.1239921e-01   2.4795720e-01
   2.4795720e-01   2.3976061e-01   2.1239921e-01   2.4155804e-01
   2.4155804e-01   2.2899056e-01   2.1239921e-01   2.3741330e-01
   2.3741330e-01   2.2154805e-01   2.1239921e-01   2.3484940e-01
   2.3484940e-01   2.1654443e-01   2.1239921e-01   2.3337523e-01
   2.3337523e-01   2.1331286e-01   2.1239921e-01   2.3263459e-01
   2.3263459e-01   2.1134610e-01   2.1239921e-01   2.3237162e-01
   2.3237162e-01   2.1025953e-01   2.1239921e-01   2.3240522e-01
   2.3240522e-01   2.0976572e-01   2.1239921e-01   2.3260974e-01
   2.3260974e-01   2.0965420e-01   2.1239921e-01   2.3290023e-01
   2.3290023e-01   2.0977471e-01   2.1239921e-01   2.3322126e-01
   2.3322126e-01   2.1002295e-01   2.1239921e-01   2.3353837e-01
   2.3353837e-01   2.1032902e-01   2.1239921e-01   2.3383171e-01
   2.3383171e-01   2.1064803e-01   2.1239921e-01   2.3409129e-01
   2.3409129e-01   2.1095289e-01   2.1239921e-01   2.3431359e-01
   2.3431359e-01   2.1122877e-01   2.1239921e-01   2.3449907e-01
   2.3449907e-01   2.1146898e-01   2.1239921e-01   2.3465050e-01
   2.3465050e-01   2.1167210e-01   2.1239921e-01   2.3477182e-01
   2.3477182e-01   2.1183979e-01   2.1239921e-01   2.3486737e-01
   2.3486737e-01   2.1197547e-01   2.1239921e-01   2.3494140e-01
   2.3494140e-01   2.1208327e-01   7.9879458e-01   4.1571799e-01
   4.1571799e-01   2.1216753e-01   7.9879458e-01   5.4832803e-01
   5.4832803e-01   3.1129015e-01   7.9879458e-01   6.4571373e-01
   6.4571373e-01   4.3957924e-01   7.9879458e-01   7.1723803e-01
   7.1723803e-01   5.3489889e-01   7.9879458e-01   7.6798079e-01
   7.6798079e-01   6.3136164e-01   7.9879458e-01   8.0197151e-01
   8.0197151e-01   7.0965195e-01   7.9879458e-01   8.2352823e-01
   8.2352823e-01   7.5697349e-01   7.9879458e-01   8.3616506e-01
   8.3616506e-01   7.8753573e-01   7.9879458e-01   8.4265399e-01
   8.4265399e-01   8.0575600e-01   7.9879458e-01   8.4509642e-01
   8.4509642e-01   8.1549736e-01   7.9879458e-01   8.4500628e-01
   8.4500628e-01   8.1997876e-01   7.9879458e-01   8.4343400e-01
   8.4343400e-01   8.2126490e-01   7.9879458e-01   8.4108904e-01
   8.4108904e-01   8.2061958e-01   7.9879458e-01   8.3843769e-01
   8.3843769e-01   8.1886037e-01   7.9879458e-01   8.3577579e-01
   8.3577579e-01   8.1652536e-01   7.9879458e-01   8.3328085e-01
   8.3328085e-01   8.1397577e-01   7.9879458e-01   8.3104902e-01
   8.3104902e-01   8.1145009e-01   7.9879458e-01   8.2912150e-01
   8.2912150e-01   8.0909796e-01   7.9879458e-01   8.2750356e-01
   8.2750356e-01   8.0700293e-01   7.9879458e-01   8.2617827e-01
   8.2617827e-01   8.0520076e-01   7.9879458e-01   8.2511625e-01
   8.2511625e-01   8.0369441e-01   7.9879458e-01   8.2428247e-01
   8.2428247e-01   8.0246617e-01   7.9879458e-01   8.2364078e-01
   8.2364078e-01   8.0148675e-01   7.9879458e-01   8.2315673e-01
   8.2315673e-01   8.0072186e-01   7.9879458e-01   8.2279917e-01
   8.2279917e-01   8.0013651e-01   7.9879458e-01   8.2254102e-01
   8.2254102e-01   7.9969766e-01   7.9879458e-01   8.2235946e-01
   8.2235946e-01   7.9937569e-01   7.9879458e-01   8.2223570e-01
   8.2223570e-01   7.9914504e-01   7.9879458e-01   8.2215467e-01
   8.2215467e-01   7.9898431e-01   1.0000000e+00   9.9415131e-01
   9.9415131e-01   7.9887601e-01   1.0000000e+00   1.0000000e+00
   1.0000000e+00   8.8842823e-01   1.0000000e+00   1.0000000e+00
   1.0000000e+00   9.8550510e-01   1.0000000e+00   1.0000000e+00
   1.0000000e+00   8.8428995e-01   1.0000000e+00   1.0000000e+00
   1.0000000e+00   9.7057191e-01   1.0000000e+00   1.0000000e+00
   1.0000000e+00   8.6895429e-01   1.0000000e+00   1.0000000e+00
   1.0000000e+00   9.4947077e-01   1.0000000e+00   1.0000000e+00
   1.0000000e+00   8.4953936e-01   1.0000000e+00   1.0000000e+00
   1.0000000e+00   9.2065182e-01   1.0000000e+00   1.0000000e+00
   1.0000000e+00   8.2806496e-01   1.0000000e+00   1.0000000e+00
   1.0000000e+00   8.8397454e-01   1.0000000e+00   1.0000000e+00
   1.0000000e+00   8.1162566e-01   1.0000000e+00   1.0000000e+00
   1.0000000e+00   8.4445753e-01   1.0000000e+00   1.0000000e+00
   1.0000000e+00   8.0861893e-01   1.0000000e+00   1.0000000e+00
   1.0000000e+00   8.1640279e-01   1.0000000e+00   1.0000000e+00
   1.0000000e+00   8.1134040e-01   1.0000000e+00   1.0000000e+00
   1.0000000e+00   8.1059728e-01   1.0000000e+00   1.0000000e+00
   1.0000000e+00   8.1136180e-01   1.0000000e+00   1.0000000e+00
   1.0000000e+00   8.1143331e-01   1.0000000e+00   1.0000000e+00
   1.0000000e+00   8.1127073e-01   1.0000000e+00   1.0000000e+00
   1.0000000e+00   8.1127370e-01   1.0000000e+00   1.0000000e+00
   1.0000000e+00   8.1130503e-01   1.0000000e+00   1.0000000e+00
   1.0000000e+00   8.1130119e-01   1.0000000e+00   1.0000000e+00
   1.0000000e+00   8.1129545e-01   1.0000000e+00   1.0000000e+00
   1.0000000e+00   8.1129680e-01   1.0000000e+00   1.0000000e+00
   1.0000000e+00   8.1129778e-01   1.0000000e+00   1.0000000e+00
   1.0000000e+00   8.1129742e-01   1.0000000e+00   1.0000000e+00
   1.0000000e+00   8.1129726e-01   1.0000000e+00   1.0000000e+00
   1.0000000e+00   8.1129735e-01   1.0000000e+00   1.0000000e+00
   1.0000000e+00   8.1129737e-01   1.0000000e+00   1.0000000e+00
   3.0807555e-01   0.0000000e+00   1.0000000e+00   5.3958243e-01
   5.3958243e-01   5.6982733e-02   1.0000000e+00   7.0843922e-01
   7.0843922e-01   3.4062534e-01   1.0000000e+00   8.2712485e-01
   8.2712485e-01   5.5843107e-01   1.0000000e+00   9.0698254e-01
   9.0698254e-01   7.1468848e-01   1.0000000e+00   9.5717300e-01
   9.5717300e-01   8.3884502e-01   1.0000000e+00   9.8591788e-01
   9.8591788e-01   9.0671110e-01   1.0000000e+00   9.9925774e-01
   9.9925774e-01   9.1117660e-01   1.0000000e+00   1.0000000e+00
   1.0000000e+00   9.3430875e-01   1.0000000e+00   1.0000000e+00
   1.0000000e+00   9.1145683e-01   1.0000000e+00   1.0000000e+00
   1.0000000e+00   9.1572656e-01   1.0000000e+00   1.0000000e+00
   1.0000000e+00   8.8912567e-01   1.0000000e+00   1.0000000e+00
   1.0000000e+00   8.8912343e-01   1.0000000e+00   1.0000000e+00
   1.0000000e+00   8.6029061e-01   1.0000000e+00   1.0000000e+00
   1.0000000e+00   8.5584545e-01   1.0000000e+00   1.0000000e+00
   1.0000000e+00   8.2928392e-01   1.0000000e+00   1.0000000e+00
   1.0000000e+00   8.2377032e-01   1.0000000e+00   1.0000000e+00
   1.0000000e+00   8.1108744e-01   1.0000000e+00   1.0000000e+00
   1.0000000e+00   8.1063795e-01   1.0000000e+00   1.0000000e+00
   1.0000000e+00   8.1140824e-01   1.0000000e+00   1.0000000e+00
   1.0000000e+00   8.1141977e-01   1.0000000e+00   1.0000000e+00
   1.0000000e+00   8.1126316e-01   1.0000000e+00   1.0000000e+00
   1.0000000e+00   8.1127709e-01   1.0000000e+00   1.0000000e+00
   1.0000000e+00   8.1130616e-01   1.0000000e+00   1.0000000e+00
   1.0000000e+00   8.1130041e-01   1.0000000e+00   1.0000000e+00
   1.0000000e+00   8.1129531e-01   1.0000000e+00   1.0000000e+00
   1.0000000e+00   8.1129697e-01   1.0000000e+00   1.0000000e+00
   1.0000000e+00   8.1129779e-01   1.0000000e+00   1.0000000e+00
   1.0000000e+00   8.1129738e-01   1.0000000e+00   1.0000000e+00
   1.0000000e+00   8.1129726e-01   2.5000171e-01   8.2653380e-01
   8.2653380e-01   8.1129736e-01   2.5000171e-01   6.9467196e-01
   6.9467196e-01   7.8588912e-01   2.5000171e-01   5.9266476e-01
   5.9266476e-01   6.8350084e-01   2.5000171e-01   5.1201277e-01
   5.1201277e-01   6.1103241e-01   2.5000171e-01   4.4743818e-01
   4.4743818e-01   5.4736114e-01   2.5000171e-01   3.9692216e-01
   3.9692216e-01   4.7058118e-01   2.5000171e-01   3.5851344e-01
   3.5851344e-01   4.0618620e-01   2.5000171e-01   3.3027013e-01
   3.3027013e-01   3.5458741e-01   2.5000171e-01   3.1025435e-01
   3.1025435e-01   3.1580173e-01   2.5000171e-01   2.9641881e-01
   2.9641881e-01   2.9147628e-01   2.5000171e-01   2.8702009e-01
   2.8702009e-01   2.7623773e-01   2.5000171e-01   2.8076022e-01
   2.8076022e-01   2.6598185e-01   2.5000171e-01   2.7669975e-01
   2.7669975e-01   2.5903916e-01   2.5000171e-01   2.7416266e-01
   2.7416266e-01   2.5443621e-01   2.5000171e-01   2.7266483e-01
   2.7266483e-01   2.5148248e-01   2.5000171e-01   2.7186186e-01
   2.7186186e-01   2.4967614e-01   2.5000171e-01   2.7151099e-01
   2.7151099e-01   2.4865245e-01   2.5000171e-01   2.7144329e-01
   2.7144329e-01   2.4814871e-01   2.5000171e-01   2.7154309e-01
   2.7154309e-01   2.4797854e-01   2.5000171e-01   2.7173289e-01
   2.7173289e-01   2.4801212e-01   2.5000171e-01   2.7196216e-01
   2.7196216e-01   2.4816104e-01   2.5000171e-01   2.7219923e-01
   2.7219923e-01   2.4836673e-01   2.5000171e-01   2.7242537e-01
   2.7242537e-01   2.4859168e-01   2.5000171e-01   2.7263047e-01
   2.7263047e-01   2.4881303e-01   2.5000171e-01   2.7281012e-01
   2.7281012e-01   2.4901786e-01   2.5000171e-01   2.7296341e-01
   2.7296341e-01   2.4919983e-01   2.5000171e-01   2.7309154e-01
   2.7309154e-01   2.4935678e-01   2.5000171e-01   2.7319686e-01
   2.7319686e-01   2.4948910e-01   2.5000171e-01   2.7328218e-01
   2.7328218e-01   2.4959862e-01   2.5000171e-01   2.7335045e-01
   2.7335045e-01   2.4968789e-01   7.2348331e-01   4.1932587e-01
   4.1932587e-01   2.4975969e-01   7.2348331e-01   5.2652821e-01
   5.2652821e-01   3.2804296e-01   7.2348331e-01   6.0573356e-01
   6.0573356e-01   4.2603140e-01   7.2348331e-01   6.6387158e-01
   6.6387158e-01   5.0935223e-01   7.2348331e-01   7.0518713e-01
   7.0518713e-01   5.8635868e-01   7.2348331e-01   7.3316085e-01
   7.3316085e-01   6.4650492e-01   7.2348331e-01   7.5100030e-01
   7.5100030e-01   6.8760919e-01   7.2348331e-01   7.6152873e-01
   7.6152873e-01   7.1312255e-01   7.2348331e-01   7.6696655e-01
   7.6696655e-01   7.2881766e-01   7.2348331e-01   7.6900005e-01
   7.6900005e-01   7.3767666e-01   7.2348331e-01   7.6887211e-01
   7.6887211e-01   7.4190132e-01   7.2348331e-01   7.6747269e-01
   7.6747269e-01   7.4309518e-01   7.2348331e-01   7.6541903e-01
   7.6541903e-01   7.4241470e-01   7.2348331e-01   7.6312306e-01
   7.6312306e-01   7.4067237e-01   7.2348331e-01   7.6084603e-01
   7.6084603e-01   7.3842323e-01   7.2348331e-01   7.5874146e-01
   7.5874146e-01   7.3603206e-01   7.2348331e-01   7.5688819e-01
   7.5688819e-01   7.3372553e-01   7.2348331e-01   7.5531517e-01
   7.5531517e-01   7.3163230e-01   7.2348331e-01   7.5401976e-01
   7.5401976e-01   7.2981372e-01   7.2348331e-01   7.5298072e-01
   7.5298072e-01   7.2828681e-01   7.2348331e-01   7.5216731e-01
   7.5216731e-01   7.2704103e-01   7.2348331e-01   7.5154533e-01
   7.5154533e-01   7.2605022e-01   7.2348331e-01   7.5108093e-01
   7.5108093e-01   7.2528083e-01   7.2348331e-01   7.5074287e-01
   7.5074287e-01   7.2469725e-01   7.2348331e-01   7.5050367e-01
   7.5050367e-01   7.2426522e-01   7.2348331e-01   7.5034004e-01
   7.5034004e-01   7.2395366e-01   7.2348331e-01   7.5023281e-01
   7.5023281e-01   7.2373562e-01   7.2348331e-01   7.5016663e-01
   7.5016663e-01   7.2358847e-01   7.2348331e-01   7.5012946e-01
   7.5012946e-01   7.2349379e-01   3.1407913e-01   6.2393860e-01
   6.2393860e-01   7.2343693e-01   3.1407913e-01   5.3116618e-01
   5.3116618e-01   6.5739397e-01   3.1407913e-01   4.6310517e-01
   4.6310517e-01   5.6436555e-01   3.1407913e-01   4.1372418e-01
   4.1372418e-01   4.8956797e-01   3.1407913e-01   3.7915644e-01
   3.7915644e-01   4.2280663e-01   3.1407913e-01   3.5608851e-01
   3.5608851e-01   3.7351152e-01   3.1407913e-01   3.4168202e-01
   3.4168202e-01   3.3916941e-01   3.1407913e-01   3.3341879e-01
   3.3341879e-01   3.1891683e-01   3.1407913e-01   3.2925423e-01
   3.2925423e-01   3.0836790e-01   3.1407913e-01   3.2770617e-01
   3.2770617e-01   3.0307189e-01   3.1407913e-01   3.2775444e-01
   3.2775444e-01   3.0078304e-01   3.1407913e-01   3.2871446e-01
   3.2871446e-01   3.0030395e-01   3.1407913e-01   3.3013768e-01
   3.3013768e-01   3.0087970e-01   3.1407913e-01   3.3173880e-01
   3.3173880e-01   3.0201968e-01   3.1407913e-01   3.3334364e-01
   3.3334364e-01   3.0341075e-01   3.1407913e-01   3.3485236e-01
   3.3485236e-01   3.0485958e-01   3.1407913e-01   3.3621372e-01
   3.3621372e-01   3.0625274e-01   3.1407913e-01   3.3740744e-01
   3.3740744e-01   3.0752905e-01   3.1407913e-01   3.3843213e-01
   3.3843213e-01   3.0866076e-01   3.1407913e-01   3.3929730e-01
   3.3929730e-01   3.0964074e-01   3.1407913e-01   3.4001814e-01
   3.4001814e-01   3.1047411e-01   3.1407913e-01   3.4061215e-01
   3.4061215e-01   3.1117265e-01   3.1407913e-01   3.4109708e-01
   3.4109708e-01   3.1175126e-01   3.1407913e-01   3.4148978e-01
   3.4148978e-01   3.1222576e-01   3.1407913e-01   3.4180554e-01
   3.4180554e-01   3.1261154e-01   3.1407913e-01   3.4205781e-01
   3.4205781e-01   3.1292283e-01   3.1407913e-01   3.4225822e-01
   3.4225822e-01   3.1317233e-01   3.1407913e-01   3.4241659e-01
   3.4241659e-01   3.1337110e-01   3.1407913e-01   3.4254113e-01
   3.4254113e-01   3.1352858e-01   3.1407913e-01   3.4263862e-01
   3.4263862e-01   3.1365272e-01   3.1407913e-01   3.4271461e-01
   2.6633382e-01   0.0000000e+00   8.6321932e-01   4.6823752e-01
   4.6823752e-01   4.8587073e-02   8.6321932e-01   6.1869005e-01
   6.1869005e-01   2.8414113e-01   8.6321932e-01   7.2598597e-01
   7.2598597e-01   5.0279113e-01   8.6321932e-01   8.0235962e-01
   8.0235962e-01   6.0831714e-01   8.6321932e-01   8.5344616e-01
   8.5344616e-01   7.3013232e-01   8.6321932e-01   8.8582298e-01
   8.8582298e-01   8.0068819e-01   8.6321932e-01   9.0484098e-01
   9.0484098e-01   8.4574453e-01   8.6321932e-01   9.1510473e-01
   9.1510473e-01   8.6634464e-01   8.6321932e-01   9.1989475e-01
   9.1989475e-01   8.7596218e-01   8.6321932e-01   9.2141059e-01
   9.2141059e-01   8.7978612e-01   8.6321932e-01   9.2110833e-01
   9.2110833e-01   8.8000189e-01   8.6321932e-01   9.1990458e-01
   9.1990458e-01   8.7852670e-01   8.6321932e-01   9.1836600e-01
   9.1836600e-01   8.7613995e-01   8.6321932e-01   9.1680913e-01
   9.1680913e-01   8.7368808e-01   8.6321932e-01   9.1539856e-01
   9.1539856e-01   8.7138034e-01   8.6321932e-01   9.1419450e-01
   9.1419450e-01   8.6952204e-01   8.6321932e-01   9.1320323e-01
   9.1320323e-01   8.6806058e-01   8.6321932e-01   9.1239844e-01
   9.1239844e-01   8.6703820e-01   8.6321932e-01   9.1174446e-01
   9.1174446e-01   8.6632841e-01   8.6321932e-01   9.1120310e-01
   9.1120310e-01   8.6589251e-01   8.6321932e-01   9.1074175e-01
   9.1074175e-01   8.6562697e-01   8.6321932e-01   9.1033351e-01
   9.1033351e-01   8.6549385e-01   8.6321932e-01   9.0995868e-01
   9.0995868e-01   8.6543239e-01   8.6321932e-01   9.0960294e-01
   9.0960294e-01   8.6542214e-01   8.6321932e-01   9.0925695e-01
   9.0925695e-01   8.6543365e-01   8.6321932e-01   9.0891459e-01
   9.0891459e-01   8.6545920e-01   8.6321932e-01   9.0857238e-01
   9.0857238e-01   8.6548645e-01   8.6321932e-01   9.0822841e-01
   9.0822841e-01   8.6551383e-01   8.6321932e-01   9.0788190e-01
   9.0788190e-01   8.6553685e-01   8.6321932e-01   9.0753269e-01
   9.0753269e-01   8.6555608e-01   8.6321932e-01   9.0718103e-01
   9.0718103e-01   8.6557016e-01   8.6321932e-01   9.0682737e-01
   9.0682737e-01   8.6558002e-01   8.6321932e-01   9.0647224e-01
   9.0647224e-01   8.6558535e-01   8.6321932e-01   9.0611619e-01
   9.0611619e-01   8.6558687e-01   8.6321932e-01   9.0575980e-01
   9.0575980e-01   8.6558457e-01   8.6321932e-01   9.0540360e-01
   9.0540360e-01   8.6557888e-01   8.6321932e-01   9.0504813e-01
   9.0504813e-01   8.6556983e-01   8.6321932e-01   9.0469387e-01
   9.0469387e-01   8.6555767e-01   8.6321932e-01   9.0434132e-01
   9.0434132e-01   8.6554243e-01   2.3968650e-02   6.4534381e-01
   6.4534381e-01   8.6552425e-01   2.3968650e-02   4.5484412e-01
   4.5484412e-01   7.2997211e-01   2.3968650e-02   3.1671316e-01
   3.1671316e-01   5.1520392e-01   2.3968650e-02   2.1558570e-01
   2.1558570e-01   3.9877953e-01   2.3968650e-02   1.4529099e-01
   1.4529099e-01   2.4109399e-01   2.3968650e-02   9.7847574e-02
   9.7847574e-02   1.5213494e-01   2.3968650e-02   6.6222838e-02
   6.6222838e-02   1.0396155e-01   2.3968650e-02   4.5577097e-02
   4.5577097e-02   7.0216373e-02   2.3968650e-02   3.2635842e-02
   3.2635842e-02   4.6621527e-02   2.3968650e-02   2.5026181e-02
   2.5026181e-02   3.1071933e-02   2.3968650e-02   2.1008802e-02
   2.1008802e-02   2.1398035e-02   2.3968650e-02   1.9348602e-02
   1.9348602e-02   1.5812751e-02   2.3968650e-02   1.9179105e-02
   1.9179105e-02   1.2974633e-02   2.3968650e-02   1.9901684e-02
   1.9901684e-02   1.1927386e-02   2.3968650e-02   2.1110650e-02
   2.1110650e-02   1.2000982e-02   2.3968650e-02   2.2537857e-02
   2.2537857e-02   1.2734015e-02   2.3968650e-02   2.4012006e-02
   2.4012006e-02   1.3815293e-02   2.3968650e-02   2.5428990e-02
   2.5428990e-02   1.5040498e-02   2.3968650e-02   2.6730471e-02
   2.6730471e-02   1.6280362e-02   2.3968650e-02   2.7888564e-02
   2.7888564e-02   1.7457491e-02   2.3968650e-02   2.8895024e-02
   2.8895024e-02   1.8529666e-02   2.3968650e-02   2.9753705e-02
   2.9753705e-02   1.9477928e-02   2.3968650e-02   3.0475404e-02
   3.0475404e-02   2.0298184e-02   2.3968650e-02   3.1074406e-02
   3.1074406e-02   2.0995382e-02   2.3968650e-02   3.1566241e-02
   3.1566241e-02   2.1579541e-02   2.3968650e-02   3.1966278e-02
   3.1966278e-02   2.2063105e-02   2.3968650e-02   3.2288908e-02
   3.2288908e-02   2.2459240e-02   2.3968650e-02   3.2547112e-02
   3.2547112e-02   2.2780777e-02   2.3968650e-02   3.2752290e-02
   3.2752290e-02   2.3039615e-02   2.3968650e-02   3.2914247e-02
   3.2914247e-02   2.3246411e-02   2.3968650e-02   3.3041280e-02
   3.3041280e-02   2.3410475e-02   2.3968650e-02   3.3140313e-02
   3.3140313e-02   2.3539782e-02   2.3968650e-02   3.3217061e-02
   3.3217061e-02   2.3641059e-02   2.3968650e-02   3.3276191e-02
   3.3276191e-02   2.3719901e-02   2.3968650e-02   3.3321483e-02
   3.3321483e-02   2.3780917e-02   2.3968650e-02   3.3355970e-02
   3.3355970e-02   2.3827862e-02   2.3968650e-02   3.3382074e-02
   3.3382074e-02   2.3863770e-02   2.3968650e-02   3.3401709e-02
   3.3401709e-02   2.3891074e-02   2.3968650e-02   3.3416382e-02
   3.3416382e-02   2.3911710e-02   1.0000000e+00   4.7669962e-01
   4.7669962e-01   2.3927210e-02   1.0000000e+00   7.7281592e-01
   7.7281592e-01   1.1703966e-01   1.0000000e+00   9.4114163e-01
   9.4114163e-01   6.0186028e-01   1.0000000e+00   1.0000000e+00
   1.0000000e+00   7.8324535e-01   1.0000000e+00   1.0000000e+00
   1.0000000e+00   9.4458832e-01   1.0000000e+00   1.0000000e+00
   1.0000000e+00   8.7832491e-01   1.0000000e+00   1.0000000e+00
   1.0000000e+00   9.2040822e-01   1.0000000e+00   1.0000000e+00
   1.0000000e+00   8.5424904e-01   1.0000000e+00   1.0000000e+00
   1.0000000e+00   8.8818927e-01   1.0000000e+00   1.0000000e+00
   1.0000000e+00   8.2799796e-01   1.0000000e+00   1.0000000e+00
   1.0000000e+00   8.5039471e-01   1.0000000e+00   1.0000000e+00
   1.0000000e+00   8.1065462e-01   1.0000000e+00   1.0000000e+00
   1.0000000e+00   8.1943431e-01   1.0000000e+00   1.0000000e+00
   1.0000000e+00   8.1061089e-01   1.0000000e+00   1.0000000e+00
   1.0000000e+00   8.1051669e-01   1.0000000e+00   1.0000000e+00
   1.0000000e+00   8.1152089e-01   1.0000000e+00   1.0000000e+00
   1.0000000e+00   8.1143350e-01   1.0000000e+00   1.0000000e+00
   1.0000000e+00   8.1124020e-01   1.0000000e+00   1.0000000e+00
   1.0000000e+00   8.1127682e-01   1.0000000e+00   1.0000000e+00
   1.0000000e+00   8.1131072e-01   1.0000000e+00   1.0000000e+00
   1.0000000e+00   8.1129999e-01   1.0000000e+00   1.0000000e+00
   1.0000000e+00   8.1129447e-01   1.0000000e+00   1.0000000e+00
   1.0000000e+00   8.1129714e-01   1.0000000e+00   1.0000000e+00
   1.0000000e+00   8.1129794e-01   1.0000000e+00   1.0000000e+00
   1.0000000e+00   8.1129733e-01   1.0000000e+00   1.0000000e+00
   1.0000000e+00   8.1129724e-01   1.0000000e+00   1.0000000e+00
   1.0000000e+00   8.1129737e-01   1.0000000e+00   1.0000000e+00
   1.0000000e+00   8.1129737e-01   1.0000000e+00   1.0000000e+00
   1.0000000e+00   8.1129735e-01   1.0000000e+00   1.0000000e+00
   1.0000000e+00   8.1129735e-01   1.0000000e+00   1.0000000e+00
   1.0000000e+00   8.1129735e-01   1.0000000e+00   1.0000000e+00
   1.0000000e+00   8.1129735e-01   1.0000000e+00   1.0000000e+00
   1.0000000e+00   8.1129735e-01   1.0000000e+00   1.0000000e+00
   1.0000000e+00   8.1129735e-01   1.0000000e+00   1.0000000e+00
   1.0000000e+00   8.1129735e-01   1.0000000e+00   1.0000000e+00
   1.0000000e+00   8.1129735e-01   1.0000000e+00   1.0000000e+00
   1.0000000e+00   8.1129735e-01   1.0000000e+00   1.0000000e+00
   1.0000000e+00   8.1129735e-01   1.0000000e+00   1.0000000e+00
   1.0000000e+00   8.1129735e-01   1.0000000e+00   1.0000000e+00
   1.0000000e+00   8.1129735e-01   1.0000000e+00   1.0000000e+00
   2.4636473e-01   0.0000000e+00   7.9842417e-01   4.3314937e-01
   4.3314937e-01   4.4587489e-02   7.9842417e-01   5.7259224e-01
   5.7259224e-01   2.5892201e-01   7.9842417e-01   6.7142924e-01
   6.7142924e-01   4.7333372e-01   7.9842417e-01   7.4202594e-01
   7.4202594e-01   5.6001485e-01   7.9842417e-01   7.9009124e-01
   7.9009124e-01   6.6296372e-01   7.9842417e-01   8.2085645e-01
   8.2085645e-01   7.3511751e-01   7.9842417e-01   8.3912417e-01
   8.3912417e-01   7.7892127e-01   7.9842417e-01   8.4869891e-01
   8.4869891e-01   8.0561861e-01   7.9842417e-01   8.5252200e-01
   8.5252200e-01   8.1983574e-01   7.9842417e-01   8.5273940e-01
   8.5273940e-01   8.2629289e-01   7.9842417e-01   8.5083383e-01
   8.5083383e-01   8.2831283e-01   7.9842417e-01   8.4780149e-01
   8.4780149e-01   8.2768403e-01   7.9842417e-01   8.4429387e-01
   8.4429387e-01   8.2553881e-01   7.9842417e-01   8.4072500e-01
   8.4072500e-01   8.2257919e-01   7.9842417e-01   8.3734619e-01
   8.3734619e-01   8.1927649e-01   7.9842417e-01   8.3429779e-01
   8.3429779e-01   8.1594547e-01   7.9842417e-01   8.3164485e-01
   8.3164485e-01   8.1279523e-01   7.9842417e-01   8.2940239e-01
   8.2940239e-01   8.0995218e-01   7.9842417e-01   8.2755358e-01
   8.2755358e-01   8.0747947e-01   1.0000000e+00   9.8339102e-01
   9.8339102e-01   8.0539348e-01   1.0000000e+00   1.0000000e+00
   1.0000000e+00   8.8558914e-01   1.0000000e+00   1.0000000e+00
   1.0000000e+00   9.8024848e-01   1.0000000e+00   1.0000000e+00
   1.0000000e+00   8.9513200e-01   1.0000000e+00   1.0000000e+00
   1.0000000e+00   9.6640211e-01   1.0000000e+00   1.0000000e+00
   1.0000000e+00   8.8007395e-01   1.0000000e+00   1.0000000e+00
   1.0000000e+00   9.4667896e-01   1.0000000e+00   1.0000000e+00
   1.0000000e+00   8.6035201e-01   1.0000000e+00   1.0000000e+00
   1.0000000e+00   9.1943311e-01   1.0000000e+00   1.0000000e+00
   1.0000000e+00   8.3699409e-01   1.0000000e+00   1.0000000e+00
   1.0000000e+00   8.8413906e-01   1.0000000e+00   1.0000000e+00
   1.0000000e+00   8.1598300e-01   1.0000000e+00   1.0000000e+00
   1.0000000e+00   8.4511620e-01   1.0000000e+00   1.0000000e+00
   1.0000000e+00   8.0856422e-01   1.0000000e+00   1.0000000e+00
   1.0000000e+00   8.1670359e-01   1.0000000e+00   1.0000000e+00
   1.0000000e+00   8.1132125e-01   1.0000000e+00   1.0000000e+00
   1.0000000e+00   8.1057650e-01   1.0000000e+00   1.0000000e+00
   1.0000000e+00   8.1136776e-01   1.0000000e+00   1.0000000e+00
   1.0000000e+00   8.1143709e-01   1.0000000e+00   1.0000000e+00
   1.0000000e+00   8.1126919e-01   9.6883349e-01   1.0000000e+00
   1.0000000e+00   8.1127313e-01   9.6883349e-01   1.0000000e+00
   1.0000000e+00   8.1130539e-01   9.6883349e-01   1.0000000e+00
   1.0000000e+00   8.1130127e-01   9.6883349e-01   1.0000000e+00
   1.0000000e+00   8.1129537e-01   9.6883349e-01   1.0000000e+00
   1.0000000e+00   8.1129679e-01   9.6883349e-01   1.0000000e+00
   1.0000000e+00   8.1129780e-01   9.6883349e-01   1.0000000e+00
   1.0000000e+00   8.1129742e-01   9.6883349e-01   1.0000000e+00
   1.0000000e+00   8.1129726e-01   9.6883349e-01   1.0000000e+00
   1.0000000e+00   8.1129735e-01   9.6883349e-01   1.0000000e+00
   1.0000000e+00   8.1129737e-01   9.6883349e-01   1.0000000e+00
   1.0000000e+00   8.1129735e-01   9.6883349e-01   1.0000000e+00
   1.0000000e+00   8.1129735e-01   9.6883349e-01   1.0000000e+00
   1.0000000e+00   8.1129735e-01   9.6883349e-01   1.0000000e+00
   1.0000000e+00   8.1129735e-01   9.6883349e-01   1.0000000e+00
   1.0000000e+00   8.1129735e-01   9.6883349e-01   1.0000000e+00
   1.0000000e+00   8.1129735e-01   9.6883349e-01   1.0000000e+00
   1.0000000e+00   8.1129735e-01   9.6883349e-01   1.0000000e+00
   1.0000000e+00   8.1129735e-01   9.6883349e-01   1.0000000e+00
   1.0000000e+00   8.1129735e-01   9.6883349e-01   1.0000000e+00
   1.0000000e+00   8.1129735e-01   1.0000000e+00   1.0000000e+00
   1.0000000e+00   8.1129735e-01   1.0000000e+00   1.0000000e+00
   1.0000000e+00   8.1129735e-01   1.0000000e+00   1.0000000e+00
   1.0000000e+00   8.1129735e-01   1.0000000e+00   1.0000000e+00
   1.0000000e+00   8.1129735e-01   1.0000000e+00   1.0000000e+00
   1.0000000e+00   8.1129735e-01   1.0000000e+00   1.0000000e+00
   1.0000000e+00   8.1129735e-01   1.0000000e+00   1.0000000e+00
   1.0000000e+00   8.1129735e-01   1.0000000e+00   1.0000000e+00
   1.0000000e+00   8.1129735e-01   1.0000000e+00   1.0000000e+00
   1.0000000e+00   8.1129735e-01   1.0000000e+00   1.0000000e+00
   1.0000000e+00   8.1129735e-01   1.0000000e+00   1.0000000e+00
   1.0000000e+00   8.1129735e-01   1.0000000e+00   1.0000000e+00
   1.0000000e+00   8.1129735e-01   1.0000000e+00   1.0000000e+00
   1.0000000e+00   8.1129735e-01   1.0000000e+00   1.0000000e+00
   1.0000000e+00   8.1129735e-01   1.0000000e+00   1.0000000e+00
   1.0000000e+00   8.1129735e-01   1.0000000e+00   1.0000000e+00
   1.0000000e+00   8.1129735e-01   1.0000000e+00   1.0000000e+00
   1.0000000e+00   8.1129735e-01   1.0000000e+00   1.0000000e+00
   1.0000000e+00   8.1129735e-01   1.0000000e+00   1.0000000e+00
   1.0000000e+00   8.1129735e-01   1.0000000e+00   1.0000000e+00
   1.0000000e+00   8.1129735e-01   1.0000000e+00   1.0000000e+00
   1.0000000e+00   8.1129735e-01   1.0000000e+00   1.0000000e+00
   1.0000000e+00   8.1129735e-01   1.0000000e+00   1.0000000e+00
   1.0000000e+00   8.1129735e-01   1.0000000e+00   1.0000000e+00
   1.0000000e+00   8.1129735e-01   1.0000000e+00   1.0000000e+00
   1.0000000e+00   8.1129735e-01   1.0000000e+00   1.0000000e+00
   1.0000000e+00   8.1129735e-01   1.0000000e+00   1.0000000e+00
   1.0000000e+00   8.1129735e-01   1.0000000e+00   1.0000000e+00
   1.0000000e+00   8.1129735e-01   1.0000000e+00   1.0000000e+00
   1.0000000e+00   8.1129735e-01   1.0000000e+00   1.0000000e+00
   1.0000000e+00   8.1129735e-01   1.0000000e+00   1.0000000e+00
   1.0000000e+00   8.1129735e-01   1.0000000e+00   1.0000000e+00
   1.0000000e+00   8.1129735e-01   1.0000000e+00   1.0000000e+00
   1.0000000e+00   8.1129735e-01   1.0000000e+00   1.0000000e+00
   1.0000000e+00   8.1129735e-01   1.0000000e+00   1.0000000e+00
   1.0000000e+00   8.1129735e-01   1.0000000e+00   1.0000000e+00
   1.0000000e+00   8.1129735e-01   1.0000000e+00   1.0000000e+00
   1.0000000e+00   8.1129735e-01   1.0000000e+00   1.0000000e+00
   1.0000000e+00   8.1129735e-01   1.0000000e+00   1.0000000e+00
   1.0000000e+00   8.1129735e-01   2.9038907e-02   7.5891720e-01
   7.5891720e-01   8.1129735e-01   2.9038907e-02   5.7688972e-01
   5.7688972e-01   7.5560727e-01   2.9038907e-02   4.3851694e-01
   4.3851694e-01   5.9141900e-01   2.9038907e-02   3.2894776e-01
   3.2894776e-01   5.2120825e-01   2.9038907e-02   2.4430385e-01
   2.4430385e-01   3.8751073e-01   2.9038907e-02   1.8183021e-01
   1.8183021e-01   2.6294432e-01   2.9038907e-02   1.3692157e-01
   1.3692157e-01   1.8394538e-01   2.9038907e-02   1.0483282e-01
   1.0483282e-01   1.3753747e-01   2.9038907e-02   8.2095359e-02
   8.2095359e-02   1.0374540e-01   2.9038907e-02   6.6180975e-02
   6.6180975e-02   7.9068268e-02   2.9038907e-02   5.5218701e-02
   5.5218701e-02   6.1450564e-02   2.9038907e-02   4.7819345e-02
   4.7819345e-02   4.9125285e-02   2.9038907e-02   4.2955711e-02
   4.2955711e-02   4.0666443e-02   2.9038907e-02   3.9873577e-02
   3.9873577e-02   3.4988216e-02   2.9038907e-02   3.8023739e-02
   3.8023739e-02   3.1283992e-02   2.9038907e-02   3.7010024e-02
   3.7010024e-02   2.8961913e-02   2.9038907e-02   3.6549701e-02
   3.6549701e-02   2.7591878e-02   2.9038907e-02   3.6443495e-02
   3.6443495e-02   2.6864401e-02   2.9038907e-02   3.6553021e-02
   3.6553021e-02   2.6559243e-02   2.9038907e-02   3.6783922e-02
   3.6783922e-02   2.6521683e-02   2.9038907e-02   3.7073345e-02
   4.1797740e-01   0.0000000e+00   1.0000000e+00   7.0984919e-01
   7.0984919e-01   7.9360040e-02   1.0000000e+00   8.9362753e-01
   8.9362753e-01   5.0771040e-01   1.0000000e+00   9.8714691e-01
   9.8714691e-01   7.1511499e-01   1.0000000e+00   1.0000000e+00
   1.0000000e+00   9.1094359e-01   1.0000000e+00   1.0000000e+00
   1.0000000e+00   9.4460928e-01   1.0000000e+00   1.0000000e+00
   1.0000000e+00   9.1180887e-01   1.0000000e+00   1.0000000e+00
   1.0000000e+00   9.2691572e-01   1.0000000e+00   1.0000000e+00
   1.0000000e+00   8.9157957e-01   1.0000000e+00   1.0000000e+00
   1.0000000e+00   9.0232657e-01   1.0000000e+00   1.0000000e+00
   1.0000000e+00   8.6499960e-01   1.0000000e+00   1.0000000e+00
   1.0000000e+00   8.7025208e-01   1.0000000e+00   1.0000000e+00
   1.0000000e+00   8.3470973e-01   1.0000000e+00   1.0000000e+00
   1.0000000e+00   8.3512241e-01   1.0000000e+00   1.0000000e+00
   1.0000000e+00   8.1276626e-01   1.0000000e+00   1.0000000e+00
   1.0000000e+00   8.1284174e-01   1.0000000e+00   1.0000000e+00
   1.0000000e+00   8.1088588e-01   1.0000000e+00   1.0000000e+00
   1.0000000e+00   8.1106320e-01   1.0000000e+00   1.0000000e+00
   1.0000000e+00   8.1140462e-01   1.0000000e+00   1.0000000e+00
   1.0000000e+00   8.1133262e-01   7.6288701e-01   9.8206675e-01
   9.8206675e-01   8.1127285e-01   7.6288701e-01   9.6890360e-01
   9.6890360e-01   8.1136730e-01   7.6288701e-01   9.5874724e-01
   9.5874724e-01   8.0576945e-01   7.6288701e-01   9.4918934e-01
   9.4918934e-01   8.2137922e-01   7.6288701e-01   9.3931685e-01
   9.3931685e-01   8.3088656e-01   7.6288701e-01   9.2927463e-01
   9.2927463e-01   8.3083417e-01   7.6288701e-01   9.1892611e-01
   9.1892611e-01   8.3397454e-01   7.6288701e-01   9.0822341e-01
   9.0822341e-01   8.3671163e-01   7.6288701e-01   8.9720442e-01
   8.9720442e-01   8.3850024e-01   7.6288701e-01   8.8595921e-01
   8.8595921e-01   8.3926754e-01   7.6288701e-01   8.7462428e-01
   8.7462428e-01   8.3875278e-01   7.6288701e-01   8.6337732e-01
   8.6337732e-01   8.3672523e-01   7.6288701e-01   8.5243073e-01
   8.5243073e-01   8.3300765e-01   7.6288701e-01   8.4201687e-01
   8.4201687e-01   8.2758750e-01   7.6288701e-01   8.3236375e-01
   8.3236375e-01   8.2069117e-01   7.6288701e-01   8.2366398e-01
   8.2366398e-01   8.1280613e-01   7.6288701e-01   8.1604639e-01
   8.1604639e-01   8.0458545e-01   7.6288701e-01   8.0956143e-01
   8.0956143e-01   7.9666719e-01   7.6288701e-01   8.0418511e-01
   8.0418511e-01   7.8951351e-01   7.6288701e-01   7.9983647e-01
   7.9983647e-01   7.8335927e-01   4.7013228e-01   7.0617614e-01
   7.0617614e-01   7.7825641e-01   4.7013228e-01   6.3722008e-01
   6.3722008e-01   7.2640977e-01   4.7013228e-01   5.8751562e-01
   5.8751562e-01   6.4311906e-01   4.7013228e-01   5.5219254e-01
   5.5219254e-01   5.8737730e-01   4.7013228e-01   5.2721477e-01
   5.2721477e-01   5.5160927e-01   4.7013228e-01   5.1019429e-01
   5.1019429e-01   5.1827390e-01   4.7013228e-01   4.9920761e-01
   4.9920761e-01   4.9391282e-01   4.7013228e-01   4.9266874e-01
   4.9266874e-01   4.7732163e-01   4.7013228e-01   4.8930069e-01
   4.8930069e-01   4.6668348e-01   4.7013228e-01   4.8810294e-01
   4.8810294e-01   4.6042999e-01   4.7013228e-01   4.8831341e-01
   4.8831341e-01   4.5729002e-01   4.7013228e-01   4.8936882e-01
   4.8936882e-01   4.5626794e-01   4.7013228e-01   4.9086657e-01
   4.9086657e-01   4.5660836e-01   4.7013228e-01   4.9253021e-01
   4.9253021e-01   4.5775604e-01   4.7013228e-01   4.9417947e-01
   4.9417947e-01   4.5931650e-01   4.7013228e-01   4.9570535e-01
   4.9570535e-01   4.6102054e-01   4.7013228e-01   4.9704988e-01
   4.9704988e-01   4.6269390e-01   4.7013228e-01   4.9819027e-01
   4.9819027e-01   4.6423235e-01   4.7013228e-01   4.9912679e-01
   4.9912679e-01   4.6558158e-01   4.7013228e-01   4.9987376e-01
   4.9987376e-01   4.6672156e-01   1.0000000e+00   8.2285361e-01
   8.2285361e-01   4.6765458e-01   1.0000000e+00   9.8600257e-01
   9.8600257e-01   5.5258231e-01   1.0000000e+00   1.0000000e+00
   1.0000000e+00   8.7255980e-01   1.0000000e+00   1.0000000e+00
   1.0000000e+00   9.6842840e-01   1.0000000e+00   1.0000000e+00
   1.0000000e+00   8.7554922e-01   1.0000000e+00   1.0000000e+00
   1.0000000e+00   9.4821045e-01   1.0000000e+00   1.0000000e+00
   1.0000000e+00   8.5594471e-01   1.0000000e+00   1.0000000e+00
   1.0000000e+00   9.2039057e-01   1.0000000e+00   1.0000000e+00
   1.0000000e+00   8.3329126e-01   1.0000000e+00   1.0000000e+00
   1.0000000e+00   8.8456682e-01   1.0000000e+00   1.0000000e+00
   1.0000000e+00   8.1405076e-01   1.0000000e+00   1.0000000e+00
   1.0000000e+00   8.4527596e-01   1.0000000e+00   1.0000000e+00
   1.0000000e+00   8.0851202e-01   1.0000000e+00   1.0000000e+00
   1.0000000e+00   8.1677678e-01   1.0000000e+00   1.0000000e+00
   1.0000000e+00   8.1132590e-01   1.0000000e+00   1.0000000e+00
   1.0000000e+00   8.1057098e-01   1.0000000e+00   1.0000000e+00
   1.0000000e+00   8.1136742e-01   1.0000000e+00   1.0000000e+00
   1.0000000e+00   8.1143830e-01   1.0000000e+00   1.0000000e+00
   1.0000000e+00   8.1126913e-01   1.0000000e+00   1.0000000e+00
   1.0000000e+00   8.1127291e-01   1.0000000e+00   1.0000000e+00
   1.0000000e+00   8.1130543e-01   1.0000000e+00   1.0000000e+00
   1.0000000e+00   8.1130131e-01   1.0000000e+00   1.0000000e+00
   1.0000000e+00   8.1129536e-01   1.0000000e+00   1.0000000e+00
   1.0000000e+00   8.1129678e-01   1.0000000e+00   1.0000000e+00
   1.0000000e+00   8.1129780e-01   1.0000000e+00   1.0000000e+00
   1.0000000e+00   8.1129742e-01   1.0000000e+00   1.0000000e+00
   1.0000000e+00   8.1129726e-01   1.0000000e+00   1.0000000e+00
   1.0000000e+00   8.1129735e-01   1.0000000e+00   1.0000000e+00
   1.0000000e+00   8.1129737e-01   1.0000000e+00   1.0000000e+00
   1.0000000e+00   8.1129735e-01   1.0000000e+00   1.0000000e+00
   1.0000000e+00   8.1129735e-01   1.0000000e+00   1.0000000e+00
   1.0000000e+00   8.1129735e-01   1.0000000e+00   1.0000000e+00
   1.0000000e+00   8.1129735e-01   1.0000000e+00   1.0000000e+00
   1.0000000e+00   8.1129735e-01   1.0000000e+00   1.0000000e+00
   1.0000000e+00   8.1129735e-01   1.0000000e+00   1.0000000e+00
   1.0000000e+00   8.1129735e-01   1.0000000e+00   1.0000000e+00
   1.0000000e+00   8.1129735e-01   1.0000000e+00   1.0000000e+00
   1.0000000e+00   8.1129735e-01   1.0000000e+00   1.0000000e+00
   1.0000000e+00   8.1129735e-01   2.1782678e-01   8.1708303e-01
   8.1708303e-01   8.1129735e-01   2.1782678e-01   6.7807560e-01
   6.7807560e-01   7.8234227e-01   2.1782678e-01   5.7076677e-01
   5.7076677e-01   6.7148004e-01   2.1782678e-01   4.8623565e-01
   4.8623565e-01   5.9300795e-01   2.1782678e-01   4.1878221e-01
   4.1878221e-01   5.2613852e-01   2.1782678e-01   3.6632643e-01
   3.6632643e-01   4.4363078e-01   2.1782678e-01   3.2673087e-01
   3.2673087e-01   3.7575821e-01   2.1782678e-01   2.9795261e-01
   2.9795261e-01   3.2065948e-01   2.1782678e-01   2.7765998e-01
   2.7765998e-01   2.8336383e-01   2.1782678e-01   2.6356691e-01
   2.6356691e-01   2.6085154e-01   2.1782678e-01   2.5392857e-01
   2.5392857e-01   2.4550550e-01   2.1782678e-01   2.4747310e-01
   2.4747310e-01   2.3474574e-01   2.1782678e-01   2.4327438e-01
   2.4327438e-01   2.2731444e-01   2.1782678e-01   2.4065765e-01
   2.4065765e-01   2.2231290e-01   2.1782678e-01   2.3913199e-01
   2.3913199e-01   2.1907089e-01   2.1782678e-01   2.3834208e-01
   2.3834208e-01   2.1708217e-01   2.1782678e-01   2.3803313e-01
   2.3803313e-01   2.1596512e-01   2.1782678e-01   2.3802497e-01
   2.3802497e-01   2.1543584e-01   2.1782678e-01   2.3819256e-01
   2.3819256e-01   2.1528712e-01   2.1782678e-01   2.3845127e-01
   2.3845127e-01   2.1537124e-01   2.1782678e-01   2.3874563e-01
   3.6475335e-01   0.0000000e+00   1.0000000e+00   6.2993388e-01
   6.2993388e-01   6.8468861e-02   1.0000000e+00   8.1208715e-01
   8.1208715e-01   4.2448337e-01   1.0000000e+00   9.2752162e-01
   9.2752162e-01   6.3741514e-01   1.0000000e+00   9.8703577e-01
   9.8703577e-01   8.3669322e-01   1.0000000e+00   1.0000000e+00
   1.0000000e+00   9.3384707e-01   1.0000000e+00   1.0000000e+00
   1.0000000e+00   9.0822942e-01   1.0000000e+00   1.0000000e+00
   1.0000000e+00   9.3163248e-01   1.0000000e+00   1.0000000e+00
   1.0000000e+00   8.8839059e-01   1.0000000e+00   1.0000000e+00
   1.0000000e+00   9.0718367e-01   1.0000000e+00   1.0000000e+00
   1.0000000e+00   8.6245187e-01   1.0000000e+00   1.0000000e+00
   1.0000000e+00   8.7504763e-01   1.0000000e+00   1.0000000e+00
   1.0000000e+00   8.3313012e-01   1.0000000e+00   1.0000000e+00
   1.0000000e+00   8.3902657e-01   1.0000000e+00   1.0000000e+00
   1.0000000e+00   8.1223849e-01   1.0000000e+00   1.0000000e+00
   1.0000000e+00   8.1418401e-01   1.0000000e+00   1.0000000e+00
   1.0000000e+00   8.1084122e-01   1.0000000e+00   1.0000000e+00
   1.0000000e+00   8.1087176e-01   1.0000000e+00   1.0000000e+00
   1.0000000e+00   8.1143416e-01   1.0000000e+00   1.0000000e+00
   1.0000000e+00   8.1136839e-01   5.5437675e-01   9.1772589e-01
   9.1772589e-01   8.1126347e-01   5.5437675e-01   8.5522560e-01
   8.5522560e-01   8.0793898e-01   5.5437675e-01   8.0578810e-01
   8.0578810e-01   7.7590124e-01   5.5437675e-01   7.6303916e-01
   7.6303916e-01   7.8337935e-01   5.5437675e-01   7.2590601e-01
   7.2590601e-01   7.5487358e-01   5.5437675e-01   6.9435924e-01
   6.9435924e-01   7.1808228e-01   5.5437675e-01   6.6828608e-01
   6.6828608e-01   6.8271547e-01   5.5437675e-01   6.4728350e-01
   6.4728350e-01   6.5238020e-01   5.5437675e-01   6.3071512e-01
   6.3071512e-01   6.2815975e-01   5.5437675e-01   6.1780195e-01
   6.1780195e-01   6.1026277e-01   5.5437675e-01   6.0780513e-01
   6.0780513e-01   5.9693684e-01   5.5437675e-01   6.0015159e-01
   6.0015159e-01   5.8606209e-01   5.5437675e-01   5.9439577e-01
   5.9439577e-01   5.7710462e-01   5.5437675e-01   5.9016746e-01
   5.9016746e-01   5.6998846e-01   5.5437675e-01   5.8715002e-01
   5.8715002e-01   5.6453567e-01   5.5437675e-01   5.8507333e-01
   5.8507333e-01   5.6049545e-01   5.5437675e-01   5.8371074e-01
   5.8371074e-01   5.5760424e-01   5.5437675e-01   5.8287618e-01
   5.8287618e-01   5.5561666e-01   5.5437675e-01   5.8242043e-01
   5.8242043e-01   5.5431856e-01   5.5437675e-01   5.8222671e-01
   5.8222671e-01   5.5353094e-01   3.6249447e-01   5.2307005e-01
   5.2307005e-01   5.5310906e-01   3.6249447e-01   4.7836016e-01
   4.7836016e-01   5.4143092e-01   3.6249447e-01   4.4541955e-01
   4.4541955e-01   4.8517989e-01   3.6249447e-01   4.2195114e-01
   4.2195114e-01   4.4106352e-01   3.6249447e-01   4.0591138e-01
   4.0591138e-01   4.0843228e-01   3.6249447e-01   3.9553173e-01
   3.9553173e-01   3.8528898e-01   3.6249447e-01   3.8931212e-01
   3.8931212e-01   3.6990663e-01   3.6249447e-01   3.8602021e-01
   3.8602021e-01   3.6051723e-01   3.6249447e-01   3.8469303e-01
   3.8469303e-01   3.5532116e-01   3.6249447e-01   3.8461619e-01
   3.8461619e-01   3.5284004e-01   3.6249447e-01   3.8528212e-01
   3.8528212e-01   3.5204253e-01   3.6249447e-01   3.8634293e-01
   3.8634293e-01   3.5225262e-01   3.6249447e-01   3.8756848e-01
   3.8756848e-01   3.5303146e-01   3.6249447e-01   3.8881274e-01
   3.8881274e-01   3.5409455e-01   3.6249447e-01   3.8998836e-01
   3.8998836e-01   3.5525955e-01   3.6249447e-01   3.9104802e-01
   3.9104802e-01   3.5641287e-01   3.6249447e-01   3.9197098e-01
   3.9197098e-01   3.5748753e-01   3.6249447e-01   3.9275356e-01
   3.9275356e-01   3.5844808e-01   3.6249447e-01   3.9340243e-01
   3.9340243e-01   3.5928011e-01   3.6249447e-01   3.9393005e-01
   3.9393005e-01   3.5998273e-01   1.0000000e+00   5.8975027e-01
   5.8975027e-01   3.6056339e-01   1.0000000e+00   7.3533260e-01
   7.3533260e-01   4.0785495e-01   1.0000000e+00   8.4021796e-01
   8.4021796e-01   5.8516360e-01   1.0000000e+00   9.1147532e-01
   9.1147532e-01   7.4964068e-01   1.0000000e+00   9.5708439e-01
   9.5708439e-01   8.4940593e-01   1.0000000e+00   9.8398324e-01
   9.8398324e-01   9.0493440e-01   1.0000000e+00   9.9752228e-01
   9.9752228e-01   9.1293626e-01   1.0000000e+00   1.0000000e+00
   1.0000000e+00   9.3088576e-01   1.0000000e+00   1.0000000e+00
   1.0000000e+00   9.1461320e-01   1.0000000e+00   1.0000000e+00
   1.0000000e+00   9.1474890e-01   1.0000000e+00   1.0000000e+00
   1.0000000e+00   8.9252531e-01   1.0000000e+00   1.0000000e+00
   1.0000000e+00   8.8863402e-01   1.0000000e+00   1.0000000e+00
   1.0000000e+00   8.6374650e-01   1.0000000e+00   1.0000000e+00
   1.0000000e+00   8.5586962e-01   1.0000000e+00   1.0000000e+00
   1.0000000e+00   8.3203599e-01   1.0000000e+00   1.0000000e+00
   1.0000000e+00   8.2398286e-01   1.0000000e+00   1.0000000e+00
   1.0000000e+00   8.1181917e-01   1.0000000e+00   1.0000000e+00
   1.0000000e+00   8.1061728e-01   1.0000000e+00   1.0000000e+00
   1.0000000e+00   8.1126783e-01   0.0000000e+00   7.4389044e-01
   7.4389044e-01   8.1143908e-01   0.0000000e+00   5.5217749e-01
   5.5217749e-01   7.4735272e-01   0.0000000e+00   4.0793968e-01
   4.0793968e-01   5.7020252e-01   0.0000000e+00   2.9487015e-01
   2.9487015e-01   4.9615042e-01   0.0000000e+00   2.0856568e-01
   2.0856568e-01   3.5452399e-01   0.0000000e+00   1.4613716e-01
   1.4613716e-01   2.1992098e-01   0.0000000e+00   1.0153722e-01
   1.0153722e-01   1.5112994e-01   0.0000000e+00   6.9806236e-02
   6.9806236e-02   1.0637347e-01   0.0000000e+00   4.7400244e-02
   4.7400244e-02   7.3461255e-02   0.0000000e+00   3.1764013e-02
   3.1764013e-02   4.9286294e-02   0.0000000e+00   2.1011740e-02
   2.1011740e-02   3.2026306e-02   0.0000000e+00   1.3752470e-02
   1.3752470e-02   1.9966356e-02   0.0000000e+00   8.9572523e-03
   8.9572523e-03   1.1693343e-02   0.0000000e+00   5.8784452e-03
   5.8784452e-03   6.1306437e-03   0.0000000e+00   3.9877374e-03
   3.9877374e-03   2.4768849e-03   0.0000000e+00   2.9286811e-03
   2.9286811e-03   1.5124655e-04   0.0000000e+00   2.4302609e-03
   2.4302609e-03   0.0000000e+00   0.0000000e+00   2.2870112e-03
   2.2870112e-03   0.0000000e+00   0.0000000e+00   2.5312151e-03
   2.5312151e-03   0.0000000e+00   0.0000000e+00   3.0472991e-03
   3.0472991e-03   0.0000000e+00   6.0785945e-01   1.9051737e-01
   1.9051737e-01   0.0000000e+00   6.0785945e-01   3.3257525e-01
   3.3257525e-01   3.5338053e-02   6.0785945e-01   4.3890332e-01
   4.3890332e-01   1.9347607e-01   6.0785945e-01   5.1397785e-01
   5.1397785e-01   3.6426173e-01   6.0785945e-01   5.6741829e-01
   5.6741829e-01   4.2947441e-01   6.0785945e-01   6.0472430e-01
   6.0472430e-01   4.9172018e-01   6.0785945e-01   6.2963448e-01
   6.2963448e-01   5.4349873e-01   6.0785945e-01   6.4524779e-01
   6.4524779e-01   5.7993490e-01   6.0785945e-01   6.5412149e-01
   6.5412149e-01   6.0382251e-01   6.0785945e-01   6.5833728e-01
   6.5833728e-01   6.1777701e-01   6.0785945e-01   6.5950012e-01
   6.5950012e-01   6.2496814e-01   6.0785945e-01   6.5877871e-01
   6.5877871e-01   6.2795795e-01   6.0785945e-01   6.5699277e-01
   6.5699277e-01   6.2835148e-01   6.0785945e-01   6.5469761e-01
   6.5469761e-01   6.2721272e-01   6.0785945e-01   6.5225416e-01
   6.5225416e-01   6.2526189e-01   6.0785945e-01   6.4988411e-01
   6.4988411e-01   6.2297341e-01   6.0785945e-01   6.4771232e-01
   6.4771232e-01   6.2064400e-01   6.0785945e-01   6.4579868e-01
   6.4579868e-01   6.1844600e-01   6.0785945e-01   6.4416123e-01
   6.4416123e-01   6.1646868e-01   6.0785945e-01   6.4279248e-01
   6.4279248e-01   6.1474845e-01   6.0785945e-01   6.4167058e-01
   4.8300495e-01   0.0000000e+00   1.0000000e+00   7.9782026e-01
   7.9782026e-01   9.2828522e-02   1.0000000e+00   9.6438192e-01
   9.6438192e-01   6.0528299e-01   1.0000000e+00   1.0000000e+00
   1.0000000e+00   8.0958057e-01   1.0000000e+00   1.0000000e+00
   1.0000000e+00   9.5626495e-01   1.0000000e+00   1.0000000e+00
   1.0000000e+00   8.5442003e-01   1.0000000e+00   1.0000000e+00
   1.0000000e+00   9.2957822e-01   1.0000000e+00   1.0000000e+00
   1.0000000e+00   8.3321090e-01   1.0000000e+00   1.0000000e+00
   1.0000000e+00   8.9478323e-01   1.0000000e+00   1.0000000e+00
   1.0000000e+00   8.1466892e-01   1.0000000e+00   1.0000000e+00
   1.0000000e+00   8.5497800e-01   1.0000000e+00   1.0000000e+00
   1.0000000e+00   8.0815675e-01   1.0000000e+00   1.0000000e+00
   1.0000000e+00   8.2196644e-01   1.0000000e+00   1.0000000e+00
   1.0000000e+00   8.1086900e-01   1.0000000e+00   1.0000000e+00
   1.0000000e+00   8.1053771e-01   1.0000000e+00   1.0000000e+00
   1.0000000e+00   8.1146391e-01   1.0000000e+00   1.0000000e+00
   1.0000000e+00   8.1143509e-01   1.0000000e+00   1.0000000e+00
   1.0000000e+00   8.1125089e-01   1.0000000e+00   1.0000000e+00
   1.0000000e+00   8.1127541e-01   1.0000000e+00   1.0000000e+00
   1.0000000e+00   8.1130875e-01   1.0000000e+00   1.0000000e+00
   1.0000000e+00   8.1130047e-01   1.0000000e+00   1.0000000e+00
   1.0000000e+00   8.1129480e-01   1.0000000e+00   1.0000000e+00
   1.0000000e+00   8.1129701e-01   1.0000000e+00   1.0000000e+00
   1.0000000e+00   8.1129789e-01   1.0000000e+00   1.0000000e+00
   1.0000000e+00   8.1129736e-01   1.0000000e+00   1.0000000e+00
   1.0000000e+00   8.1129725e-01   1.0000000e+00   1.0000000e+00
   1.0000000e+00   8.1129736e-01   1.0000000e+00   1.0000000e+00
   1.0000000e+00   8.1129737e-01   1.0000000e+00   1.0000000e+00
   1.0000000e+00   8.1129735e-01   1.0000000e+00   1.0000000e+00
   1.0000000e+00   8.1129735e-01   1.0000000e+00   1.0000000e+00
   1.0000000e+00   8.1129735e-01   1.0000000e+00   1.0000000e+00
   1.0000000e+00   8.1129735e-01   1.0000000e+00   1.0000000e+00
   1.0000000e+00   8.1129735e-01   1.0000000e+00   1.0000000e+00
   1.0000000e+00   8.1129735e-01   1.0000000e+00   1.0000000e+00
   1.0000000e+00   8.1129735e-01   1.0000000e+00   1.0000000e+00
   1.0000000e+00   8.1129735e-01   1.0000000e+00   1.0000000e+00
   1.0000000e+00   8.1129735e-01   1.0000000e+00   1.0000000e+00
   1.0000000e+00   8.1129735e-01   1.0000000e+00   1.0000000e+00
   1.0000000e+00   8.1129735e-01   1.0000000e+00   1.0000000e+00
   1.0000000e+00   8.1129735e-01   1.0000000e+00   1.0000000e+00
   1.0000000e+00   8.1129735e-01   1.0000000e+00   1.0000000e+00
   1.0000000e+00   8.1129735e-01   1.0000000e+00   1.0000000e+00
   1.0000000e+00   8.1129735e-01   1.0000000e+00   1.0000000e+00
   1.0000000e+00   8.1129735e-01   1.0000000e+00   1.0000000e+00
   1.0000000e+00   8.1129735e-01   1.0000000e+00   1.0000000e+00
   1.0000000e+00   8.1129735e-01   1.0000000e+00   1.0000000e+00
   1.0000000e+00   8.1129735e-01   1.0000000e+00   1.0000000e+00
   1.0000000e+00   8.1129735e-01   1.0000000e+00   1.0000000e+00
   1.0000000e+00   8.1129735e-01   1.0000000e+00   1.0000000e+00
   1.0000000e+00   8.1129735e-01   1.0000000e+00   1.0000000e+00
   1.0000000e+00   8.1129735e-01   1.0000000e+00   1.0000000e+00
   1.0000000e+00   8.1129735e-01   1.0000000e+00   1.0000000e+00
   1.0000000e+00   8.1129735e-01   1.0000000e+00   1.0000000e+00
   1.0000000e+00   8.1129735e-01   1.0000000e+00   1.0000000e+00
   1.0000000e+00   8.1129735e-01   1.0000000e+00   1.0000000e+00
   1.0000000e+00   8.1129735e-01   1.0000000e+00   1.0000000e+00
   1.0000000e+00   8.1129735e-01   1.0000000e+00   1.0000000e+00
   1.0000000e+00   8.1129735e-01   1.0000000e+00   1.0000000e+00
   1.0000000e+00   8.1129735e-01   1.0000000e+00   1.0000000e+00
   1.0000000e+00   8.1129735e-01   0.0000000e+00   7.4996769e-01
   7.4996769e-01   8.1129735e-01   0.0000000e+00   5.6137135e-01
   5.6137135e-01   7.5075995e-01   0.0000000e+00   4.1830665e-01
   4.1830665e-01   5.7822441e-01   0.0000000e+00   3.0525049e-01
   3.0525049e-01   5.0548892e-01   0.0000000e+00   2.1819923e-01
   2.1819923e-01   3.6565362e-01   0.0000000e+00   1.5454880e-01
   1.5454880e-01   2.3170314e-01   0.0000000e+00   1.0870636e-01
   1.0870636e-01   1.5915412e-01   0.0000000e+00   7.5811159e-02
   7.5811159e-02   1.1303223e-01   0.0000000e+00   5.2350523e-02
   5.2350523e-02   7.9174769e-02   0.0000000e+00   3.5786428e-02
   3.5786428e-02   5.4102859e-02   0.0000000e+00   2.4242739e-02
   2.4242739e-02   3.5998326e-02   0.0000000e+00   1.6318932e-02
   1.6318932e-02   2.3188754e-02   0.0000000e+00   1.0981740e-02
   1.0981740e-02   1.4275981e-02   0.0000000e+00   7.4739202e-03
   7.4739202e-03   8.1787613e-03   0.0000000e+00   5.2529965e-03
   5.2529965e-03   4.0918171e-03   0.0000000e+00   3.9329464e-03
   3.9329464e-03   1.4254540e-03   0.0000000e+00   3.2222643e-03
   3.2222643e-03   0.0000000e+00   0.0000000e+00   2.9121394e-03
   2.9121394e-03   0.0000000e+00   0.0000000e+00   2.8528419e-03
   2.8528419e-03   0.0000000e+00   5.9146226e-01   1.8522521e-01
   1.8522521e-01   0.0000000e+00   5.9146226e-01   3.2344546e-01
   3.2344546e-01   3.4136505e-02   5.9146226e-01   4.2694400e-01
   4.2694400e-01   1.8764073e-01   5.9146226e-01   5.0013269e-01
   5.0013269e-01   3.5269417e-01   5.9146226e-01   5.5207729e-01
   5.5207729e-01   4.1982260e-01   5.9146226e-01   5.8840936e-01
   5.8840936e-01   4.7753658e-01   5.9146226e-01   6.1274995e-01
   6.1274995e-01   5.2759040e-01   5.9146226e-01   6.2808229e-01
   6.2808229e-01   5.6305389e-01   5.9146226e-01   6.3685948e-01
   6.3685948e-01   5.8656567e-01   5.9146226e-01   6.4106585e-01
   6.4106585e-01   6.0073438e-01   5.9146226e-01   6.4225167e-01
   6.4225167e-01   6.0815519e-01   5.9146226e-01   6.4156361e-01
   6.4156361e-01   6.1125549e-01   5.9146226e-01   6.3981028e-01
   6.3981028e-01   6.1174399e-01   5.9146226e-01   6.3753982e-01
   6.3753982e-01   6.1071620e-01   5.9146226e-01   6.3510898e-01
   6.3510898e-01   6.0887942e-01   5.9146226e-01   6.3273839e-01
   6.3273839e-01   6.0668655e-01   5.9146226e-01   6.3055461e-01
   6.3055461e-01   6.0441941e-01   5.9146226e-01   6.2862100e-01
   6.2862100e-01   6.0224622e-01   5.9146226e-01   6.2695969e-01
   6.2695969e-01   6.0026111e-01   5.9146226e-01   6.2556703e-01
   6.2556703e-01   5.9851005e-01   1.0000000e+00   7.4928207e-01
   7.4928207e-01   5.9700774e-01   1.0000000e+00   8.3944860e-01
   8.3944860e-01   6.5359292e-01   1.0000000e+00   9.0309099e-01
   9.0309099e-01   7.6651650e-01   1.0000000e+00   9.4636326e-01
   9.4636326e-01   8.4696809e-01   1.0000000e+00   9.7449583e-01
   9.7449583e-01   8.9601862e-01   1.0000000e+00   9.9169811e-01
   9.9169811e-01   9.1012630e-01   1.0000000e+00   9.9989874e-01
   9.9989874e-01   9.2714768e-01   1.0000000e+00   1.0000000e+00
   1.0000000e+00   9.2075202e-01   1.0000000e+00   1.0000000e+00
   1.0000000e+00   9.1964028e-01   1.0000000e+00   1.0000000e+00
   1.0000000e+00   9.0060774e-01   1.0000000e+00   1.0000000e+00
   1.0000000e+00   8.9565136e-01   1.0000000e+00   1.0000000e+00
   1.0000000e+00   8.7353907e-01   1.0000000e+00   1.0000000e+00
   1.0000000e+00   8.6458293e-01   1.0000000e+00   1.0000000e+00
   1.0000000e+00   8.4152000e-01   1.0000000e+00   1.0000000e+00
   1.0000000e+00   8.3121900e-01   1.0000000e+00   1.0000000e+00
   1.0000000e+00   8.1559341e-01   1.0000000e+00   1.0000000e+00
   1.0000000e+00   8.1171041e-01   1.0000000e+00   1.0000000e+00
   1.0000000e+00   8.1063579e-01   1.0000000e+00   1.0000000e+00
   1.0000000e+00   8.1128632e-01   1.0000000e+00   1.0000000e+00
   1.0000000e+00   8.1143319e-01   1.0000000e+00   1.0000000e+00
   4.4451241e-02   0.0000000e+00   1.4326116e-01   7.8331322e-02
   7.8331322e-02   4.6089588e-03   1.4326116e-01   1.0393137e-01
   1.0393137e-01   4.0871182e-02   1.4326116e-01   1.2312024e-01
   1.2312024e-01   6.8177863e-02   1.4326116e-01   1.3736638e-01
   1.3736638e-01   8.9005347e-02   1.4326116e-01   1.4780341e-01
   1.4780341e-01   1.0504010e-01   1.4326116e-01   1.5531151e-01
   1.5531151e-01   1.1730030e-01   1.4326116e-01   1.6058328e-01
   1.6058328e-01   1.2649448e-01   1.4326116e-01   1.6416906e-01
   1.6416906e-01   1.3319709e-01   1.4326116e-01   1.6650611e-01
   1.6650611e-01   1.3791993e-01   1.4326116e-01   1.6793864e-01
   1.6793864e-01   1.4111797e-01   1.4326116e-01   1.6873331e-01
   1.6873331e-01   1.4317853e-01   1.4326116e-01   1.6909274e-01
   1.6909274e-01   1.4441652e-01   1.4326116e-01   1.6916757e-01
   1.6916757e-01   1.4507849e-01   1.4326116e-01   1.6906714e-01
   1.6906714e-01   1.4535159e-01   1.4326116e-01   1.6886865e-01
   1.6886865e-01   1.4537409e-01   1.4326116e-01   1.6862485e-01
   1.6862485e-01   1.4524550e-01   1.4326116e-01   1.6837034e-01
   1.6837034e-01   1.4503536e-01   1.4326116e-01   1.6812650e-01
   1.6812650e-01   1.4479069e-01   1.4326116e-01   1.6790541e-01
   1.6790541e-01   1.4454183e-01   1.4326116e-01   1.6771275e-01
   1.6771275e-01   1.4430719e-01   1.4326116e-01   1.6755000e-01
   1.6755000e-01   1.4409680e-01   1.4326116e-01   1.6741605e-01
   1.6741605e-01   1.4391501e-01   1.4326116e-01   1.6730829e-01
   1.6730829e-01   1.4376251e-01   4.8573911e-01   2.7277107e-01
   2.7277107e-01   1.4363774e-01   4.8573911e-01   3.5117541e-01
   3.5117541e-01   1.8596782e-01   4.8573911e-01   4.0771629e-01
   4.0771629e-01   2.8866665e-01   4.8573911e-01   4.4777965e-01
   4.4777965e-01   3.5411081e-01   4.8573911e-01   4.7647332e-01
   4.7647332e-01   3.8795744e-01   4.8573911e-01   4.9668565e-01
   4.9668565e-01   4.2069930e-01   4.8573911e-01   5.1040308e-01
   5.1040308e-01   4.4760530e-01   4.8573911e-01   5.1921908e-01
   5.1921908e-01   4.6714252e-01   4.8573911e-01   5.2443321e-01
   5.2443321e-01   4.8045470e-01   4.8573911e-01   5.2708647e-01
   5.2708647e-01   4.8896809e-01   4.8573911e-01   5.2799186e-01
   5.2799186e-01   4.9394549e-01   4.8573911e-01   5.2776714e-01
   5.2776714e-01   4.9641503e-01   4.8573911e-01   5.2686803e-01
   5.2686803e-01   4.9718113e-01   4.8573911e-01   5.2561962e-01
   5.2561962e-01   4.9685381e-01   4.8573911e-01   5.2424470e-01
   5.2424470e-01   4.9588156e-01   4.8573911e-01   5.2288808e-01
   5.2288808e-01   4.9458304e-01   4.8573911e-01   5.2163691e-01
   5.2163691e-01   4.9317553e-01   4.8573911e-01   5.2053710e-01
   5.2053710e-01   4.9179925e-01   4.8573911e-01   5.1960613e-01
   5.1960613e-01   4.9053771e-01   4.8573911e-01   5.1884297e-01
   5.1884297e-01   4.8943389e-01   4.8573911e-01   5.1823531e-01
   5.1823531e-01   4.8850310e-01   4.8573911e-01   5.1776483e-01
   5.1776483e-01   4.8774266e-01   4.8573911e-01   5.1741082e-01
   5.1741082e-01   4.8713909e-01   4.8573911e-01   5.1715252e-01
   5.1715252e-01   4.8667326e-01   5.2435738e-01   5.2887230e-01
   5.2887230e-01   4.8632390e-01   5.2435738e-01   5.3776380e-01
   5.3776380e-01   4.8840841e-01   5.2435738e-01   5.4434137e-01
   5.4434137e-01   4.9956555e-01   5.2435738e-01   5.4905088e-01
   5.4905088e-01   5.0832432e-01   5.2435738e-01   5.5229280e-01
   5.5229280e-01   5.1479723e-01   5.2435738e-01   5.5441360e-01
   5.5441360e-01   5.1941231e-01   5.2435738e-01   5.5570277e-01
   5.5570277e-01   5.2257197e-01   5.2435738e-01   5.5639481e-01
   5.5639481e-01   5.2462389e-01   5.2435738e-01   5.5667436e-01
   5.5667436e-01   5.2585745e-01   5.2435738e-01   5.5668274e-01
   5.5668274e-01   5.2650610e-01   5.2435738e-01   5.5652503e-01
   5.5652503e-01   5.2675285e-01   5.2435738e-01   5.5627689e-01
   5.5627689e-01   5.2673725e-01   5.2435738e-01   5.5599078e-01
   5.5599078e-01   5.2656263e-01   5.2435738e-01   5.5570134e-01
   5.5570134e-01   5.2630306e-01   5.2435738e-01   5.5542995e-01
   5.5542995e-01   5.2600965e-01   5.2435738e-01   5.5518841e-01
   5.5518841e-01   5.2571594e-01   5.2435738e-01   5.5498183e-01
   5.5498183e-01   5.2544241e-01   5.2435738e-01   5.5481094e-01
   5.5481094e-01   5.2520017e-01   5.2435738e-01   5.5467368e-01
   5.5467368e-01   5.2499384e-01   5.2435738e-01   5.5456647e-01
   5.5456647e-01   5.2482374e-01   5.2435738e-01   5.5448504e-01
   5.5448504e-01   5.2468755e-01   5.2435738e-01   5.5442500e-01
   5.5442500e-01   5.2458152e-01   5.2435738e-01   5.5438218e-01
   5.5438218e-01   5.2450125e-01   3.9744786e-01   5.1524083e-01
   5.1524083e-01   5.2444226e-01   3.9744786e-01   4.8559594e-01
   4.8559594e-01   5.1676207e-01   3.9744786e-01   4.6370862e-01
   4.6370862e-01   4.7947403e-01   3.9744786e-01   4.4807690e-01
   4.4807690e-01   4.5021621e-01   3.9744786e-01   4.3735587e-01
   4.3735587e-01   4.2859719e-01   3.9744786e-01   4.3038054e-01
   4.3038054e-01   4.1323768e-01   3.9744786e-01   4.2617373e-01
   4.2617373e-01   4.0282912e-01   3.9744786e-01   4.2394173e-01
   4.2394173e-01   3.9619047e-01   3.9744786e-01   4.2306122e-01
   4.2306122e-01   3.9229856e-01   3.9744786e-01   4.2305907e-01
   4.2305907e-01   3.9032213e-01   3.9744786e-01   4.2358799e-01
   4.2358799e-01   3.8962480e-01   3.9744786e-01   4.2440166e-01
   4.2440166e-01   3.8973963e-01   3.9744786e-01   4.2533190e-01
   4.2533190e-01   3.9033403e-01   3.9744786e-01   4.2626920e-01
   4.2626920e-01   3.9117720e-01   3.9744786e-01   4.2714693e-01
   4.2714693e-01   3.9211387e-01   3.9744786e-01   4.2792882e-01
   4.2792882e-01   3.9304402e-01   3.9744786e-01   4.2859941e-01
   4.2859941e-01   3.9390744e-01   3.9744786e-01   4.2915688e-01
   4.2915688e-01   3.9467199e-01   3.9744786e-01   4.2960781e-01
   4.2960781e-01   3.9532476e-01   3.9744786e-01   4.2996343e-01
   4.2996343e-01   3.9586538e-01   3.9744786e-01   4.3023701e-01
   4.3023701e-01   3.9630119e-01   3.9744786e-01   4.3044219e-01
   4.3044219e-01   3.9664373e-01   3.9744786e-01   4.3059191e-01
   4.3059191e-01   3.9690634e-01   3.9744786e-01   4.3069777e-01
   4.3069777e-01   3.9710254e-01   1.0000000e+00   7.6251902e-01
   7.6251902e-01   3.9724507e-01   1.0000000e+00   9.4808705e-01
   9.4808705e-01   4.7010856e-01   1.0000000e+00   1.0000000e+00
   1.0000000e+00   8.1430042e-01   1.0000000e+00   1.0000000e+00
   1.0000000e+00   9.4686692e-01   1.0000000e+00   1.0000000e+00
   1.0000000e+00   8.7590195e-01   1.0000000e+00   1.0000000e+00
   1.0000000e+00   9.2262495e-01   1.0000000e+00   1.0000000e+00
   1.0000000e+00   8.5217007e-01   1.0000000e+00   1.0000000e+00
   1.0000000e+00   8.9030433e-01   1.0000000e+00   1.0000000e+00
   1.0000000e+00   8.2662584e-01   1.0000000e+00   1.0000000e+00
   1.0000000e+00   8.5224085e-01   1.0000000e+00   1.0000000e+00
   1.0000000e+00   8.1026214e-01   1.0000000e+00   1.0000000e+00
   1.0000000e+00   8.2045272e-01   1.0000000e+00   1.0000000e+00
   1.0000000e+00   8.1058538e-01   1.0000000e+00   1.0000000e+00
   1.0000000e+00   8.1051653e-01   1.0000000e+00   1.0000000e+00
   1.0000000e+00   8.1152641e-01   1.0000000e+00   1.0000000e+00
   1.0000000e+00   8.1143295e-01   1.0000000e+00   1.0000000e+00
   1.0000000e+00   8.1123921e-01   1.0000000e+00   1.0000000e+00
   1.0000000e+00   8.1127703e-01   1.0000000e+00   1.0000000e+00
   1.0000000e+00   8.1131089e-01   1.0000000e+00   1.0000000e+00
   1.0000000e+00   8.1129993e-01   1.0000000e+00   1.0000000e+00
   1.0000000e+00   8.1129444e-01   1.0000000e+00   1.0000000e+00
   1.0000000e+00   8.1129715e-01   1.0000000e+00   1.0000000e+00
   1.0000000e+00   8.1129794e-01   1.0000000e+00   1.0000000e+00
   1.0000000e+00   8.1129733e-01   1.0000000e+00   1.0000000e+00
   3.0807555e-01   0.0000000e+00   1.0000000e+00   5.3958243e-01
   5.3958243e-01   5.6982733e-02   1.0000000e+00   7.0843922e-01
   7.0843922e-01   3.4062534e-01   1.0000000e+00   8.2712485e-01
   8.2712485e-01   5.5843107e-01   1.0000000e+00   9.0698254e-01
   9.0698254e-01   7.1468848e-01   1.0000000e+00   9.5717300e-01
   9.5717300e-01   8.3884502e-01   1.0000000e+00   9.8591788e-01
   9.8591788e-01   9.0671110e-01   1.0000000e+00   9.9925774e-01
   9.9925774e-01   9.1117660e-01   1.0000000e+00   1.0000000e+00
   1.0000000e+00   9.3430875e-01   1.0000000e+00   1.0000000e+00
   1.0000000e+00   9.1145683e-01   1.0000000e+00   1.0000000e+00
   1.0000000e+00   9.1572656e-01   1.0000000e+00   1.0000000e+00
   1.0000000e+00   8.8912567e-01   1.0000000e+00   1.0000000e+00
   1.0000000e+00   8.8912343e-01   1.0000000e+00   1.0000000e+00
   1.0000000e+00   8.6029061e-01   1.0000000e+00   1.0000000e+00
   1.0000000e+00   8.5584545e-01   1.0000000e+00   1.0000000e+00
   1.0000000e+00   8.2928392e-01   1.0000000e+00   1.0000000e+00
   1.0000000e+00   8.2377032e-01   1.0000000e+00   1.0000000e+00
   1.0000000e+00   8.1108744e-01   1.0000000e+00   1.0000000e+00
   1.0000000e+00   8.1063795e-01   1.0000000e+00   1.0000000e+00
   1.0000000e+00   8.1140824e-01   1.0000000e+00   1.0000000e+00
   1.0000000e+00   8.1141977e-01   1.0000000e+00   1.0000000e+00
   1.0000000e+00   8.1126316e-01   1.0000000e+00   1.0000000e+00
   1.0000000e+00   8.1127709e-01   1.0000000e+00   1.0000000e+00
   1.0000000e+00   8.1130616e-01   1.0000000e+00   1.0000000e+00
   1.0000000e+00   8.1130041e-01   1.0000000e+00   1.0000000e+00
   1.0000000e+00   8.1129531e-01   1.0000000e+00   1.0000000e+00
   1.0000000e+00   8.1129697e-01   1.0000000e+00   1.0000000e+00
   1.0000000e+00   8.1129779e-01   1.0000000e+00   1.0000000e+00
   1.0000000e+00   8.1129738e-01   1.0000000e+00   1.0000000e+00
   1.0000000e+00   8.1129726e-01   1.0000000e+00   1.0000000e+00
   1.0000000e+00   8.1129736e-01   1.0000000e+00   1.0000000e+00
   1.0000000e+00   8.1129737e-01   1.0000000e+00   1.0000000e+00
   1.0000000e+00   8.1129735e-01   1.0000000e+00   1.0000000e+00
   1.0000000e+00   8.1129735e-01   1.0000000e+00   1.0000000e+00
   1.0000000e+00   8.1129735e-01   1.0000000e+00   1.0000000e+00
   1.0000000e+00   8.1129735e-01   1.0000000e+00   1.0000000e+00
   1.0000000e+00   8.1129735e-01   1.0000000e+00   1.0000000e+00
   1.0000000e+00   8.1129735e-01   1.0000000e+00   1.0000000e+00
   1.0000000e+00   8.1129735e-01   1.0000000e+00   1.0000000e+00
   1.0000000e+00   8.1129735e-01   2.3304643e-01   8.2174970e-01
   8.2174970e-01   8.1129735e-01   2.3304643e-01   6.8622349e-01
   6.8622349e-01   7.8412219e-01   2.3304643e-01   5.8146041e-01
   5.8146041e-01   6.7742869e-01   2.3304643e-01   4.9877733e-01
   4.9877733e-01   6.0164884e-01   2.3304643e-01   4.3265358e-01
   4.3265358e-01   5.3675763e-01   2.3304643e-01   3.8107276e-01
   3.8107276e-01   4.5674679e-01   2.3304643e-01   3.4198758e-01
   3.4198758e-01   3.9055844e-01   2.3304643e-01   3.1340637e-01
   3.1340637e-01   3.3711974e-01   2.3304643e-01   2.9321712e-01
   2.9321712e-01   2.9865984e-01   2.3304643e-01   2.7922425e-01
   2.7922425e-01   2.7543267e-01   2.3304643e-01   2.6967519e-01
   2.6967519e-01   2.6022221e-01   2.3304643e-01   2.6328623e-01
   2.6328623e-01   2.4970939e-01   2.3304643e-01   2.5912622e-01
   2.5912622e-01   2.4250369e-01   2.3304643e-01   2.5652081e-01
   2.5652081e-01   2.3767990e-01   2.3304643e-01   2.5498315e-01
   2.5498315e-01   2.3455982e-01   2.3304643e-01   2.5416367e-01
   2.5416367e-01   2.3264056e-01   2.3304643e-01   2.5381371e-01
   2.5381371e-01   2.3154966e-01   2.3304643e-01   2.5375865e-01
   2.5375865e-01   2.3101429e-01   2.3304643e-01   2.5387797e-01
   2.5387797e-01   2.3083794e-01   2.3304643e-01   2.5409036e-01
   2.5409036e-01   2.3088201e-01   2.3304643e-01   2.5434256e-01
   2.5434256e-01   2.3105106e-01   2.3304643e-01   2.5460109e-01
   2.5460109e-01   2.3128131e-01   2.3304643e-01   2.5484613e-01
   2.5484613e-01   2.3153169e-01   2.3304643e-01   2.5506712e-01
   2.5506712e-01   2.3177706e-01   2.3304643e-01   2.5525954e-01
   2.5525954e-01   2.3200322e-01   2.3304643e-01   2.5542266e-01
   2.5542266e-01   2.3220323e-01   2.3304643e-01   2.5555802e-01
   2.5555802e-01   2.3237484e-01   2.3304643e-01   2.5566835e-01
   2.5566835e-01   2.3251862e-01   2.3304643e-01   2.5575688e-01
   2.5575688e-01   2.3263677e-01   2.3304643e-01   2.5582693e-01
   2.5582693e-01   2.3273226e-01   2.3304643e-01   2.5588165e-01
   2.5588165e-01   2.3280832e-01   2.3304643e-01   2.5592388e-01
   2.5592388e-01   2.3286809e-01   2.3304643e-01   2.5595608e-01
   2.5595608e-01   2.3291447e-01   2.3304643e-01   2.5598035e-01
   2.5598035e-01   2.3295005e-01   2.3304643e-01   2.5599842e-01
   2.5599842e-01   2.3297701e-01   2.3304643e-01   2.5601171e-01
   2.5601171e-01   2.3299721e-01   2.3304643e-01   2.5602135e-01
   2.5602135e-01   2.3301216e-01   2.3304643e-01   2.5602825e-01
   2.5602825e-01   2.3302307e-01   2.3304643e-01   2.5603309e-01
   2.5603309e-01   2.3303093e-01   0.0000000e+00   1.8421428e-01
   1.8421428e-01   2.3303651e-01   0.0000000e+00   1.3158384e-01
   1.3158384e-01   1.9289652e-01   0.0000000e+00   9.3375509e-02
   9.3375509e-02   1.3603953e-01   0.0000000e+00   6.5775629e-02
   6.5775629e-02   9.6726882e-02   0.0000000e+00   4.5982150e-02
   4.5982150e-02   6.7841016e-02   0.0000000e+00   3.1931272e-02
   3.1931272e-02   4.6571433e-02   0.0000000e+00   2.2079744e-02
   2.2079744e-02   3.1227064e-02   0.0000000e+00   1.5273852e-02
   1.5273852e-02   2.0334107e-02   0.0000000e+00   1.0658385e-02
   1.0658385e-02   1.2713538e-02   0.0000000e+00   7.6084126e-03
   7.6084126e-03   7.4675245e-03   0.0000000e+00   5.6622321e-03
   5.6622321e-03   3.9282885e-03   0.0000000e+00   4.4814041e-03
   4.4814041e-03   1.6060464e-03   0.0000000e+00   3.8215587e-03
   3.8215587e-03   1.3900630e-04   0.0000000e+00   3.5080676e-03
   3.5080676e-03   0.0000000e+00   0.0000000e+00   3.4144571e-03
   3.4144571e-03   0.0000000e+00   0.0000000e+00   3.5498639e-03
   3.5498639e-03   0.0000000e+00   0.0000000e+00   3.8640437e-03
   3.8640437e-03   0.0000000e+00   0.0000000e+00   4.1435206e-03
   4.1435206e-03   0.0000000e+00   0.0000000e+00   4.3647139e-03
   4.3647139e-03   0.0000000e+00   0.0000000e+00   4.5377035e-03
   4.5377035e-03   0.0000000e+00   0.0000000e+00   4.6730318e-03
   4.6730318e-03   0.0000000e+00   0.0000000e+00   4.7789395e-03
   4.7789395e-03   0.0000000e+00   0.0000000e+00   4.8618294e-03
   4.8618294e-03   0.0000000e+00   0.0000000e+00   4.9267044e-03
   4.9267044e-03   0.0000000e+00   0.0000000e+00   4.9774798e-03
   4.9774798e-03   0.0000000e+00   0.0000000e+00   5.0172198e-03
   5.0172198e-03   0.0000000e+00   0.0000000e+00   5.0483229e-03
   5.0483229e-03   0.0000000e+00   0.0000000e+00   5.0726662e-03
   5.0726662e-03   0.0000000e+00   0.0000000e+00   5.0917187e-03
   5.0917187e-03   0.0000000e+00   0.0000000e+00   5.1066305e-03
   5.1066305e-03   0.0000000e+00   0.0000000e+00   5.1183013e-03
   5.1183013e-03   0.0000000e+00   0.0000000e+00   5.1274356e-03
   5.1274356e-03   0.0000000e+00   0.0000000e+00   5.1345847e-03
   5.1345847e-03   0.0000000e+00   0.0000000e+00   5.1401801e-03
   5.1401801e-03   0.0000000e+00   0.0000000e+00   5.1445593e-03
   5.1445593e-03   0.0000000e+00   0.0000000e+00   5.1479868e-03
   5.1479868e-03   0.0000000e+00   0.0000000e+00   5.1506693e-03
   5.1506693e-03   0.0000000e+00   0.0000000e+00   5.1527689e-03
   5.1527689e-03   0.0000000e+00   0.0000000e+00   5.1544121e-03
   5.1544121e-03   0.0000000e+00   0.0000000e+00   5.1556982e-03
   5.1556982e-03   0.0000000e+00   0.0000000e+00   5.1567047e-03
   1.0125232e-03   0.0000000e+00   0.0000000e+00   1.9135363e-03
   1.9135363e-03   0.0000000e+00   0.0000000e+00   2.6209176e-03
   2.6209176e-03   0.0000000e+00   0.0000000e+00   3.1731215e-03
   3.1731215e-03   0.0000000e+00   0.0000000e+00   3.6050261e-03
   3.6050261e-03   0.0000000e+00   0.0000000e+00   3.9430405e-03
   3.9430405e-03   0.0000000e+00   0.0000000e+00   4.2075961e-03
   4.2075961e-03   0.0000000e+00   0.0000000e+00   4.4146569e-03
   4.4146569e-03   0.0000000e+00   0.0000000e+00   4.5767173e-03
   4.5767173e-03   0.0000000e+00   0.0000000e+00   4.7035568e-03
   4.7035568e-03   0.0000000e+00   0.0000000e+00   4.8028300e-03
   4.8028300e-03   0.0000000e+00   0.0000000e+00   4.8805276e-03
   4.8805276e-03   0.0000000e+00   0.0000000e+00   4.9413389e-03
   4.9413389e-03   0.0000000e+00   0.0000000e+00   4.9889337e-03
   4.9889337e-03   0.0000000e+00   0.0000000e+00   5.0261844e-03
   5.0261844e-03   0.0000000e+00   0.0000000e+00   5.0553392e-03
   5.0553392e-03   0.0000000e+00   0.0000000e+00   5.0781575e-03
   5.0781575e-03   0.0000000e+00   0.0000000e+00   5.0960166e-03
   5.0960166e-03   0.0000000e+00   0.0000000e+00   5.1099942e-03
   5.1099942e-03   0.0000000e+00   0.0000000e+00   5.1209340e-03
   5.1209340e-03   0.0000000e+00   0.0000000e+00   5.1294962e-03
   5.1294962e-03   0.0000000e+00   0.0000000e+00   5.1361974e-03
   5.1361974e-03   0.0000000e+00   0.0000000e+00   5.1414422e-03
   5.1414422e-03   0.0000000e+00   0.0000000e+00   5.1455472e-03
   5.1455472e-03   0.0000000e+00   0.0000000e+00   5.1487599e-03
   5.1487599e-03   0.0000000e+00   0.0000000e+00   5.1512745e-03
   5.1512745e-03   0.0000000e+00   0.0000000e+00   5.1532425e-03
   5.1532425e-03   0.0000000e+00   0.0000000e+00   5.1547828e-03
   5.1547828e-03   0.0000000e+00   0.0000000e+00   5.1559883e-03
   5.1559883e-03   0.0000000e+00   0.0000000e+00   5.1569318e-03
   5.1569318e-03   0.0000000e+00   0.0000000e+00   5.1576703e-03
   5.1576703e-03   0.0000000e+00   0.0000000e+00   5.1582482e-03
   5.1582482e-03   0.0000000e+00   0.0000000e+00   5.1587006e-03
   5.1587006e-03   0.0000000e+00   0.0000000e+00   5.1590546e-03
   5.1590546e-03   0.0000000e+00   0.0000000e+00   5.1593317e-03
   5.1593317e-03   0.0000000e+00   0.0000000e+00   5.1595486e-03
   5.1595486e-03   0.0000000e+00   0.0000000e+00   5.1597183e-03
   5.1597183e-03   0.0000000e+00   0.0000000e+00   5.1598511e-03
   5.1598511e-03   0.0000000e+00   0.0000000e+00   5.1599551e-03
   5.1599551e-03   0.0000000e+00   0.0000000e+00   5.1600365e-03
   5.1600365e-03   0.0000000e+00   8.6278238e-01   2.7105938e-01
   2.7105938e-01   0.0000000e+00   8.6278238e-01   4.7241397e-01
   4.7241397e-01   5.2721682e-02   8.6278238e-01   6.2212409e-01
   6.2212409e-01   2.9019683e-01   8.6278238e-01   7.2887757e-01
   7.2887757e-01   5.0432449e-01   8.6278238e-01   8.0469326e-01
   8.0469326e-01   6.1170484e-01   8.6278238e-01   8.5524965e-01
   8.5524965e-01   7.3298355e-01   8.6278238e-01   8.8715442e-01
   8.8715442e-01   8.0290820e-01   8.6278238e-01   9.0577816e-01
   9.0577816e-01   8.4728867e-01   8.6278238e-01   9.1574534e-01
   9.1574534e-01   8.6707954e-01   8.6278238e-01   9.2030519e-01
   9.2030519e-01   8.7651118e-01   8.6278238e-01   9.2165308e-01
   9.2165308e-01   8.7995670e-01   8.6278238e-01   9.2122265e-01
   9.2122265e-01   8.8009125e-01   8.6278238e-01   9.1992704e-01
   9.1992704e-01   8.7840356e-01   8.6278238e-01   9.1831790e-01
   9.1831790e-01   8.7599747e-01   8.6278238e-01   9.1670935e-01
   9.1670935e-01   8.7344037e-01   8.6278238e-01   9.1525627e-01
   9.1525627e-01   8.7115056e-01   8.6278238e-01   9.1401731e-01
   9.1401731e-01   8.6925477e-01   8.6278238e-01   9.1299316e-01
   9.1299316e-01   8.6782500e-01   8.6278238e-01   9.1215697e-01
   9.1215697e-01   8.6679738e-01   8.6278238e-01   9.1147050e-01
   9.1147050e-01   8.6611578e-01   8.6278238e-01   9.1089577e-01
   9.1089577e-01   8.6568382e-01   8.6278238e-01   9.1039933e-01
   9.1039933e-01   8.6543683e-01   8.6278238e-01   9.0995478e-01
   9.0995478e-01   8.6530735e-01   8.6278238e-01   9.0954232e-01
   9.0954232e-01   8.6525573e-01   8.6278238e-01   9.0914813e-01
   9.0914813e-01   8.6524674e-01   8.6278238e-01   9.0876297e-01
   9.0876297e-01   8.6526217e-01   8.6278238e-01   9.0838110e-01
   9.0838110e-01   8.6528688e-01   8.6278238e-01   9.0799919e-01
   9.0799919e-01   8.6531438e-01   8.6278238e-01   9.0761556e-01
   9.0761556e-01   8.6533931e-01   8.6278238e-01   9.0722957e-01
   9.0722957e-01   8.6536022e-01   8.6278238e-01   9.0684123e-01
   9.0684123e-01   8.6537568e-01   8.6278238e-01   9.0645091e-01
   9.0645091e-01   8.6538589e-01   8.6278238e-01   9.0605916e-01
   9.0605916e-01   8.6539074e-01   8.6278238e-01   9.0566663e-01
   9.0566663e-01   8.6539070e-01   8.6278238e-01   9.0527400e-01
   9.0527400e-01   8.6538597e-01   8.6278238e-01   9.0488191e-01
   9.0488191e-01   8.6537693e-01   8.6278238e-01   9.0449102e-01
   9.0449102e-01   8.6536375e-01   8.6278238e-01   9.0410195e-01
   9.0410195e-01   8.6534669e-01   8.6278238e-01   9.0371529e-01
   9.0371529e-01   8.6532587e-01   7.0051762e-01   8.5332353e-01
   8.5332353e-01   8.6530146e-01   7.0051762e-01   8.1605518e-01
   8.1605518e-01   8.4088315e-01   7.0051762e-01   7.8890690e-01
   7.8890690e-01   7.9821324e-01   7.0051762e-01   7.6867909e-01
   7.6867909e-01   7.7834783e-01   7.0051762e-01   7.5389254e-01
   7.5389254e-01   7.5430332e-01   7.0051762e-01   7.4332743e-01
   7.4332743e-01   7.3623610e-01   7.0051762e-01   7.3601138e-01
   7.3601138e-01   7.2260297e-01   7.0051762e-01   7.3113959e-01
   7.3113959e-01   7.1294266e-01   7.0051762e-01   7.2806260e-01
   7.2806260e-01   7.0632474e-01   7.0051762e-01   7.2626804e-01
   7.2626804e-01   7.0198882e-01   7.0051762e-01   7.2536113e-01
   7.2536113e-01   6.9931369e-01   7.0051762e-01   7.2504485e-01
   7.2504485e-01   6.9781319e-01   7.0051762e-01   7.2510116e-01
   7.2510116e-01   6.9711558e-01   7.0051762e-01   7.2537437e-01
   7.2537437e-01   6.9694349e-01   7.0051762e-01   7.2575677e-01
   7.2575677e-01   6.9709519e-01   7.0051762e-01   7.2617676e-01
   7.2617676e-01   6.9742807e-01   7.0051762e-01   7.2658922e-01
   7.2658922e-01   6.9784475e-01   7.0051762e-01   7.2696793e-01
   7.2696793e-01   6.9828153e-01   7.0051762e-01   7.2729975e-01
   7.2729975e-01   6.9869922e-01   7.0051762e-01   7.2758022e-01
   7.2758022e-01   6.9907594e-01   7.0051762e-01   7.2781033e-01
   7.2781033e-01   6.9940162e-01   7.0051762e-01   7.2799425e-01
   7.2799425e-01   6.9967393e-01   7.0051762e-01   7.2813773e-01
   7.2813773e-01   6.9989526e-01   7.0051762e-01   7.2824705e-01
   7.2824705e-01   7.0007066e-01   7.0051762e-01   7.2832835e-01
   7.2832835e-01   7.0020637e-01   7.0051762e-01   7.2838728e-01
   7.2838728e-01   7.0030892e-01   7.0051762e-01   7.2842876e-01
   7.2842876e-01   7.0038454e-01   7.0051762e-01   7.2845694e-01
   7.2845694e-01   7.0043881e-01   7.0051762e-01   7.2847525e-01
   7.2847525e-01   7.0047658e-01   7.0051762e-01   7.2848640e-01
   7.2848640e-01   7.0050189e-01   7.0051762e-01   7.2849252e-01
   7.2849252e-01   7.0051801e-01   7.0051762e-01   7.2849521e-01
   7.2849521e-01   7.0052754e-01   7.0051762e-01   7.2849569e-01
   7.2849569e-01   7.0053248e-01   7.0051762e-01   7.2849482e-01
   7.2849482e-01   7.0053436e-01   7.0051762e-01   7.2849321e-01
   7.2849321e-01   7.0053428e-01   7.0051762e-01   7.2849128e-01
   7.2849128e-01   7.0053306e-01   7.0051762e-01   7.2848929e-01
   7.2848929e-01   7.0053123e-01   7.0051762e-01   7.2848742e-01
   7.2848742e-01   7.0052919e-01   7.0051762e-01   7.2848574e-01
   7.2848574e-01   7.0052715e-01   7.0051762e-01   7.2848429e-01
   7.2848429e-01   7.0052527e-01   7.0051762e-01   7.2848309e-01
   2.5309985e-02   0.0000000e+00   8.1152172e-02   4.4692609e-02
   4.4692609e-02   8.5166558e-04   8.1152172e-02   5.9418804e-02
   5.9418804e-02   2.1386897e-02   8.1152172e-02   7.0527557e-02
   7.0527557e-02   3.6920331e-02   8.1152172e-02   7.8849584e-02
   7.8849584e-02   4.8640154e-02   8.1152172e-02   8.5036532e-02
   8.5036532e-02   5.7495985e-02   8.1152172e-02   8.9596781e-02
   8.9596781e-02   6.4146461e-02   8.1152172e-02   9.2925296e-02
   9.2925296e-02   6.9100740e-02   8.1152172e-02   9.5327588e-02
   9.5327588e-02   7.2757029e-02   8.1152172e-02   9.7038800e-02
   9.7038800e-02   7.5426596e-02   8.1152172e-02   9.8238884e-02
   9.8238884e-02   7.7351949e-02   8.1152172e-02   9.9064659e-02
   9.9064659e-02   7.8720994e-02   8.1152172e-02   9.9619386e-02
   9.9619386e-02   7.9678301e-02   8.1152172e-02   9.9980370e-02
   9.9980370e-02   8.0334196e-02   8.1152172e-02   1.0020496e-01
   1.0020496e-01   8.0772129e-02   8.1152172e-02   1.0033528e-01
   1.0033528e-01   8.1054626e-02   8.1152172e-02   1.0040192e-01
   1.0040192e-01   8.1228062e-02   8.1152172e-02   1.0042682e-01
   1.0042682e-01   8.1326456e-02   8.1152172e-02   1.0042547e-01
   1.0042547e-01   8.1374468e-02   8.1152172e-02   1.0040863e-01
   1.0040863e-01   8.1389730e-02   8.1152172e-02   1.0038360e-01
   1.0038360e-01   8.1384654e-02   8.1152172e-02   1.0035520e-01
   1.0035520e-01   8.1367813e-02   8.1152172e-02   1.0032649e-01
   1.0032649e-01   8.1344996e-02   8.1152172e-02   1.0029930e-01
   1.0029930e-01   8.1319990e-02   8.1152172e-02   1.0027464e-01
   1.0027464e-01   8.1295173e-02   8.1152172e-02   1.0025294e-01
   1.0025294e-01   8.1271945e-02   8.1152172e-02   1.0023428e-01
   1.0023428e-01   8.1251042e-02   8.1152172e-02   1.0021855e-01
   1.0021855e-01   8.1232760e-02   8.1152172e-02   1.0020548e-01
   1.0020548e-01   8.1217122e-02   8.1152172e-02   1.0019477e-01
   1.0019477e-01   8.1203982e-02   8.1152172e-02   1.0018610e-01
   1.0018610e-01   8.1193105e-02   8.1152172e-02   1.0017915e-01
   1.0017915e-01   8.1184218e-02   8.1152172e-02   1.0017364e-01
   1.0017364e-01   8.1177040e-02   8.1152172e-02   1.0016930e-01
   1.0016930e-01   8.1171302e-02   8.1152172e-02   1.0016593e-01
   1.0016593e-01   8.1166761e-02   8.1152172e-02   1.0016332e-01
   1.0016332e-01   8.1163199e-02   8.1152172e-02   1.0016133e-01
   1.0016133e-01   8.1160430e-02   8.1152172e-02   1.0015981e-01
   1.0015981e-01   8.1158296e-02   8.1152172e-02   1.0015867e-01
   1.0015867e-01   8.1156666e-02   8.1152172e-02   1.0015783e-01
   1.0015783e-01   8.1155432e-02   1.0000000e+00   5.7569290e-01
   5.7569290e-01   8.1154506e-02   1.0000000e+00   8.6805976e-01
   8.6805976e-01   2.2433940e-01   1.0000000e+00   1.0000000e+00
   1.0000000e+00   7.0348773e-01   1.0000000e+00   1.0000000e+00
   1.0000000e+00   9.0176455e-01   1.0000000e+00   1.0000000e+00
   1.0000000e+00   9.6263693e-01   1.0000000e+00   1.0000000e+00
   1.0000000e+00   8.8681251e-01   1.0000000e+00   1.0000000e+00
   1.0000000e+00   9.4350259e-01   1.0000000e+00   1.0000000e+00
   1.0000000e+00   8.6691726e-01   1.0000000e+00   1.0000000e+00
   1.0000000e+00   9.1696043e-01   1.0000000e+00   1.0000000e+00
   1.0000000e+00   8.4262601e-01   1.0000000e+00   1.0000000e+00
   1.0000000e+00   8.8237339e-01   1.0000000e+00   1.0000000e+00
   1.0000000e+00   8.1919771e-01   1.0000000e+00   1.0000000e+00
   1.0000000e+00   8.4389896e-01   1.0000000e+00   1.0000000e+00
   1.0000000e+00   8.0885382e-01   1.0000000e+00   1.0000000e+00
   1.0000000e+00   8.1615572e-01   1.0000000e+00   1.0000000e+00
   1.0000000e+00   8.1131131e-01   1.0000000e+00   1.0000000e+00
   1.0000000e+00   8.1061961e-01   1.0000000e+00   1.0000000e+00
   1.0000000e+00   8.1136522e-01   1.0000000e+00   1.0000000e+00
   1.0000000e+00   8.1142822e-01   1.0000000e+00   1.0000000e+00
   1.0000000e+00   8.1127060e-01   1.0000000e+00   1.0000000e+00
   1.0000000e+00   8.1127470e-01   1.0000000e+00   1.0000000e+00
   1.0000000e+00   8.1130495e-01   1.0000000e+00   1.0000000e+00
   1.0000000e+00   8.1130100e-01   1.0000000e+00   1.0000000e+00
   1.0000000e+00   8.1129549e-01   1.0000000e+00   1.0000000e+00
   1.0000000e+00   8.1129683e-01   1.0000000e+00   1.0000000e+00
   1.0000000e+00   8.1129777e-01   1.0000000e+00   1.0000000e+00
   1.0000000e+00   8.1129741e-01   1.0000000e+00   1.0000000e+00
   1.0000000e+00   8.1129726e-01   1.0000000e+00   1.0000000e+00
   1.0000000e+00   8.1129735e-01   1.0000000e+00   1.0000000e+00
   1.0000000e+00   8.1129737e-01   1.0000000e+00   1.0000000e+00
   1.0000000e+00   8.1129735e-01   1.0000000e+00   1.0000000e+00
   1.0000000e+00   8.1129735e-01   1.0000000e+00   1.0000000e+00
   1.0000000e+00   8.1129735e-01   1.0000000e+00   1.0000000e+00
   1.0000000e+00   8.1129735e-01   1.0000000e+00   1.0000000e+00
   1.0000000e+00   8.1129735e-01   1.0000000e+00   1.0000000e+00
   1.0000000e+00   8.1129735e-01   1.0000000e+00   1.0000000e+00
   1.0000000e+00   8.1129735e-01   1.0000000e+00   1.0000000e+00
   1.0000000e+00   8.1129735e-01   1.0000000e+00   1.0000000e+00
   1.0000000e+00   8.1129735e-01   1.0000000e+00   1.0000000e+00
   1.0000000e+00   8.1129735e-01   1.0000000e+00   1.0000000e+00
   1.0000000e+00   8.1129735e-01   1.0000000e+00   1.0000000e+00
   1.0000000e+00   8.1129735e-01   1.0000000e+00   1.0000000e+00
   1.0000000e+00   8.1129735e-01   1.0000000e+00   1.0000000e+00
   1.0000000e+00   8.1129735e-01   1.0000000e+00   1.0000000e+00
   1.0000000e+00   8.1129735e-01   1.0000000e+00   1.0000000e+00
   1.0000000e+00   8.1129735e-01   1.0000000e+00   1.0000000e+00
   1.0000000e+00   8.1129735e-01   1.0000000e+00   1.0000000e+00
   1.0000000e+00   8.1129735e-01   1.0000000e+00   1.0000000e+00
   1.0000000e+00   8.1129735e-01   1.0000000e+00   1.0000000e+00
   1.0000000e+00   8.1129735e-01   1.0000000e+00   1.0000000e+00
   1.0000000e+00   8.1129735e-01   1.0000000e+00   1.0000000e+00
   1.0000000e+00   8.1129735e-01   1.0000000e+00   1.0000000e+00
   1.0000000e+00   8.1129735e-01   1.0000000e+00   1.0000000e+00
   1.0000000e+00   8.1129735e-01   1.0000000e+00   1.0000000e+00
   1.0000000e+00   8.1129735e-01   1.0000000e+00   1.0000000e+00
   1.0000000e+00   8.1129735e-01   1.0000000e+00   1.0000000e+00
   1.0000000e+00   8.1129735e-01   1.0000000e+00   1.0000000e+00
   1.0000000e+00   8.1129735e-01   1.0000000e+00   1.0000000e+00
   1.0000000e+00   8.1129735e-01   1.0000000e+00   1.0000000e+00
   1.0000000e+00   8.1129735e-01   1.0000000e+00   1.0000000e+00
   1.0000000e+00   8.1129735e-01   1.0000000e+00   1.0000000e+00
   1.0000000e+00   8.1129735e-01   1.0000000e+00   1.0000000e+00
   1.0000000e+00   8.1129735e-01   1.0000000e+00   1.0000000e+00
   1.0000000e+00   8.1129735e-01   1.0000000e+00   1.0000000e+00
   1.0000000e+00   8.1129735e-01   1.0000000e+00   1.0000000e+00
   1.0000000e+00   8.1129735e-01   1.0000000e+00   1.0000000e+00
   1.0000000e+00   8.1129735e-01   1.0000000e+00   1.0000000e+00
   1.0000000e+00   8.1129735e-01   1.0000000e+00   1.0000000e+00
   1.0000000e+00   8.1129735e-01   1.0000000e+00   1.0000000e+00
   1.0000000e+00   8.1129735e-01   1.0000000e+00   1.0000000e+00
   1.0000000e+00   8.1129735e-01   1.0000000e+00   1.0000000e+00
   1.0000000e+00   8.1129735e-01   1.0000000e+00   1.0000000e+00
   1.0000000e+00   8.1129735e-01   1.0000000e+00   1.0000000e+00
   1.0000000e+00   8.1129735e-01   1.0000000e+00   1.0000000e+00
   1.0000000e+00   8.1129735e-01   1.0000000e+00   1.0000000e+00
   1.0000000e+00   8.1129735e-01   1.0000000e+00   1.0000000e+00
   1.0000000e+00   8.1129735e-01   1.0000000e+00   1.0000000e+00
   1.0000000e+00   8.1129735e-01   1.0000000e+00   1.0000000e+00
   1.0000000e+00   8.1129735e-01   1.0000000e+00   1.0000000e+00
   1.8602105e-01   0.0000000e+00   6.0262275e-01   3.2711420e-01
   3.2711420e-01   3.2559533e-02   6.0262275e-01   4.3286535e-01
   4.3286535e-01   1.8891122e-01   6.0262275e-01   5.0770581e-01
   5.0770581e-01   3.5778976e-01   6.0262275e-01   5.6097133e-01
   5.6097133e-01   4.2491639e-01   6.0262275e-01   5.9825551e-01
   5.9825551e-01   4.8538367e-01   6.0262275e-01   6.2324766e-01
   6.2324766e-01   5.3687499e-01   6.0262275e-01   6.3900158e-01
   6.3900158e-01   5.7328940e-01   6.0262275e-01   6.4803639e-01
   6.4803639e-01   5.9735125e-01   6.0262275e-01   6.5240230e-01
   6.5240230e-01   6.1163464e-01   6.0262275e-01   6.5369340e-01
   6.5369340e-01   6.1905877e-01   6.0262275e-01   6.5307794e-01
   6.5307794e-01   6.2220042e-01   6.0262275e-01   6.5137694e-01
   6.5137694e-01   6.2272231e-01   6.0262275e-01   6.4914717e-01
   6.4914717e-01   6.2170163e-01   6.0262275e-01   6.4675116e-01
   6.4675116e-01   6.1985674e-01   6.0262275e-01   6.4441261e-01
   6.4441261e-01   6.1765731e-01   6.0262275e-01   6.4225890e-01
   6.4225890e-01   6.1539657e-01   6.0262275e-01   6.4035273e-01
   6.4035273e-01   6.1324611e-01   6.0262275e-01   6.3871498e-01
   6.3871498e-01   6.1129708e-01   6.0262275e-01   6.3734079e-01
   6.3734079e-01   6.0958950e-01   6.0262275e-01   6.3621055e-01
   6.3621055e-01   6.0813192e-01   6.0262275e-01   6.3529719e-01
   6.3529719e-01   6.0691418e-01   6.0262275e-01   6.3457095e-01
   6.3457095e-01   6.0591569e-01   6.0262275e-01   6.3400233e-01
   6.3400233e-01   6.0511081e-01   8.6320057e-01   7.1387079e-01
   7.1387079e-01   6.0447228e-01   8.6320057e-01   7.7302852e-01
   7.7302852e-01   6.3941128e-01   8.6320057e-01   8.1574776e-01
   8.1574776e-01   7.1364996e-01   8.6320057e-01   8.4578364e-01
   8.4578364e-01   7.6720017e-01   8.6320057e-01   8.6618643e-01
   8.6618643e-01   8.0626060e-01   8.6320057e-01   8.7953233e-01
   8.7953233e-01   8.3209779e-01   8.6320057e-01   8.8795557e-01
   8.8795557e-01   8.4738016e-01   8.6320057e-01   8.9305110e-01
   8.9305110e-01   8.5647366e-01   8.6320057e-01   8.9595645e-01
   8.9595645e-01   8.6174525e-01   8.6320057e-01   8.9746037e-01
   8.9746037e-01   8.6462330e-01   8.6320057e-01   8.9809752e-01
   8.9809752e-01   8.6602286e-01   8.6320057e-01   8.9822233e-01
   8.9822233e-01   8.6653794e-01   8.6320057e-01   8.9806389e-01
   8.9806389e-01   8.6655333e-01   8.6320057e-01   8.9776577e-01
   8.9776577e-01   8.6631213e-01   8.6320057e-01   8.9741436e-01
   8.9741436e-01   8.6596310e-01   8.6320057e-01   8.9705876e-01
   8.9705876e-01   8.6559188e-01   8.6320057e-01   8.9672442e-01
   8.9672442e-01   8.6524394e-01   8.6320057e-01   8.9642243e-01
   8.9642243e-01   8.6493953e-01   8.6320057e-01   8.9615554e-01
   8.9615554e-01   8.6468437e-01   8.6320057e-01   8.9592209e-01
   8.9592209e-01   8.6447619e-01   8.6320057e-01   8.9571838e-01
   8.9571838e-01   8.6430913e-01   8.6320057e-01   8.9554007e-01
   8.9554007e-01   8.6417610e-01   8.6320057e-01   8.9538293e-01
   8.9538293e-01   8.6407020e-01   8.6320057e-01   8.9524319e-01
   8.9524319e-01   8.6398532e-01   1.0000000e+00   9.3544279e-01
   9.3544279e-01   8.6391642e-01   1.0000000e+00   9.6385309e-01
   9.6385309e-01   8.8369823e-01   1.0000000e+00   9.8281359e-01
   9.8281359e-01   9.2024084e-01   1.0000000e+00   9.9470140e-01
   9.9470140e-01   9.2042029e-01   1.0000000e+00   1.0000000e+00
   1.0000000e+00   9.3849550e-01   1.0000000e+00   1.0000000e+00
   1.0000000e+00   9.2486973e-01   1.0000000e+00   1.0000000e+00
   1.0000000e+00   9.2964598e-01   1.0000000e+00   1.0000000e+00
   1.0000000e+00   9.0713292e-01   1.0000000e+00   1.0000000e+00
   1.0000000e+00   9.0841241e-01   1.0000000e+00   1.0000000e+00
   1.0000000e+00   8.8295108e-01   1.0000000e+00   1.0000000e+00
   1.0000000e+00   8.7988275e-01   1.0000000e+00   1.0000000e+00
   1.0000000e+00   8.5261550e-01   1.0000000e+00   1.0000000e+00
   1.0000000e+00   8.4580254e-01   1.0000000e+00   1.0000000e+00
   1.0000000e+00   8.2281454e-01   1.0000000e+00   1.0000000e+00
   1.0000000e+00   8.1743595e-01   1.0000000e+00   1.0000000e+00
   1.0000000e+00   8.1022997e-01   1.0000000e+00   1.0000000e+00
   1.0000000e+00   8.1061740e-01   1.0000000e+00   1.0000000e+00
   1.0000000e+00   8.1159357e-01   1.0000000e+00   1.0000000e+00
   1.0000000e+00   8.1140443e-01   1.0000000e+00   1.0000000e+00
   1.0000000e+00   8.1122943e-01   1.0000000e+00   1.0000000e+00
   1.0000000e+00   8.1128355e-01   1.0000000e+00   1.0000000e+00
   1.0000000e+00   8.1131214e-01   1.0000000e+00   1.0000000e+00
   1.0000000e+00   8.1129852e-01   9.7748875e-01   1.0000000e+00
   1.0000000e+00   8.1129434e-01   9.7748875e-01   1.0000000e+00
   1.0000000e+00   8.1129744e-01   9.7748875e-01   1.0000000e+00
   1.0000000e+00   8.1129793e-01   9.7748875e-01   1.0000000e+00
   1.0000000e+00   8.1129728e-01   9.7748875e-01   1.0000000e+00
   1.0000000e+00   8.1129725e-01   9.7748875e-01   1.0000000e+00
   1.0000000e+00   8.1129738e-01   9.7748875e-01   1.0000000e+00
   1.0000000e+00   8.1129737e-01   9.7748875e-01   1.0000000e+00
   1.0000000e+00   8.1129735e-01   9.7748875e-01   1.0000000e+00
   1.0000000e+00   8.1129735e-01   9.7748875e-01   1.0000000e+00
   1.0000000e+00   8.1129735e-01   9.7748875e-01   1.0000000e+00
   1.0000000e+00   8.1129735e-01   9.7748875e-01   1.0000000e+00
   1.0000000e+00   8.1129735e-01   9.7748875e-01   1.0000000e+00
   1.0000000e+00   8.1129735e-01   9.7748875e-01   1.0000000e+00
   1.0000000e+00   8.1129735e-01   9.7748875e-01   1.0000000e+00
   1.0000000e+00   8.1129735e-01   9.7748875e-01   1.0000000e+00
   1.0000000e+00   8.1129735e-01   9.7748875e-01   1.0000000e+00
   1.0000000e+00   8.1129735e-01   9.7748875e-01   1.0000000e+00
   1.0000000e+00   8.1129735e-01   9.7748875e-01   1.0000000e+00
   1.0000000e+00   8.1129735e-01   9.7748875e-01   1.0000000e+00
   1.0000000e+00   8.1129735e-01   9.7748875e-01   1.0000000e+00
   1.0000000e+00   8.1129735e-01   9.7748875e-01   1.0000000e+00
   1.0000000e+00   8.1129735e-01   9.7748875e-01   1.0000000e+00
   1.0000000e+00   8.1129735e-01   9.7748875e-01   1.0000000e+00
   1.0000000e+00   8.1129735e-01   1.0000000e+00   1.0000000e+00
   1.0000000e+00   8.1129735e-01   1.0000000e+00   1.0000000e+00
   1.0000000e+00   8.1129735e-01   1.0000000e+00   1.0000000e+00
   1.0000000e+00   8.1129735e-01   1.0000000e+00   1.0000000e+00
   1.0000000e+00   8.1129735e-01   1.0000000e+00   1.0000000e+00
   1.0000000e+00   8.1129735e-01   1.0000000e+00   1.0000000e+00
   1.0000000e+00   8.1129735e-01   1.0000000e+00   1.0000000e+00
   1.0000000e+00   8.1129735e-01   1.0000000e+00   1.0000000e+00
   1.0000000e+00   8.1129735e-01   1.0000000e+00   1.0000000e+00
   1.0000000e+00   8.1129735e-01   1.0000000e+00   1.0000000e+00
   1.0000000e+00   8.1129735e-01   1.0000000e+00   1.0000000e+00
   1.0000000e+00   8.1129735e-01   1.0000000e+00   1.0000000e+00
   1.0000000e+00   8.1129735e-01   1.0000000e+00   1.0000000e+00
   1.0000000e+00   8.1129735e-01   1.0000000e+00   1.0000000e+00
   1.0000000e+00   8.1129735e-01   1.0000000e+00   1.0000000e+00
   1.0000000e+00   8.1129735e-01   1.0000000e+00   1.0000000e+00
   1.0000000e+00   8.1129735e-01   1.0000000e+00   1.0000000e+00
   1.0000000e+00   8.1129735e-01   1.0000000e+00   1.0000000e+00
   1.0000000e+00   8.1129735e-01   1.0000000e+00   1.0000000e+00
   1.0000000e+00   8.1129735e-01   1.0000000e+00   1.0000000e+00
   1.0000000e+00   8.1129735e-01   1.0000000e+00   1.0000000e+00
   1.0000000e+00   8.1129735e-01   1.0000000e+00   1.0000000e+00
   1.0000000e+00   8.1129735e-01   1.0000000e+00   1.0000000e+00
   1.0000000e+00   8.1129735e-01   1.0000000e+00   1.0000000e+00
   1.0000000e+00   8.1129735e-01   1.0000000e+00   1.0000000e+00
   2.2914114e-01   0.0000000e+00   7.4253756e-01   4.0288487e-01
   4.0288487e-01   4.1145856e-02   7.4253756e-01   5.3276817e-01
   5.3276817e-01   2.3810433e-01   7.4253756e-01   6.2448746e-01
   6.2448746e-01   4.4477944e-01   7.4253756e-01   6.9017011e-01
   6.9017011e-01   5.1878919e-01   7.4253756e-01   7.3551394e-01
   7.3551394e-01   6.0729416e-01   7.4253756e-01   7.6489803e-01
   7.6489803e-01   6.7749061e-01   7.4253756e-01   7.8258593e-01
   7.8258593e-01   7.2036437e-01   7.4253756e-01   7.9205589e-01
   7.9205589e-01   7.4656526e-01   7.4253756e-01   7.9598097e-01
   7.9598097e-01   7.6159224e-01   7.4253756e-01   7.9634719e-01
   7.9634719e-01   7.6903916e-01   7.4253756e-01   7.9458291e-01
   7.9458291e-01   7.7155088e-01   7.4253756e-01   7.9168192e-01
   7.9168192e-01   7.7100741e-01   7.4253756e-01   7.8831130e-01
   7.8831130e-01   7.6869827e-01   7.4253756e-01   7.8489885e-01
   7.8489885e-01   7.6549773e-01   7.4253756e-01   7.8170128e-01
   7.8170128e-01   7.6198682e-01   7.4253756e-01   7.7885596e-01
   7.7885596e-01   7.5853510e-01   7.4253756e-01   7.7641982e-01
   7.7641982e-01   7.5535995e-01   7.4253756e-01   7.7439799e-01
   7.7439799e-01   7.5257208e-01   7.4253756e-01   7.7276439e-01
   7.7276439e-01   7.5021035e-01   0.0000000e+00   5.4265776e-01
   5.4265776e-01   7.4826799e-01   0.0000000e+00   3.7359840e-01
   3.7359840e-01   6.2930227e-01   0.0000000e+00   2.4871346e-01
   2.4871346e-01   4.8365888e-01   0.0000000e+00   1.5968473e-01
   1.5968473e-01   3.1565871e-01   0.0000000e+00   9.9729232e-02
   9.9729232e-02   1.7052830e-01   0.0000000e+00   5.9910140e-02
   5.9910140e-02   1.0912028e-01   0.0000000e+00   3.3995347e-02
   3.3995347e-02   6.8991107e-02   0.0000000e+00   1.7747557e-02
   1.7747557e-02   3.9870835e-02   0.0000000e+00   8.0586846e-03
   8.0586846e-03   2.0442142e-02   0.0000000e+00   2.7671913e-03
   2.7671913e-03   8.2853429e-03   0.0000000e+00   4.5191960e-04
   4.5191960e-04   1.1376653e-03   0.0000000e+00   0.0000000e+00
   0.0000000e+00   0.0000000e+00   0.0000000e+00   0.0000000e+00
   0.0000000e+00   0.0000000e+00   0.0000000e+00   0.0000000e+00
   0.0000000e+00   0.0000000e+00   0.0000000e+00   0.0000000e+00
   0.0000000e+00   0.0000000e+00   0.0000000e+00   0.0000000e+00
   0.0000000e+00   0.0000000e+00   0.0000000e+00   0.0000000e+00
   0.0000000e+00   0.0000000e+00   0.0000000e+00   8.8581538e-04
   8.8581538e-04   0.0000000e+00   0.0000000e+00   1.7917736e-03
   1.7917736e-03   0.0000000e+00   0.0000000e+00   2.5237378e-03
   2.5237378e-03   0.0000000e+00   3.3265183e-01   1.0521289e-01
   1.0521289e-01   0.0000000e+00   3.3265183e-01   1.8308880e-01
   1.8308880e-01   1.8132813e-02   3.3265183e-01   2.4156484e-01
   2.4156484e-01   1.0272553e-01   3.3265183e-01   2.8463917e-01
   2.8463917e-01   1.7231957e-01   3.3265183e-01   3.1484865e-01
   3.1484865e-01   2.3697614e-01   3.3265183e-01   3.3519108e-01
   3.3519108e-01   2.7801377e-01   3.3265183e-01   3.4855228e-01
   3.4855228e-01   3.0083257e-01   3.3265183e-01   3.5712843e-01
   3.5712843e-01   3.1469913e-01   3.3265183e-01   3.6246138e-01
   3.6246138e-01   3.2366417e-01   3.3265183e-01   3.6561304e-01
   3.6561304e-01   3.2949164e-01   3.3265183e-01   3.6731524e-01
   3.6731524e-01   3.3315057e-01   3.3265183e-01   3.6807385e-01
   3.6807385e-01   3.3529342e-01   3.3265183e-01   3.6823788e-01
   3.6823788e-01   3.3639771e-01   3.3265183e-01   3.6804608e-01
   3.6804608e-01   3.3681574e-01   3.3265183e-01   3.6765918e-01
   3.6765918e-01   3.3680230e-01   3.3265183e-01   3.6718285e-01
   3.6718285e-01   3.3653637e-01   3.3265183e-01   3.6668413e-01
   3.6668413e-01   3.3613964e-01   3.3265183e-01   3.6620344e-01
   3.6620344e-01   3.3569173e-01   3.3265183e-01   3.6576313e-01
   3.6576313e-01   3.3524228e-01   3.3265183e-01   3.6537366e-01
   3.6537366e-01   3.3482019e-01   1.0000000e+00   6.5882239e-01
   6.5882239e-01   3.3444047e-01   1.0000000e+00   8.5355402e-01
   8.5355402e-01   4.1539798e-01   1.0000000e+00   9.6399887e-01
   9.6399887e-01   6.6729257e-01   1.0000000e+00   1.0000000e+00
   1.0000000e+00   8.7614649e-01   1.0000000e+00   1.0000000e+00
   1.0000000e+00   9.5560896e-01   1.0000000e+00   1.0000000e+00
   1.0000000e+00   9.0715933e-01   1.0000000e+00   1.0000000e+00
   1.0000000e+00   9.3911674e-01   1.0000000e+00   1.0000000e+00
   1.0000000e+00   8.8855806e-01   1.0000000e+00   1.0000000e+00
   1.0000000e+00   9.1594206e-01   1.0000000e+00   1.0000000e+00
   1.0000000e+00   8.6408001e-01   1.0000000e+00   1.0000000e+00
   1.0000000e+00   8.8493095e-01   1.0000000e+00   1.0000000e+00
   1.0000000e+00   8.3571790e-01   1.0000000e+00   1.0000000e+00
   1.0000000e+00   8.4831795e-01   1.0000000e+00   1.0000000e+00
   1.0000000e+00   8.1349430e-01   1.0000000e+00   1.0000000e+00
   1.0000000e+00   8.1842009e-01   1.0000000e+00   1.0000000e+00
   1.0000000e+00   8.1028525e-01   1.0000000e+00   1.0000000e+00
   1.0000000e+00   8.1056602e-01   1.0000000e+00   1.0000000e+00
   1.0000000e+00   8.1158683e-01   1.0000000e+00   1.0000000e+00
   1.0000000e+00   8.1141600e-01   1.0000000e+00   1.0000000e+00
   1.0000000e+00   8.1122951e-01   1.0000000e+00   1.0000000e+00
   1.0000000e+00   8.1128130e-01   1.0000000e+00   1.0000000e+00
   1.0000000e+00   8.1131236e-01   1.0000000e+00   1.0000000e+00
   1.0000000e+00   8.1129894e-01   1.0000000e+00   1.0000000e+00
   1.0000000e+00   8.1129425e-01   1.0000000e+00   1.0000000e+00
   1.0000000e+00   8.1129736e-01   1.0000000e+00   1.0000000e+00
   1.0000000e+00   8.1129796e-01   1.0000000e+00   1.0000000e+00
   1.0000000e+00   8.1129729e-01   1.0000000e+00   1.0000000e+00
   1.0000000e+00   8.1129724e-01   1.0000000e+00   1.0000000e+00
   1.0000000e+00   8.1129738e-01   1.0000000e+00   1.0000000e+00
   1.0000000e+00   8.1129737e-01   1.0000000e+00   1.0000000e+00
   1.0000000e+00   8.1129735e-01   1.0000000e+00   1.0000000e+00
   1.0000000e+00   8.1129735e-01   1.0000000e+00   1.0000000e+00
   1.0000000e+00   8.1129735e-01   1.0000000e+00   1.0000000e+00
   1.0000000e+00   8.1129735e-01   1.0000000e+00   1.0000000e+00
   1.0000000e+00   8.1129735e-01   1.0000000e+00   1.0000000e+00
   1.0000000e+00   8.1129735e-01   1.0000000e+00   1.0000000e+00
   1.0000000e+00   8.1129735e-01   1.0000000e+00   1.0000000e+00
   1.0000000e+00   8.1129735e-01   1.0000000e+00   1.0000000e+00
   1.0000000e+00   8.1129735e-01   5.7622430e-01   9.2752841e-01
   9.2752841e-01   8.1129735e-01   5.7622430e-01   8.7183311e-01
   8.7183311e-01   8.0904421e-01   5.7622430e-01   8.2719822e-01
   8.2719822e-01   7.8219043e-01   5.7622430e-01   7.8773303e-01
   7.8773303e-01   7.9580598e-01   5.7622430e-01   7.5248125e-01
   7.5248125e-01   7.7564974e-01   5.7622430e-01   7.2170411e-01
   7.2170411e-01   7.4386519e-01   5.7622430e-01   6.9562553e-01
   6.9562553e-01   7.1089920e-01   5.7622430e-01   6.7415915e-01
   6.7415915e-01   6.8102814e-01   5.7622430e-01   6.5693716e-01
   6.5693716e-01   6.5588295e-01   5.7622430e-01   6.4341715e-01
   6.4341715e-01   6.3575256e-01   5.7622430e-01   6.3297101e-01
   6.3297101e-01   6.2048244e-01   5.7622430e-01   6.2498303e-01
   6.2498303e-01   6.0919284e-01   5.7622430e-01   6.1893226e-01
   6.1893226e-01   6.0058622e-01   5.7622430e-01   6.1440686e-01
   6.1440686e-01   5.9382278e-01   5.7622430e-01   6.1108032e-01
   6.1108032e-01   5.8852970e-01   5.7622430e-01   6.0868892e-01
   6.0868892e-01   5.8447496e-01   5.7622430e-01   6.0701761e-01
   6.0701761e-01   5.8144937e-01   5.7622430e-01   6.0589156e-01
   6.0589156e-01   5.7925646e-01   5.7622430e-01   6.0517000e-01
   6.0517000e-01   5.7771926e-01   5.7622430e-01   6.0474133e-01
   6.0474133e-01   5.7668499e-01   5.7622430e-01   6.0451863e-01
   1.3546274e-01   0.0000000e+00   4.3857263e-01   2.3826982e-01
   2.3826982e-01   2.2540167e-02   4.3857263e-01   3.1549224e-01
   3.1549224e-01   1.3465599e-01   4.3857263e-01   3.7153670e-01
   3.7153670e-01   2.3921834e-01   4.3857263e-01   4.1026877e-01
   4.1026877e-01   3.2255577e-01   4.3857263e-01   4.3696203e-01
   4.3696203e-01   3.5949024e-01   4.3857263e-01   4.5529168e-01
   4.5529168e-01   3.8505569e-01   4.3857263e-01   4.6748133e-01
   4.6748133e-01   4.0768115e-01   4.3857263e-01   4.7514042e-01
   4.7514042e-01   4.2463030e-01   4.3857263e-01   4.7951979e-01
   4.7951979e-01   4.3620289e-01   4.3857263e-01   4.8159816e-01
   4.8159816e-01   4.4349996e-01   4.3857263e-01   4.8212921e-01
   4.8212921e-01   4.4763017e-01   4.3857263e-01   4.8167944e-01
   4.8167944e-01   4.4952696e-01   4.3857263e-01   4.8066244e-01
   4.8066244e-01   4.4992482e-01   4.3857263e-01   4.7937001e-01
   4.7937001e-01   4.4937892e-01   4.3857263e-01   4.7799932e-01
   4.7799932e-01   4.4829464e-01   4.3857263e-01   4.7667616e-01
   4.7667616e-01   4.4695714e-01   4.3857263e-01   4.7547398e-01
   4.7547398e-01   4.4555820e-01   4.3857263e-01   4.7442918e-01
   4.7442918e-01   4.4421914e-01   4.3857263e-01   4.7355300e-01
   4.7355300e-01   4.4300983e-01   4.3857263e-01   4.7284059e-01
   4.7284059e-01   4.4196381e-01   4.3857263e-01   4.7227759e-01
   4.7227759e-01   4.4109017e-01   4.3857263e-01   4.7184484e-01
   4.7184484e-01   4.4038241e-01   4.3857263e-01   4.7152160e-01
   4.7152160e-01   4.3982504e-01   7.8424127e-01   5.7781860e-01
   5.7781860e-01   4.3939812e-01   7.8424127e-01   6.5831032e-01
   6.5831032e-01   4.6044665e-01   7.8424127e-01   7.1774875e-01
   7.1774875e-01   5.6137595e-01   7.8424127e-01   7.6001632e-01
   7.6001632e-01   6.4363788e-01   7.8424127e-01   7.8853571e-01
   7.8853571e-01   7.0694887e-01   7.8424127e-01   8.0681738e-01
   8.0681738e-01   7.4627674e-01   7.8424127e-01   8.1771788e-01
   8.1771788e-01   7.7198439e-01   7.8424127e-01   8.2348404e-01
   8.2348404e-01   7.8775457e-01   7.8424127e-01   8.2582172e-01
   8.2582172e-01   7.9661463e-01   7.8424127e-01   8.2597932e-01
   8.2597932e-01   8.0091798e-01   7.8424127e-01   8.2484046e-01
   8.2484046e-01   8.0232922e-01   7.8424127e-01   8.2301265e-01
   8.2301265e-01   8.0195756e-01   7.8424127e-01   8.2090074e-01
   8.2090074e-01   8.0054997e-01   7.8424127e-01   8.1876367e-01
   8.1876367e-01   7.9861189e-01   7.8424127e-01   8.1675710e-01
   8.1675710e-01   7.9648161e-01   7.8424127e-01   8.1496499e-01
   8.1496499e-01   7.9437739e-01   7.8424127e-01   8.1342294e-01
   8.1342294e-01   7.9243037e-01   7.8424127e-01   8.1213524e-01
   8.1213524e-01   7.9070959e-01   7.8424127e-01   8.1108713e-01
   8.1108713e-01   7.8924142e-01   7.8424127e-01   8.1025345e-01
   8.1025345e-01   7.8802449e-01   7.8424127e-01   8.0960453e-01
   8.0960453e-01   7.8704079e-01   7.8424127e-01   8.0911006e-01
   8.0911006e-01   7.8626354e-01   7.8424127e-01   8.0874139e-01
   8.0874139e-01   7.8566258e-01   7.8424127e-01   8.0847282e-01
   8.0847282e-01   7.8520782e-01   1.6426957e-01   6.1721426e-01
   6.1721426e-01   7.8487125e-01   1.6426957e-01   4.7668524e-01
   4.7668524e-01   6.8343304e-01   1.6426957e-01   3.7357661e-01
   3.7357661e-01   5.4356967e-01   1.6426957e-01   2.9891083e-01
   2.9891083e-01   4.2800531e-01   1.6426957e-01   2.4704744e-01
   2.4704744e-01   3.2270386e-01   1.6426957e-01   2.1315031e-01
   2.1315031e-01   2.4292183e-01   1.6426957e-01   1.9176488e-01
   1.9176488e-01   2.0432347e-01   1.6426957e-01   1.7895512e-01
   1.7895512e-01   1.7947285e-01   1.6426957e-01   1.7198558e-01
   1.7198558e-01   1.6299510e-01   1.6426957e-01   1.6892125e-01
   1.6892125e-01   1.5283769e-01   1.6426957e-01   1.6838010e-01
   1.6838010e-01   1.4734638e-01   1.6426957e-01   1.6937944e-01
   1.6937944e-01   1.4512287e-01   1.6426957e-01   1.7123219e-01
   1.7123219e-01   1.4505112e-01   1.6426957e-01   1.7347067e-01
   1.7347067e-01   1.4629563e-01   1.6426957e-01   1.7578866e-01
   1.7578866e-01   1.4825788e-01   1.6426957e-01   1.7799684e-01
   1.7799684e-01   1.5052467e-01   1.6426957e-01   1.7998880e-01
   1.7998880e-01   1.5282309e-01   1.6426957e-01   1.8171519e-01
   1.8171519e-01   1.5498435e-01   1.6426957e-01   1.8316448e-01
   1.8316448e-01   1.5691513e-01   1.6426957e-01   1.8434868e-01
   1.8434868e-01   1.5857478e-01   1.6426957e-01   1.8529314e-01
   1.8529314e-01   1.5995761e-01   1.6426957e-01   1.8602954e-01
   1.8602954e-01   1.6107947e-01   1.6426957e-01   1.8659112e-01
   1.8659112e-01   1.6196806e-01   3.6822504e-01   2.4986644e-01
   2.4986644e-01   1.6265616e-01   3.6822504e-01   2.9670744e-01
   2.9670744e-01   1.9131848e-01   3.6822504e-01   3.3051600e-01
   3.3051600e-01   2.5005397e-01   3.6822504e-01   3.5431685e-01
   3.5431685e-01   2.9180544e-01   3.6822504e-01   3.7091769e-01
   3.7091769e-01   3.1670948e-01   3.6822504e-01   3.8245916e-01
   3.8245916e-01   3.3284587e-01   3.6822504e-01   3.9042408e-01
   3.9042408e-01   3.4450038e-01   3.6822504e-01   3.9583193e-01
   3.9583193e-01   3.5316377e-01   3.6822504e-01   3.9940373e-01
   3.9940373e-01   3.5947307e-01   3.6822504e-01   4.0166368e-01
   4.0166368e-01   3.6390823e-01   3.6822504e-01   4.0299886e-01
   4.0299886e-01   3.6689163e-01   3.6822504e-01   4.0369624e-01
   4.0369624e-01   3.6878687e-01   3.6822504e-01   4.0396731e-01
   4.0396731e-01   3.6989355e-01   3.6822504e-01   4.0396592e-01
   4.0396592e-01   3.7044901e-01   3.6822504e-01   4.0380185e-01
   4.0380185e-01   3.7063499e-01   3.6822504e-01   4.0355147e-01
   4.0355147e-01   3.7058645e-01   3.6822504e-01   4.0326613e-01
   4.0326613e-01   3.7040053e-01   3.6822504e-01   4.0297888e-01
   4.0297888e-01   3.7014482e-01   3.6822504e-01   4.0270956e-01
   4.0270956e-01   3.6986451e-01   3.6822504e-01   4.0246883e-01
   4.0246883e-01   3.6958826e-01   3.6822504e-01   4.0226117e-01
   4.0226117e-01   3.6933287e-01   3.6822504e-01   4.0208702e-01
   4.0208702e-01   3.6910696e-01   3.6822504e-01   4.0194444e-01
   4.0194444e-01   3.6891369e-01   3.6822504e-01   4.0183014e-01
   4.0183014e-01   3.6875273e-01   5.8725892e-01   4.6924395e-01
   4.6924395e-01   3.6862175e-01   5.8725892e-01   5.2004526e-01
   5.2004526e-01   3.8554865e-01   5.8725892e-01   5.5757178e-01
   5.5757178e-01   4.4641252e-01   5.8725892e-01   5.8449227e-01
   5.8449227e-01   4.9502370e-01   5.8725892e-01   6.0307849e-01
   6.0307849e-01   5.3180262e-01   5.8725892e-01   6.1528679e-01
   6.1528679e-01   5.5817793e-01   5.8725892e-01   6.2276133e-01
   6.2276133e-01   5.7619150e-01   5.8725892e-01   6.2684932e-01
   6.2684932e-01   5.8768911e-01   5.8725892e-01   6.2861858e-01
   6.2861858e-01   5.9437946e-01   5.8725892e-01   6.2887989e-01
   6.2887989e-01   5.9778440e-01   5.8725892e-01   6.2822321e-01
   6.2822321e-01   5.9907405e-01   5.8725892e-01   6.2706180e-01
   6.2706180e-01   5.9906046e-01   5.8725892e-01   6.2567474e-01
   6.2567474e-01   5.9828762e-01   5.8725892e-01   6.2424281e-01
   6.2424281e-01   5.9711557e-01   5.8725892e-01   6.2287672e-01
   6.2287672e-01   5.9577921e-01   5.8725892e-01   6.2163847e-01
   6.2163847e-01   5.9442787e-01   5.8725892e-01   6.2055707e-01
   6.2055707e-01   5.9315215e-01   5.8725892e-01   6.1963998e-01
   6.1963998e-01   5.9200242e-01   5.8725892e-01   6.1888121e-01
   6.1888121e-01   5.9100169e-01   5.8725892e-01   6.1826703e-01
   6.1826703e-01   5.9015490e-01   5.8725892e-01   6.1777987e-01
   6.1777987e-01   5.8945555e-01   5.8725892e-01   6.1740098e-01
   6.1740098e-01   5.8889044e-01   5.8725892e-01   6.1711204e-01
   6.1711204e-01   5.8844306e-01   5.8725892e-01   6.1689617e-01
   6.1689617e-01   5.8809587e-01   5.8725892e-01   6.1673845e-01
   1.0125232e-03   0.0000000e+00   0.0000000e+00   1.9135363e-03
   1.9135363e-03   0.0000000e+00   0.0000000e+00   2.6209176e-03
   2.6209176e-03   0.0000000e+00   0.0000000e+00   3.1731215e-03
   3.1731215e-03   0.0000000e+00   0.0000000e+00   3.6050261e-03
   3.6050261e-03   0.0000000e+00   0.0000000e+00   3.9430405e-03
   3.9430405e-03   0.0000000e+00   0.0000000e+00   4.2075961e-03
   4.2075961e-03   0.0000000e+00   0.0000000e+00   4.4146569e-03
   4.4146569e-03   0.0000000e+00   0.0000000e+00   4.5767173e-03
   4.5767173e-03   0.0000000e+00   0.0000000e+00   4.7035568e-03
   4.7035568e-03   0.0000000e+00   0.0000000e+00   4.8028300e-03
   4.8028300e-03   0.0000000e+00   0.0000000e+00   4.8805276e-03
   4.8805276e-03   0.0000000e+00   0.0000000e+00   4.9413389e-03
   4.9413389e-03   0.0000000e+00   0.0000000e+00   4.9889337e-03
   4.9889337e-03   0.0000000e+00   0.0000000e+00   5.0261844e-03
   5.0261844e-03   0.0000000e+00   0.0000000e+00   5.0553392e-03
   5.0553392e-03   0.0000000e+00   0.0000000e+00   5.0781575e-03
   5.0781575e-03   0.0000000e+00   0.0000000e+00   5.0960166e-03
   5.0960166e-03   0.0000000e+00   0.0000000e+00   5.1099942e-03
   5.1099942e-03   0.0000000e+00   0.0000000e+00   5.1209340e-03
   5.1209340e-03   0.0000000e+00   0.0000000e+00   5.1294962e-03
   5.1294962e-03   0.0000000e+00   0.0000000e+00   5.1361974e-03
   5.1361974e-03   0.0000000e+00   0.0000000e+00   5.1414422e-03
   5.1414422e-03   0.0000000e+00   0.0000000e+00   5.1455472e-03
   5.1455472e-03   0.0000000e+00   0.0000000e+00   5.1487599e-03
   5.1487599e-03   0.0000000e+00   0.0000000e+00   5.1512745e-03
   5.1512745e-03   0.0000000e+00   0.0000000e+00   5.1532425e-03
   5.1532425e-03   0.0000000e+00   0.0000000e+00   5.1547828e-03
   5.1547828e-03   0.0000000e+00   0.0000000e+00   5.1559883e-03
   5.1559883e-03   0.0000000e+00   0.0000000e+00   5.1569318e-03
   5.1569318e-03   0.0000000e+00   0.0000000e+00   5.1576703e-03
   5.1576703e-03   0.0000000e+00   0.0000000e+00   5.1582482e-03
   5.1582482e-03   0.0000000e+00   0.0000000e+00   5.1587006e-03
   5.1587006e-03   0.0000000e+00   0.0000000e+00   5.1590546e-03
   5.1590546e-03   0.0000000e+00   0.0000000e+00   5.1593317e-03
   5.1593317e-03   0.0000000e+00   0.0000000e+00   5.1595486e-03
   5.1595486e-03   0.0000000e+00   0.0000000e+00   5.1597183e-03
   5.1597183e-03   0.0000000e+00   0.0000000e+00   5.1598511e-03
   5.1598511e-03   0.0000000e+00   0.0000000e+00   5.1599551e-03
   5.1599551e-03   0.0000000e+00   0.0000000e+00   5.1600365e-03
   5.1600365e-03   0.0000000e+00   1.0000000e+00   5.3278471e-01
   5.3278471e-01   0.0000000e+00   1.0000000e+00   8.5667212e-01
   8.5667212e-01   1.0673561e-01   1.0000000e+00   1.0000000e+00
   1.0000000e+00   6.7389775e-01   1.0000000e+00   1.0000000e+00
   1.0000000e+00   8.8615034e-01   1.0000000e+00   1.0000000e+00
   1.0000000e+00   9.7097504e-01   1.0000000e+00   1.0000000e+00
   1.0000000e+00   8.7103564e-01   1.0000000e+00   1.0000000e+00
   1.0000000e+00   9.5036878e-01   1.0000000e+00   1.0000000e+00
   1.0000000e+00   8.5174507e-01   1.0000000e+00   1.0000000e+00
   1.0000000e+00   9.2212313e-01   1.0000000e+00   1.0000000e+00
   1.0000000e+00   8.3001597e-01   1.0000000e+00   1.0000000e+00
   1.0000000e+00   8.8592223e-01   1.0000000e+00   1.0000000e+00
   1.0000000e+00   8.1256516e-01   1.0000000e+00   1.0000000e+00
   1.0000000e+00   8.4633477e-01   1.0000000e+00   1.0000000e+00
   1.0000000e+00   8.0848002e-01   1.0000000e+00   1.0000000e+00
   1.0000000e+00   8.1727758e-01   1.0000000e+00   1.0000000e+00
   1.0000000e+00   8.1128009e-01   1.0000000e+00   1.0000000e+00
   1.0000000e+00   8.1054273e-01   1.0000000e+00   1.0000000e+00
   1.0000000e+00   8.1137948e-01   1.0000000e+00   1.0000000e+00
   1.0000000e+00   8.1144302e-01   1.0000000e+00   1.0000000e+00
   1.0000000e+00   8.1126631e-01   1.0000000e+00   1.0000000e+00
   1.0000000e+00   8.1127229e-01   1.0000000e+00   1.0000000e+00
   1.0000000e+00   8.1130604e-01   1.0000000e+00   1.0000000e+00
   1.0000000e+00   8.1130136e-01   1.0000000e+00   1.0000000e+00
   1.0000000e+00   8.1129524e-01   1.0000000e+00   1.0000000e+00
   1.0000000e+00   8.1129679e-01   1.0000000e+00   1.0000000e+00
   1.0000000e+00   8.1129783e-01   1.0000000e+00   1.0000000e+00
   1.0000000e+00   8.1129741e-01   1.0000000e+00   1.0000000e+00
   1.0000000e+00   8.1129725e-01   1.0000000e+00   1.0000000e+00
   1.0000000e+00   8.1129735e-01   1.0000000e+00   1.0000000e+00
   1.0000000e+00   8.1129737e-01   1.0000000e+00   1.0000000e+00
   1.0000000e+00   8.1129735e-01   1.0000000e+00   1.0000000e+00
   1.0000000e+00   8.1129735e-01   1.0000000e+00   1.0000000e+00
   1.0000000e+00   8.1129735e-01   1.0000000e+00   1.0000000e+00
   1.0000000e+00   8.1129735e-01   1.0000000e+00   1.0000000e+00
   1.0000000e+00   8.1129735e-01   1.0000000e+00   1.0000000e+00
   1.0000000e+00   8.1129735e-01   1.0000000e+00   1.0000000e+00
   1.0000000e+00   8.1129735e-01   1.0000000e+00   1.0000000e+00
   1.0000000e+00   8.1129735e-01   1.0000000e+00   1.0000000e+00
   1.0000000e+00   8.1129735e-01   1.0000000e+00   1.0000000e+00
   1.0000000e+00   8.1129735e-01   1.0000000e+00   1.0000000e+00
   1.0000000e+00   8.1129735e-01   1.0000000e+00   1.0000000e+00
   1.0000000e+00   8.1129735e-01   1.0000000e+00   1.0000000e+00
   1.0000000e+00   8.1129735e-01   1.0000000e+00   1.0000000e+00
   1.0000000e+00   8.1129735e-01   1.0000000e+00   1.0000000e+00
   1.0000000e+00   8.1129735e-01   1.0000000e+00   1.0000000e+00
   1.0000000e+00   8.1129735e-01   1.0000000e+00   1.0000000e+00
   1.0000000e+00   8.1129735e-01   1.0000000e+00   1.0000000e+00
   1.0000000e+00   8.1129735e-01   1.0000000e+00   1.0000000e+00
   1.0000000e+00   8.1129735e-01   1.0000000e+00   1.0000000e+00
   1.0000000e+00   8.1129735e-01   1.0000000e+00   1.0000000e+00
   1.0000000e+00   8.1129735e-01   1.0000000e+00   1.0000000e+00
   1.0000000e+00   8.1129735e-01   1.0000000e+00   1.0000000e+00
   1.0000000e+00   8.1129735e-01   1.0000000e+00   1.0000000e+00
   1.0000000e+00   8.1129735e-01   1.0000000e+00   1.0000000e+00
   1.0000000e+00   8.1129735e-01   1.0000000e+00   1.0000000e+00
   1.0000000e+00   8.1129735e-01   1.0000000e+00   1.0000000e+00
   1.0000000e+00   8.1129735e-01   1.0000000e+00   1.0000000e+00
   1.0000000e+00   8.1129735e-01   1.0000000e+00   1.0000000e+00
   1.0000000e+00   8.1129735e-01   1.0000000e+00   1.0000000e+00
   1.0000000e+00   8.1129735e-01   1.0000000e+00   1.0000000e+00
   1.0000000e+00   8.1129735e-01   1.0000000e+00   1.0000000e+00
   1.0000000e+00   8.1129735e-01   1.0000000e+00   1.0000000e+00
   1.0000000e+00   8.1129735e-01   1.0000000e+00   1.0000000e+00
   1.0000000e+00   8.1129735e-01   1.0000000e+00   1.0000000e+00
   1.0000000e+00   8.1129735e-01   1.0000000e+00   1.0000000e+00
   1.0000000e+00   8.1129735e-01   1.0000000e+00   1.0000000e+00
   1.0000000e+00   8.1129735e-01   1.0000000e+00   1.0000000e+00
   1.0000000e+00   8.1129735e-01   1.0000000e+00   1.0000000e+00
   1.0000000e+00   8.1129735e-01   1.0000000e+00   1.0000000e+00
   1.0000000e+00   8.1129735e-01   1.0000000e+00   1.0000000e+00
   1.0000000e+00   8.1129735e-01   1.0000000e+00   1.0000000e+00
   1.0000000e+00   8.1129735e-01   1.0000000e+00   1.0000000e+00
   1.0000000e+00   8.1129735e-01   1.0000000e+00   1.0000000e+00
   1.0000000e+00   8.1129735e-01   1.0000000e+00   1.0000000e+00
   1.0000000e+00   8.1129735e-01   1.0000000e+00   1.0000000e+00
   1.0000000e+00   8.1129735e-01   1.0000000e+00   1.0000000e+00
   1.0000000e+00   8.1129735e-01   1.0000000e+00   1.0000000e+00
   1.0000000e+00   8.1129735e-01   1.0000000e+00   1.0000000e+00
   1.0000000e+00   8.1129735e-01   1.0000000e+00   1.0000000e+00
   4.7185612e-02   0.0000000e+00   1.5213357e-01   8.3136664e-02
   8.3136664e-02   5.1460465e-03   1.5213357e-01   1.1028982e-01
   1.1028982e-01   4.3657992e-02   1.5213357e-01   1.3063065e-01
   1.3063065e-01   7.2675146e-02   1.5213357e-01   1.4571320e-01
   1.4571320e-01   9.4898325e-02   1.5213357e-01   1.5673251e-01
   1.5673251e-01   1.1211848e-01   1.5213357e-01   1.6461706e-01
   1.6461706e-01   1.2535047e-01   1.5213357e-01   1.7010281e-01
   1.7010281e-01   1.3526921e-01   1.5213357e-01   1.7378077e-01
   1.7378077e-01   1.4244850e-01   1.5213357e-01   1.7612478e-01
   1.7612478e-01   1.4743899e-01   1.5213357e-01   1.7750961e-01
   1.7750961e-01   1.5075086e-01   1.5213357e-01   1.7822566e-01
   1.7822566e-01   1.5282329e-01   1.5213357e-01   1.7849281e-01
   1.7849281e-01   1.5401180e-01   1.5213357e-01   1.7847339e-01
   1.7847339e-01   1.5459181e-01   1.5213357e-01   1.7828405e-01
   1.7828405e-01   1.5476975e-01   1.5213357e-01   1.7800612e-01
   1.7800612e-01   1.5469612e-01   1.5213357e-01   1.7769419e-01
   1.7769419e-01   1.5447766e-01   1.5213357e-01   1.7738318e-01
   1.7738318e-01   1.5418776e-01   1.5213357e-01   1.7709386e-01
   1.7709386e-01   1.5387501e-01   1.5213357e-01   1.7683717e-01
   1.7683717e-01   1.5356990e-01   1.5213357e-01   1.7661741e-01
   1.7661741e-01   1.5329009e-01   1.5213357e-01   1.7643464e-01
   1.7643464e-01   1.5304440e-01   1.5213357e-01   1.7628639e-01
   1.7628639e-01   1.5283577e-01   1.5213357e-01   1.7616882e-01
   1.7616882e-01   1.5266345e-01   3.8217035e-02   1.4096984e-01
   1.4096984e-01   1.5252451e-01   3.8217035e-02   1.1476214e-01
   1.1476214e-01   1.3885341e-01   3.8217035e-02   9.5476521e-02
   9.5476521e-02   1.0978868e-01   3.8217035e-02   8.1427893e-02
   8.1427893e-02   8.8771632e-02   3.8217035e-02   7.1300535e-02
   7.1300535e-02   7.3473703e-02   3.8217035e-02   6.4084137e-02
   6.4084137e-02   6.2390246e-02   3.8217035e-02   5.9010035e-02
   5.9010035e-02   5.4437773e-02   3.8217035e-02   5.5498289e-02
   5.5498289e-02   4.8795506e-02   3.8217035e-02   5.3114795e-02
   5.3114795e-02   4.4845336e-02   3.8217035e-02   5.1537142e-02
   5.1537142e-02   4.2124416e-02   3.8217035e-02   5.0527795e-02
   5.0527795e-02   4.0288113e-02   3.8217035e-02   4.9913249e-02
   4.9913249e-02   3.9081471e-02   3.8217035e-02   4.9567952e-02
   4.9567952e-02   3.8317252e-02   3.8217035e-02   4.9402011e-02
   4.9402011e-02   3.7859084e-02   3.8217035e-02   4.9351838e-02
   4.9351838e-02   3.7608567e-02   3.8217035e-02   4.9373097e-02
   4.9373097e-02   3.7495452e-02   3.8217035e-02   4.9435413e-02
   4.9435413e-02   3.7470217e-02   3.8217035e-02   4.9518430e-02
   4.9518430e-02   3.7498465e-02   3.8217035e-02   4.9608900e-02
   4.9608900e-02   3.7556740e-02   3.8217035e-02   4.9698551e-02
   4.9698551e-02   3.7629423e-02   3.8217035e-02   4.9782533e-02
   4.9782533e-02   3.7706432e-02   3.8217035e-02   4.9858301e-02
   4.9858301e-02   3.7781549e-02   3.8217035e-02   4.9924825e-02
   4.9924825e-02   3.7851203e-02   3.8217035e-02   4.9982030e-02
   4.9982030e-02   3.7913594e-02   6.9812289e-01   2.5340559e-01
   2.5340559e-01   3.7968078e-02   6.9812289e-01   4.0731794e-01
   4.0731794e-01   8.0340909e-02   6.9812289e-01   5.2119359e-01
   5.2119359e-01   2.6871826e-01   6.9812289e-01   6.0166588e-01
   6.0166588e-01   4.3622010e-01   6.9812289e-01   6.5909306e-01
   6.5909306e-01   5.0478060e-01   6.9812289e-01   6.9859247e-01
   6.9859247e-01   5.8202176e-01   6.9812289e-01   7.2426039e-01
   7.2426039e-01   6.4040949e-01   6.9812289e-01   7.3966426e-01
   7.3966426e-01   6.7944849e-01   6.9812289e-01   7.4785225e-01
   7.4785225e-01   7.0250294e-01   6.9812289e-01   7.5117176e-01
   7.5117176e-01   7.1569348e-01   6.9812289e-01   7.5136816e-01
   7.5136816e-01   7.2220797e-01   6.9812289e-01   7.4969925e-01
   7.4969925e-01   7.2434829e-01   6.9812289e-01   7.4704317e-01
   7.4704317e-01   7.2375399e-01   6.9812289e-01   7.4399038e-01
   7.4399038e-01   7.2158367e-01   6.9812289e-01   7.4091904e-01
   7.4091904e-01   7.1863298e-01   6.9812289e-01   7.3805461e-01
   7.3805461e-01   7.1542850e-01   6.9812289e-01   7.3551611e-01
   7.3551611e-01   7.1230058e-01   6.9812289e-01   7.3335099e-01
   7.3335099e-01   7.0943988e-01   6.9812289e-01   7.3156088e-01
   7.3156088e-01   7.0694059e-01   6.9812289e-01   7.3012017e-01
   7.3012017e-01   7.0483294e-01   6.9812289e-01   7.2898885e-01
   7.2898885e-01   7.0310709e-01   6.9812289e-01   7.2812126e-01
   7.2812126e-01   7.0173012e-01   6.9812289e-01   7.2747161e-01
   7.2747161e-01   7.0065771e-01   1.0000000e+00   8.1902271e-01
   8.1902271e-01   6.9984200e-01   1.0000000e+00   8.8530222e-01
   8.8530222e-01   7.4789966e-01   1.0000000e+00   9.3181301e-01
   9.3181301e-01   8.2881900e-01   1.0000000e+00   9.6329658e-01
   9.6329658e-01   8.8416022e-01   1.0000000e+00   9.8391233e-01
   9.8391233e-01   9.0373419e-01   1.0000000e+00   9.9577319e-01
   9.9577319e-01   9.2297279e-01   1.0000000e+00   1.0000000e+00
   1.0000000e+00   9.2204431e-01   1.0000000e+00   1.0000000e+00
   1.0000000e+00   9.2371210e-01   1.0000000e+00   1.0000000e+00
   1.0000000e+00   9.0863114e-01   1.0000000e+00   1.0000000e+00
   1.0000000e+00   9.0181620e-01   1.0000000e+00   1.0000000e+00
   1.0000000e+00   8.8344411e-01   1.0000000e+00   1.0000000e+00
   1.0000000e+00   8.7277168e-01   1.0000000e+00   1.0000000e+00
   1.0000000e+00   8.5204887e-01   1.0000000e+00   1.0000000e+00
   1.0000000e+00   8.3925809e-01   1.0000000e+00   1.0000000e+00
   1.0000000e+00   8.2196410e-01   1.0000000e+00   1.0000000e+00
   1.0000000e+00   8.1436485e-01   1.0000000e+00   1.0000000e+00
   1.0000000e+00   8.1033135e-01   1.0000000e+00   1.0000000e+00
   1.0000000e+00   8.1089560e-01   1.0000000e+00   1.0000000e+00
   1.0000000e+00   8.1154083e-01   1.0000000e+00   1.0000000e+00
   1.0000000e+00   8.1135229e-01   1.0000000e+00   1.0000000e+00
   1.0000000e+00   8.1124474e-01   1.0000000e+00   1.0000000e+00
   1.0000000e+00   8.1129208e-01   1.0000000e+00   1.0000000e+00
   1.0000000e+00   8.1130823e-01   1.0000000e+00   1.0000000e+00
   1.0000000e+00   8.1129726e-01   6.5348408e-01   9.4987136e-01
   9.4987136e-01   8.1129523e-01   6.5348408e-01   9.1160907e-01
   9.1160907e-01   8.1065643e-01   6.5348408e-01   8.8099810e-01
   8.8099810e-01   7.9420092e-01   6.5348408e-01   8.5298856e-01
   8.5298856e-01   8.1800599e-01   6.5348408e-01   8.2634373e-01
   8.2634373e-01   8.1901264e-01   6.5348408e-01   8.0143051e-01
   8.0143051e-01   8.0455184e-01   6.5348408e-01   7.7865713e-01
   7.7865713e-01   7.8704894e-01   6.5348408e-01   7.5852953e-01
   7.5852953e-01   7.6539795e-01   6.5348408e-01   7.4132555e-01
   7.4132555e-01   7.4375965e-01   6.5348408e-01   7.2706102e-01
   7.2706102e-01   7.2414604e-01   6.5348408e-01   7.1554885e-01
   7.1554885e-01   7.0742210e-01   6.5348408e-01   7.0648493e-01
   7.0648493e-01   6.9366529e-01   6.5348408e-01   6.9951506e-01
   6.9951506e-01   6.8266356e-01   6.5348408e-01   6.9428000e-01
   6.9428000e-01   6.7408412e-01   6.5348408e-01   6.9044307e-01
   6.9044307e-01   6.6755310e-01   6.5348408e-01   6.8770514e-01
   6.8770514e-01   6.6269966e-01   6.5348408e-01   6.8581090e-01
   6.8581090e-01   6.5918232e-01   6.5348408e-01   6.8454941e-01
   6.8454941e-01   6.5670285e-01   6.5348408e-01   6.8375108e-01
   6.8375108e-01   6.5501101e-01   6.5348408e-01   6.8328293e-01
   6.8328293e-01   6.5390333e-01   6.5348408e-01   6.8304306e-01
   6.8304306e-01   6.5321859e-01   6.5348408e-01   6.8295512e-01
   6.8295512e-01   6.5283190e-01   6.5348408e-01   6.8296330e-01
   6.8296330e-01   6.5264861e-01   6.5348408e-01   6.8302781e-01
   6.8302781e-01   6.5259851e-01   6.5348408e-01   6.8312117e-01
   5.0136256e-01   0.0000000e+00   1.0000000e+00   8.2240084e-01
   8.2240084e-01   9.6666979e-02   1.0000000e+00   9.8299918e-01
   9.8299918e-01   6.3203581e-01   1.0000000e+00   1.0000000e+00
   1.0000000e+00   8.4342960e-01   1.0000000e+00   1.0000000e+00
   1.0000000e+00   9.6619832e-01   1.0000000e+00   1.0000000e+00
   1.0000000e+00   8.5197227e-01   1.0000000e+00   1.0000000e+00
   1.0000000e+00   9.4088839e-01   1.0000000e+00   1.0000000e+00
   1.0000000e+00   8.3265467e-01   1.0000000e+00   1.0000000e+00
   1.0000000e+00   9.0755024e-01   1.0000000e+00   1.0000000e+00
   1.0000000e+00   8.1530478e-01   1.0000000e+00   1.0000000e+00
   1.0000000e+00   8.6792941e-01   1.0000000e+00   1.0000000e+00
   1.0000000e+00   8.0792475e-01   1.0000000e+00   1.0000000e+00
   1.0000000e+00   8.3077024e-01   1.0000000e+00   1.0000000e+00
   1.0000000e+00   8.1008042e-01   1.0000000e+00   1.0000000e+00
   1.0000000e+00   8.1174029e-01   1.0000000e+00   1.0000000e+00
   1.0000000e+00   8.1150506e-01   1.0000000e+00   1.0000000e+00
   1.0000000e+00   8.1119181e-01   1.0000000e+00   1.0000000e+00
   1.0000000e+00   8.1126807e-01   1.0000000e+00   1.0000000e+00
   1.0000000e+00   8.1132120e-01   1.0000000e+00   1.0000000e+00
   1.0000000e+00   8.1130062e-01   1.0000000e+00   1.0000000e+00
   1.0000000e+00   8.1129235e-01   1.0000000e+00   1.0000000e+00
   1.0000000e+00   8.1129723e-01   1.0000000e+00   1.0000000e+00
   1.0000000e+00   8.1129834e-01   1.0000000e+00   1.0000000e+00
   1.0000000e+00   8.1129727e-01   1.0000000e+00   1.0000000e+00
   1.0000000e+00   8.1129717e-01   1.0000000e+00   1.0000000e+00
   1.0000000e+00   8.1129739e-01   1.0000000e+00   1.0000000e+00
   1.0000000e+00   8.1129739e-01   1.0000000e+00   1.0000000e+00
   1.0000000e+00   8.1129734e-01   1.0000000e+00   1.0000000e+00
   1.0000000e+00   8.1129735e-01   1.0000000e+00   1.0000000e+00
   1.0000000e+00   8.1129736e-01   1.0000000e+00   1.0000000e+00
   1.0000000e+00   8.1129735e-01   1.0000000e+00   1.0000000e+00
   1.0000000e+00   8.1129735e-01   1.0000000e+00   1.0000000e+00
   1.0000000e+00   8.1129735e-01   1.0000000e+00   1.0000000e+00
   1.0000000e+00   8.1129735e-01   1.0000000e+00   1.0000000e+00
   1.0000000e+00   8.1129735e-01   1.0000000e+00   1.0000000e+00
   1.0000000e+00   8.1129735e-01   1.0000000e+00   1.0000000e+00
   1.0000000e+00   8.1129735e-01   1.0000000e+00   1.0000000e+00
   1.0000000e+00   8.1129735e-01   1.0000000e+00   1.0000000e+00
   1.0000000e+00   8.1129735e-01   1.0000000e+00   1.0000000e+00
   1.0000000e+00   8.1129735e-01   3.2375341e-01   8.4973349e-01
   8.4973349e-01   8.1129735e-01   3.2375341e-01   7.3512467e-01
   7.3512467e-01   7.9361390e-01   3.2375341e-01   6.4573721e-01
   6.4573721e-01   7.1126214e-01   3.2375341e-01   5.7389664e-01
   5.7389664e-01   6.5733237e-01   3.2375341e-01   5.1654752e-01
   5.1654752e-01   5.8610883e-01   3.2375341e-01   4.7069738e-01
   4.7069738e-01   5.3421017e-01   3.2375341e-01   4.3497248e-01
   4.3497248e-01   4.7825923e-01   3.2375341e-01   4.0791726e-01
   4.0791726e-01   4.3262208e-01   3.2375341e-01   3.8805884e-01
   3.8805884e-01   3.9688884e-01   3.2375341e-01   3.7399491e-01
   3.7399491e-01   3.6987757e-01   3.2375341e-01   3.6441803e-01
   3.6441803e-01   3.5076210e-01   3.2375341e-01   3.5815884e-01
   3.5815884e-01   3.3827520e-01   3.2375341e-01   3.5425286e-01
   3.5425286e-01   3.3051666e-01   3.2375341e-01   3.5196220e-01
   3.5196220e-01   3.2580700e-01   3.2375341e-01   3.5074907e-01
   3.5074907e-01   3.2303588e-01   3.2375341e-01   3.5023299e-01
   3.5023299e-01   3.2150824e-01   3.2375341e-01   3.5015058e-01
   3.5015058e-01   3.2077462e-01   3.2375341e-01   3.5032311e-01
   3.5032311e-01   3.2053724e-01   3.2375341e-01   3.5063197e-01
   3.5063197e-01   3.2059795e-01   3.2375341e-01   3.5100047e-01
   3.5100047e-01   3.2082587e-01   3.2375341e-01   3.5138081e-01
   3.5138081e-01   3.2113601e-01   3.2375341e-01   3.5174473e-01
   3.5174473e-01   3.2147461e-01   3.2375341e-01   3.5207693e-01
   3.5207693e-01   3.2180902e-01   3.2375341e-01   3.5237056e-01
   3.5237056e-01   3.2212067e-01   3.2375341e-01   3.5262399e-01
   3.5262399e-01   3.2240022e-01   3.2375341e-01   3.5283875e-01
   3.5283875e-01   3.2264423e-01   3.2375341e-01   3.5301806e-01
   3.5301806e-01   3.2285284e-01   3.2375341e-01   3.5316597e-01
   3.5316597e-01   3.2302831e-01   3.2375341e-01   3.5328670e-01
   3.5328670e-01   3.2317392e-01   3.2375341e-01   3.5338438e-01
   3.5338438e-01   3.2329342e-01   3.2375341e-01   3.5346277e-01
   3.5346277e-01   3.2339053e-01   3.2375341e-01   3.5352524e-01
   3.5352524e-01   3.2346879e-01   3.2375341e-01   3.5357469e-01
   3.5357469e-01   3.2353137e-01   3.2375341e-01   3.5361361e-01
   3.5361361e-01   3.2358109e-01   3.2375341e-01   3.5364406e-01
   3.5364406e-01   3.2362033e-01   3.2375341e-01   3.5366776e-01
   3.5366776e-01   3.2365112e-01   3.2375341e-01   3.5368612e-01
   3.5368612e-01   3.2367516e-01   3.2375341e-01   3.5370028e-01
   3.5370028e-01   3.2369382e-01   3.2375341e-01   3.5371113e-01
   3.5371113e-01   3.2370824e-01   1.0000000e+00   5.6114196e-01
   5.6114196e-01   3.2371933e-01   1.0000000e+00   7.1477480e-01
   7.1477480e-01   3.8660589e-01   1.0000000e+00   8.2595507e-01
   8.2595507e-01   5.5920381e-01   1.0000000e+00   9.0218638e-01
   9.0218638e-01   7.2538625e-01   1.0000000e+00   9.5138129e-01
   9.5138129e-01   8.3626653e-01   1.0000000e+00   9.8071934e-01
   9.8071934e-01   9.0127689e-01   1.0000000e+00   9.9607053e-01
   9.9607053e-01   9.0924252e-01   1.0000000e+00   1.0000000e+00
   1.0000000e+00   9.3141934e-01   1.0000000e+00   1.0000000e+00
   1.0000000e+00   9.1426199e-01   1.0000000e+00   1.0000000e+00
   1.0000000e+00   9.1733575e-01   1.0000000e+00   1.0000000e+00
   1.0000000e+00   8.9260216e-01   1.0000000e+00   1.0000000e+00
   1.0000000e+00   8.9156813e-01   1.0000000e+00   1.0000000e+00
   1.0000000e+00   8.6430511e-01   1.0000000e+00   1.0000000e+00
   1.0000000e+00   8.5891909e-01   1.0000000e+00   1.0000000e+00
   1.0000000e+00   8.3282602e-01   1.0000000e+00   1.0000000e+00
   1.0000000e+00   8.2616432e-01   1.0000000e+00   1.0000000e+00
   1.0000000e+00   8.1205036e-01   1.0000000e+00   1.0000000e+00
   1.0000000e+00   8.1085137e-01   1.0000000e+00   1.0000000e+00
   1.0000000e+00   8.1120164e-01   1.0000000e+00   1.0000000e+00
   1.0000000e+00   8.1139711e-01   1.0000000e+00   1.0000000e+00
   1.0000000e+00   8.1130582e-01   1.0000000e+00   1.0000000e+00
   1.0000000e+00   8.1127707e-01   1.0000000e+00   1.0000000e+00
   1.0000000e+00   8.1129780e-01   1.0000000e+00   1.0000000e+00
   1.0000000e+00   8.1130128e-01   1.0000000e+00   1.0000000e+00
   1.0000000e+00   8.1129686e-01   1.0000000e+00   1.0000000e+00
   1.0000000e+00   8.1129663e-01   1.0000000e+00   1.0000000e+00
   1.0000000e+00   8.1129752e-01   1.0000000e+00   1.0000000e+00
   1.0000000e+00   8.1129748e-01   1.0000000e+00   1.0000000e+00
   1.0000000e+00   8.1129731e-01   1.0000000e+00   1.0000000e+00
   1.0000000e+00   8.1129733e-01   1.0000000e+00   1.0000000e+00
   1.0000000e+00   8.1129736e-01   1.0000000e+00   1.0000000e+00
   1.0000000e+00   8.1129736e-01   1.0000000e+00   1.0000000e+00
   1.0000000e+00   8.1129735e-01   1.0000000e+00   1.0000000e+00
   1.0000000e+00   8.1129735e-01   1.0000000e+00   1.0000000e+00
   1.0000000e+00   8.1129735e-01   1.0000000e+00   1.0000000e+00
   1.0000000e+00   8.1129735e-01   1.0000000e+00   1.0000000e+00
   1.0000000e+00   8.1129735e-01   1.0000000e+00   1.0000000e+00
   1.0000000e+00   8.1129735e-01   1.0000000e+00   1.0000000e+00
   1.0000000e+00   8.1129735e-01   1.0000000e+00   1.0000000e+00
   1.0000000e+00   8.1129735e-01   1.0000000e+00   1.0000000e+00
   2.9185370e-01   0.0000000e+00   9.4602548e-01   5.1261147e-01
   5.1261147e-01   5.3714035e-02   9.4602548e-01   6.7545671e-01
   6.7545671e-01   3.1818423e-01   9.4602548e-01   7.9139459e-01
   7.9139459e-01   5.3733516e-01   9.4602548e-01   8.7216641e-01
   8.7216641e-01   6.7034156e-01   9.4602548e-01   9.2526524e-01
   9.2526524e-01   8.0139496e-01   9.4602548e-01   9.5872768e-01
   9.5872768e-01   8.7487457e-01   9.4602548e-01   9.7928557e-01
   9.7928557e-01   8.9941155e-01   9.4602548e-01   9.9131602e-01
   9.9131602e-01   9.1675544e-01   9.4602548e-01   9.9776708e-01
   9.9776708e-01   9.1774521e-01   9.4602548e-01   1.0000000e+00
   1.0000000e+00   9.1869328e-01   9.4602548e-01   1.0000000e+00
   1.0000000e+00   9.0777440e-01   9.4602548e-01   1.0000000e+00
   1.0000000e+00   8.9900310e-01   9.4602548e-01   1.0000000e+00
   1.0000000e+00   8.8199150e-01   9.4602548e-01   1.0000000e+00
   1.0000000e+00   8.6950744e-01   9.4602548e-01   1.0000000e+00
   1.0000000e+00   8.5015303e-01   9.4602548e-01   1.0000000e+00
   1.0000000e+00   8.3619957e-01   9.4602548e-01   1.0000000e+00
   1.0000000e+00   8.2056565e-01   9.4602548e-01   1.0000000e+00
   1.0000000e+00   8.1317638e-01   9.4602548e-01   1.0000000e+00
   1.0000000e+00   8.1034791e-01   9.4602548e-01   1.0000000e+00
   1.0000000e+00   8.1106275e-01   9.4602548e-01   1.0000000e+00
   1.0000000e+00   8.1151913e-01   9.4602548e-01   1.0000000e+00
   1.0000000e+00   8.1132075e-01   9.4602548e-01   1.0000000e+00
   1.0000000e+00   8.1125211e-01   9.4602548e-01   1.0000000e+00
   1.0000000e+00   8.1129747e-01   9.4602548e-01   1.0000000e+00
   1.0000000e+00   8.1130622e-01   9.4602548e-01   1.0000000e+00
   1.0000000e+00   8.1129641e-01   9.4602548e-01   1.0000000e+00
   1.0000000e+00   8.1129572e-01   9.4602548e-01   1.0000000e+00
   1.0000000e+00   8.1129771e-01   9.4602548e-01   1.0000000e+00
   1.0000000e+00   8.1129764e-01   1.0000000e+00   1.0000000e+00
   1.0000000e+00   8.1129725e-01   1.0000000e+00   1.0000000e+00
   1.0000000e+00   8.1129731e-01   1.0000000e+00   1.0000000e+00
   1.0000000e+00   8.1129738e-01   1.0000000e+00   1.0000000e+00
   1.0000000e+00   8.1129736e-01   1.0000000e+00   1.0000000e+00
   1.0000000e+00   8.1129735e-01   1.0000000e+00   1.0000000e+00
   1.0000000e+00   8.1129735e-01   1.0000000e+00   1.0000000e+00
   1.0000000e+00   8.1129735e-01   1.0000000e+00   1.0000000e+00
   1.0000000e+00   8.1129735e-01   1.0000000e+00   1.0000000e+00
   1.0000000e+00   8.1129735e-01   1.0000000e+00   1.0000000e+00
   1.0000000e+00   8.1129735e-01   1.0000000e+00   1.0000000e+00
   1.0000000e+00   8.1129735e-01   1.0000000e+00   1.0000000e+00
   1.0000000e+00   8.1129735e-01   1.0000000e+00   1.0000000e+00
   1.0000000e+00   8.1129735e-01   1.0000000e+00   1.0000000e+00
   1.0000000e+00   8.1129735e-01   1.0000000e+00   1.0000000e+00
   1.0000000e+00   8.1129735e-01   1.0000000e+00   1.0000000e+00
   1.0000000e+00   8.1129735e-01   1.0000000e+00   1.0000000e+00
   1.0000000e+00   8.1129735e-01   1.0000000e+00   1.0000000e+00
   1.0000000e+00   8.1129735e-01   1.0000000e+00   1.0000000e+00
   1.0000000e+00   8.1129735e-01   1.0000000e+00   1.0000000e+00
   1.0000000e+00   8.1129735e-01   1.0000000e+00   1.0000000e+00
   1.0000000e+00   8.1129735e-01   1.0000000e+00   1.0000000e+00
   1.0000000e+00   8.1129735e-01   1.0000000e+00   1.0000000e+00
   1.0000000e+00   8.1129735e-01   1.0000000e+00   1.0000000e+00
   1.0000000e+00   8.1129735e-01   1.0000000e+00   1.0000000e+00
   1.0000000e+00   8.1129735e-01   1.0000000e+00   1.0000000e+00
   1.0000000e+00   8.1129735e-01   1.0000000e+00   1.0000000e+00
   1.0000000e+00   8.1129735e-01   1.0000000e+00   1.0000000e+00
   1.0000000e+00   8.1129735e-01   1.0000000e+00   1.0000000e+00
   1.0000000e+00   8.1129735e-01   1.0000000e+00   1.0000000e+00
   1.0000000e+00   8.1129735e-01   1.0000000e+00   1.0000000e+00
   1.0000000e+00   8.1129735e-01   1.0000000e+00   1.0000000e+00
   1.0000000e+00   8.1129735e-01   1.0000000e+00   1.0000000e+00
   1.0000000e+00   8.1129735e-01   1.0000000e+00   1.0000000e+00
   1.0000000e+00   8.1129735e-01   1.0000000e+00   1.0000000e+00
   1.0000000e+00   8.1129735e-01   1.0000000e+00   1.0000000e+00
   1.0000000e+00   8.1129735e-01   1.0000000e+00   1.0000000e+00
   1.0000000e+00   8.1129735e-01   1.0000000e+00   1.0000000e+00
   1.0000000e+00   8.1129735e-01   1.0000000e+00   1.0000000e+00
   1.0000000e+00   8.1129735e-01   1.0000000e+00   1.0000000e+00
   1.0000000e+00   8.1129735e-01   1.0000000e+00   1.0000000e+00
   1.0000000e+00   8.1129735e-01   1.0000000e+00   1.0000000e+00
   1.0000000e+00   8.1129735e-01   1.0000000e+00   1.0000000e+00
   1.0000000e+00   8.1129735e-01   1.0000000e+00   1.0000000e+00
   1.0000000e+00   8.1129735e-01   1.0000000e+00   1.0000000e+00
   1.0000000e+00   8.1129735e-01   1.0000000e+00   1.0000000e+00
   1.0000000e+00   8.1129735e-01   1.0000000e+00   1.0000000e+00
   1.0000000e+00   8.1129735e-01   1.0000000e+00   1.0000000e+00
   1.0000000e+00   8.1129735e-01   1.0000000e+00   1.0000000e+00
   1.0000000e+00   8.1129735e-01   1.0000000e+00   1.0000000e+00
   1.0000000e+00   8.1129735e-01   1.0000000e+00   1.0000000e+00
   1.0000000e+00   8.1129735e-01   1.0000000e+00   1.0000000e+00
   1.0000000e+00   8.1129735e-01   1.0000000e+00   1.0000000e+00
   1.0000000e+00   8.1129735e-01   1.0000000e+00   1.0000000e+00
   1.0000000e+00   8.1129735e-01   1.0000000e+00   1.0000000e+00
   1.0000000e+00   8.1129735e-01   1.0000000e+00   1.0000000e+00
   1.0000000e+00   8.1129735e-01   1.0000000e+00   1.0000000e+00
   1.0000000e+00   8.1129735e-01   1.0000000e+00   1.0000000e+00
   1.0000000e+00   8.1129735e-01   1.0000000e+00   1.0000000e+00
   1.0000000e+00   8.1129735e-01   1.0000000e+00   1.0000000e+00
   1.0000000e+00   8.1129735e-01   1.0000000e+00   1.0000000e+00
   1.0000000e+00   8.1129735e-01   1.0000000e+00   1.0000000e+00
   1.0000000e+00   8.1129735e-01   1.0000000e+00   1.0000000e+00
   1.0000000e+00   8.1129735e-01   1.0000000e+00   1.0000000e+00
   1.0000000e+00   8.1129735e-01   1.0000000e+00   1.0000000e+00
   1.0000000e+00   8.1129735e-01   1.0000000e+00   1.0000000e+00
   1.0000000e+00   8.1129735e-01   1.0000000e+00   1.0000000e+00
   1.0000000e+00   8.1129735e-01   1.0000000e+00   1.0000000e+00
   1.0000000e+00   8.1129735e-01   1.0000000e+00   1.0000000e+00
   1.0000000e+00   8.1129735e-01   1.0000000e+00   1.0000000e+00
   1.0000000e+00   8.1129735e-01   1.0000000e+00   1.0000000e+00
   1.0000000e+00   8.1129735e-01   1.0000000e+00   1.0000000e+00
   1.0000000e+00   8.1129735e-01   1.0000000e+00   1.0000000e+00
   1.0000000e+00   8.1129735e-01   1.0000000e+00   1.0000000e+00
   1.0000000e+00   8.1129735e-01   1.0000000e+00   1.0000000e+00
   1.0000000e+00   8.1129735e-01   1.0000000e+00   1.0000000e+00
   1.0000000e+00   8.1129735e-01   1.0000000e+00   1.0000000e+00
   1.0000000e+00   8.1129735e-01   1.0000000e+00   1.0000000e+00
   1.0000000e+00   8.1129735e-01   1.0000000e+00   1.0000000e+00
   1.0000000e+00   8.1129735e-01   1.0000000e+00   1.0000000e+00
   1.0000000e+00   8.1129735e-01   1.0000000e+00   1.0000000e+00
   1.0000000e+00   8.1129735e-01   1.0000000e+00   1.0000000e+00
   1.0000000e+00   8.1129735e-01   1.0000000e+00   1.0000000e+00
   1.0000000e+00   8.1129735e-01   1.0000000e+00   1.0000000e+00
   1.0000000e+00   8.1129735e-01   1.0000000e+00   1.0000000e+00
   1.0000000e+00   8.1129735e-01   1.0000000e+00   1.0000000e+00
   1.0000000e+00   8.1129735e-01   1.0000000e+00   1.0000000e+00
   1.0000000e+00   8.1129735e-01   1.0000000e+00   1.0000000e+00
   1.0000000e+00   8.1129735e-01   1.0000000e+00   1.0000000e+00
   1.0000000e+00   8.1129735e-01   1.0000000e+00   1.0000000e+00
   1.6360434e-01   0.0000000e+00   5.2988569e-01   2.8772249e-01
   2.8772249e-01   2.8111192e-02   5.2988569e-01   3.8084700e-01
   3.8084700e-01   1.6452650e-01   5.2988569e-01   4.4733370e-01
   4.4733370e-01   3.0569424e-01   5.2988569e-01   4.9382826e-01
   4.9382826e-01   3.8419616e-01   5.2988569e-01   5.2653958e-01
   5.2653958e-01   4.2509111e-01   5.2988569e-01   5.4878758e-01
   5.4878758e-01   4.6746315e-01   5.2988569e-01   5.6312640e-01
   5.6312640e-01   4.9912903e-01   5.2988569e-01   5.7164261e-01
   5.7164261e-01   5.2076447e-01   5.2988569e-01   5.7601296e-01
   5.7601296e-01   5.3461642e-01   5.2988569e-01   5.7755006e-01
   5.7755006e-01   5.4272753e-01   5.2988569e-01   5.7725253e-01
   5.7725253e-01   5.4677112e-01   5.2988569e-01   5.7585702e-01
   5.7585702e-01   5.4806141e-01   5.2988569e-01   5.7388863e-01
   5.7388863e-01   5.4759053e-01   5.2988569e-01   5.7170697e-01
   5.7170697e-01   5.4608096e-01   5.2988569e-01   5.6954600e-01
   5.6954600e-01   5.4404200e-01   5.2988569e-01   5.6754701e-01
   5.6754701e-01   5.4181987e-01   5.2988569e-01   5.6578504e-01
   5.6578504e-01   5.3963860e-01   5.2988569e-01   5.6428958e-01
   5.6428958e-01   5.3763248e-01   5.2988569e-01   5.6306021e-01
   5.6306021e-01   5.3587170e-01   1.0000000e+00   7.8305758e-01
   7.8305758e-01   5.3438239e-01   1.0000000e+00   9.2264380e-01
   9.2264380e-01   6.1588160e-01   1.0000000e+00   9.9244062e-01
   9.9244062e-01   8.2427497e-01   1.0000000e+00   1.0000000e+00
   1.0000000e+00   9.3453346e-01   1.0000000e+00   1.0000000e+00
   1.0000000e+00   9.0793574e-01   1.0000000e+00   1.0000000e+00
   1.0000000e+00   9.2484183e-01   1.0000000e+00   1.0000000e+00
   1.0000000e+00   8.8681640e-01   1.0000000e+00   1.0000000e+00
   1.0000000e+00   8.9906111e-01   1.0000000e+00   1.0000000e+00
   1.0000000e+00   8.5949776e-01   1.0000000e+00   1.0000000e+00
   1.0000000e+00   8.6591297e-01   1.0000000e+00   1.0000000e+00
   1.0000000e+00   8.2970515e-01   1.0000000e+00   1.0000000e+00
   1.0000000e+00   8.3112375e-01   1.0000000e+00   1.0000000e+00
   1.0000000e+00   8.1111140e-01   1.0000000e+00   1.0000000e+00
   1.0000000e+00   8.1179125e-01   1.0000000e+00   1.0000000e+00
   1.0000000e+00   8.1128274e-01   1.0000000e+00   1.0000000e+00
   1.0000000e+00   8.1120502e-01   1.0000000e+00   1.0000000e+00
   1.0000000e+00   8.1130981e-01   1.0000000e+00   1.0000000e+00
   1.0000000e+00   8.1131423e-01   1.0000000e+00   1.0000000e+00
   1.0000000e+00   8.1129317e-01   1.0000000e+00   1.0000000e+00
   1.0000000e+00   8.1129449e-01   1.4499631e-01   7.9279167e-01
   7.9279167e-01   8.1129847e-01   1.4499631e-01   6.3615663e-01
   6.3615663e-01   7.7219281e-01   1.4499631e-01   5.1636254e-01
   5.1636254e-01   6.3961022e-01   1.4499631e-01   4.2216035e-01
   4.2216035e-01   5.6140882e-01   1.4499631e-01   3.4826481e-01
   3.4826481e-01   4.6976353e-01   1.4499631e-01   2.9190950e-01
   2.9190950e-01   3.7598139e-01   1.4499631e-01   2.5068338e-01
   2.5068338e-01   2.9529234e-01   1.4499631e-01   2.2137632e-01
   2.2137632e-01   2.4237842e-01   1.4499631e-01   2.0077839e-01
   2.0077839e-01   2.1074032e-01   1.4499631e-01   1.8652850e-01
   1.8652850e-01   1.8785368e-01   1.4499631e-01   1.7690830e-01
   1.7690830e-01   1.7113242e-01   1.4499631e-01   1.7064658e-01
   1.7064658e-01   1.5920354e-01   1.4499631e-01   1.6678971e-01
   1.6678971e-01   1.5101408e-01   1.4499631e-01   1.6461972e-01
   1.6461972e-01   1.4566839e-01   1.4499631e-01   1.6359983e-01
   1.6359983e-01   1.4240789e-01   1.4499631e-01   1.6333447e-01
   1.6333447e-01   1.4062200e-01   1.4499631e-01   1.6353765e-01
   1.6353765e-01   1.3984086e-01   1.4499631e-01   1.6400745e-01
   1.6400745e-01   1.3971476e-01   1.4499631e-01   1.6460545e-01
   1.6460545e-01   1.3999033e-01   1.4499631e-01   1.6524027e-01
   1.6524027e-01   1.4048886e-01   0.0000000e+00   1.2116861e-01
   1.2116861e-01   1.4108824e-01   0.0000000e+00   8.8346919e-02
   8.8346919e-02   1.2611859e-01   0.0000000e+00   6.4153713e-02
   6.4153713e-02   9.0231835e-02   0.0000000e+00   4.6450927e-02
   4.6450927e-02   6.4588284e-02   0.0000000e+00   3.3599911e-02
   3.3599911e-02   4.5747310e-02   0.0000000e+00   2.4357615e-02
   2.4357615e-02   3.1930444e-02   0.0000000e+00   1.7782475e-02
   1.7782475e-02   2.1904306e-02   0.0000000e+00   1.3164216e-02
   1.3164216e-02   1.4706269e-02   0.0000000e+00   9.9699728e-03
   9.9699728e-03   9.5983510e-03   0.0000000e+00   7.8024419e-03
   7.8024419e-03   6.0221257e-03   0.0000000e+00   6.3673836e-03
   6.3673836e-03   3.5585488e-03   0.0000000e+00   5.4484834e-03
   5.4484834e-03   1.8954341e-03   0.0000000e+00   4.8879957e-03
   4.8879957e-03   8.0188355e-04   0.0000000e+00   4.5719195e-03
   4.5719195e-03   1.0842689e-04   0.0000000e+00   4.4187078e-03
   4.4187078e-03   0.0000000e+00   0.0000000e+00   4.3693896e-03
   4.3693896e-03   0.0000000e+00   0.0000000e+00   4.4170832e-03
   4.4170832e-03   0.0000000e+00   0.0000000e+00   4.5600444e-03
   4.5600444e-03   0.0000000e+00   0.0000000e+00   4.6893031e-03
   4.6893031e-03   0.0000000e+00   1.0000000e+00   3.1243676e-01
   3.1243676e-01   0.0000000e+00   1.0000000e+00   5.4341391e-01
   5.4341391e-01   6.0788559e-02   1.0000000e+00   7.1146288e-01
   7.1146288e-01   3.4725654e-01   1.0000000e+00   8.2948801e-01
   8.2948801e-01   5.6013289e-01   1.0000000e+00   9.0864235e-01
   9.0864235e-01   7.1938802e-01   1.0000000e+00   9.5821868e-01
   9.5821868e-01   8.4107566e-01   1.0000000e+00   9.8658645e-01
   9.8658645e-01   9.0756091e-01   1.0000000e+00   9.9958776e-01
   9.9958776e-01   9.1177966e-01   1.0000000e+00   1.0000000e+00
   1.0000000e+00   9.3447176e-01   1.0000000e+00   1.0000000e+00
   1.0000000e+00   9.1142039e-01   1.0000000e+00   1.0000000e+00
   1.0000000e+00   9.1544901e-01   1.0000000e+00   1.0000000e+00
   1.0000000e+00   8.8903383e-01   1.0000000e+00   1.0000000e+00
   1.0000000e+00   8.8879450e-01   1.0000000e+00   1.0000000e+00
   1.0000000e+00   8.6014347e-01   1.0000000e+00   1.0000000e+00
   1.0000000e+00   8.5549462e-01   1.0000000e+00   1.0000000e+00
   1.0000000e+00   8.2913420e-01   1.0000000e+00   1.0000000e+00
   1.0000000e+00   8.2352579e-01   1.0000000e+00   1.0000000e+00
   1.0000000e+00   8.1105594e-01   1.0000000e+00   1.0000000e+00
   1.0000000e+00   8.1062025e-01   1.0000000e+00   1.0000000e+00
   1.0000000e+00   8.1141653e-01   6.9974632e-01   9.5987656e-01
   9.5987656e-01   8.1142263e-01   6.9974632e-01   9.3023820e-01
   9.3023820e-01   8.1098076e-01   6.9974632e-01   9.0723034e-01
   9.0723034e-01   7.9836211e-01   6.9974632e-01   8.8616619e-01
   8.8616619e-01   8.2357534e-01   6.9974632e-01   8.6560794e-01
   8.6560794e-01   8.3190949e-01   6.9974632e-01   8.4579621e-01
   8.4579621e-01   8.2500516e-01   6.9974632e-01   8.2682041e-01
   8.2682041e-01   8.1873707e-01   6.9974632e-01   8.0908506e-01
   8.0908506e-01   8.0722618e-01   6.9974632e-01   7.9300303e-01
   7.9300303e-01   7.9291072e-01   6.9974632e-01   7.7890304e-01
   7.7890304e-01   7.7710020e-01   6.9974632e-01   7.6693182e-01
   7.6693182e-01   7.6179620e-01   6.9974632e-01   7.5705937e-01
   7.5705937e-01   7.4812791e-01   6.9974632e-01   7.4912822e-01
   7.4912822e-01   7.3653972e-01   6.9974632e-01   7.4290966e-01
   7.4290966e-01   7.2704633e-01   6.9974632e-01   7.3814730e-01
   7.3814730e-01   7.1947763e-01   6.9974632e-01   7.3458608e-01
   7.3458608e-01   7.1358901e-01   6.9974632e-01   7.3198965e-01
   7.3198965e-01   7.0911493e-01   6.9974632e-01   7.3014945e-01
   7.3014945e-01   7.0579726e-01   6.9974632e-01   7.2888819e-01
   7.2888819e-01   7.0340077e-01   6.9974632e-01   7.2805969e-01
   7.2805969e-01   7.0172057e-01   6.9974632e-01   7.2754654e-01
   4.0405030e-01   0.0000000e+00   1.0000000e+00   6.8899349e-01
   6.8899349e-01   7.6499425e-02   1.0000000e+00   8.7276688e-01
   8.7276688e-01   4.8563686e-01   1.0000000e+00   9.7299532e-01
   9.7299532e-01   6.9430037e-01   1.0000000e+00   1.0000000e+00
   1.0000000e+00   8.9248140e-01   1.0000000e+00   1.0000000e+00
   1.0000000e+00   9.5262342e-01   1.0000000e+00   1.0000000e+00
   1.0000000e+00   9.1203069e-01   1.0000000e+00   1.0000000e+00
   1.0000000e+00   9.3650859e-01   1.0000000e+00   1.0000000e+00
   1.0000000e+00   8.9361221e-01   1.0000000e+00   1.0000000e+00
   1.0000000e+00   9.1385187e-01   1.0000000e+00   1.0000000e+00
   1.0000000e+00   8.6910189e-01   1.0000000e+00   1.0000000e+00
   1.0000000e+00   8.8348603e-01   1.0000000e+00   1.0000000e+00
   1.0000000e+00   8.3997749e-01   1.0000000e+00   1.0000000e+00
   1.0000000e+00   8.4751506e-01   1.0000000e+00   1.0000000e+00
   1.0000000e+00   8.1546451e-01   1.0000000e+00   1.0000000e+00
   1.0000000e+00   8.1806663e-01   1.0000000e+00   1.0000000e+00
   1.0000000e+00   8.1012914e-01   1.0000000e+00   1.0000000e+00
   1.0000000e+00   8.1059255e-01   1.0000000e+00   1.0000000e+00
   1.0000000e+00   8.1161897e-01   1.0000000e+00   1.0000000e+00
   1.0000000e+00   8.1140697e-01   1.0000000e+00   1.0000000e+00
   1.0000000e+00   8.1122439e-01   1.0000000e+00   1.0000000e+00
   1.0000000e+00   8.1128357e-01   1.0000000e+00   1.0000000e+00
   1.0000000e+00   8.1131313e-01   1.0000000e+00   1.0000000e+00
   1.0000000e+00   8.1129841e-01   1.8764146e-01   8.0648427e-01
   8.0648427e-01   8.1129416e-01   1.8764146e-01   6.5988123e-01
   6.5988123e-01   7.7809460e-01   1.8764146e-01   5.4726427e-01
   5.4726427e-01   6.5788647e-01   1.8764146e-01   4.5890752e-01
   4.5890752e-01   5.7613097e-01   1.8764146e-01   3.8893510e-01
   3.8893510e-01   5.0202944e-01   1.8764146e-01   3.3498563e-01
   3.3498563e-01   4.1501229e-01   1.8764146e-01   2.9473882e-01
   2.9473882e-01   3.4304203e-01   1.8764146e-01   2.6589289e-01
   2.6589289e-01   2.8617881e-01   1.8764146e-01   2.4560114e-01
   2.4560114e-01   2.5261562e-01   1.8764146e-01   2.3151182e-01
   2.3151182e-01   2.3061789e-01   1.8764146e-01   2.2190496e-01
   2.2190496e-01   2.1488604e-01   1.8764146e-01   2.1552503e-01
   2.1552503e-01   2.0370155e-01   1.8764146e-01   2.1144959e-01
   2.1144959e-01   1.9592385e-01   1.8764146e-01   2.0899758e-01
   2.0899758e-01   1.9069882e-01   1.8764146e-01   2.0766597e-01
   2.0766597e-01   1.8736083e-01   1.8764146e-01   2.0708543e-01
   2.0708543e-01   1.8538455e-01   1.8764146e-01   2.0698798e-01
   2.0698798e-01   1.8436040e-01   1.8764146e-01   2.0718268e-01
   2.0718268e-01   1.8397612e-01   1.8764146e-01   2.0753668e-01
   2.0753668e-01   1.8399994e-01   1.8764146e-01   2.0796047e-01
   2.0796047e-01   1.8426485e-01   1.8764146e-01   2.0839631e-01
   2.0839631e-01   1.8465451e-01   1.8764146e-01   2.0880920e-01
   2.0880920e-01   1.8509107e-01   1.8764146e-01   2.0918004e-01
   2.0918004e-01   1.8552512e-01   1.8764146e-01   2.0950044e-01
   2.0950044e-01   1.8592760e-01   1.6351607e-01   2.0233378e-01
   2.0233378e-01   1.8628354e-01   1.6351607e-01   1.9707024e-01
   1.9707024e-01   1.8293667e-01   1.6351607e-01   1.9326940e-01
   1.9326940e-01   1.7682110e-01   1.6351607e-01   1.9058860e-01
   1.9058860e-01   1.7218185e-01   1.6351607e-01   1.8875391e-01
   1.8875391e-01   1.6879995e-01   1.6351607e-01   1.8754685e-01
   1.8754685e-01   1.6641553e-01   1.6351607e-01   1.8679553e-01
   1.8679553e-01   1.6479167e-01   1.6351607e-01   1.8636693e-01
   1.8636693e-01   1.6373395e-01   1.6351607e-01   1.8615991e-01
   1.8615991e-01   1.6308715e-01   1.6351607e-01   1.8609913e-01
   1.8609913e-01   1.6273026e-01   1.6351607e-01   1.8612968e-01
   1.8612968e-01   1.6257106e-01   1.6351607e-01   1.8621260e-01
   1.8621260e-01   1.6254084e-01   1.6351607e-01   1.8632104e-01
   1.8632104e-01   1.6258972e-01   1.6351607e-01   1.8643726e-01
   1.8643726e-01   1.6268245e-01   1.6351607e-01   1.8655014e-01
   1.8655014e-01   1.6279498e-01   1.6351607e-01   1.8665328e-01
   1.8665328e-01   1.6291160e-01   1.6351607e-01   1.8674352e-01
   1.8674352e-01   1.6302264e-01   1.6351607e-01   1.8681989e-01
   1.8681989e-01   1.6312274e-01   1.6351607e-01   1.8688273e-01
   1.8688273e-01   1.6320942e-01   1.6351607e-01   1.8693319e-01
   1.8693319e-01   1.6328216e-01   1.6351607e-01   1.8697282e-01
   1.8697282e-01   1.6334159e-01   1.6351607e-01   1.8700325e-01
   1.8700325e-01   1.6338899e-01   1.6351607e-01   1.8702612e-01
   1.8702612e-01   1.6342598e-01   3.7572612e-01   2.5244354e-01
   2.5244354e-01   1.6345422e-01   3.7572612e-01   3.0086293e-01
   3.0086293e-01   1.9293884e-01   3.7572612e-01   3.3580811e-01
   3.3580811e-01   2.5361192e-01   3.7572612e-01   3.6042976e-01
   3.6042976e-01   2.9643284e-01   3.7572612e-01   3.7764877e-01
   3.7764877e-01   3.2175995e-01   3.7572612e-01   3.8966791e-01
   3.8966791e-01   3.3832260e-01   3.7572612e-01   3.9799196e-01
   3.9799196e-01   3.5058468e-01   3.7572612e-01   4.0365276e-01
   4.0365276e-01   3.5985102e-01   3.7572612e-01   4.0738595e-01
   4.0738595e-01   3.6664885e-01   3.7572612e-01   4.0973294e-01
   4.0973294e-01   3.7143654e-01   3.7572612e-01   4.1109864e-01
   4.1109864e-01   3.7464984e-01   3.7572612e-01   4.1178651e-01
   4.1178651e-01   3.7667651e-01   3.7572612e-01   4.1202207e-01
   4.1202207e-01   3.7784119e-01   3.7572612e-01   4.1197042e-01
   4.1197042e-01   3.7840323e-01   3.7572612e-01   4.1174978e-01
   4.1174978e-01   3.7856241e-01   3.7572612e-01   4.1144248e-01
   4.1144248e-01   3.7846760e-01   3.7572612e-01   4.1110380e-01
   4.1110380e-01   3.7822622e-01   3.7572612e-01   4.1076905e-01
   4.1076905e-01   3.7791305e-01   3.7572612e-01   4.1045918e-01
   4.1045918e-01   3.7757797e-01   3.7572612e-01   4.1018508e-01
   4.1018508e-01   3.7725241e-01   3.7572612e-01   4.0995085e-01
   4.0995085e-01   3.7695456e-01   3.7572612e-01   4.0975629e-01
   4.0975629e-01   3.7669342e-01   3.7572612e-01   4.0959858e-01
   4.0959858e-01   3.7647191e-01   3.7572612e-01   4.0947357e-01
   4.0947357e-01   3.7628905e-01   1.1034391e-01   3.2758890e-01
   3.2758890e-01   3.7614166e-01   1.1034391e-01   2.6632642e-01
   2.6632642e-01   3.4880466e-01   1.1034391e-01   2.2190965e-01
   2.2190965e-01   2.6783691e-01   1.1034391e-01   1.9027155e-01
   1.9027155e-01   2.1619031e-01   1.1034391e-01   1.6797878e-01
   1.6797878e-01   1.8215115e-01   1.1034391e-01   1.5253416e-01
   1.5253416e-01   1.5705552e-01   1.1034391e-01   1.4210216e-01
   1.4210216e-01   1.3874859e-01   1.1034391e-01   1.3530311e-01
   1.3530311e-01   1.2588170e-01   1.1034391e-01   1.3109239e-01
   1.3109239e-01   1.1721589e-01   1.1034391e-01   1.2868543e-01
   1.2868543e-01   1.1163663e-01   1.1034391e-01   1.2750192e-01
   1.2750192e-01   1.0824405e-01   1.1034391e-01   1.2712006e-01
   1.2712006e-01   1.0635863e-01   1.1034391e-01   1.2723906e-01
   1.2723906e-01   1.0548377e-01   1.1034391e-01   1.2764888e-01
   1.2764888e-01   1.0526339e-01   1.1034391e-01   1.2820649e-01
   1.2820649e-01   1.0544624e-01   1.1034391e-01   1.2881759e-01
   1.2881759e-01   1.0585828e-01   1.1034391e-01   1.2942267e-01
   1.2942267e-01   1.0638180e-01   1.1034391e-01   1.2998665e-01
   1.2998665e-01   1.0693968e-01   1.1034391e-01   1.3049111e-01
   1.3049111e-01   1.0748372e-01   1.1034391e-01   1.3092876e-01
   1.3092876e-01   1.0798592e-01   1.1034391e-01   1.3129938e-01
   1.3129938e-01   1.0843208e-01   1.1034391e-01   1.3160698e-01
   1.3160698e-01   1.0881716e-01   1.1034391e-01   1.3185786e-01
   1.3185786e-01   1.0914188e-01   1.1034391e-01   1.3205931e-01
   1.3205931e-01   1.0941041e-01   1.1034391e-01   1.3221874e-01
   4.2836316e-01   0.0000000e+00   1.0000000e+00   7.2540160e-01
   7.2540160e-01   8.1498510e-02   1.0000000e+00   9.0918208e-01
   9.0918208e-01   5.2423145e-01   1.0000000e+00   9.9769479e-01
   9.9769479e-01   7.3092227e-01   1.0000000e+00   1.0000000e+00
   1.0000000e+00   9.2472583e-01   1.0000000e+00   1.0000000e+00
   1.0000000e+00   9.3159092e-01   1.0000000e+00   1.0000000e+00
   1.0000000e+00   9.1056290e-01   1.0000000e+00   1.0000000e+00
   1.0000000e+00   9.1133384e-01   1.0000000e+00   1.0000000e+00
   1.0000000e+00   8.8731840e-01   1.0000000e+00   1.0000000e+00
   1.0000000e+00   8.8388275e-01   1.0000000e+00   1.0000000e+00
   1.0000000e+00   8.5761232e-01   1.0000000e+00   1.0000000e+00
   1.0000000e+00   8.5029554e-01   1.0000000e+00   1.0000000e+00
   1.0000000e+00   8.2671731e-01   1.0000000e+00   1.0000000e+00
   1.0000000e+00   8.2010652e-01   1.0000000e+00   1.0000000e+00
   1.0000000e+00   8.1063863e-01   1.0000000e+00   1.0000000e+00
   1.0000000e+00   8.1051098e-01   1.0000000e+00   1.0000000e+00
   1.0000000e+00   8.1151555e-01   1.0000000e+00   1.0000000e+00
   1.0000000e+00   8.1143529e-01   1.0000000e+00   1.0000000e+00
   1.0000000e+00   8.1124103e-01   1.0000000e+00   1.0000000e+00
   1.0000000e+00   8.1127639e-01   1.0000000e+00   1.0000000e+00
   1.0000000e+00   8.1131060e-01   1.0000000e+00   1.0000000e+00
   1.0000000e+00   8.1130009e-01   1.0000000e+00   1.0000000e+00
   1.0000000e+00   8.1129448e-01   1.0000000e+00   1.0000000e+00
   1.0000000e+00   8.1129712e-01   1.0000000e+00   1.0000000e+00
   1.0000000e+00   8.1129794e-01   1.0000000e+00   1.0000000e+00
   1.0000000e+00   8.1129734e-01   1.0000000e+00   1.0000000e+00
   1.0000000e+00   8.1129724e-01   1.0000000e+00   1.0000000e+00
   1.0000000e+00   8.1129737e-01   1.0000000e+00   1.0000000e+00
   1.0000000e+00   8.1129737e-01   1.0000000e+00   1.0000000e+00
   1.0000000e+00   8.1129735e-01   1.0000000e+00   1.0000000e+00
   1.0000000e+00   8.1129735e-01   1.0000000e+00   1.0000000e+00
   1.0000000e+00   8.1129735e-01   1.0000000e+00   1.0000000e+00
   1.0000000e+00   8.1129735e-01   1.0000000e+00   1.0000000e+00
   1.0000000e+00   8.1129735e-01   1.0000000e+00   1.0000000e+00
   1.0000000e+00   8.1129735e-01   1.0000000e+00   1.0000000e+00
   1.0000000e+00   8.1129735e-01   1.0000000e+00   1.0000000e+00
   1.0000000e+00   8.1129735e-01   1.0000000e+00   1.0000000e+00
   1.0000000e+00   8.1129735e-01   1.0000000e+00   1.0000000e+00
   1.0000000e+00   8.1129735e-01   1.0000000e+00   1.0000000e+00
   1.0000000e+00   8.1129735e-01   1.0000000e+00   1.0000000e+00
   1.0000000e+00   8.1129735e-01   1.0000000e+00   1.0000000e+00
   1.0000000e+00   8.1129735e-01   1.0000000e+00   1.0000000e+00
   1.0000000e+00   8.1129735e-01   1.0000000e+00   1.0000000e+00
   1.0000000e+00   8.1129735e-01   1.0000000e+00   1.0000000e+00
   1.0000000e+00   8.1129735e-01   1.0000000e+00   1.0000000e+00
   1.0000000e+00   8.1129735e-01   1.0000000e+00   1.0000000e+00
   1.0000000e+00   8.1129735e-01   1.0000000e+00   1.0000000e+00
   1.0000000e+00   8.1129735e-01   1.0000000e+00   1.0000000e+00
   1.0000000e+00   8.1129735e-01   1.0000000e+00   1.0000000e+00
   1.0000000e+00   8.1129735e-01   1.0000000e+00   1.0000000e+00
   1.0000000e+00   8.1129735e-01   1.0000000e+00   1.0000000e+00
   1.0000000e+00   8.1129735e-01   1.0000000e+00   1.0000000e+00
   1.0000000e+00   8.1129735e-01   1.0000000e+00   1.0000000e+00
   1.0000000e+00   8.1129735e-01   1.0000000e+00   1.0000000e+00
   1.0000000e+00   8.1129735e-01   1.0000000e+00   1.0000000e+00
   1.0000000e+00   8.1129735e-01   1.0000000e+00   1.0000000e+00
   1.0000000e+00   8.1129735e-01   1.0000000e+00   1.0000000e+00
   1.0000000e+00   8.1129735e-01   1.0000000e+00   1.0000000e+00
   1.0000000e+00   8.1129735e-01   1.0000000e+00   1.0000000e+00
   1.0000000e+00   8.1129735e-01   1.0000000e+00   1.0000000e+00
   1.0000000e+00   8.1129735e-01   1.0000000e+00   1.0000000e+00
   1.0000000e+00   8.1129735e-01   1.0000000e+00   1.0000000e+00
   1.0000000e+00   8.1129735e-01   1.0000000e+00   1.0000000e+00
   1.0000000e+00   8.1129735e-01   1.0000000e+00   1.0000000e+00
   1.0000000e+00   8.1129735e-01   1.0000000e+00   1.0000000e+00
   1.0000000e+00   8.1129735e-01   1.0000000e+00   1.0000000e+00
   1.0000000e+00   8.1129735e-01   1.0000000e+00   1.0000000e+00
   1.0000000e+00   8.1129735e-01   1.0000000e+00   1.0000000e+00
   1.0000000e+00   8.1129735e-01   1.0000000e+00   1.0000000e+00
   1.0000000e+00   8.1129735e-01   1.0000000e+00   1.0000000e+00
   1.0000000e+00   8.1129735e-01   1.0000000e+00   1.0000000e+00
   1.0000000e+00   8.1129735e-01   1.0000000e+00   1.0000000e+00
   1.0000000e+00   8.1129735e-01   1.0000000e+00   1.0000000e+00
   1.0000000e+00   8.1129735e-01   1.0000000e+00   1.0000000e+00
   1.0000000e+00   8.1129735e-01   1.0000000e+00   1.0000000e+00
   1.0000000e+00   8.1129735e-01   1.0000000e+00   1.0000000e+00
   1.0000000e+00   8.1129735e-01   1.0000000e+00   1.0000000e+00
   1.0000000e+00   8.1129735e-01   1.0000000e+00   1.0000000e+00
   1.0000000e+00   8.1129735e-01   1.8127195e-01   8.0583363e-01
   8.0583363e-01   8.1129735e-01   1.8127195e-01   6.5845886e-01
   6.5845886e-01   7.7782479e-01   1.8127195e-01   5.4505686e-01
   5.4505686e-01   6.5682916e-01   1.8127195e-01   4.5592210e-01
   4.5592210e-01   5.7486154e-01   1.8127195e-01   3.8524988e-01
   3.8524988e-01   4.9966290e-01   1.8127195e-01   3.3070091e-01
   3.3070091e-01   4.1180141e-01   1.8127195e-01   2.8998043e-01
   2.8998043e-01   3.3878952e-01   1.8127195e-01   2.6076320e-01
   2.6076320e-01   2.8143847e-01   1.8127195e-01   2.4015543e-01
   2.4015543e-01   2.4789153e-01   1.8127195e-01   2.2580318e-01
   2.2580318e-01   2.2555970e-01   1.8127195e-01   2.1598631e-01
   2.1598631e-01   2.0947851e-01   1.8127195e-01   2.0944648e-01
   2.0944648e-01   1.9798472e-01   1.8127195e-01   2.0525602e-01
   2.0525602e-01   1.8995181e-01   1.8127195e-01   2.0272699e-01
   2.0272699e-01   1.8453097e-01   1.8127195e-01   2.0134881e-01
   2.0134881e-01   1.8105259e-01   1.8127195e-01   2.0074480e-01
   2.0074480e-01   1.7898268e-01   1.8127195e-01   2.0064048e-01
   2.0064048e-01   1.7790172e-01   1.8127195e-01   2.0083941e-01
   2.0083941e-01   1.7748815e-01   1.8127195e-01   2.0120443e-01
   2.0120443e-01   1.7750223e-01   1.8127195e-01   2.0164276e-01
   2.0164276e-01   1.7777047e-01   1.8127195e-01   2.0209430e-01
   2.0209430e-01   1.7817147e-01   1.8127195e-01   2.0252247e-01
   2.0252247e-01   1.7862356e-01   1.8127195e-01   2.0290722e-01
   2.0290722e-01   1.7907462e-01   1.8127195e-01   2.0323964e-01
   2.0323964e-01   1.7949378e-01   1.8127195e-01   2.0351808e-01
   2.0351808e-01   1.7986497e-01   1.8127195e-01   2.0374531e-01
   2.0374531e-01   1.8018201e-01   1.8127195e-01   2.0392651e-01
   2.0392651e-01   1.8044504e-01   1.8127195e-01   2.0406792e-01
   2.0406792e-01   1.8065788e-01   1.8127195e-01   2.0417602e-01
   2.0417602e-01   1.8082628e-01   1.8127195e-01   2.0425692e-01
   2.0425692e-01   1.8095675e-01   1.8127195e-01   2.0431613e-01
   2.0431613e-01   1.8105574e-01   1.8127195e-01   2.0435841e-01
   2.0435841e-01   1.8112927e-01   1.8127195e-01   2.0438776e-01
   2.0438776e-01   1.8118264e-01   1.8127195e-01   2.0440741e-01
   2.0440741e-01   1.8122040e-01   1.8127195e-01   2.0441998e-01
   2.0441998e-01   1.8124631e-01   1.8127195e-01   2.0442747e-01
   2.0442747e-01   1.8126342e-01   1.8127195e-01   2.0443146e-01
   2.0443146e-01   1.8127414e-01   1.8127195e-01   2.0443308e-01
   2.0443308e-01   1.8128033e-01   1.8127195e-01   2.0443320e-01
   2.0443320e-01   1.8128342e-01   1.8127195e-01   2.0443242e-01
   2.0443242e-01   1.8128446e-01   1.8127195e-01   2.0443115e-01
   8.3213758e-02   0.0000000e+00   2.6903665e-01   1.4645137e-01
   1.4645137e-01   1.2231569e-02   2.6903665e-01   1.9405987e-01
   1.9405987e-01   8.0497069e-02   2.6903665e-01   2.2944836e-01
   2.2944836e-01   1.3378870e-01   2.6903665e-01   2.5493932e-01
   2.5493932e-01   1.8051801e-01   2.6903665e-01   2.7246389e-01
   2.7246389e-01   2.1762769e-01   2.6903665e-01   2.8399198e-01
   2.8399198e-01   2.4136359e-01   2.6903665e-01   2.9125111e-01
   2.9125111e-01   2.5561919e-01   2.6903665e-01   2.9557468e-01
   2.9557468e-01   2.6423915e-01   2.6903665e-01   2.9793381e-01
   2.9793381e-01   2.6936706e-01   2.6903665e-01   2.9901552e-01
   2.9901552e-01   2.7225019e-01   2.6903665e-01   2.9929611e-01
   2.9929611e-01   2.7368878e-01   2.6903665e-01   2.9909969e-01
   2.9909969e-01   2.7421607e-01   2.6903665e-01   2.9864231e-01
   2.9864231e-01   2.7418985e-01   2.6903665e-01   2.9806432e-01
   2.9806432e-01   2.7384845e-01   2.6903665e-01   2.9745381e-01
   2.9745381e-01   2.7334788e-01   2.6903665e-01   2.9686336e-01
   2.9686336e-01   2.7278756e-01   2.6903665e-01   2.9632185e-01
   2.9632185e-01   2.7222829e-01   2.6903665e-01   2.9584277e-01
   2.9584277e-01   2.7170494e-01   2.6903665e-01   2.9542990e-01
   2.9542990e-01   2.7123530e-01   1.1071361e-01   2.4628792e-01
   2.4628792e-01   2.7082621e-01   1.1071361e-01   2.1029216e-01
   2.1029216e-01   2.4245821e-01   1.1071361e-01   1.8422305e-01
   1.8422305e-01   2.0282775e-01   1.1071361e-01   1.6555844e-01
   1.6555844e-01   1.7424735e-01   1.1071361e-01   1.5241454e-01
   1.5241454e-01   1.5296468e-01   1.1071361e-01   1.4337140e-01
   1.4337140e-01   1.3732427e-01   1.1071361e-01   1.3733911e-01
   1.3733911e-01   1.2622564e-01   1.1071361e-01   1.3347999e-01
   1.3347999e-01   1.1862952e-01   1.1071361e-01   1.3115731e-01
   1.3115731e-01   1.1362076e-01   1.1071361e-01   1.2989475e-01
   1.2989475e-01   1.1046537e-01   1.1071361e-01   1.2934212e-01
   1.2934212e-01   1.0860592e-01   1.1071361e-01   1.2924662e-01
   1.2924662e-01   1.0763090e-01   1.1071361e-01   1.2942926e-01
   1.2942926e-01   1.0724183e-01   1.1071361e-01   1.2976623e-01
   1.2976623e-01   1.0722554e-01   1.1071361e-01   1.3017418e-01
   1.3017418e-01   1.0743240e-01   1.1071361e-01   1.3059906e-01
   1.3059906e-01   1.0775957e-01   1.1071361e-01   1.3100760e-01
   1.3100760e-01   1.0813829e-01   1.1071361e-01   1.3138098e-01
   1.3138098e-01   1.0852436e-01   1.1071361e-01   1.3171016e-01
   1.3171016e-01   1.0889090e-01   1.1071361e-01   1.3199248e-01
   1.3199248e-01   1.0922303e-01   1.0000000e+00   4.7834167e-01
   4.7834167e-01   1.0951401e-01   1.0000000e+00   7.2147640e-01
   7.2147640e-01   2.3385276e-01   1.0000000e+00   8.7941203e-01
   8.7941203e-01   5.7317504e-01   1.0000000e+00   9.6907045e-01
   9.6907045e-01   7.3134272e-01   1.0000000e+00   1.0000000e+00
   1.0000000e+00   8.9712542e-01   1.0000000e+00   1.0000000e+00
   1.0000000e+00   9.3632178e-01   1.0000000e+00   1.0000000e+00
   1.0000000e+00   9.1960241e-01   1.0000000e+00   1.0000000e+00
   1.0000000e+00   9.1862626e-01   1.0000000e+00   1.0000000e+00
   1.0000000e+00   8.9895233e-01   1.0000000e+00   1.0000000e+00
   1.0000000e+00   8.9419116e-01   1.0000000e+00   1.0000000e+00
   1.0000000e+00   8.7150032e-01   1.0000000e+00   1.0000000e+00
   1.0000000e+00   8.6273598e-01   1.0000000e+00   1.0000000e+00
   1.0000000e+00   8.3944984e-01   1.0000000e+00   1.0000000e+00
   1.0000000e+00   8.2957630e-01   1.0000000e+00   1.0000000e+00
   1.0000000e+00   8.1459692e-01   1.0000000e+00   1.0000000e+00
   1.0000000e+00   8.1135575e-01   1.0000000e+00   1.0000000e+00
   1.0000000e+00   8.1077327e-01   1.0000000e+00   1.0000000e+00
   1.0000000e+00   8.1134040e-01   1.0000000e+00   1.0000000e+00
   1.0000000e+00   8.1139863e-01   1.0000000e+00   1.0000000e+00
   1.0000000e+00   8.1127847e-01   0.0000000e+00   7.4691872e-01
   7.4691872e-01   8.1127960e-01   0.0000000e+00   5.5675680e-01
   5.5675680e-01   7.4907964e-01   0.0000000e+00   4.1309923e-01
   4.1309923e-01   5.7424755e-01   0.0000000e+00   3.0003283e-01
   3.0003283e-01   5.0082076e-01   0.0000000e+00   2.1335299e-01
   2.1335299e-01   3.6008903e-01   0.0000000e+00   1.5031630e-01
   1.5031630e-01   2.2568003e-01   0.0000000e+00   1.0509754e-01
   1.0509754e-01   1.5511110e-01   0.0000000e+00   7.2786313e-02
   7.2786313e-02   1.0967814e-01   0.0000000e+00   4.9854201e-02
   4.9854201e-02   7.6298446e-02   0.0000000e+00   3.3756085e-02
   3.3756085e-02   5.1676291e-02   0.0000000e+00   2.2610588e-02
   2.2610588e-02   3.3994948e-02   0.0000000e+00   1.5020423e-02
   1.5020423e-02   2.1561933e-02   0.0000000e+00   9.9548767e-03
   9.9548767e-03   1.2970909e-02   0.0000000e+00   6.6630972e-03
   6.6630972e-03   7.1419428e-03   0.0000000e+00   4.6089180e-03
   4.6089180e-03   3.2722988e-03   0.0000000e+00   3.4225321e-03
   3.4225321e-03   7.7763039e-04   0.0000000e+00   2.8203373e-03
   2.8203373e-03   0.0000000e+00   0.0000000e+00   2.5953481e-03
   2.5953481e-03   0.0000000e+00   0.0000000e+00   2.6214627e-03
   2.6214627e-03   0.0000000e+00   1.0000000e+00   3.4337477e-01
   3.4337477e-01   0.0000000e+00   1.0000000e+00   5.9487622e-01
   5.9487622e-01   6.5767916e-02   1.0000000e+00   7.7271979e-01
   7.7271979e-01   3.9247866e-01   1.0000000e+00   8.9209235e-01
   8.9209235e-01   6.0482239e-01   1.0000000e+00   9.6357156e-01
   9.6357156e-01   7.9710556e-01   1.0000000e+00   9.9719077e-01
   9.9719077e-01   9.0345730e-01   1.0000000e+00   1.0000000e+00
   1.0000000e+00   9.1318246e-01   1.0000000e+00   1.0000000e+00
   1.0000000e+00   9.2850732e-01   1.0000000e+00   1.0000000e+00
   1.0000000e+00   8.9735737e-01   1.0000000e+00   1.0000000e+00
   1.0000000e+00   9.0524539e-01   1.0000000e+00   1.0000000e+00
   1.0000000e+00   8.7166279e-01   1.0000000e+00   1.0000000e+00
   1.0000000e+00   8.7449401e-01   1.0000000e+00   1.0000000e+00
   1.0000000e+00   8.4111008e-01   1.0000000e+00   1.0000000e+00
   1.0000000e+00   8.3946671e-01   1.0000000e+00   1.0000000e+00
   1.0000000e+00   8.1569127e-01   1.0000000e+00   1.0000000e+00
   1.0000000e+00   8.1437418e-01   1.0000000e+00   1.0000000e+00
   1.0000000e+00   8.1040456e-01   1.0000000e+00   1.0000000e+00
   1.0000000e+00   8.1088763e-01   1.0000000e+00   1.0000000e+00
   1.0000000e+00   8.1152564e-01   1.0000000e+00   1.0000000e+00
   1.0000000e+00   8.1135552e-01   5.7023699e-01   9.2241636e-01
   9.2241636e-01   8.1124730e-01   5.7023699e-01   8.6353698e-01
   8.6353698e-01   8.0849129e-01   5.7023699e-01   8.1695014e-01
   8.1695014e-01   7.7912637e-01   5.7023699e-01   7.7638866e-01
   7.7638866e-01   7.9013028e-01   5.7023699e-01   7.4076724e-01
   7.4076724e-01   7.6620605e-01   5.7023699e-01   7.1015680e-01
   7.1015680e-01   7.3241295e-01   5.7023699e-01   6.8458736e-01
   6.8458736e-01   6.9875329e-01   5.7023699e-01   6.6380094e-01
   6.6380094e-01   6.6914508e-01   5.7023699e-01   6.4730194e-01
   6.4730194e-01   6.4475337e-01   5.7023699e-01   6.3444968e-01
   6.3444968e-01   6.2578794e-01   5.7023699e-01   6.2455498e-01
   6.2455498e-01   6.1178520e-01   5.7023699e-01   6.1700072e-01
   6.1700072e-01   6.0128731e-01   5.7023699e-01   6.1129742e-01
   6.1129742e-01   5.9299691e-01   5.7023699e-01   6.0706104e-01
   6.0706104e-01   5.8639453e-01   5.7023699e-01   6.0398121e-01
   6.0398121e-01   5.8125112e-01   5.7023699e-01   6.0180231e-01
   6.0180231e-01   5.7735692e-01   5.7023699e-01   6.0031352e-01
   6.0031352e-01   5.7449617e-01   5.7023699e-01   5.9934260e-01
   5.9934260e-01   5.7246319e-01   5.7023699e-01   5.9875108e-01
   5.9875108e-01   5.7107417e-01   5.7023699e-01   5.9842963e-01
   5.9842963e-01   5.7017230e-01   5.7023699e-01   5.9829381e-01
   1.0125232e-03   0.0000000e+00   0.0000000e+00   1.9135363e-03
   1.9135363e-03   0.0000000e+00   0.0000000e+00   2.6209176e-03
   2.6209176e-03   0.0000000e+00   0.0000000e+00   3.1731215e-03
   3.1731215e-03   0.0000000e+00   0.0000000e+00   3.6050261e-03
   3.6050261e-03   0.0000000e+00   0.0000000e+00   3.9430405e-03
   3.9430405e-03   0.0000000e+00   0.0000000e+00   4.2075961e-03
   4.2075961e-03   0.0000000e+00   0.0000000e+00   4.4146569e-03
   4.4146569e-03   0.0000000e+00   0.0000000e+00   4.5767173e-03
   4.5767173e-03   0.0000000e+00   0.0000000e+00   4.7035568e-03
   4.7035568e-03   0.0000000e+00   0.0000000e+00   4.8028300e-03
   4.8028300e-03   0.0000000e+00   0.0000000e+00   4.8805276e-03
   4.8805276e-03   0.0000000e+00   0.0000000e+00   4.9413389e-03
   4.9413389e-03   0.0000000e+00   0.0000000e+00   4.9889337e-03
   4.9889337e-03   0.0000000e+00   0.0000000e+00   5.0261844e-03
   5.0261844e-03   0.0000000e+00   0.0000000e+00   5.0553392e-03
   5.0553392e-03   0.0000000e+00   0.0000000e+00   5.0781575e-03
   5.0781575e-03   0.0000000e+00   0.0000000e+00   5.0960166e-03
   5.0960166e-03   0.0000000e+00   0.0000000e+00   5.1099942e-03
   5.1099942e-03   0.0000000e+00   0.0000000e+00   5.1209340e-03
   5.1209340e-03   0.0000000e+00   0.0000000e+00   5.1294962e-03
   5.1294962e-03   0.0000000e+00   0.0000000e+00   5.1361974e-03
   5.1361974e-03   0.0000000e+00   0.0000000e+00   5.1414422e-03
   5.1414422e-03   0.0000000e+00   0.0000000e+00   5.1455472e-03
   5.1455472e-03   0.0000000e+00   0.0000000e+00   5.1487599e-03
   5.1487599e-03   0.0000000e+00   0.0000000e+00   5.1512745e-03
   5.1512745e-03   0.0000000e+00   0.0000000e+00   5.1532425e-03
   5.1532425e-03   0.0000000e+00   0.0000000e+00   5.1547828e-03
   5.1547828e-03   0.0000000e+00   0.0000000e+00   5.1559883e-03
   5.1559883e-03   0.0000000e+00   0.0000000e+00   5.1569318e-03
   5.1569318e-03   0.0000000e+00   6.5416126e-01   2.0676191e-01
   2.0676191e-01   0.0000000e+00   6.5416126e-01   3.5943831e-01
   3.5943831e-01   3.9836199e-02   6.5416126e-01   4.7353069e-01
   4.7353069e-01   2.1151143e-01   6.5416126e-01   5.5383670e-01
   5.5383670e-01   3.9647410e-01   6.5416126e-01   6.1123871e-01
   6.1123871e-01   4.5983883e-01   6.5416126e-01   6.5107452e-01
   6.5107452e-01   5.3289102e-01   6.5416126e-01   6.7742836e-01
   6.7742836e-01   5.8905988e-01   6.5416126e-01   6.9367986e-01
   6.9367986e-01   6.2855372e-01   6.5416126e-01   7.0269125e-01
   7.0269125e-01   6.5328014e-01   6.5416126e-01   7.0675448e-01
   7.0675448e-01   6.6744956e-01   6.5416126e-01   7.0759283e-01
   7.0759283e-01   6.7481827e-01   6.5416126e-01   7.0645948e-01
   7.0645948e-01   6.7770150e-01   6.5416126e-01   7.0423753e-01
   7.0423753e-01   6.7773901e-01   6.5416126e-01   7.0152763e-01
   7.0152763e-01   6.7609089e-01   6.5416126e-01   6.9872029e-01
   6.9872029e-01   6.7356248e-01   6.5416126e-01   6.9605371e-01
   6.9605371e-01   6.7069314e-01   6.5416126e-01   6.9365893e-01
   6.9365893e-01   6.6782639e-01   6.5416126e-01   6.9159418e-01
   6.9159418e-01   6.6516515e-01   6.5416126e-01   6.8987051e-01
   6.8987051e-01   6.6281454e-01   6.5416126e-01   6.8847025e-01
   6.8847025e-01   6.6081430e-01   6.5416126e-01   6.8736004e-01
   6.8736004e-01   6.5916277e-01   6.5416126e-01   6.8649964e-01
   6.8649964e-01   6.5783404e-01   6.5416126e-01   6.8584759e-01
   6.8584759e-01   6.5678987e-01   6.5416126e-01   6.8536468e-01
   6.8536468e-01   6.5598747e-01   6.5416126e-01   6.8501580e-01
   6.8501580e-01   6.5538447e-01   6.5416126e-01   6.8477074e-01
   6.8477074e-01   6.5494179e-01   6.5416126e-01   6.8460432e-01
   6.8460432e-01   6.5462503e-01   6.5416126e-01   6.8449614e-01
   6.8449614e-01   6.5440501e-01   6.5416126e-01   6.8443002e-01
   6.8443002e-01   6.5425766e-01   6.5416126e-01   6.8439344e-01
   6.8439344e-01   6.5416367e-01   7.2568360e-01   7.0641925e-01
   7.0641925e-01   6.5410784e-01   7.2568360e-01   7.2263636e-01
   7.2263636e-01   6.6540184e-01   7.2568360e-01   7.3432114e-01
   7.3432114e-01   6.8507038e-01   7.2568360e-01   7.4251914e-01
   7.4251914e-01   6.9968430e-01   7.2568360e-01   7.4807053e-01
   7.4807053e-01   7.1039848e-01   7.2568360e-01   7.5165954e-01
   7.5165954e-01   7.1784464e-01   7.2568360e-01   7.5383064e-01
   7.5383064e-01   7.2281782e-01   7.2568360e-01   7.5500727e-01
   7.5500727e-01   7.2596784e-01   7.2568360e-01   7.5551102e-01
   7.5551102e-01   7.2781404e-01   7.2568360e-01   7.5558024e-01
   7.5558024e-01   7.2875690e-01   7.2568360e-01   7.5538702e-01
   7.5538702e-01   7.2909770e-01   7.2568360e-01   7.5505196e-01
   7.5505196e-01   7.2905760e-01   7.2568360e-01   7.5465660e-01
   7.5465660e-01   7.2879460e-01   7.2568360e-01   7.5425353e-01
   7.5425353e-01   7.2841812e-01   7.2568360e-01   7.5387447e-01
   7.5387447e-01   7.2800107e-01   7.2568360e-01   7.5353653e-01
   7.5353653e-01   7.2758953e-01   7.2568360e-01   7.5324692e-01
   7.5324692e-01   7.2721043e-01   7.2568360e-01   7.5300650e-01
   7.5300650e-01   7.2687744e-01   7.2568360e-01   7.5281229e-01
   7.5281229e-01   7.2659540e-01   7.2568360e-01   7.5265923e-01
   7.5265923e-01   7.2636355e-01   7.2568360e-01   7.5254143e-01
   7.5254143e-01   7.2617790e-01   7.2568360e-01   7.5245288e-01
   7.5245288e-01   7.2603280e-01   7.2568360e-01   7.5238795e-01
   7.5238795e-01   7.2592203e-01   7.2568360e-01   7.5234163e-01
   7.5234163e-01   7.2583946e-01   7.2568360e-01   7.5230961e-01
   7.5230961e-01   7.2577946e-01   7.2568360e-01   7.5228835e-01
   7.5228835e-01   7.2573710e-01   7.2568360e-01   7.5227498e-01
   7.5227498e-01   7.2570820e-01   7.2568360e-01   7.5226722e-01
   7.5226722e-01   7.2568932e-01   7.2568360e-01   7.5226334e-01
   7.5226334e-01   7.2567773e-01   0.0000000e+00   5.2863225e-01
   5.2863225e-01   7.2567127e-01   0.0000000e+00   3.6382862e-01
   3.6382862e-01   6.1919691e-01   0.0000000e+00   2.4216238e-01
   2.4216238e-01   4.7037352e-01   0.0000000e+00   1.5560588e-01
   1.5560588e-01   3.0434687e-01   0.0000000e+00   9.7295554e-02
   9.7295554e-02   1.6586899e-01   0.0000000e+00   5.8526351e-02
   5.8526351e-02   1.0663833e-01   0.0000000e+00   3.3282159e-02
   3.3282159e-02   6.7336983e-02   0.0000000e+00   1.7435385e-02
   1.7435385e-02   3.8886421e-02   0.0000000e+00   7.9628687e-03
   7.9628687e-03   1.9940158e-02   0.0000000e+00   2.7848759e-03
   2.7848759e-03   8.0757239e-03   0.0000000e+00   4.9240797e-04
   4.9240797e-04   1.0852974e-03   0.0000000e+00   0.0000000e+00
   0.0000000e+00   0.0000000e+00   0.0000000e+00   0.0000000e+00
   0.0000000e+00   0.0000000e+00   0.0000000e+00   0.0000000e+00
   0.0000000e+00   0.0000000e+00   0.0000000e+00   0.0000000e+00
   0.0000000e+00   0.0000000e+00   0.0000000e+00   0.0000000e+00
   0.0000000e+00   0.0000000e+00   0.0000000e+00   5.3762874e-05
   5.3762874e-05   0.0000000e+00   0.0000000e+00   9.9219338e-04
   9.9219338e-04   0.0000000e+00   0.0000000e+00   1.8855857e-03
   1.8855857e-03   0.0000000e+00   0.0000000e+00   2.5979537e-03
   2.5979537e-03   0.0000000e+00   0.0000000e+00   3.1551583e-03
   3.1551583e-03   0.0000000e+00   0.0000000e+00   3.5909869e-03
   3.5909869e-03   0.0000000e+00   0.0000000e+00   3.9320559e-03
   3.9320559e-03   0.0000000e+00   0.0000000e+00   4.1989990e-03
   4.1989990e-03   0.0000000e+00   0.0000000e+00   4.4079282e-03
   4.4079282e-03   0.0000000e+00   0.0000000e+00   4.5714509e-03
   4.5714509e-03   0.0000000e+00   0.0000000e+00   4.6994350e-03
   4.6994350e-03   0.0000000e+00   0.0000000e+00   4.7996039e-03
   4.7996039e-03   0.0000000e+00   0.0000000e+00   4.8780027e-03
   4.8780027e-03   0.0000000e+00   0.0000000e+00   4.9393627e-03
   4.9393627e-03   0.0000000e+00   0.0000000e+00   4.9873870e-03
   5.1263339e-01   0.0000000e+00   1.0000000e+00   8.3749212e-01
   8.3749212e-01   9.9032175e-02   1.0000000e+00   9.9443175e-01
   9.9443175e-01   6.4827112e-01   1.0000000e+00   1.0000000e+00
   1.0000000e+00   8.6482890e-01   1.0000000e+00   1.0000000e+00
   1.0000000e+00   9.7147832e-01   1.0000000e+00   1.0000000e+00
   1.0000000e+00   8.5668165e-01   1.0000000e+00   1.0000000e+00
   1.0000000e+00   9.4812126e-01   1.0000000e+00   1.0000000e+00
   1.0000000e+00   8.3777219e-01   1.0000000e+00   1.0000000e+00
   1.0000000e+00   9.1686092e-01   1.0000000e+00   1.0000000e+00
   1.0000000e+00   8.1917772e-01   1.0000000e+00   1.0000000e+00
   1.0000000e+00   8.7838881e-01   1.0000000e+00   1.0000000e+00
   1.0000000e+00   8.0858683e-01   1.0000000e+00   1.0000000e+00
   1.0000000e+00   8.3923453e-01   1.0000000e+00   1.0000000e+00
   1.0000000e+00   8.0927071e-01   1.0000000e+00   1.0000000e+00
   1.0000000e+00   8.1425654e-01   1.0000000e+00   1.0000000e+00
   1.0000000e+00   8.1141767e-01   1.0000000e+00   1.0000000e+00
   1.0000000e+00   8.1080937e-01   1.0000000e+00   1.0000000e+00
   1.0000000e+00   8.1132452e-01   1.0000000e+00   1.0000000e+00
   1.0000000e+00   8.1139282e-01   1.0000000e+00   1.0000000e+00
   1.0000000e+00   8.1128216e-01   1.0000000e+00   1.0000000e+00
   1.0000000e+00   8.1128034e-01   1.0000000e+00   1.0000000e+00
   1.0000000e+00   8.1130210e-01   1.0000000e+00   1.0000000e+00
   1.0000000e+00   8.1130019e-01   1.0000000e+00   1.0000000e+00
   1.0000000e+00   8.1129613e-01   1.0000000e+00   1.0000000e+00
   1.0000000e+00   8.1129692e-01   1.0000000e+00   1.0000000e+00
   1.0000000e+00   8.1129764e-01   1.0000000e+00   1.0000000e+00
   1.0000000e+00   8.1129741e-01   1.0000000e+00   1.0000000e+00
   1.0000000e+00   8.1129729e-01   1.0000000e+00   1.0000000e+00
   1.0000000e+00   8.1129735e-01   1.0000000e+00   1.0000000e+00
   1.0000000e+00   8.1129736e-01   5.8479746e-01   9.3003884e-01
   9.3003884e-01   8.1129735e-01   5.8479746e-01   8.7629123e-01
   8.7629123e-01   8.0928104e-01   5.8479746e-01   8.3320501e-01
   8.3320501e-01   7.8374138e-01   5.8479746e-01   7.9495911e-01
   7.9495911e-01   7.9897426e-01   5.8479746e-01   7.6057420e-01
   7.6057420e-01   7.8134137e-01   5.8479746e-01   7.3034613e-01
   7.3034613e-01   7.5138195e-01   5.8479746e-01   7.0456153e-01
   7.0456153e-01   7.1959727e-01   5.8479746e-01   6.8321234e-01
   6.8321234e-01   6.9026150e-01   5.8479746e-01   6.6599829e-01
   6.6599829e-01   6.6529171e-01   5.8479746e-01   6.5243713e-01
   6.5243713e-01   6.4499741e-01   5.8479746e-01   6.4195482e-01
   6.4195482e-01   6.2925486e-01   5.8479746e-01   6.3396406e-01
   6.3396406e-01   6.1751307e-01   5.8479746e-01   6.2793723e-01
   6.2793723e-01   6.0878357e-01   5.8479746e-01   6.2344234e-01
   6.2344234e-01   6.0214008e-01   5.8479746e-01   6.2013760e-01
   6.2013760e-01   5.9702931e-01   5.8479746e-01   6.1775235e-01
   6.1775235e-01   5.9313449e-01   5.8479746e-01   6.1607078e-01
   6.1607078e-01   5.9022406e-01   5.8479746e-01   6.1492063e-01
   6.1492063e-01   5.8810180e-01   5.8479746e-01   6.1416508e-01
   6.1416508e-01   5.8659811e-01   5.8479746e-01   6.1369662e-01
   6.1369662e-01   5.8556919e-01   5.8479746e-01   6.1343189e-01
   6.1343189e-01   5.8489614e-01   5.8479746e-01   6.1330737e-01
   6.1330737e-01   5.8448315e-01   5.8479746e-01   6.1327555e-01
   6.1327555e-01   5.8425482e-01   5.8479746e-01   6.1330168e-01
   6.1330168e-01   5.8415320e-01   5.8479746e-01   6.1336098e-01
   6.1336098e-01   5.8413480e-01   5.8479746e-01   6.1343631e-01
   6.1343631e-01   5.8416782e-01   5.8479746e-01   6.1351628e-01
   6.1351628e-01   5.8422961e-01   5.8479746e-01   6.1359373e-01
   6.1359373e-01   5.8430461e-01   5.8479746e-01   6.1366450e-01
   6.1366450e-01   5.8438258e-01   5.8479746e-01   6.1372654e-01
   6.1372654e-01   5.8445714e-01   0.0000000e+00   4.3355155e-01
   4.3355155e-01   5.8452467e-01   0.0000000e+00   2.9738419e-01
   2.9738419e-01   5.5026880e-01   0.0000000e+00   1.9754750e-01
   1.9754750e-01   3.7837622e-01   0.0000000e+00   1.2831668e-01
   1.2831668e-01   2.1749835e-01   0.0000000e+00   8.1310601e-02
   8.1310601e-02   1.3657655e-01   0.0000000e+00   4.9754310e-02
   4.9754310e-02   8.9970744e-02   0.0000000e+00   2.9029793e-02
   2.9029793e-02   5.6329561e-02   0.0000000e+00   1.5811593e-02
   1.5811593e-02   3.2679010e-02   0.0000000e+00   7.7607383e-03
   7.7607383e-03   1.7005688e-02   0.0000000e+00   3.2234710e-03
   3.2234710e-03   7.0597114e-03   0.0000000e+00   9.3610976e-04
   9.3610976e-04   1.0821670e-03   0.0000000e+00   2.7846883e-05
   2.7846883e-05   0.0000000e+00   0.0000000e+00   0.0000000e+00
   0.0000000e+00   0.0000000e+00   0.0000000e+00   0.0000000e+00
   0.0000000e+00   0.0000000e+00   0.0000000e+00   0.0000000e+00
   0.0000000e+00   0.0000000e+00   0.0000000e+00   1.9776756e-05
   1.9776756e-05   0.0000000e+00   0.0000000e+00   9.5953360e-04
   9.5953360e-04   0.0000000e+00   0.0000000e+00   1.8595196e-03
   1.8595196e-03   0.0000000e+00   0.0000000e+00   2.5775650e-03
   2.5775650e-03   0.0000000e+00   0.0000000e+00   3.1392113e-03
   3.1392113e-03   0.0000000e+00   0.0000000e+00   3.5785072e-03
   3.5785072e-03   0.0000000e+00   0.0000000e+00   3.9222884e-03
   3.9222884e-03   0.0000000e+00   0.0000000e+00   4.1913542e-03
   4.1913542e-03   0.0000000e+00   0.0000000e+00   4.4019448e-03
   4.4019448e-03   0.0000000e+00   0.0000000e+00   4.5667679e-03
   4.5667679e-03   0.0000000e+00   0.0000000e+00   4.6957698e-03
   4.6957698e-03   0.0000000e+00   0.0000000e+00   4.7967353e-03
   4.7967353e-03   0.0000000e+00   0.0000000e+00   4.8757576e-03
   4.8757576e-03   0.0000000e+00   0.0000000e+00   4.9376055e-03
   4.9376055e-03   0.0000000e+00   4.8637647e-01   1.5484741e-01
   1.5484741e-01   0.0000000e+00   4.8637647e-01   2.6838821e-01
   2.6838821e-01   2.9377736e-02   4.8637647e-01   3.5342554e-01
   3.5342554e-01   1.5438317e-01   4.8637647e-01   4.1431043e-01
   4.1431043e-01   2.7911492e-01   4.8637647e-01   4.5643791e-01
   4.5643791e-01   3.5959861e-01   4.8637647e-01   4.8586241e-01
   4.8586241e-01   3.9458809e-01   4.8637647e-01   5.0593404e-01
   5.0593404e-01   4.2935399e-01   4.8637647e-01   5.1897261e-01
   5.1897261e-01   4.5711712e-01   4.8637647e-01   5.2682340e-01
   5.2682340e-01   4.7650582e-01   4.8637647e-01   5.3096320e-01
   5.3096320e-01   4.8910043e-01   4.8637647e-01   5.3254983e-01
   5.3254983e-01   4.9661322e-01   4.8637647e-01   5.3246736e-01
   5.3246736e-01   5.0049094e-01   4.8637647e-01   5.3137151e-01
   5.3137151e-01   5.0187805e-01   4.8637647e-01   5.2973307e-01
   5.2973307e-01   5.0164791e-01   4.8637647e-01   5.2787718e-01
   5.2787718e-01   5.0044628e-01   4.8637647e-01   5.2601748e-01
   5.2601748e-01   4.9873490e-01   4.8637647e-01   5.2428469e-01
   5.2428469e-01   4.9683112e-01   4.8637647e-01   5.2274981e-01
   5.2274981e-01   4.9494210e-01   4.8637647e-01   5.2144244e-01
   5.2144244e-01   4.9319334e-01   4.8637647e-01   5.2036484e-01
   5.2036484e-01   4.9165176e-01   4.8637647e-01   5.1950244e-01
   5.1950244e-01   4.9034382e-01   4.8637647e-01   5.1883138e-01
   5.1883138e-01   4.8926946e-01   4.8637647e-01   5.1832379e-01
   5.1832379e-01   4.8841239e-01   4.8637647e-01   5.1795129e-01
   5.1795129e-01   4.8774757e-01   4.8637647e-01   5.1768716e-01
   5.1768716e-01   4.8724634e-01   4.8637647e-01   5.1750756e-01
   5.1750756e-01   4.8687984e-01   4.8637647e-01   5.1739206e-01
   5.1739206e-01   4.8662108e-01   4.8637647e-01   5.1732372e-01
   5.1732372e-01   4.8644609e-01   4.8637647e-01   5.1728893e-01
   5.1728893e-01   4.8633440e-01   4.8637647e-01   5.1727704e-01
   5.1727704e-01   4.8626913e-01   4.8637647e-01   5.1727996e-01
   8.2459331e-02   0.0000000e+00   2.6658871e-01   1.4512558e-01
   1.4512558e-01   1.2083021e-02   2.6658871e-01   1.9230595e-01
   1.9230595e-01   7.9722738e-02   2.6658871e-01   2.2738334e-01
   2.2738334e-01   1.3245162e-01   2.6658871e-01   2.5267269e-01
   2.5267269e-01   1.7851648e-01   2.6658871e-01   2.7007970e-01
   2.7007970e-01   2.1527572e-01   2.6658871e-01   2.8153867e-01
   2.8153867e-01   2.3898032e-01   2.6658871e-01   2.8875432e-01
   2.8875432e-01   2.5325084e-01   2.6658871e-01   2.9304837e-01
   2.9304837e-01   2.6187344e-01   2.6658871e-01   2.9538603e-01
   2.9538603e-01   2.6699604e-01   2.6658871e-01   2.9645129e-01
   2.9645129e-01   2.6987041e-01   2.6658871e-01   2.9671889e-01
   2.9671889e-01   2.7129885e-01   2.6658871e-01   2.9651209e-01
   2.9651209e-01   2.7181580e-01   2.6658871e-01   2.9604642e-01
   2.9604642e-01   2.7177975e-01   2.6658871e-01   2.9546191e-01
   2.9546191e-01   2.7142942e-01   2.6658871e-01   2.9484638e-01
   2.9484638e-01   2.7092103e-01   2.6658871e-01   2.9425218e-01
   2.9425218e-01   2.7035407e-01   2.6658871e-01   2.9370800e-01
   2.9370800e-01   2.6978934e-01   2.6658871e-01   2.9322713e-01
   2.9322713e-01   2.6926164e-01   2.6658871e-01   2.9281319e-01
   2.9281319e-01   2.6878866e-01   2.6658871e-01   2.9246399e-01
   2.9246399e-01   2.6837709e-01   2.6658871e-01   2.9217419e-01
   2.9217419e-01   2.6802694e-01   2.6658871e-01   2.9193693e-01
   2.9193693e-01   2.6773431e-01   2.6658871e-01   2.9174495e-01
   2.9174495e-01   2.6749333e-01   2.6658871e-01   2.9159118e-01
   2.9159118e-01   2.6729733e-01   2.6658871e-01   2.9146915e-01
   2.9146915e-01   2.6713965e-01   2.6658871e-01   2.9137311e-01
   2.9137311e-01   2.6701401e-01   2.6658871e-01   2.9129812e-01
   2.9129812e-01   2.6691477e-01   2.6658871e-01   2.9123998e-01
   2.9123998e-01   2.6683701e-01   2.6658871e-01   2.9119523e-01
   2.9119523e-01   2.6677654e-01   9.0329682e-01   4.8738693e-01
   4.8738693e-01   2.6672986e-01   9.0329682e-01   6.3219628e-01
   6.3219628e-01   3.6106636e-01   9.0329682e-01   7.3988267e-01
   7.3988267e-01   4.9123434e-01   9.0329682e-01   8.1822142e-01
   8.1822142e-01   6.2215891e-01   9.0329682e-01   8.7208509e-01
   8.7208509e-01   7.4548836e-01   9.0329682e-01   9.0747901e-01
   9.0747901e-01   8.1883994e-01   9.0329682e-01   9.2954429e-01
   9.2954429e-01   8.6537703e-01   9.0329682e-01   9.4307999e-01
   9.4307999e-01   8.8290684e-01   9.0329682e-01   9.5108196e-01
   9.5108196e-01   8.9523614e-01   9.0329682e-01   9.5589799e-01
   9.5589799e-01   8.9727031e-01   9.0329682e-01   9.5884010e-01
   9.5884010e-01   8.9902697e-01   9.0329682e-01   9.6102444e-01
   9.6102444e-01   8.9497717e-01   9.0329682e-01   9.6296747e-01
   9.6296747e-01   8.9237839e-01   9.0329682e-01   9.6520517e-01
   9.6520517e-01   8.8606839e-01   9.0329682e-01   9.6790329e-01
   9.6790329e-01   8.8166902e-01   9.0329682e-01   9.7132415e-01
   9.7132415e-01   8.7474577e-01   9.0329682e-01   9.7549278e-01
   9.7549278e-01   8.6958563e-01   9.0329682e-01   9.8054312e-01
   9.8054312e-01   8.6265201e-01   9.0329682e-01   9.8645854e-01
   9.8645854e-01   8.5699305e-01   9.0329682e-01   9.9257337e-01
   9.9257337e-01   8.4999956e-01   9.0329682e-01   9.9764588e-01
   9.9764588e-01   8.4336379e-01   9.0329682e-01   1.0000000e+00
   1.0000000e+00   8.3472535e-01   9.0329682e-01   1.0000000e+00
   1.0000000e+00   8.2527265e-01   9.0329682e-01   1.0000000e+00
   1.0000000e+00   8.1568380e-01   9.0329682e-01   1.0000000e+00
   1.0000000e+00   8.1057729e-01   9.0329682e-01   1.0000000e+00
   1.0000000e+00   8.1072493e-01   9.0329682e-01   1.0000000e+00
   1.0000000e+00   8.1150572e-01   9.0329682e-01   1.0000000e+00
   1.0000000e+00   8.1139120e-01   9.0329682e-01   1.0000000e+00
   1.0000000e+00   8.1124742e-01   9.0329682e-01   1.0000000e+00
   1.0000000e+00   8.1128425e-01   7.1517589e-01   9.6814419e-01
   9.6814419e-01   8.1130852e-01   7.1517589e-01   9.4408701e-01
   9.4408701e-01   8.1125158e-01   7.1517589e-01   9.2499779e-01
   9.2499779e-01   8.0133039e-01   7.1517589e-01   9.0710237e-01
   9.0710237e-01   8.2409604e-01   7.1517589e-01   8.8914922e-01
   8.8914922e-01   8.3465212e-01   7.1517589e-01   8.7142849e-01
   8.7142849e-01   8.3075294e-01   7.1517589e-01   8.5393305e-01
   8.5393305e-01   8.2931754e-01   7.1517589e-01   8.3694177e-01
   8.3694177e-01   8.2370866e-01   7.1517589e-01   8.2082432e-01
   8.2082432e-01   8.1491135e-01   7.1517589e-01   8.0599488e-01
   8.0599488e-01   8.0300650e-01   7.1517589e-01   7.9279589e-01
   7.9279589e-01   7.8941531e-01   7.1517589e-01   7.8142730e-01
   7.8142730e-01   7.7565661e-01   7.1517589e-01   7.7192649e-01
   7.7192649e-01   7.6297148e-01   7.1517589e-01   7.6419965e-01
   7.6419965e-01   7.5197515e-01   7.1517589e-01   7.5807007e-01
   7.5807007e-01   7.4282363e-01   7.1517589e-01   7.5332116e-01
   7.5332116e-01   7.3543209e-01   7.1517589e-01   7.4972714e-01
   7.4972714e-01   7.2961184e-01   7.1517589e-01   7.4707251e-01
   7.4707251e-01   7.2513670e-01   7.1517589e-01   7.4516300e-01
   7.4516300e-01   7.2177665e-01   7.1517589e-01   7.4383065e-01
   7.4383065e-01   7.1931617e-01   7.1517589e-01   7.4293496e-01
   7.4293496e-01   7.1756364e-01   7.1517589e-01   7.4236169e-01
   7.4236169e-01   7.1635521e-01   7.1517589e-01   7.4202021e-01
   7.4202021e-01   7.1555512e-01   7.1517589e-01   7.4184039e-01
   7.4184039e-01   7.1505389e-01   7.1517589e-01   7.4176915e-01
   7.4176915e-01   7.1476542e-01   7.1517589e-01   7.4176734e-01
   7.4176734e-01   7.1462355e-01   7.1517589e-01   7.4180682e-01
   7.4180682e-01   7.1457866e-01   7.1517589e-01   7.4186796e-01
   7.4186796e-01   7.1459444e-01   7.1517589e-01   7.4193761e-01
   7.4193761e-01   7.1464506e-01   9.1014772e-01   8.0209537e-01
   8.0209537e-01   7.1471275e-01   9.1014772e-01   8.4631627e-01
   8.4631627e-01   7.4656519e-01   9.1014772e-01   8.7813115e-01
   8.7813115e-01   8.0010052e-01   9.1014772e-01   9.0049241e-01
   9.0049241e-01   8.3876662e-01   9.1014772e-01   9.1602320e-01
   9.1602320e-01   8.6272129e-01   9.1014772e-01   9.2685980e-01
   9.2685980e-01   8.7647258e-01   9.1014772e-01   9.3451124e-01
   9.3451124e-01   8.8531969e-01   9.1014772e-01   9.4009991e-01
   9.4009991e-01   8.8986950e-01   9.1014772e-01   9.4438431e-01
   9.4438431e-01   8.9234963e-01   9.1014772e-01   9.4793110e-01
   9.4793110e-01   8.9263271e-01   9.1014772e-01   9.5111352e-01
   9.5111352e-01   8.9201419e-01   9.1014772e-01   9.5422279e-01
   9.5422279e-01   8.9013179e-01   9.1014772e-01   9.5744832e-01
   9.5744832e-01   8.8782138e-01   9.1014772e-01   9.6095193e-01
   9.6095193e-01   8.8466273e-01   9.1014772e-01   9.6484218e-01
   9.6484218e-01   8.8121741e-01   9.1014772e-01   9.6922566e-01
   9.6922566e-01   8.7708126e-01   9.1014772e-01   9.7418262e-01
   9.7418262e-01   8.7262763e-01   9.1014772e-01   9.7980306e-01
   9.7980306e-01   8.6749787e-01   9.1014772e-01   9.8614946e-01
   9.8614946e-01   8.6192397e-01   9.1014772e-01   9.9249503e-01
   9.9249503e-01   8.5559775e-01   9.1014772e-01   9.9766971e-01
   9.9766971e-01   8.4835240e-01   9.1014772e-01   1.0000000e+00
   1.0000000e+00   8.3925206e-01   9.1014772e-01   1.0000000e+00
   1.0000000e+00   8.2846129e-01   9.1014772e-01   1.0000000e+00
   1.0000000e+00   8.1748892e-01   9.1014772e-01   1.0000000e+00
   1.0000000e+00   8.1104517e-01   9.1014772e-01   1.0000000e+00
   1.0000000e+00   8.1054944e-01   9.1014772e-01   1.0000000e+00
   1.0000000e+00   8.1142622e-01   9.1014772e-01   1.0000000e+00
   1.0000000e+00   8.1143661e-01   9.1014772e-01   1.0000000e+00
   1.0000000e+00   8.1125796e-01   9.1014772e-01   1.0000000e+00
   1.0000000e+00   8.1127438e-01   9.1014772e-01   1.0000000e+00
   3.6364948e-01   0.0000000e+00   1.0000000e+00   6.2818159e-01
   6.2818159e-01   6.8244110e-02   1.0000000e+00   8.1012989e-01
   8.1012989e-01   4.2276331e-01   1.0000000e+00   9.2576132e-01
   9.2576132e-01   6.3575231e-01   1.0000000e+00   9.8590787e-01
   9.8590787e-01   8.3474426e-01   1.0000000e+00   1.0000000e+00
   1.0000000e+00   9.3239977e-01   1.0000000e+00   1.0000000e+00
   1.0000000e+00   9.0819259e-01   1.0000000e+00   1.0000000e+00
   1.0000000e+00   9.3149726e-01   1.0000000e+00   1.0000000e+00
   1.0000000e+00   8.8832413e-01   1.0000000e+00   1.0000000e+00
   1.0000000e+00   9.0701439e-01   1.0000000e+00   1.0000000e+00
   1.0000000e+00   8.6235456e-01   1.0000000e+00   1.0000000e+00
   1.0000000e+00   8.7484832e-01   1.0000000e+00   1.0000000e+00
   1.0000000e+00   8.3302552e-01   1.0000000e+00   1.0000000e+00
   1.0000000e+00   8.3884171e-01   1.0000000e+00   1.0000000e+00
   1.0000000e+00   8.1219799e-01   1.0000000e+00   1.0000000e+00
   1.0000000e+00   8.1411464e-01   1.0000000e+00   1.0000000e+00
   1.0000000e+00   8.1085445e-01   1.0000000e+00   1.0000000e+00
   1.0000000e+00   8.1087963e-01   1.0000000e+00   1.0000000e+00
   1.0000000e+00   8.1143058e-01   1.0000000e+00   1.0000000e+00
   1.0000000e+00   8.1136715e-01   1.0000000e+00   1.0000000e+00
   1.0000000e+00   8.1126428e-01   1.0000000e+00   1.0000000e+00
   1.0000000e+00   8.1128717e-01   1.0000000e+00   1.0000000e+00
   1.0000000e+00   8.1130490e-01   1.0000000e+00   1.0000000e+00
   1.0000000e+00   8.1129856e-01   1.0000000e+00   1.0000000e+00
   1.0000000e+00   8.1129575e-01   1.0000000e+00   1.0000000e+00
   1.0000000e+00   8.1129728e-01   1.0000000e+00   1.0000000e+00
   1.0000000e+00   8.1129767e-01   1.0000000e+00   1.0000000e+00
   1.0000000e+00   8.1129733e-01   1.0000000e+00   1.0000000e+00
   1.0000000e+00   8.1129729e-01   1.0000000e+00   1.0000000e+00
   1.0000000e+00   8.1129736e-01   1.0000000e+00   1.0000000e+00
   1.0000000e+00   8.1129736e-01   1.0000000e+00   1.0000000e+00
   1.0000000e+00   8.1129735e-01   1.0000000e+00   1.0000000e+00
   1.0000000e+00   8.1129735e-01   1.0000000e+00   1.0000000e+00
   1.0000000e+00   8.1129735e-01   1.0000000e+00   1.0000000e+00
   1.0000000e+00   8.1129735e-01   1.0000000e+00   1.0000000e+00
   1.0000000e+00   8.1129735e-01   1.0000000e+00   1.0000000e+00
   1.0000000e+00   8.1129735e-01   1.0000000e+00   1.0000000e+00
   1.0000000e+00   8.1129735e-01   1.0000000e+00   1.0000000e+00
   1.0000000e+00   8.1129735e-01   1.0000000e+00   1.0000000e+00
   1.0000000e+00   8.1129735e-01   8.8143903e-01   1.0000000e+00
   1.0000000e+00   8.1129735e-01   8.8143903e-01   1.0000000e+00
   1.0000000e+00   8.1129735e-01   8.8143903e-01   1.0000000e+00
   1.0000000e+00   8.1129735e-01   8.8143903e-01   1.0000000e+00
   1.0000000e+00   8.1129735e-01   8.8143903e-01   1.0000000e+00
   1.0000000e+00   8.1129735e-01   8.8143903e-01   1.0000000e+00
   1.0000000e+00   8.1129735e-01   8.8143903e-01   1.0000000e+00
   1.0000000e+00   8.1129735e-01   8.8143903e-01   1.0000000e+00
   1.0000000e+00   8.1129735e-01   8.8143903e-01   1.0000000e+00
   1.0000000e+00   8.1129735e-01   8.8143903e-01   1.0000000e+00
   1.0000000e+00   8.1129735e-01   8.8143903e-01   1.0000000e+00
   1.0000000e+00   8.1129735e-01   8.8143903e-01   1.0000000e+00
   1.0000000e+00   8.1129735e-01   8.8143903e-01   1.0000000e+00
   1.0000000e+00   8.1129735e-01   8.8143903e-01   1.0000000e+00
   1.0000000e+00   8.1129735e-01   8.8143903e-01   1.0000000e+00
   1.0000000e+00   8.1129735e-01   8.8143903e-01   1.0000000e+00
   1.0000000e+00   8.1129735e-01   8.8143903e-01   1.0000000e+00
   1.0000000e+00   8.1129735e-01   8.8143903e-01   1.0000000e+00
   1.0000000e+00   8.1129735e-01   8.8143903e-01   1.0000000e+00
   1.0000000e+00   8.1129735e-01   8.8143903e-01   1.0000000e+00
   1.0000000e+00   8.1129735e-01   0.0000000e+00   7.4996761e-01
   7.4996761e-01   8.1129735e-01   0.0000000e+00   5.6137122e-01
   5.6137122e-01   7.5075991e-01   0.0000000e+00   4.1830651e-01
   4.1830651e-01   5.7822430e-01   0.0000000e+00   3.0525035e-01
   3.0525035e-01   5.0548879e-01   0.0000000e+00   2.1819910e-01
   2.1819910e-01   3.6565347e-01   0.0000000e+00   1.5454868e-01
   1.5454868e-01   2.3170297e-01   0.0000000e+00   1.0870626e-01
   1.0870626e-01   1.5915401e-01   0.0000000e+00   7.5811076e-02
   7.5811076e-02   1.1303214e-01   0.0000000e+00   5.2350454e-02
   5.2350454e-02   7.9174690e-02   0.0000000e+00   3.5786372e-02
   3.5786372e-02   5.4102792e-02   0.0000000e+00   2.4242693e-02
   2.4242693e-02   3.5998271e-02   0.0000000e+00   1.6318896e-02
   1.6318896e-02   2.3188709e-02   0.0000000e+00   1.0981711e-02
   1.0981711e-02   1.4275945e-02   0.0000000e+00   7.4738978e-03
   7.4738978e-03   8.1787327e-03   0.0000000e+00   5.2529787e-03
   5.2529787e-03   4.0917944e-03   0.0000000e+00   3.9329323e-03
   3.9329323e-03   1.4254361e-03   0.0000000e+00   3.2222532e-03
   3.2222532e-03   0.0000000e+00   0.0000000e+00   2.9121307e-03
   2.9121307e-03   0.0000000e+00   0.0000000e+00   2.8528350e-03
   2.8528350e-03   0.0000000e+00   0.0000000e+00   3.1591028e-03
   3.1591028e-03   0.0000000e+00   0.0000000e+00   3.5685196e-03
   3.5685196e-03   0.0000000e+00   0.0000000e+00   3.9132325e-03
   3.9132325e-03   0.0000000e+00   0.0000000e+00   4.1844790e-03
   4.1844790e-03   0.0000000e+00   0.0000000e+00   4.3966227e-03
   4.3966227e-03   0.0000000e+00   0.0000000e+00   4.5626094e-03
   4.5626094e-03   0.0000000e+00   0.0000000e+00   4.6925153e-03
   4.6925153e-03   0.0000000e+00   0.0000000e+00   4.7941880e-03
   4.7941880e-03   0.0000000e+00   0.0000000e+00   4.8737639e-03
   4.8737639e-03   0.0000000e+00   0.0000000e+00   4.9360451e-03
   4.9360451e-03   0.0000000e+00   0.0000000e+00   4.9847904e-03
   4.9847904e-03   0.0000000e+00   0.0000000e+00   5.0229416e-03
   5.0229416e-03   0.0000000e+00   0.0000000e+00   5.0528012e-03
   5.0528012e-03   0.0000000e+00   0.0000000e+00   5.0761711e-03
   5.0761711e-03   0.0000000e+00   0.0000000e+00   5.0944619e-03
   5.0944619e-03   0.0000000e+00   0.0000000e+00   5.1087775e-03
   5.1087775e-03   0.0000000e+00   0.0000000e+00   5.1199817e-03
   5.1199817e-03   0.0000000e+00   0.0000000e+00   5.1287508e-03
   5.1287508e-03   0.0000000e+00   0.0000000e+00   5.1356141e-03
   5.1356141e-03   0.0000000e+00   0.0000000e+00   5.1409857e-03
   5.1409857e-03   0.0000000e+00   1.0000000e+00   3.8067638e-01
   3.8067638e-01   0.0000000e+00   1.0000000e+00   6.5178496e-01
   6.5178496e-01   7.4972879e-02   1.0000000e+00   8.3503343e-01
   8.3503343e-01   4.5071177e-01   1.0000000e+00   9.4733633e-01
   9.4733633e-01   6.5792568e-01   1.0000000e+00   9.9950120e-01
   9.9950120e-01   8.5923748e-01   1.0000000e+00   1.0000000e+00
   1.0000000e+00   9.4912687e-01   1.0000000e+00   1.0000000e+00
   1.0000000e+00   9.1098922e-01   1.0000000e+00   1.0000000e+00
   1.0000000e+00   9.3282884e-01   1.0000000e+00   1.0000000e+00
   1.0000000e+00   8.9174126e-01   1.0000000e+00   1.0000000e+00
   1.0000000e+00   9.0920404e-01   1.0000000e+00   1.0000000e+00
   1.0000000e+00   8.6631826e-01   1.0000000e+00   1.0000000e+00
   1.0000000e+00   8.7789456e-01   1.0000000e+00   1.0000000e+00
   1.0000000e+00   8.3678062e-01   1.0000000e+00   1.0000000e+00
   1.0000000e+00   8.4196917e-01   1.0000000e+00   1.0000000e+00
   1.0000000e+00   8.1376112e-01   1.0000000e+00   1.0000000e+00
   1.0000000e+00   8.1538461e-01   1.0000000e+00   1.0000000e+00
   1.0000000e+00   8.1051516e-01   1.0000000e+00   1.0000000e+00
   1.0000000e+00   8.1076048e-01   1.0000000e+00   1.0000000e+00
   1.0000000e+00   8.1151530e-01   1.0000000e+00   1.0000000e+00
   1.0000000e+00   8.1138280e-01   1.0000000e+00   1.0000000e+00
   9.9679613e-02   0.0000000e+00   3.2246458e-01   1.7538753e-01
   1.7538753e-01   1.5475739e-02   3.2246458e-01   2.3233723e-01
   2.3233723e-01   9.7440297e-02   3.2246458e-01   2.7444263e-01
   2.7444263e-01   1.6402421e-01   3.2246458e-01   3.0417429e-01
   3.0417429e-01   2.2596393e-01   3.2246458e-01   3.2427640e-01
   3.2427640e-01   2.6748898e-01   3.2246458e-01   3.3748834e-01
   3.3748834e-01   2.9089446e-01   3.2246458e-01   3.4595010e-01
   3.4595010e-01   3.0498682e-01   3.2246458e-01   3.5119035e-01
   3.5119035e-01   3.1391520e-01   3.2246458e-01   3.5427155e-01
   3.5427155e-01   3.1959042e-01   3.2246458e-01   3.5592673e-01
   3.5592673e-01   3.2308455e-01   3.2246458e-01   3.5666019e-01
   3.5666019e-01   3.2509509e-01   3.2246458e-01   3.5681713e-01
   3.5681713e-01   3.2611066e-01   3.2246458e-01   3.5663151e-01
   3.5663151e-01   3.2647974e-01   3.2246458e-01   3.5625932e-01
   3.5625932e-01   3.2644812e-01   3.2246458e-01   3.5580220e-01
   3.5580220e-01   3.2618521e-01   3.2246458e-01   3.5532409e-01
   3.5532409e-01   3.2580442e-01   3.2246458e-01   3.5486325e-01
   3.5486325e-01   3.2537904e-01   3.2246458e-01   3.5444070e-01
   3.5444070e-01   3.2495426e-01   3.2246458e-01   3.5406623e-01
   3.5406623e-01   3.2455612e-01   2.3709079e-01   3.2743131e-01
   3.2743131e-01   3.2419795e-01   2.3709079e-01   3.0770909e-01
   3.0770909e-01   3.1163281e-01   2.3709079e-01   2.9331570e-01
   2.9331570e-01   2.8918409e-01   2.3709079e-01   2.8291544e-01
   2.8291544e-01   2.7357248e-01   2.3709079e-01   2.7546522e-01
   2.7546522e-01   2.6249610e-01   2.3709079e-01   2.7018390e-01
   2.7018390e-01   2.5446900e-01   2.3709079e-01   2.6648880e-01
   2.6648880e-01   2.4869062e-01   2.3709079e-01   2.6394580e-01
   2.6394580e-01   2.4458258e-01   2.3709079e-01   2.6223213e-01
   2.6223213e-01   2.4170890e-01   2.3709079e-01   2.6110874e-01
   2.6110874e-01   2.3973907e-01   2.3709079e-01   2.6039969e-01
   2.6039969e-01   2.3842299e-01   2.3709079e-01   2.5997646e-01
   2.5997646e-01   2.3757274e-01   2.3709079e-01   2.5974620e-01
   2.5974620e-01   2.3704860e-01   2.3709079e-01   2.5964260e-01
   2.5964260e-01   2.3674797e-01   2.3709079e-01   2.5961902e-01
   2.5961902e-01   2.3659661e-01   2.3709079e-01   2.5964324e-01
   2.5964324e-01   2.3654163e-01   2.3709079e-01   2.5969350e-01
   2.5969350e-01   2.3654604e-01   2.3709079e-01   2.5975549e-01
   2.5975549e-01   2.3658450e-01   2.3709079e-01   2.5982017e-01
   2.5982017e-01   2.3664011e-01   2.3709079e-01   2.5988215e-01
   2.5988215e-01   2.3670197e-01   9.8601019e-01   4.9028407e-01
   4.9028407e-01   2.3676335e-01   9.8601019e-01   6.5866805e-01
   6.5866805e-01   3.5829412e-01   9.8601019e-01   7.8193648e-01
   7.8193648e-01   5.0457437e-01   9.8601019e-01   8.6936897e-01
   8.6936897e-01   6.5401826e-01   9.8601019e-01   9.2790502e-01
   9.2790502e-01   7.9410468e-01   9.8601019e-01   9.6491344e-01
   9.6491344e-01   8.7459439e-01   9.8601019e-01   9.8691855e-01
   9.8691855e-01   9.0365650e-01   9.8601019e-01   9.9790997e-01
   9.9790997e-01   9.2057068e-01   9.8601019e-01   1.0000000e+00
   1.0000000e+00   9.2191138e-01   9.8601019e-01   1.0000000e+00
   1.0000000e+00   9.1783461e-01   9.8601019e-01   1.0000000e+00
   1.0000000e+00   9.0438346e-01   9.8601019e-01   1.0000000e+00
   1.0000000e+00   8.9428633e-01   9.8601019e-01   1.0000000e+00
   1.0000000e+00   8.7742236e-01   9.8601019e-01   1.0000000e+00
   1.0000000e+00   8.6377854e-01   9.8601019e-01   1.0000000e+00
   1.0000000e+00   8.4499500e-01   9.8601019e-01   1.0000000e+00
   1.0000000e+00   8.3092953e-01   9.8601019e-01   1.0000000e+00
   1.0000000e+00   8.1733334e-01   9.8601019e-01   1.0000000e+00
   1.0000000e+00   8.1160464e-01   9.8601019e-01   1.0000000e+00
   1.0000000e+00   8.1051387e-01   9.8601019e-01   1.0000000e+00
   1.0000000e+00   8.1131904e-01   6.8827881e-01   9.5650926e-01
   9.5650926e-01   8.1145565e-01   6.8827881e-01   9.2424426e-01
   9.2424426e-01   8.1090406e-01   6.8827881e-01   8.9910340e-01
   8.9910340e-01   7.9702080e-01   6.8827881e-01   8.7616690e-01
   8.7616690e-01   8.2240054e-01   6.8827881e-01   8.5399849e-01
   8.5399849e-01   8.2898414e-01   6.8827881e-01   8.3284821e-01
   8.3284821e-01   8.2020265e-01   6.8827881e-01   8.1288968e-01
   8.1288968e-01   8.1089137e-01   6.8827881e-01   7.9457771e-01
   7.9457771e-01   7.9627988e-01   6.8827881e-01   7.7831245e-01
   7.7831245e-01   7.7946001e-01   6.8827881e-01   7.6433919e-01
   7.6433919e-01   7.6227293e-01   6.8827881e-01   7.5269545e-01
   7.5269545e-01   7.4652614e-01   6.8827881e-01   7.4325415e-01
   7.4325415e-01   7.3295978e-01   6.8827881e-01   7.3578735e-01
   7.3578735e-01   7.2172407e-01   6.8827881e-01   7.3002073e-01
   7.3002073e-01   7.1268391e-01   6.8827881e-01   7.2567126e-01
   7.2567126e-01   7.0559083e-01   6.8827881e-01   7.2247060e-01
   7.2247060e-01   7.0015666e-01   6.8827881e-01   7.2017816e-01
   7.2017816e-01   6.9609210e-01   6.8827881e-01   7.1858684e-01
   7.1858684e-01   6.9312814e-01   6.8827881e-01   7.1752408e-01
   7.1752408e-01   6.9102701e-01   1.0000000e+00   9.1468724e-01
   9.1468724e-01   6.8958646e-01   1.0000000e+00   1.0000000e+00
   1.0000000e+00   7.9327415e-01   1.0000000e+00   1.0000000e+00
   1.0000000e+00   9.3724245e-01   1.0000000e+00   1.0000000e+00
   1.0000000e+00   9.0717497e-01   1.0000000e+00   1.0000000e+00
   1.0000000e+00   9.1731073e-01   1.0000000e+00   1.0000000e+00
   1.0000000e+00   8.8459586e-01   1.0000000e+00   1.0000000e+00
   1.0000000e+00   8.9009428e-01   1.0000000e+00   1.0000000e+00
   1.0000000e+00   8.5581596e-01   1.0000000e+00   1.0000000e+00
   1.0000000e+00   8.5615484e-01   1.0000000e+00   1.0000000e+00
   1.0000000e+00   8.2593283e-01   1.0000000e+00   1.0000000e+00
   1.0000000e+00   8.2374559e-01   1.0000000e+00   1.0000000e+00
   1.0000000e+00   8.1039204e-01   1.0000000e+00   1.0000000e+00
   1.0000000e+00   8.1067392e-01   1.0000000e+00   1.0000000e+00
   1.0000000e+00   8.1155149e-01   1.0000000e+00   1.0000000e+00
   1.0000000e+00   8.1139702e-01   1.0000000e+00   1.0000000e+00
   1.0000000e+00   8.1123813e-01   1.0000000e+00   1.0000000e+00
   1.0000000e+00   8.1128408e-01   1.0000000e+00   1.0000000e+00
   1.0000000e+00   8.1131037e-01   1.0000000e+00   1.0000000e+00
   1.0000000e+00   8.1129860e-01   1.0000000e+00   1.0000000e+00
   1.0000000e+00   8.1129468e-01   8.8556074e-01   1.0000000e+00
   1.0000000e+00   8.1129739e-01   8.8556074e-01   1.0000000e+00
   1.0000000e+00   8.1129787e-01   8.8556074e-01   1.0000000e+00
   1.0000000e+00   8.1129729e-01   8.8556074e-01   1.0000000e+00
   1.0000000e+00   8.1129726e-01   8.8556074e-01   1.0000000e+00
   1.0000000e+00   8.1129737e-01   8.8556074e-01   1.0000000e+00
   1.0000000e+00   8.1129737e-01   8.8556074e-01   1.0000000e+00
   1.0000000e+00   8.1129735e-01   8.8556074e-01   1.0000000e+00
   1.0000000e+00   8.1129735e-01   8.8556074e-01   1.0000000e+00
   1.0000000e+00   8.1129735e-01   8.8556074e-01   1.0000000e+00
   1.0000000e+00   8.1129735e-01   8.8556074e-01   1.0000000e+00
   1.0000000e+00   8.1129735e-01   8.8556074e-01   1.0000000e+00
   1.0000000e+00   8.1129735e-01   8.8556074e-01   1.0000000e+00
   1.0000000e+00   8.1129735e-01   8.8556074e-01   1.0000000e+00
   1.0000000e+00   8.1129735e-01   8.8556074e-01   1.0000000e+00
   1.0000000e+00   8.1129735e-01   8.8556074e-01   1.0000000e+00
   1.0000000e+00   8.1129735e-01   8.8556074e-01   1.0000000e+00
   1.0000000e+00   8.1129735e-01   8.8556074e-01   1.0000000e+00
   1.0000000e+00   8.1129735e-01   8.8556074e-01   1.0000000e+00
   1.0000000e+00   8.1129735e-01   8.8556074e-01   1.0000000e+00
   1.0000000e+00   8.1129735e-01   8.8556074e-01   1.0000000e+00
   3.0807555e-01   0.0000000e+00   1.0000000e+00   5.3958243e-01
   5.3958243e-01   5.6982733e-02   1.0000000e+00   7.0843922e-01
   7.0843922e-01   3.4062534e-01   1.0000000e+00   8.2712485e-01
   8.2712485e-01   5.5843107e-01   1.0000000e+00   9.0698254e-01
   9.0698254e-01   7.1468848e-01   1.0000000e+00   9.5717300e-01
   9.5717300e-01   8.3884502e-01   1.0000000e+00   9.8591788e-01
   9.8591788e-01   9.0671110e-01   1.0000000e+00   9.9925774e-01
   9.9925774e-01   9.1117660e-01   1.0000000e+00   1.0000000e+00
   1.0000000e+00   9.3430875e-01   1.0000000e+00   1.0000000e+00
   1.0000000e+00   9.1145683e-01   1.0000000e+00   1.0000000e+00
   1.0000000e+00   9.1572656e-01   1.0000000e+00   1.0000000e+00
   1.0000000e+00   8.8912567e-01   1.0000000e+00   1.0000000e+00
   1.0000000e+00   8.8912343e-01   1.0000000e+00   1.0000000e+00
   1.0000000e+00   8.6029061e-01   1.0000000e+00   1.0000000e+00
   1.0000000e+00   8.5584545e-01   1.0000000e+00   1.0000000e+00
   1.0000000e+00   8.2928392e-01   1.0000000e+00   1.0000000e+00
   1.0000000e+00   8.2377032e-01   1.0000000e+00   1.0000000e+00
   1.0000000e+00   8.1108744e-01   1.0000000e+00   1.0000000e+00
   1.0000000e+00   8.1063795e-01   1.0000000e+00   1.0000000e+00
   1.0000000e+00   8.1140824e-01   0.0000000e+00   7.4419672e-01
   7.4419672e-01   8.1141977e-01   0.0000000e+00   5.5264677e-01
   5.5264677e-01   7.4743690e-01   0.0000000e+00   4.0846976e-01
   4.0846976e-01   5.7063035e-01   0.0000000e+00   2.9540112e-01
   2.9540112e-01   4.9663129e-01   0.0000000e+00   2.0905822e-01
   2.0905822e-01   3.5509859e-01   0.0000000e+00   1.4656741e-01
   1.4656741e-01   2.2050458e-01   0.0000000e+00   1.0190376e-01
   1.0190376e-01   1.5153917e-01   0.0000000e+00   7.0112912e-02
   7.0112912e-02   1.0671348e-01   0.0000000e+00   4.7652761e-02
   4.7652761e-02   7.3753362e-02   0.0000000e+00   3.1968466e-02
   3.1968466e-02   4.9532270e-02   0.0000000e+00   2.1176049e-02
   2.1176049e-02   3.2228783e-02   0.0000000e+00   1.3882193e-02
   1.3882193e-02   2.0130146e-02   0.0000000e+00   9.0591255e-03
   9.0591255e-03   1.1824523e-02   0.0000000e+00   5.9580494e-03
   5.9580494e-03   6.2340559e-03   0.0000000e+00   4.0506866e-03
   4.0506866e-03   2.5579983e-03   0.0000000e+00   2.9788366e-03
   2.9788366e-03   2.1476450e-04   0.0000000e+00   2.4699593e-03
   2.4699593e-03   0.0000000e+00   0.0000000e+00   2.3184519e-03
   2.3184519e-03   0.0000000e+00   0.0000000e+00   2.5405699e-03
   2.5405699e-03   0.0000000e+00   0.0000000e+00   3.0518955e-03
   3.0518955e-03   0.0000000e+00   2.5568510e-01   8.1985637e-02
   8.1985637e-02   0.0000000e+00   2.5568510e-01   1.4185067e-01
   1.4185067e-01   1.3859686e-02   2.5568510e-01   1.8681802e-01
   1.8681802e-01   7.8707417e-02   2.5568510e-01   2.2017631e-01
   2.2017631e-01   1.2892856e-01   2.5568510e-01   2.4421108e-01
   2.4421108e-01   1.7215317e-01   2.5568510e-01   2.6075783e-01
   2.6075783e-01   2.0686924e-01   2.5568510e-01   2.7162560e-01
   2.7162560e-01   2.2980832e-01   2.5568510e-01   2.7842179e-01
   2.7842179e-01   2.4373192e-01   2.5568510e-01   2.8240869e-01
   2.8240869e-01   2.5209291e-01   2.5568510e-01   2.8451594e-01
   2.8451594e-01   2.5699589e-01   2.5568510e-01   2.8540553e-01
   2.8540553e-01   2.5968630e-01   2.5568510e-01   2.8553800e-01
   2.8553800e-01   2.6096132e-01   2.5568510e-01   2.8522704e-01
   2.8522704e-01   2.6135099e-01   2.5568510e-01   2.8468137e-01
   2.8468137e-01   2.6121014e-01   2.5568510e-01   2.8403595e-01
   2.8403595e-01   2.6077431e-01   2.5568510e-01   2.8337470e-01
   2.8337470e-01   2.6019697e-01   2.5568510e-01   2.8274687e-01
   2.8274687e-01   2.5957515e-01   2.5568510e-01   2.8217863e-01
   2.8217863e-01   2.5896750e-01   2.5568510e-01   2.8168119e-01
   2.8168119e-01   2.5840687e-01   2.5568510e-01   2.8125648e-01
   2.8125648e-01   2.5790921e-01   6.9301126e-01   4.1567969e-01
   4.1567969e-01   2.5747972e-01   6.9301126e-01   5.1442798e-01
   5.1442798e-01   3.2842618e-01   6.9301126e-01   5.8737426e-01
   5.8737426e-01   4.1920694e-01   6.9301126e-01   6.4090334e-01
   6.4090334e-01   4.9601816e-01   6.9301126e-01   6.7894976e-01
   6.7894976e-01   5.6666582e-01   6.9301126e-01   7.0484176e-01
   7.0484176e-01   6.2017996e-01   6.9301126e-01   7.2143428e-01
   7.2143428e-01   6.5861691e-01   6.9301126e-01   7.3128261e-01
   7.3128261e-01   6.8255097e-01   6.9301126e-01   7.3642125e-01
   7.3642125e-01   6.9723256e-01   6.9301126e-01   7.3840045e-01
   7.3840045e-01   7.0557386e-01   6.9301126e-01   7.3836566e-01
   7.3836566e-01   7.0961314e-01   6.9301126e-01   7.3713937e-01
   7.3713937e-01   7.1082554e-01   6.9301126e-01   7.3529380e-01
   7.3529380e-01   7.1027904e-01   6.9301126e-01   7.3321212e-01
   7.3321212e-01   7.0872934e-01   6.9301126e-01   7.3113826e-01
   7.3113826e-01   7.0669500e-01   6.9301126e-01   7.2921622e-01
   7.2921622e-01   7.0451769e-01   6.9301126e-01   7.2752064e-01
   7.2752064e-01   7.0241014e-01   6.9301126e-01   7.2607966e-01
   7.2607966e-01   7.0049355e-01   6.9301126e-01   7.2489190e-01
   7.2489190e-01   6.9882622e-01   6.9008208e-02   5.3162822e-01
   5.3162822e-01   6.9742501e-01   6.9008208e-02   3.8802844e-01
   3.8802844e-01   6.1718930e-01   6.9008208e-02   2.8126639e-01
   2.8126639e-01   4.7726231e-01   6.9008208e-02   2.0445959e-01
   2.0445959e-01   3.3464221e-01   6.9008208e-02   1.5255874e-01
   1.5255874e-01   2.1059155e-01   6.9008208e-02   1.1823688e-01
   1.1823688e-01   1.5362381e-01   6.9008208e-02   9.6116405e-02
   9.6116405e-02   1.1645714e-01   6.9008208e-02   8.2455561e-02
   8.2455561e-02   9.0796230e-02   6.9008208e-02   7.4590222e-02
   7.4590222e-02   7.4035289e-02   6.9008208e-02   7.0613000e-02
   7.0613000e-02   6.3766644e-02   6.9008208e-02   6.9169187e-02
   6.9169187e-02   5.7985405e-02   6.9008208e-02   6.9309428e-02
   6.9309428e-02   5.5202174e-02   6.9008208e-02   7.0379524e-02
   7.0379524e-02   5.4356232e-02   6.9008208e-02   7.1938021e-02
   7.1938021e-02   5.4707231e-02   6.9008208e-02   7.3695043e-02
   7.3695043e-02   5.5747572e-02   6.9008208e-02   7.5467293e-02
   7.5467293e-02   5.7136619e-02   6.9008208e-02   7.7145234e-02
   7.7145234e-02   5.8652176e-02   6.9008208e-02   7.8669391e-02
   7.8669391e-02   6.0155011e-02   6.9008208e-02   8.0013425e-02
   8.0013425e-02   6.1563121e-02   6.9008208e-02   8.1172179e-02
   8.1172179e-02   6.2833214e-02   1.0000000e+00   5.9708393e-01
   5.9708393e-01   6.3947506e-02   1.0000000e+00   8.9608859e-01
   8.9608859e-01   2.0189115e-01   1.0000000e+00   1.0000000e+00
   1.0000000e+00   7.3364184e-01   1.0000000e+00   1.0000000e+00
   1.0000000e+00   9.1565832e-01   1.0000000e+00   1.0000000e+00
   1.0000000e+00   9.3850393e-01   1.0000000e+00   1.0000000e+00
   1.0000000e+00   8.9814489e-01   1.0000000e+00   1.0000000e+00
   1.0000000e+00   9.1705776e-01   1.0000000e+00   1.0000000e+00
   1.0000000e+00   8.7456182e-01   1.0000000e+00   1.0000000e+00
   1.0000000e+00   8.8801819e-01   1.0000000e+00   1.0000000e+00
   1.0000000e+00   8.4566324e-01   1.0000000e+00   1.0000000e+00
   1.0000000e+00   8.5263718e-01   1.0000000e+00   1.0000000e+00
   1.0000000e+00   8.1887915e-01   1.0000000e+00   1.0000000e+00
   1.0000000e+00   8.2109209e-01   1.0000000e+00   1.0000000e+00
   1.0000000e+00   8.0982838e-01   1.0000000e+00   1.0000000e+00
   1.0000000e+00   8.1057662e-01   1.0000000e+00   1.0000000e+00
   1.0000000e+00   8.1168985e-01   1.0000000e+00   1.0000000e+00
   1.0000000e+00   8.1140281e-01   1.0000000e+00   1.0000000e+00
   1.0000000e+00   8.1121157e-01   1.0000000e+00   1.0000000e+00
   1.0000000e+00   8.1128570e-01   1.0000000e+00   1.0000000e+00
   1.0000000e+00   8.1131545e-01   1.0000000e+00   1.0000000e+00
   5.2169474e-01   0.0000000e+00   1.0000000e+00   8.4830001e-01
   8.4830001e-01   1.0093856e-01   1.0000000e+00   1.0000000e+00
   1.0000000e+00   6.6041114e-01   1.0000000e+00   1.0000000e+00
   1.0000000e+00   8.7796194e-01   1.0000000e+00   1.0000000e+00
   1.0000000e+00   9.7308616e-01   1.0000000e+00   1.0000000e+00
   1.0000000e+00   8.6266059e-01   1.0000000e+00   1.0000000e+00
   1.0000000e+00   9.5123530e-01   1.0000000e+00   1.0000000e+00
   1.0000000e+00   8.4374333e-01   1.0000000e+00   1.0000000e+00
   1.0000000e+00   9.2162011e-01   1.0000000e+00   1.0000000e+00
   1.0000000e+00   8.2377503e-01   1.0000000e+00   1.0000000e+00
   1.0000000e+00   8.8431914e-01   1.0000000e+00   1.0000000e+00
   1.0000000e+00   8.1002682e-01   1.0000000e+00   1.0000000e+00
   1.0000000e+00   8.4458310e-01   1.0000000e+00   1.0000000e+00
   1.0000000e+00   8.0873076e-01   1.0000000e+00   1.0000000e+00
   1.0000000e+00   8.1646174e-01   1.0000000e+00   1.0000000e+00
   1.0000000e+00   8.1130758e-01   1.0000000e+00   1.0000000e+00
   1.0000000e+00   8.1059546e-01   1.0000000e+00   1.0000000e+00
   1.0000000e+00   8.1136849e-01   1.0000000e+00   1.0000000e+00
   1.0000000e+00   8.1143299e-01   1.0000000e+00   1.0000000e+00
   1.0000000e+00   8.1126947e-01   1.0000000e+00   1.0000000e+00
   1.0000000e+00   8.1127389e-01   1.0000000e+00   1.0000000e+00
   1.0000000e+00   8.1130526e-01   1.0000000e+00   1.0000000e+00
   1.0000000e+00   8.1130113e-01   1.0000000e+00   1.0000000e+00
   1.0000000e+00   8.1129541e-01   3.2228197e-02   7.5913449e-01
   7.5913449e-01   8.1129681e-01   3.2228197e-02   5.7743491e-01
   5.7743491e-01   7.5572392e-01   3.2228197e-02   4.3942820e-01
   4.3942820e-01   5.9187147e-01   3.2228197e-02   3.3023833e-01
   3.3023833e-01   5.2177536e-01   3.2228197e-02   2.4595069e-01
   2.4595069e-01   3.8852584e-01   3.2228197e-02   1.8376499e-01
   1.8376499e-01   2.6478029e-01   3.2228197e-02   1.3911498e-01
   1.3911498e-01   1.8565869e-01   3.2228197e-02   1.0725740e-01
   1.0725740e-01   1.3941749e-01   3.2228197e-02   8.4727013e-02
   8.4727013e-02   1.0575793e-01   3.2228197e-02   6.8996895e-02
   6.8996895e-02   8.1221501e-02   3.2228197e-02   5.8196405e-02
   5.8196405e-02   6.3750181e-02   3.2228197e-02   5.0936977e-02
   5.0936977e-02   5.1564691e-02   3.2228197e-02   4.6192657e-02
   4.6192657e-02   4.3232405e-02   3.2228197e-02   4.3210962e-02
   4.3210962e-02   3.7665139e-02   3.2228197e-02   4.1444715e-02
   4.1444715e-02   3.4056130e-02   3.2228197e-02   4.0499863e-02
   4.0499863e-02   3.1814458e-02   3.2228197e-02   4.0095748e-02
   4.0095748e-02   3.0511455e-02   3.2228197e-02   4.0035032e-02
   4.0035032e-02   2.9839258e-02   3.2228197e-02   4.0181086e-02
   4.0181086e-02   2.9579255e-02   3.2228197e-02   4.0441101e-02
   4.0441101e-02   2.9578263e-02   3.2228197e-02   4.0753561e-02
   4.0753561e-02   2.9730661e-02   3.2228197e-02   4.1079025e-02
   4.1079025e-02   2.9965071e-02   3.2228197e-02   4.1393394e-02
   4.1393394e-02   3.0234503e-02   3.2228197e-02   4.1683044e-02
   4.1683044e-02   3.0509117e-02   2.6168140e-01   1.1265610e-01
   1.1265610e-01   3.0770945e-02   2.6168140e-01   1.6641484e-01
   1.6641484e-01   4.5259130e-02   2.6168140e-01   2.0669670e-01
   2.0669670e-01   1.0421327e-01   2.6168140e-01   2.3631867e-01
   2.3631867e-01   1.5197660e-01   2.6168140e-01   2.5726307e-01
   2.5726307e-01   1.9338392e-01   2.6168140e-01   2.7139446e-01
   2.7139446e-01   2.2338937e-01   2.6168140e-01   2.8051307e-01
   2.8051307e-01   2.4198401e-01   2.6168140e-01   2.8611036e-01
   2.8611036e-01   2.5320239e-01   2.6168140e-01   2.8931136e-01
   2.8931136e-01   2.5994164e-01   2.6168140e-01   2.9092785e-01
   2.9092785e-01   2.6384633e-01   2.6168140e-01   2.9153066e-01
   2.9153066e-01   2.6592529e-01   2.6168140e-01   2.9151314e-01
   2.9151314e-01   2.6684018e-01   2.6168140e-01   2.9114078e-01
   2.9114078e-01   2.6703406e-01   2.6168140e-01   2.9058860e-01
   2.9058860e-01   2.6680337e-01   2.6168140e-01   2.8996850e-01
   2.8996850e-01   2.6634399e-01   2.6168140e-01   2.8934904e-01
   2.8934904e-01   2.6578254e-01   2.6168140e-01   2.8876952e-01
   2.8876952e-01   2.6519812e-01   2.6168140e-01   2.8824999e-01
   2.8824999e-01   2.6463767e-01   2.6168140e-01   2.8779812e-01
   2.8779812e-01   2.6412666e-01   2.6168140e-01   2.8741403e-01
   2.8741403e-01   2.6367663e-01   2.6168140e-01   2.8709343e-01
   2.8709343e-01   2.6329037e-01   2.6168140e-01   2.8682983e-01
   2.8682983e-01   2.6296541e-01   2.6168140e-01   2.8661585e-01
   2.8661585e-01   2.6269646e-01   1.1576503e-01   2.4147438e-01
   2.4147438e-01   2.6247691e-01   1.1576503e-01   2.0843184e-01
   2.0843184e-01   2.3644664e-01   1.1576503e-01   1.8452166e-01
   1.8452166e-01   2.0002483e-01   1.1576503e-01   1.6743056e-01
   1.6743056e-01   1.7362698e-01   1.1576503e-01   1.5542785e-01
   1.5542785e-01   1.5396576e-01   1.1576503e-01   1.4720415e-01
   1.4720415e-01   1.3955916e-01   1.1576503e-01   1.4175270e-01
   1.4175270e-01   1.2936644e-01   1.1576503e-01   1.3829926e-01
   1.3829926e-01   1.2241552e-01   1.1576503e-01   1.3625516e-01
   1.3625516e-01   1.1785888e-01   1.1576503e-01   1.3517989e-01
   1.3517989e-01   1.1501726e-01   1.1576503e-01   1.3474966e-01
   1.3474966e-01   1.1337344e-01   1.1576503e-01   1.3473091e-01
   1.3473091e-01   1.1254457e-01   1.1576503e-01   1.3495860e-01
   1.3495860e-01   1.1225255e-01   1.1576503e-01   1.3531890e-01
   1.3531890e-01   1.1229873e-01   1.1576503e-01   1.3573563e-01
   1.3573563e-01   1.1254381e-01   1.1576503e-01   1.3615984e-01
   1.3615984e-01   1.1289236e-01   1.1576503e-01   1.3656183e-01
   1.3656183e-01   1.1328095e-01   1.1576503e-01   1.3692527e-01
   1.3692527e-01   1.1366915e-01   1.1576503e-01   1.3724285e-01
   1.3724285e-01   1.1403281e-01   1.1576503e-01   1.3751305e-01
   1.3751305e-01   1.1435899e-01   1.1576503e-01   1.3773796e-01
   1.3773796e-01   1.1464229e-01   1.1576503e-01   1.3792167e-01
   1.3792167e-01   1.1488218e-01   1.1576503e-01   1.3806921e-01
   1.3806921e-01   1.1508104e-01   1.1576503e-01   1.3818586e-01
   1.3818586e-01   1.1524288e-01   1.0000000e+00   5.5197566e-01
   5.5197566e-01   1.1537241e-01   1.0000000e+00   8.2035955e-01
   8.2035955e-01   2.7898283e-01   1.0000000e+00   9.6473150e-01
   9.6473150e-01   6.4882787e-01   1.0000000e+00   1.0000000e+00
   1.0000000e+00   8.5893634e-01   1.0000000e+00   1.0000000e+00
   1.0000000e+00   9.5855400e-01   1.0000000e+00   1.0000000e+00
   1.0000000e+00   8.8924982e-01   1.0000000e+00   1.0000000e+00
   1.0000000e+00   9.3909879e-01   1.0000000e+00   1.0000000e+00
   1.0000000e+00   8.6876502e-01   1.0000000e+00   1.0000000e+00
   1.0000000e+00   9.1217107e-01   1.0000000e+00   1.0000000e+00
   1.0000000e+00   8.4366216e-01   1.0000000e+00   1.0000000e+00
   1.0000000e+00   8.7732314e-01   1.0000000e+00   1.0000000e+00
   1.0000000e+00   8.1944260e-01   1.0000000e+00   1.0000000e+00
   1.0000000e+00   8.3947301e-01   1.0000000e+00   1.0000000e+00
   1.0000000e+00   8.0901477e-01   1.0000000e+00   1.0000000e+00
   1.0000000e+00   8.1434497e-01   1.0000000e+00   1.0000000e+00
   1.0000000e+00   8.1146815e-01   1.0000000e+00   1.0000000e+00
   1.0000000e+00   8.1079368e-01   1.0000000e+00   1.0000000e+00
   1.0000000e+00   8.1131634e-01   1.0000000e+00   1.0000000e+00
   1.0000000e+00   8.1139693e-01   1.0000000e+00   1.0000000e+00
   1.0000000e+00   8.1128333e-01   1.0000000e+00   1.0000000e+00
   1.0000000e+00   8.1127942e-01   1.0000000e+00   1.0000000e+00
   1.0000000e+00   8.1130196e-01   1.0000000e+00   1.0000000e+00
   1.0000000e+00   8.1130039e-01   1.0000000e+00   1.0000000e+00
   1.0000000e+00   8.1129614e-01   1.0000000e+00   1.0000000e+00
   2.3289608e-03   0.0000000e+00   6.5840143e-03   4.3055544e-03
   4.3055544e-03   0.0000000e+00   6.5840143e-03   5.9578716e-03
   5.9578716e-03   0.0000000e+00   6.5840143e-03   7.3305688e-03
   7.3305688e-03   0.0000000e+00   6.5840143e-03   8.4650394e-03
   8.4650394e-03   1.0003774e-03   6.5840143e-03   9.3941416e-03
   9.3941416e-03   2.0946162e-03   6.5840143e-03   1.0148145e-02
   1.0148145e-02   3.0092482e-03   6.5840143e-03   1.0755081e-02
   1.0755081e-02   3.7562676e-03   6.5840143e-03   1.1240015e-02
   1.1240015e-02   4.3612267e-03   6.5840143e-03   1.1624810e-02
   1.1624810e-02   4.8473102e-03   6.5840143e-03   1.1928173e-02
   1.1928173e-02   5.2350407e-03   6.5840143e-03   1.2165866e-02
   1.2165866e-02   5.5422268e-03   6.5840143e-03   1.2350999e-02
   1.2350999e-02   5.7840476e-03   6.5840143e-03   1.2494362e-02
   1.2494362e-02   5.9732522e-03   6.5840143e-03   1.2604743e-02
   1.2604743e-02   6.1204168e-03   6.5840143e-03   1.2689246e-02
   1.2689246e-02   6.2342226e-03   6.5840143e-03   1.2753565e-02
   1.2753565e-02   6.3217291e-03   6.5840143e-03   1.2802233e-02
   1.2802233e-02   6.3886295e-03   6.5840143e-03   1.2838835e-02
   1.2838835e-02   6.4394803e-03   6.5840143e-03   1.2866186e-02
   1.2866186e-02   6.4779027e-03   6.5840143e-03   1.2886487e-02
   1.2886487e-02   6.5067561e-03   6.5840143e-03   1.2901445e-02
   1.2901445e-02   6.5282838e-03   6.5840143e-03   1.2912380e-02
   1.2912380e-02   6.5442356e-03   6.5840143e-03   1.2920304e-02
   1.2920304e-02   6.5559684e-03   6.5840143e-03   1.2925989e-02
   1.2925989e-02   6.5645282e-03   6.5840143e-03   1.2930021e-02
   1.2930021e-02   6.5707170e-03   6.5840143e-03   1.2932843e-02
   1.2932843e-02   6.5751459e-03   6.5840143e-03   1.2934786e-02
   1.2934786e-02   6.5782782e-03   6.5840143e-03   1.2936097e-02
   1.2936097e-02   6.5804625e-03   6.5840143e-03   1.2936959e-02
   1.2936959e-02   6.5819600e-03   2.8527421e-01   9.8826525e-02
   9.8826525e-02   6.5829646e-03   2.8527421e-01   1.6387265e-01
   1.6387265e-01   2.3530911e-02   2.8527421e-01   2.1263441e-01
   2.1263441e-01   9.4416503e-02   2.8527421e-01   2.4859734e-01
   2.4859734e-01   1.5092341e-01   2.8527421e-01   2.7407652e-01
   2.7407652e-01   2.0159898e-01   2.8527421e-01   2.9128434e-01
   2.9128434e-01   2.3844385e-01   2.8527421e-01   3.0244813e-01
   3.0244813e-01   2.6040256e-01   2.8527421e-01   3.0939720e-01
   3.0939720e-01   2.7347111e-01   2.8527421e-01   3.1348758e-01
   3.1348758e-01   2.8139767e-01   2.8527421e-01   3.1568442e-01
   3.1568442e-01   2.8610416e-01   2.8527421e-01   3.1666030e-01
   3.1666030e-01   2.8873009e-01   2.8527421e-01   3.1687653e-01
   3.1687653e-01   2.9001601e-01   2.8527421e-01   3.1664439e-01
   3.1664439e-01   2.9045764e-01   2.8527421e-01   3.1616997e-01
   3.1616997e-01   2.9038845e-01   2.8527421e-01   3.1558634e-01
   3.1558634e-01   2.9003070e-01   2.8527421e-01   3.1497651e-01
   3.1497651e-01   2.8952964e-01   2.8527421e-01   3.1438966e-01
   3.1438966e-01   2.8897751e-01   2.8527421e-01   3.1385254e-01
   3.1385254e-01   2.8843039e-01   2.8527421e-01   3.1337738e-01
   3.1337738e-01   2.8792015e-01   2.8527421e-01   3.1296736e-01
   3.1296736e-01   2.8746279e-01   2.8527421e-01   3.1262021e-01
   3.1262021e-01   2.8706422e-01   2.8527421e-01   3.1233074e-01
   3.1233074e-01   2.8672416e-01   2.8527421e-01   3.1209238e-01
   3.1209238e-01   2.8643884e-01   2.8527421e-01   3.1189817e-01
   3.1189817e-01   2.8620267e-01   2.8527421e-01   3.1174138e-01
   3.1174138e-01   2.8600940e-01   2.8527421e-01   3.1161581e-01
   3.1161581e-01   2.8585277e-01   2.8527421e-01   3.1151597e-01
   3.1151597e-01   2.8572692e-01   2.8527421e-01   3.1143709e-01
   3.1143709e-01   2.8562654e-01   2.8527421e-01   3.1137516e-01
   3.1137516e-01   2.8554704e-01   2.8527421e-01   3.1132681e-01
   3.1132681e-01   2.8548445e-01   1.0000000e+00   5.3069313e-01
   5.3069313e-01   2.8543547e-01   1.0000000e+00   6.9200229e-01
   6.9200229e-01   3.7652284e-01   1.0000000e+00   8.0929580e-01
   8.0929580e-01   5.3364762e-01   1.0000000e+00   8.9084062e-01
   8.9084062e-01   6.9548916e-01   1.0000000e+00   9.4409625e-01
   9.4409625e-01   8.2062808e-01   1.0000000e+00   9.7643113e-01
   9.7643113e-01   8.9373617e-01   1.0000000e+00   9.9408535e-01
   9.9408535e-01   9.0633869e-01   1.0000000e+00   1.0000000e+00
   1.0000000e+00   9.2917113e-01   1.0000000e+00   1.0000000e+00
   1.0000000e+00   9.1544266e-01   1.0000000e+00   1.0000000e+00
   1.0000000e+00   9.1770596e-01   1.0000000e+00   1.0000000e+00
   1.0000000e+00   8.9401571e-01   1.0000000e+00   1.0000000e+00
   1.0000000e+00   8.9224425e-01   1.0000000e+00   1.0000000e+00
   1.0000000e+00   8.6590518e-01   1.0000000e+00   1.0000000e+00
   1.0000000e+00   8.5985491e-01   1.0000000e+00   1.0000000e+00
   1.0000000e+00   8.3426148e-01   1.0000000e+00   1.0000000e+00
   1.0000000e+00   8.2695683e-01   1.0000000e+00   1.0000000e+00
   1.0000000e+00   8.1252401e-01   1.0000000e+00   1.0000000e+00
   1.0000000e+00   8.1094588e-01   1.0000000e+00   1.0000000e+00
   1.0000000e+00   8.1110967e-01   1.0000000e+00   1.0000000e+00
   1.0000000e+00   8.1138737e-01   1.0000000e+00   1.0000000e+00
   1.0000000e+00   8.1132511e-01   1.0000000e+00   1.0000000e+00
   1.0000000e+00   8.1127696e-01   1.0000000e+00   1.0000000e+00
   1.0000000e+00   8.1129404e-01   1.0000000e+00   1.0000000e+00
   1.0000000e+00   8.1130169e-01   1.0000000e+00   1.0000000e+00
   1.0000000e+00   8.1129755e-01   1.0000000e+00   1.0000000e+00
   1.0000000e+00   8.1129648e-01   1.0000000e+00   1.0000000e+00
   1.0000000e+00   8.1129740e-01   1.0000000e+00   1.0000000e+00
   1.0000000e+00   8.1129752e-01   1.0000000e+00   1.0000000e+00
   1.0000000e+00   8.1129733e-01   7.9932270e-01   9.9577916e-01
   9.9577916e-01   8.1129732e-01   7.9932270e-01   9.9264063e-01
   9.9264063e-01   8.1132943e-01   7.9932270e-01   9.9019272e-01
   9.9019272e-01   8.0993549e-01   7.9932270e-01   9.8785018e-01
   9.8785018e-01   8.1399414e-01   7.9932270e-01   9.8538080e-01
   9.8538080e-01   8.1672282e-01   7.9932270e-01   9.8279258e-01
   9.8279258e-01   8.1744522e-01   7.9932270e-01   9.8005609e-01
   9.8005609e-01   8.1866757e-01   7.9932270e-01   9.7713042e-01
   9.7713042e-01   8.2025394e-01   7.9932270e-01   9.7399728e-01
   9.7399728e-01   8.2177815e-01   7.9932270e-01   9.7064505e-01
   9.7064505e-01   8.2332458e-01   7.9932270e-01   9.6706102e-01
   9.6706102e-01   8.2496467e-01   7.9932270e-01   9.6323285e-01
   9.6323285e-01   8.2668327e-01   7.9932270e-01   9.5914916e-01
   9.5914916e-01   8.2846946e-01   7.9932270e-01   9.5479956e-01
   9.5479956e-01   8.3031661e-01   7.9932270e-01   9.5017500e-01
   9.5017500e-01   8.3221284e-01   7.9932270e-01   9.4526833e-01
   9.4526833e-01   8.3414109e-01   7.9932270e-01   9.4007498e-01
   9.4007498e-01   8.3607846e-01   7.9932270e-01   9.3459385e-01
   9.3459385e-01   8.3799502e-01   7.9932270e-01   9.2882835e-01
   9.2882835e-01   8.3985244e-01   7.9932270e-01   9.2278760e-01
   9.2278760e-01   8.4160263e-01   7.9932270e-01   9.1648792e-01
   9.1648792e-01   8.4318654e-01   7.9932270e-01   9.0995435e-01
   9.0995435e-01   8.4453341e-01   7.9932270e-01   9.0322232e-01
   9.0322232e-01   8.4556085e-01   7.9932270e-01   8.9633926e-01
   8.9633926e-01   8.4617658e-01   7.9932270e-01   8.8936582e-01
   8.8936582e-01   8.4628256e-01   7.9932270e-01   8.8237647e-01
   8.8237647e-01   8.4578263e-01   7.9932270e-01   8.7545888e-01
   8.7545888e-01   8.4459440e-01   7.9932270e-01   8.6871152e-01
   8.6871152e-01   8.4266549e-01   7.9932270e-01   8.6223907e-01
   8.6223907e-01   8.3999233e-01   7.9932270e-01   8.5614540e-01
   8.5614540e-01   8.3663706e-01   7.9932270e-01   8.5052477e-01
   3.9265503e-01   0.0000000e+00   1.0000000e+00   6.7210867e-01
   6.7210867e-01   7.4164644e-02   1.0000000e+00   8.5593450e-01
   8.5593450e-01   4.6778875e-01   1.0000000e+00   9.6159145e-01
   9.6159145e-01   6.7776134e-01   1.0000000e+00   1.0000000e+00
   1.0000000e+00   8.7760725e-01   1.0000000e+00   1.0000000e+00
   1.0000000e+00   9.5311125e-01   1.0000000e+00   1.0000000e+00
   1.0000000e+00   9.1153960e-01   1.0000000e+00   1.0000000e+00
   1.0000000e+00   9.3699485e-01   1.0000000e+00   1.0000000e+00
   1.0000000e+00   8.9314222e-01   1.0000000e+00   1.0000000e+00
   1.0000000e+00   9.1433133e-01   1.0000000e+00   1.0000000e+00
   1.0000000e+00   8.6867979e-01   1.0000000e+00   1.0000000e+00
   1.0000000e+00   8.8394414e-01   1.0000000e+00   1.0000000e+00
   1.0000000e+00   8.3965714e-01   1.0000000e+00   1.0000000e+00
   1.0000000e+00   8.4790464e-01   1.0000000e+00   1.0000000e+00
   1.0000000e+00   8.1532146e-01   1.0000000e+00   1.0000000e+00
   1.0000000e+00   8.1826561e-01   1.0000000e+00   1.0000000e+00
   1.0000000e+00   8.1012423e-01   1.0000000e+00   1.0000000e+00
   1.0000000e+00   8.1058437e-01   1.0000000e+00   1.0000000e+00
   1.0000000e+00   8.1162098e-01   1.0000000e+00   1.0000000e+00
   1.0000000e+00   8.1140849e-01   1.0000000e+00   1.0000000e+00
   1.0000000e+00   8.1122386e-01   1.0000000e+00   1.0000000e+00
   1.0000000e+00   8.1128334e-01   1.0000000e+00   1.0000000e+00
   1.0000000e+00   8.1131326e-01   1.0000000e+00   1.0000000e+00
   1.0000000e+00   8.1129845e-01   1.0000000e+00   1.0000000e+00
   1.0000000e+00   8.1129413e-01   1.0000000e+00   1.0000000e+00
   1.0000000e+00   8.1129747e-01   1.0000000e+00   1.0000000e+00
   1.0000000e+00   8.1129797e-01   1.0000000e+00   1.0000000e+00
   1.0000000e+00   8.1129726e-01   1.0000000e+00   1.0000000e+00
   1.0000000e+00   8.1129724e-01   1.0000000e+00   1.0000000e+00
   1.0000000e+00   8.1129738e-01   1.0000000e+00   1.0000000e+00
   1.0000000e+00   8.1129737e-01   1.0000000e+00   1.0000000e+00
   1.0000000e+00   8.1129734e-01   1.0000000e+00   1.0000000e+00
   1.0000000e+00   8.1129735e-01   1.0000000e+00   1.0000000e+00
   1.0000000e+00   8.1129735e-01   1.0000000e+00   1.0000000e+00
   1.0000000e+00   8.1129735e-01   1.0000000e+00   1.0000000e+00
   1.0000000e+00   8.1129735e-01   1.0000000e+00   1.0000000e+00
   1.0000000e+00   8.1129735e-01   1.0000000e+00   1.0000000e+00
   1.0000000e+00   8.1129735e-01   1.0000000e+00   1.0000000e+00
   1.0000000e+00   8.1129735e-01   1.0000000e+00   1.0000000e+00
   1.0000000e+00   8.1129735e-01   1.0000000e+00   1.0000000e+00
   1.0000000e+00   8.1129735e-01   1.0000000e+00   1.0000000e+00
   1.0000000e+00   8.1129735e-01   1.0000000e+00   1.0000000e+00
   1.0000000e+00   8.1129735e-01   1.0000000e+00   1.0000000e+00
   1.0000000e+00   8.1129735e-01   1.0000000e+00   1.0000000e+00
   1.0000000e+00   8.1129735e-01   1.0000000e+00   1.0000000e+00
   1.0000000e+00   8.1129735e-01   1.0000000e+00   1.0000000e+00
   1.0000000e+00   8.1129735e-01   1.0000000e+00   1.0000000e+00
   1.0000000e+00   8.1129735e-01   1.0000000e+00   1.0000000e+00
   1.0000000e+00   8.1129735e-01   1.0000000e+00   1.0000000e+00
   1.0000000e+00   8.1129735e-01   1.0000000e+00   1.0000000e+00
   1.0000000e+00   8.1129735e-01   1.0000000e+00   1.0000000e+00
   1.0000000e+00   8.1129735e-01   1.0000000e+00   1.0000000e+00
   1.0000000e+00   8.1129735e-01   1.0000000e+00   1.0000000e+00
   1.0000000e+00   8.1129735e-01   1.0000000e+00   1.0000000e+00
   1.0000000e+00   8.1129735e-01   1.0000000e+00   1.0000000e+00
   1.0000000e+00   8.1129735e-01   1.0000000e+00   1.0000000e+00
   1.0000000e+00   8.1129735e-01   1.0000000e+00   1.0000000e+00
   1.0000000e+00   8.1129735e-01   1.0000000e+00   1.0000000e+00
   1.0000000e+00   8.1129735e-01   1.0000000e+00   1.0000000e+00
   1.0000000e+00   8.1129735e-01   6.7950461e-01   9.5938287e-01
   9.5938287e-01   8.1129735e-01   6.7950461e-01   9.2809732e-01
   9.2809732e-01   8.1103446e-01   6.7950461e-01   9.0282646e-01
   9.0282646e-01   7.9812698e-01   6.7950461e-01   8.7923497e-01
   8.7923497e-01   8.2223552e-01   6.7950461e-01   8.5609811e-01
   8.5609811e-01   8.2917753e-01   6.7950461e-01   8.3380011e-01
   8.3380011e-01   8.2049366e-01   6.7950461e-01   8.1259735e-01
   8.1259735e-01   8.1114948e-01   6.7950461e-01   7.9301701e-01
   7.9301701e-01   7.9610967e-01   6.7950461e-01   7.7553196e-01
   7.7553196e-01   7.7837642e-01   6.7950461e-01   7.6044533e-01
   7.6044533e-01   7.6001410e-01   6.7950461e-01   7.4782868e-01
   7.4782868e-01   7.4305928e-01   6.7950461e-01   7.3756678e-01
   7.3756678e-01   7.2838696e-01   6.7950461e-01   7.2942811e-01
   7.2942811e-01   7.1619465e-01   6.7950461e-01   7.2312559e-01
   7.2312559e-01   7.0635685e-01   6.7950461e-01   7.1835887e-01
   7.1835887e-01   6.9861788e-01   6.7950461e-01   7.1484087e-01
   7.1484087e-01   6.9267404e-01   6.7950461e-01   7.1231272e-01
   7.1231272e-01   6.8821683e-01   6.7950461e-01   7.1055067e-01
   7.1055067e-01   6.8495731e-01   6.7950461e-01   7.0936771e-01
   7.0936771e-01   6.8263891e-01   6.7950461e-01   7.0861189e-01
   7.0861189e-01   6.8104268e-01   6.7950461e-01   7.0816284e-01
   7.0816284e-01   6.7998758e-01   6.7950461e-01   7.0792746e-01
   7.0792746e-01   6.7932796e-01   6.7950461e-01   7.0783542e-01
   7.0783542e-01   6.7894950e-01   6.7950461e-01   7.0783488e-01
   7.0783488e-01   6.7876449e-01   6.7950461e-01   7.0788861e-01
   7.0788861e-01   6.7870726e-01   6.7950461e-01   7.0797071e-01
   7.0797071e-01   6.7872983e-01   6.7950461e-01   7.0806381e-01
   7.0806381e-01   6.7879811e-01   6.7950461e-01   7.0815683e-01
   7.0815683e-01   6.7888865e-01   6.7950461e-01   7.0824321e-01
   7.0824321e-01   6.7898597e-01   1.0000000e+00   8.0604570e-01
   8.0604570e-01   6.7908041e-01   1.0000000e+00   8.7688303e-01
   8.7688303e-01   7.3078865e-01   1.0000000e+00   9.2661731e-01
   9.2661731e-01   8.1730111e-01   1.0000000e+00   9.6025402e-01
   9.6025402e-01   8.7837789e-01   1.0000000e+00   9.8226117e-01
   9.8226117e-01   9.0171002e-01   1.0000000e+00   9.9507874e-01
   9.9507874e-01   9.2105666e-01   1.0000000e+00   1.0000000e+00
   1.0000000e+00   9.2237734e-01   1.0000000e+00   1.0000000e+00
   1.0000000e+00   9.2348259e-01   1.0000000e+00   1.0000000e+00
   1.0000000e+00   9.0994322e-01   1.0000000e+00   1.0000000e+00
   1.0000000e+00   9.0179724e-01   1.0000000e+00   1.0000000e+00
   1.0000000e+00   8.8490558e-01   1.0000000e+00   1.0000000e+00
   1.0000000e+00   8.7299817e-01   1.0000000e+00   1.0000000e+00
   1.0000000e+00   8.5352771e-01   1.0000000e+00   1.0000000e+00
   1.0000000e+00   8.3963907e-01   1.0000000e+00   1.0000000e+00
   1.0000000e+00   8.2296370e-01   1.0000000e+00   1.0000000e+00
   1.0000000e+00   8.1454012e-01   1.0000000e+00   1.0000000e+00
   1.0000000e+00   8.1038934e-01   1.0000000e+00   1.0000000e+00
   1.0000000e+00   8.1086814e-01   1.0000000e+00   1.0000000e+00
   1.0000000e+00   8.1153107e-01   1.0000000e+00   1.0000000e+00
   1.0000000e+00   8.1135893e-01   1.0000000e+00   1.0000000e+00
   1.0000000e+00   8.1124592e-01   1.0000000e+00   1.0000000e+00
   1.0000000e+00   8.1129067e-01   1.0000000e+00   1.0000000e+00
   1.0000000e+00   8.1130815e-01   1.0000000e+00   1.0000000e+00
   1.0000000e+00   8.1129754e-01   1.0000000e+00   1.0000000e+00
   1.0000000e+00   8.1129522e-01   1.0000000e+00   1.0000000e+00
   1.0000000e+00   8.1129754e-01   1.0000000e+00   1.0000000e+00
   1.0000000e+00   8.1129775e-01   1.0000000e+00   1.0000000e+00
   1.0000000e+00   8.1129728e-01   1.0000000e+00   1.0000000e+00
   1.0000000e+00   8.1129728e-01   1.0000000e+00   1.0000000e+00
   1.0000000e+00   8.1129737e-01   1.0000000e+00   1.0000000e+00
   2.6936572e-01   0.0000000e+00   8.7305714e-01   4.7356488e-01
   4.7356488e-01   4.9195244e-02   8.7305714e-01   6.2568131e-01
   6.2568131e-01   2.8808317e-01   8.7305714e-01   7.3427190e-01
   7.3427190e-01   5.0704818e-01   8.7305714e-01   8.1152503e-01
   8.1152503e-01   6.1570026e-01   8.7305714e-01   8.6312873e-01
   8.6312873e-01   7.3948714e-01   8.7305714e-01   8.9578473e-01
   8.9578473e-01   8.1060987e-01   8.7305714e-01   9.1496885e-01
   9.1496885e-01   8.5540029e-01   8.7305714e-01   9.2550469e-01
   9.2550469e-01   8.7351734e-01   8.7305714e-01   9.3060834e-01
   9.3060834e-01   8.8338343e-01   8.7305714e-01   9.3255502e-01
   9.3255502e-01   8.8581518e-01   8.7305714e-01   9.3274664e-01
   9.3274664e-01   8.8605353e-01   8.7305714e-01   9.3215394e-01
   9.3215394e-01   8.8336149e-01   8.7305714e-01   9.3130786e-01
   9.3130786e-01   8.8072528e-01   8.7305714e-01   9.3056447e-01
   9.3056447e-01   8.7715019e-01   8.7305714e-01   9.3006217e-01
   9.3006217e-01   8.7442691e-01   8.7305714e-01   9.2988237e-01
   9.2988237e-01   8.7162756e-01   8.7305714e-01   9.3000809e-01
   9.3000809e-01   8.6974013e-01   8.7305714e-01   9.3041922e-01
   9.3041922e-01   8.6801194e-01   8.7305714e-01   9.3106105e-01
   9.3106105e-01   8.6692721e-01   8.7305714e-01   9.3189590e-01
   9.3189590e-01   8.6595417e-01   8.7305714e-01   9.3287991e-01
   9.3287991e-01   8.6532192e-01   8.7305714e-01   9.3398798e-01
   9.3398798e-01   8.6470344e-01   8.7305714e-01   9.3519739e-01
   9.3519739e-01   8.6421667e-01   8.7305714e-01   9.3649893e-01
   9.3649893e-01   8.6368057e-01   8.7305714e-01   9.3788631e-01
   9.3788631e-01   8.6316265e-01   8.7305714e-01   9.3936125e-01
   9.3936125e-01   8.6256854e-01   8.7305714e-01   9.4092714e-01
   9.4092714e-01   8.6193780e-01   8.7305714e-01   9.4259169e-01
   9.4259169e-01   8.6122137e-01   8.7305714e-01   9.4436350e-01
   9.4436350e-01   8.6044026e-01   1.0000000e+00   1.0000000e+00
   1.0000000e+00   8.5956668e-01   1.0000000e+00   1.0000000e+00
   1.0000000e+00   8.7892534e-01   1.0000000e+00   1.0000000e+00
   1.0000000e+00   9.0475605e-01   1.0000000e+00   1.0000000e+00
   1.0000000e+00   8.5239601e-01   1.0000000e+00   1.0000000e+00
   1.0000000e+00   8.7078902e-01   1.0000000e+00   1.0000000e+00
   1.0000000e+00   8.2480951e-01   1.0000000e+00   1.0000000e+00
   1.0000000e+00   8.3454517e-01   1.0000000e+00   1.0000000e+00
   1.0000000e+00   8.0992495e-01   1.0000000e+00   1.0000000e+00
   1.0000000e+00   8.1270429e-01   1.0000000e+00   1.0000000e+00
   1.0000000e+00   8.1143589e-01   1.0000000e+00   1.0000000e+00
   1.0000000e+00   8.1103158e-01   1.0000000e+00   1.0000000e+00
   1.0000000e+00   8.1129793e-01   1.0000000e+00   1.0000000e+00
   1.0000000e+00   8.1135015e-01   1.0000000e+00   1.0000000e+00
   1.0000000e+00   8.1129177e-01   1.0000000e+00   1.0000000e+00
   1.0000000e+00   8.1128763e-01   1.0000000e+00   1.0000000e+00
   1.0000000e+00   8.1129946e-01   1.0000000e+00   1.0000000e+00
   1.0000000e+00   8.1129904e-01   1.0000000e+00   1.0000000e+00
   1.0000000e+00   8.1129677e-01   1.0000000e+00   1.0000000e+00
   1.0000000e+00   8.1129708e-01   1.0000000e+00   1.0000000e+00
   1.0000000e+00   8.1129750e-01   1.0000000e+00   1.0000000e+00
   1.0000000e+00   8.1129739e-01   1.0000000e+00   1.0000000e+00
   1.0000000e+00   8.1129732e-01   1.0000000e+00   1.0000000e+00
   1.0000000e+00   8.1129735e-01   1.0000000e+00   1.0000000e+00
   1.0000000e+00   8.1129736e-01   1.0000000e+00   1.0000000e+00
   1.0000000e+00   8.1129735e-01   1.0000000e+00   1.0000000e+00
   1.0000000e+00   8.1129735e-01   1.0000000e+00   1.0000000e+00
   1.0000000e+00   8.1129735e-01   1.0000000e+00   1.0000000e+00
   1.0000000e+00   8.1129735e-01   1.0000000e+00   1.0000000e+00
   1.0000000e+00   8.1129735e-01   1.0000000e+00   1.0000000e+00
   1.0000000e+00   8.1129735e-01   1.7509629e-01   8.0388568e-01
   8.0388568e-01   8.1129735e-01   1.7509629e-01   6.5507466e-01
   6.5507466e-01   7.7701024e-01   1.7509629e-01   5.4063745e-01
   5.4063745e-01   6.5425564e-01   1.7509629e-01   4.5068838e-01
   4.5068838e-01   5.7228806e-01   1.7509629e-01   3.7946128e-01
   3.7946128e-01   4.9505668e-01   1.7509629e-01   3.2456231e-01
   3.2456231e-01   4.0628040e-01   1.7509629e-01   2.8367983e-01
   2.8367983e-01   3.3215949e-01   1.7509629e-01   2.5439333e-01
   2.5439333e-01   2.7496817e-01   1.7509629e-01   2.3373500e-01
   2.3373500e-01   2.4189894e-01   1.7509629e-01   2.1934912e-01
   2.1934912e-01   2.1946935e-01   1.7509629e-01   2.0951788e-01
   2.0951788e-01   2.0324166e-01   1.7509629e-01   2.0298293e-01
   2.0298293e-01   1.9162007e-01   1.7509629e-01   1.9881415e-01
   1.9881415e-01   1.8349595e-01   1.7509629e-01   1.9631945e-01
   1.9631945e-01   1.7802500e-01   1.7509629e-01   1.9498358e-01
   1.9498358e-01   1.7453147e-01   1.7509629e-01   1.9442561e-01
   1.9442561e-01   1.7247169e-01   1.7509629e-01   1.9436757e-01
   1.9436757e-01   1.7141706e-01   1.7509629e-01   1.9461055e-01
   1.9461055e-01   1.7103883e-01   1.7509629e-01   1.9501572e-01
   1.9501572e-01   1.7109204e-01   1.7509629e-01   1.9548940e-01
   1.9548940e-01   1.7139960e-01   1.7509629e-01   1.9597111e-01
   1.9597111e-01   1.7183773e-01   1.7509629e-01   1.9642436e-01
   1.9642436e-01   1.7232335e-01   1.7509629e-01   1.9682937e-01
   1.9682937e-01   1.7280360e-01   1.7509629e-01   1.9717775e-01
   1.9717775e-01   1.7324737e-01   1.7509629e-01   1.9746841e-01
   1.9746841e-01   1.7363873e-01   1.7509629e-01   1.9770471e-01
   1.9770471e-01   1.7397183e-01   1.7509629e-01   1.9789240e-01
   1.9789240e-01   1.7424728e-01   1.7509629e-01   1.9803826e-01
   1.9803826e-01   1.7446945e-01   1.7509629e-01   1.9814920e-01
   1.9814920e-01   1.7464462e-01   1.0000000e+00   5.0532365e-01
   5.0532365e-01   1.7477979e-01   1.0000000e+00   7.2219776e-01
   7.2219776e-01   3.3493593e-01   1.0000000e+00   8.6911797e-01
   8.6911797e-01   5.5112697e-01   1.0000000e+00   9.5836535e-01
   9.5836535e-01   7.4408080e-01   1.0000000e+00   9.9986456e-01
   9.9986456e-01   8.8688772e-01   1.0000000e+00   1.0000000e+00
   1.0000000e+00   9.3258423e-01   1.0000000e+00   1.0000000e+00
   1.0000000e+00   9.2218080e-01   1.0000000e+00   1.0000000e+00
   1.0000000e+00   9.1491569e-01   1.0000000e+00   1.0000000e+00
   1.0000000e+00   9.0122758e-01   1.0000000e+00   1.0000000e+00
   1.0000000e+00   8.9039555e-01   1.0000000e+00   1.0000000e+00
   1.0000000e+00   8.7331365e-01   1.0000000e+00   1.0000000e+00
   1.0000000e+00   8.5910948e-01   1.0000000e+00   1.0000000e+00
   1.0000000e+00   8.4061574e-01   1.0000000e+00   1.0000000e+00
   1.0000000e+00   8.2695557e-01   1.0000000e+00   1.0000000e+00
   1.0000000e+00   8.1505120e-01   1.0000000e+00   1.0000000e+00
   1.0000000e+00   8.1084917e-01   1.0000000e+00   1.0000000e+00
   1.0000000e+00   8.1076663e-01   1.0000000e+00   1.0000000e+00
   1.0000000e+00   8.1144368e-01   1.0000000e+00   1.0000000e+00
   1.0000000e+00   8.1138909e-01   1.0000000e+00   1.0000000e+00
   1.0000000e+00   8.1125950e-01   1.0000000e+00   1.0000000e+00
   1.0000000e+00   8.1128341e-01   1.0000000e+00   1.0000000e+00
   1.0000000e+00   8.1130623e-01   1.0000000e+00   1.0000000e+00
   1.0000000e+00   8.1129916e-01   1.0000000e+00   1.0000000e+00
   1.0000000e+00   8.1129543e-01   1.0000000e+00   1.0000000e+00
   1.0000000e+00   8.1129720e-01   1.0000000e+00   1.0000000e+00
   1.0000000e+00   8.1129775e-01   1.0000000e+00   1.0000000e+00
   1.0000000e+00   8.1129734e-01   1.0000000e+00   1.0000000e+00
   1.0000000e+00   8.1129728e-01   1.0000000e+00   1.0000000e+00
   1.0000000e+00   8.1129736e-01   1.0000000e+00   1.0000000e+00
   1.0000000e+00   8.1129737e-01   1.0000000e+00   1.0000000e+00
   2.9586028e-01   0.0000000e+00   9.5905002e-01   5.1933187e-01
   5.1933187e-01   5.4520635e-02   9.5905002e-01   6.8377870e-01
   6.8377870e-01   3.2365970e-01   9.5905002e-01   8.0052598e-01
   8.0052598e-01   5.4252506e-01   9.5905002e-01   8.8128065e-01
   8.8128065e-01   6.8055524e-01   9.5905002e-01   9.3411015e-01
   9.3411015e-01   8.1100985e-01   9.5905002e-01   9.6664823e-01
   9.6664823e-01   8.8403459e-01   9.5905002e-01   9.8605268e-01
   9.8605268e-01   9.0233509e-01   9.5905002e-01   9.9631790e-01
   9.9631790e-01   9.2238622e-01   9.5905002e-01   1.0000000e+00
   1.0000000e+00   9.1717106e-01   9.5905002e-01   1.0000000e+00
   1.0000000e+00   9.1940910e-01   9.5905002e-01   1.0000000e+00
   1.0000000e+00   9.0144302e-01   9.5905002e-01   1.0000000e+00
   1.0000000e+00   8.9554121e-01   9.5905002e-01   1.0000000e+00
   1.0000000e+00   8.7442751e-01   9.5905002e-01   1.0000000e+00
   1.0000000e+00   8.6461018e-01   9.5905002e-01   1.0000000e+00
   1.0000000e+00   8.4233398e-01   9.5905002e-01   1.0000000e+00
   1.0000000e+00   8.3132189e-01   9.5905002e-01   1.0000000e+00
   1.0000000e+00   8.1599100e-01   9.5905002e-01   1.0000000e+00
   1.0000000e+00   8.1172827e-01   9.5905002e-01   1.0000000e+00
   1.0000000e+00   8.1059849e-01   9.5905002e-01   1.0000000e+00
   1.0000000e+00   8.1128680e-01   9.5905002e-01   1.0000000e+00
   1.0000000e+00   8.1144104e-01   9.5905002e-01   1.0000000e+00
   1.0000000e+00   8.1128452e-01   9.5905002e-01   1.0000000e+00
   1.0000000e+00   8.1127079e-01   9.5905002e-01   1.0000000e+00
   1.0000000e+00   8.1130262e-01   9.5905002e-01   1.0000000e+00
   1.0000000e+00   8.1130201e-01   9.5905002e-01   1.0000000e+00
   1.0000000e+00   8.1129584e-01   9.5905002e-01   1.0000000e+00
   1.0000000e+00   8.1129660e-01   9.5905002e-01   1.0000000e+00
   1.0000000e+00   8.1129773e-01   9.5905002e-01   1.0000000e+00
   1.0000000e+00   8.1129746e-01   9.5905002e-01   1.0000000e+00
   1.0000000e+00   8.1129727e-01   9.5905002e-01   1.0000000e+00
   1.0000000e+00   8.1129734e-01   9.5905002e-01   1.0000000e+00
   1.0000000e+00   8.1129737e-01   9.5905002e-01   1.0000000e+00
   1.0000000e+00   8.1129735e-01   9.5905002e-01   1.0000000e+00
   1.0000000e+00   8.1129735e-01   9.5905002e-01   1.0000000e+00
   1.0000000e+00   8.1129735e-01   9.5905002e-01   1.0000000e+00
   1.0000000e+00   8.1129735e-01   9.5905002e-01   1.0000000e+00
   1.0000000e+00   8.1129735e-01   9.5905002e-01   1.0000000e+00
   1.0000000e+00   8.1129735e-01   9.5905002e-01   1.0000000e+00
   1.0000000e+00   8.1129735e-01   1.0000000e+00   1.0000000e+00
   1.0000000e+00   8.1129735e-01   1.0000000e+00   1.0000000e+00
   1.0000000e+00   8.1129735e-01   1.0000000e+00   1.0000000e+00
   1.0000000e+00   8.1129735e-01   1.0000000e+00   1.0000000e+00
   1.0000000e+00   8.1129735e-01   1.0000000e+00   1.0000000e+00
   1.0000000e+00   8.1129735e-01   1.0000000e+00   1.0000000e+00
   1.0000000e+00   8.1129735e-01   1.0000000e+00   1.0000000e+00
   1.0000000e+00   8.1129735e-01   1.0000000e+00   1.0000000e+00
   1.0000000e+00   8.1129735e-01   1.0000000e+00   1.0000000e+00
   1.0000000e+00   8.1129735e-01   1.0000000e+00   1.0000000e+00
   1.0000000e+00   8.1129735e-01   1.0000000e+00   1.0000000e+00
   1.0000000e+00   8.1129735e-01   1.0000000e+00   1.0000000e+00
   1.0000000e+00   8.1129735e-01   1.0000000e+00   1.0000000e+00
   1.0000000e+00   8.1129735e-01   1.0000000e+00   1.0000000e+00
   1.0000000e+00   8.1129735e-01   1.0000000e+00   1.0000000e+00
   1.0000000e+00   8.1129735e-01   1.0000000e+00   1.0000000e+00
   1.0000000e+00   8.1129735e-01   1.0000000e+00   1.0000000e+00
   1.0000000e+00   8.1129735e-01   1.0000000e+00   1.0000000e+00
   1.0000000e+00   8.1129735e-01   1.0000000e+00   1.0000000e+00
   1.0000000e+00   8.1129735e-01   1.0000000e+00   1.0000000e+00
   1.0000000e+00   8.1129735e-01   1.0000000e+00   1.0000000e+00
   1.0000000e+00   8.1129735e-01   1.0000000e+00   1.0000000e+00
   1.0000000e+00   8.1129735e-01   1.0000000e+00   1.0000000e+00
   1.0000000e+00   8.1129735e-01   1.0000000e+00   1.0000000e+00
   1.0000000e+00   8.1129735e-01   1.0000000e+00   1.0000000e+00
   1.0000000e+00   8.1129735e-01   1.0000000e+00   1.0000000e+00
   1.0000000e+00   8.1129735e-01   1.0000000e+00   1.0000000e+00
   1.0000000e+00   8.1129735e-01   1.0000000e+00   1.0000000e+00
   1.0000000e+00   8.1129735e-01   1.0000000e+00   1.0000000e+00
   1.0000000e+00   8.1129735e-01   1.0000000e+00   1.0000000e+00
   1.0000000e+00   8.1129735e-01   1.0000000e+00   1.0000000e+00
   1.0000000e+00   8.1129735e-01   1.0000000e+00   1.0000000e+00
   1.0000000e+00   8.1129735e-01   1.0000000e+00   1.0000000e+00
   1.0000000e+00   8.1129735e-01   1.0000000e+00   1.0000000e+00
   1.0000000e+00   8.1129735e-01   1.0000000e+00   1.0000000e+00
   1.0000000e+00   8.1129735e-01   1.0000000e+00   1.0000000e+00
   1.0000000e+00   8.1129735e-01   1.0000000e+00   1.0000000e+00
   1.0000000e+00   8.1129735e-01   1.0000000e+00   1.0000000e+00
   1.0000000e+00   8.1129735e-01   1.0000000e+00   1.0000000e+00
   1.0000000e+00   8.1129735e-01   1.0000000e+00   1.0000000e+00
   1.0000000e+00   8.1129735e-01   1.0000000e+00   1.0000000e+00
   1.0000000e+00   8.1129735e-01   1.0000000e+00   1.0000000e+00
   1.0000000e+00   8.1129735e-01   1.0000000e+00   1.0000000e+00
   1.0000000e+00   8.1129735e-01   1.0000000e+00   1.0000000e+00
   1.0000000e+00   8.1129735e-01   1.0000000e+00   1.0000000e+00
   1.0000000e+00   8.1129735e-01   1.0000000e+00   1.0000000e+00
   1.0000000e+00   8.1129735e-01   1.0000000e+00   1.0000000e+00
   1.0000000e+00   8.1129735e-01   1.0000000e+00   1.0000000e+00
   1.0000000e+00   8.1129735e-01   1.0000000e+00   1.0000000e+00
   1.0000000e+00   8.1129735e-01   1.0000000e+00   1.0000000e+00
   1.0000000e+00   8.1129735e-01   1.0000000e+00   1.0000000e+00
   1.0000000e+00   8.1129735e-01   1.0000000e+00   1.0000000e+00
   1.0000000e+00   8.1129735e-01   1.0000000e+00   1.0000000e+00
   1.0000000e+00   8.1129735e-01   1.0000000e+00   1.0000000e+00
   1.0000000e+00   8.1129735e-01   1.0000000e+00   1.0000000e+00
   1.0000000e+00   8.1129735e-01   1.0000000e+00   1.0000000e+00
   1.0000000e+00   8.1129735e-01   1.0000000e+00   1.0000000e+00
   1.0000000e+00   8.1129735e-01   1.0000000e+00   1.0000000e+00
   1.0000000e+00   8.1129735e-01   1.0000000e+00   1.0000000e+00
   1.0000000e+00   8.1129735e-01   1.0000000e+00   1.0000000e+00
   1.0000000e+00   8.1129735e-01   1.0000000e+00   1.0000000e+00
   1.0000000e+00   8.1129735e-01   1.0000000e+00   1.0000000e+00
   1.0000000e+00   8.1129735e-01   1.0000000e+00   1.0000000e+00
   1.0000000e+00   8.1129735e-01   1.0000000e+00   1.0000000e+00
   1.0000000e+00   8.1129735e-01   1.0000000e+00   1.0000000e+00
   1.0000000e+00   8.1129735e-01   1.0000000e+00   1.0000000e+00
   1.0000000e+00   8.1129735e-01   1.0000000e+00   1.0000000e+00
   1.0000000e+00   8.1129735e-01   1.0000000e+00   1.0000000e+00
   1.0000000e+00   8.1129735e-01   1.0000000e+00   1.0000000e+00
   1.0000000e+00   8.1129735e-01   1.0000000e+00   1.0000000e+00
   1.0000000e+00   8.1129735e-01   1.0000000e+00   1.0000000e+00
   1.0000000e+00   8.1129735e-01   1.0000000e+00   1.0000000e+00
   1.0000000e+00   8.1129735e-01   1.0000000e+00   1.0000000e+00
   1.0000000e+00   8.1129735e-01   1.0000000e+00   1.0000000e+00
   1.0000000e+00   8.1129735e-01   1.0000000e+00   1.0000000e+00
   1.0000000e+00   8.1129735e-01   1.0000000e+00   1.0000000e+00
   1.0000000e+00   8.1129735e-01   1.0000000e+00   1.0000000e+00
   1.0000000e+00   8.1129735e-01   1.0000000e+00   1.0000000e+00
   1.0000000e+00   8.1129735e-01   1.0000000e+00   1.0000000e+00
   1.0000000e+00   8.1129735e-01   1.0000000e+00   1.0000000e+00
   1.0125232e-03   0.0000000e+00   0.0000000e+00   1.9135363e-03
   1.9135363e-03   0.0000000e+00   0.0000000e+00   2.6209176e-03
   2.6209176e-03   0.0000000e+00   0.0000000e+00   3.1731215e-03
   3.1731215e-03   0.0000000e+00   0.0000000e+00   3.6050261e-03
   3.6050261e-03   0.0000000e+00   0.0000000e+00   3.9430405e-03
   3.9430405e-03   0.0000000e+00   0.0000000e+00   4.2075961e-03
   4.2075961e-03   0.0000000e+00   0.0000000e+00   4.4146569e-03
   4.4146569e-03   0.0000000e+00   0.0000000e+00   4.5767173e-03
   4.5767173e-03   0.0000000e+00   0.0000000e+00   4.7035568e-03
   4.7035568e-03   0.0000000e+00   0.0000000e+00   4.8028300e-03
   4.8028300e-03   0.0000000e+00   0.0000000e+00   4.8805276e-03
   4.8805276e-03   0.0000000e+00   0.0000000e+00   4.9413389e-03
   4.9413389e-03   0.0000000e+00   0.0000000e+00   4.9889337e-03
   4.9889337e-03   0.0000000e+00   0.0000000e+00   5.0261844e-03
   5.0261844e-03   0.0000000e+00   0.0000000e+00   5.0553392e-03
   5.0553392e-03   0.0000000e+00   0.0000000e+00   5.0781575e-03
   5.0781575e-03   0.0000000e+00   0.0000000e+00   5.0960166e-03
   5.0960166e-03   0.0000000e+00   0.0000000e+00   5.1099942e-03
   5.1099942e-03   0.0000000e+00   0.0000000e+00   5.1209340e-03
   5.1209340e-03   0.0000000e+00   0.0000000e+00   5.1294962e-03
   5.1294962e-03   0.0000000e+00   0.0000000e+00   5.1361974e-03
   5.1361974e-03   0.0000000e+00   0.0000000e+00   5.1414422e-03
   5.1414422e-03   0.0000000e+00   0.0000000e+00   5.1455472e-03
   5.1455472e-03   0.0000000e+00   1.0000000e+00   5.6835982e-01
   5.6835982e-01   0.0000000e+00   1.0000000e+00   8.9260196e-01
   8.9260196e-01   1.1433654e-01   1.0000000e+00   1.0000000e+00
   1.0000000e+00   7.1551393e-01   1.0000000e+00   1.0000000e+00
   1.0000000e+00   9.1016152e-01   1.0000000e+00   1.0000000e+00
   1.0000000e+00   9.4983712e-01   1.0000000e+00   1.0000000e+00
   1.0000000e+00   8.9396779e-01   1.0000000e+00   1.0000000e+00
   1.0000000e+00   9.2963845e-01   1.0000000e+00   1.0000000e+00
   1.0000000e+00   8.7221283e-01   1.0000000e+00   1.0000000e+00
   1.0000000e+00   9.0187399e-01   1.0000000e+00   1.0000000e+00
   1.0000000e+00   8.4542614e-01   1.0000000e+00   1.0000000e+00
   1.0000000e+00   8.6663920e-01   1.0000000e+00   1.0000000e+00
   1.0000000e+00   8.1972070e-01   1.0000000e+00   1.0000000e+00
   1.0000000e+00   8.3078165e-01   1.0000000e+00   1.0000000e+00
   1.0000000e+00   8.0936904e-01   1.0000000e+00   1.0000000e+00
   1.0000000e+00   8.1176358e-01   1.0000000e+00   1.0000000e+00
   1.0000000e+00   8.1166692e-01   1.0000000e+00   1.0000000e+00
   1.0000000e+00   8.1117111e-01   1.0000000e+00   1.0000000e+00
   1.0000000e+00   8.1123953e-01   1.0000000e+00   1.0000000e+00
   1.0000000e+00   8.1132828e-01   1.0000000e+00   1.0000000e+00
   1.0000000e+00   8.1130550e-01   1.0000000e+00   1.0000000e+00
   1.0000000e+00   8.1129046e-01   1.0000000e+00   1.0000000e+00
   1.0000000e+00   8.1129647e-01   1.0000000e+00   1.0000000e+00
   1.0000000e+00   8.1129879e-01   1.0000000e+00   1.0000000e+00
   1.0000000e+00   8.1129738e-01   1.0000000e+00   1.0000000e+00
   1.0000000e+00   8.1129707e-01   1.0000000e+00   1.0000000e+00
   1.0000000e+00   8.1129738e-01   1.0000000e+00   1.0000000e+00
   1.0000000e+00   8.1129741e-01   1.0000000e+00   1.0000000e+00
   1.0000000e+00   8.1129734e-01   1.0000000e+00   1.0000000e+00
   1.0000000e+00   8.1129734e-01   1.0000000e+00   1.0000000e+00
   1.0000000e+00   8.1129736e-01   1.0000000e+00   1.0000000e+00
   1.0000000e+00   8.1129735e-01   1.0000000e+00   1.0000000e+00
   1.0000000e+00   8.1129735e-01   1.0000000e+00   1.0000000e+00
   1.0000000e+00   8.1129735e-01   1.0000000e+00   1.0000000e+00
   1.0000000e+00   8.1129735e-01   1.0000000e+00   1.0000000e+00
   1.0000000e+00   8.1129735e-01   1.0000000e+00   1.0000000e+00
   1.0000000e+00   8.1129735e-01   1.0000000e+00   1.0000000e+00
   1.0000000e+00   8.1129735e-01   1.0000000e+00   1.0000000e+00
   1.0000000e+00   8.1129735e-01   1.0000000e+00   1.0000000e+00
   1.0000000e+00   8.1129735e-01   1.0000000e+00   1.0000000e+00
   1.0000000e+00   8.1129735e-01   1.0000000e+00   1.0000000e+00
   1.0000000e+00   8.1129735e-01   1.0000000e+00   1.0000000e+00
   1.0000000e+00   8.1129735e-01   1.0000000e+00   1.0000000e+00
   1.0000000e+00   8.1129735e-01   1.0000000e+00   1.0000000e+00
   1.0000000e+00   8.1129735e-01   1.0000000e+00   1.0000000e+00
   1.0000000e+00   8.1129735e-01   1.0000000e+00   1.0000000e+00
   1.0000000e+00   8.1129735e-01   1.0000000e+00   1.0000000e+00
   1.0000000e+00   8.1129735e-01   4.5126779e-01   8.8904075e-01
   8.8904075e-01   8.1129735e-01   4.5126779e-01   8.0405895e-01
   8.0405895e-01   8.0342659e-01   4.5126779e-01   7.3685557e-01
   7.3685557e-01   7.5222564e-01   4.5126779e-01   6.8068212e-01
   6.8068212e-01   7.3396803e-01   4.5126779e-01   6.3425288e-01
   6.3425288e-01   6.7982741e-01   4.5126779e-01   5.9667543e-01
   5.9667543e-01   6.2840518e-01   4.5126779e-01   5.6650751e-01
   5.6650751e-01   5.9101319e-01   4.5126779e-01   5.4241603e-01
   5.4241603e-01   5.6157030e-01   4.5126779e-01   5.2361343e-01
   5.2361343e-01   5.3291358e-01   4.5126779e-01   5.0933374e-01
   5.0933374e-01   5.0915857e-01   4.5126779e-01   4.9880662e-01
   4.9880662e-01   4.9054565e-01   4.5126779e-01   4.9130285e-01
   4.9130285e-01   4.7643236e-01   4.5126779e-01   4.8616723e-01
   4.8616723e-01   4.6606049e-01   4.5126779e-01   4.8283484e-01
   4.8283484e-01   4.5869921e-01   4.5126779e-01   4.8083514e-01
   4.8083514e-01   4.5369030e-01   4.5126779e-01   4.7978796e-01
   4.7978796e-01   4.5046638e-01   4.5126779e-01   4.7939492e-01
   4.7939492e-01   4.4855587e-01   4.5126779e-01   4.7942836e-01
   4.7942836e-01   4.4757924e-01   4.5126779e-01   4.7971972e-01
   4.7971972e-01   4.4723995e-01   4.5126779e-01   4.8014820e-01
   4.8014820e-01   4.4731291e-01   4.5126779e-01   4.8063057e-01
   4.8063057e-01   4.4763223e-01   4.5126779e-01   4.8111230e-01
   4.8111230e-01   4.4807967e-01   4.5126779e-01   4.8156017e-01
   4.8156017e-01   4.4857419e-01   4.5126779e-01   4.8195626e-01
   4.8195626e-01   4.4906310e-01   1.0000000e+00   6.5037244e-01
   6.5037244e-01   4.4951463e-01   1.0000000e+00   7.7584906e-01
   7.7584906e-01   4.8341144e-01   1.0000000e+00   8.6557181e-01
   8.6557181e-01   6.4987013e-01   1.0000000e+00   9.2618782e-01
   9.2618782e-01   7.8866357e-01   1.0000000e+00   9.6493026e-01
   9.6493026e-01   8.7171798e-01   1.0000000e+00   9.8789782e-01
   9.8789782e-01   9.0459189e-01   1.0000000e+00   9.9896985e-01
   9.9896985e-01   9.2054704e-01   1.0000000e+00   1.0000000e+00
   1.0000000e+00   9.2396340e-01   1.0000000e+00   1.0000000e+00
   1.0000000e+00   9.1738783e-01   1.0000000e+00   1.0000000e+00
   1.0000000e+00   9.0519306e-01   1.0000000e+00   1.0000000e+00
   1.0000000e+00   8.9392613e-01   1.0000000e+00   1.0000000e+00
   1.0000000e+00   8.7824854e-01   1.0000000e+00   1.0000000e+00
   1.0000000e+00   8.6353497e-01   1.0000000e+00   1.0000000e+00
   1.0000000e+00   8.4573685e-01   1.0000000e+00   1.0000000e+00
   1.0000000e+00   8.3081139e-01   1.0000000e+00   1.0000000e+00
   1.0000000e+00   8.1772484e-01   1.0000000e+00   1.0000000e+00
   1.0000000e+00   8.1156793e-01   1.0000000e+00   1.0000000e+00
   1.0000000e+00   8.1049662e-01   1.0000000e+00   1.0000000e+00
   1.0000000e+00   8.1132789e-01   1.0000000e+00   1.0000000e+00
   1.0000000e+00   8.1145840e-01   1.0000000e+00   1.0000000e+00
   1.0000000e+00   8.1127472e-01   1.0000000e+00   1.0000000e+00
   1.0000000e+00   8.1126846e-01   1.0000000e+00   1.0000000e+00
   1.0000000e+00   8.1130479e-01   1.0000000e+00   1.0000000e+00
   1.0000000e+00   8.1130225e-01   1.0000000e+00   1.0000000e+00
   2.0988867e-01   0.0000000e+00   6.8006772e-01   3.6905475e-01
   3.6905475e-01   3.7307115e-02   6.8006772e-01   4.8819400e-01
   4.8819400e-01   2.1569178e-01   6.8006772e-01   5.7221552e-01
   5.7221552e-01   4.0857376e-01   6.8006772e-01   6.3244778e-01
   6.3244778e-01   4.7418013e-01   6.8006772e-01   6.7429158e-01
   6.7429158e-01   5.5217103e-01   6.8006772e-01   7.0197798e-01
   7.0197798e-01   6.1162366e-01   6.8006772e-01   7.1899364e-01
   7.1899364e-01   6.5401504e-01   6.8006772e-01   7.2840130e-01
   7.2840130e-01   6.7955024e-01   6.8006772e-01   7.3261528e-01
   7.3261528e-01   6.9435257e-01   6.8006772e-01   7.3344788e-01
   7.3344788e-01   7.0203507e-01   6.8006772e-01   7.3221619e-01
   7.3221619e-01   7.0501228e-01   6.8006772e-01   7.2984812e-01
   7.2984812e-01   7.0500257e-01   6.8006772e-01   7.2697446e-01
   7.2697446e-01   7.0322622e-01   6.8006772e-01   7.2400506e-01
   7.2400506e-01   7.0052942e-01   6.8006772e-01   7.2118966e-01
   7.2118966e-01   6.9747854e-01   6.8006772e-01   7.1866535e-01
   7.1866535e-01   6.9443444e-01   6.8006772e-01   7.1649274e-01
   7.1649274e-01   6.9161057e-01   6.8006772e-01   7.1468277e-01
   7.1468277e-01   6.8911778e-01   6.8006772e-01   7.1321617e-01
   7.1321617e-01   6.8699825e-01   6.8006772e-01   7.1205714e-01
   7.1205714e-01   6.8525040e-01   6.8006772e-01   7.1116264e-01
   7.1116264e-01   6.8384688e-01   6.8006772e-01   7.1048838e-01
   7.1048838e-01   6.8274702e-01   6.8006772e-01   7.0999247e-01
   7.0999247e-01   6.8190513e-01   1.0000000e+00   8.1491226e-01
   8.1491226e-01   6.8127585e-01   1.0000000e+00   8.8978852e-01
   8.8978852e-01   7.3644414e-01   1.0000000e+00   9.4106657e-01
   9.4106657e-01   8.2863360e-01   1.0000000e+00   9.7405247e-01
   9.7405247e-01   8.9133311e-01   1.0000000e+00   9.9308427e-01
   9.9308427e-01   9.0885348e-01   1.0000000e+00   1.0000000e+00
   1.0000000e+00   9.2933083e-01   1.0000000e+00   1.0000000e+00
   1.0000000e+00   9.2109388e-01   1.0000000e+00   1.0000000e+00
   1.0000000e+00   9.2037655e-01   1.0000000e+00   1.0000000e+00
   1.0000000e+00   9.0099895e-01   1.0000000e+00   1.0000000e+00
   1.0000000e+00   8.9656474e-01   1.0000000e+00   1.0000000e+00
   1.0000000e+00   8.7412047e-01   1.0000000e+00   1.0000000e+00
   1.0000000e+00   8.6563447e-01   1.0000000e+00   1.0000000e+00
   1.0000000e+00   8.4218721e-01   1.0000000e+00   1.0000000e+00
   1.0000000e+00   8.3212520e-01   1.0000000e+00   1.0000000e+00
   1.0000000e+00   8.1594722e-01   1.0000000e+00   1.0000000e+00
   1.0000000e+00   8.1193682e-01   1.0000000e+00   1.0000000e+00
   1.0000000e+00   8.1058472e-01   1.0000000e+00   1.0000000e+00
   1.0000000e+00   8.1124941e-01   1.0000000e+00   1.0000000e+00
   1.0000000e+00   8.1144796e-01   1.0000000e+00   1.0000000e+00
   1.0000000e+00   8.1129113e-01   1.0000000e+00   1.0000000e+00
   1.0000000e+00   8.1126878e-01   1.0000000e+00   1.0000000e+00
   1.0000000e+00   8.1130154e-01   1.0000000e+00   1.0000000e+00
   1.0000000e+00   8.1130252e-01   1.0000000e+00   1.0000000e+00
   1.0000000e+00   8.1129600e-01   4.2602118e-01   8.7995551e-01
   8.7995551e-01   8.1129648e-01   4.2602118e-01   7.8838708e-01
   7.8838708e-01   8.0153032e-01   4.2602118e-01   7.1642212e-01
   7.1642212e-01   7.4370724e-01   4.2602118e-01   6.5703500e-01
   6.5703500e-01   7.1744134e-01   4.2602118e-01   6.0865137e-01
   6.0865137e-01   6.5729948e-01   4.2602118e-01   5.6987558e-01
   5.6987558e-01   6.0495643e-01   4.2602118e-01   5.3873984e-01
   5.3873984e-01   5.7030806e-01   4.2602118e-01   5.1419794e-01
   5.1419794e-01   5.3510364e-01   4.2602118e-01   4.9536397e-01
   4.9536397e-01   5.0446853e-01   4.2602118e-01   4.8132260e-01
   4.8132260e-01   4.8013989e-01   4.2602118e-01   4.7118489e-01
   4.7118489e-01   4.6148982e-01   4.2602118e-01   4.6413681e-01
   4.6413681e-01   4.4762617e-01   4.2602118e-01   4.5946573e-01
   4.5946573e-01   4.3766247e-01   4.2602118e-01   4.5657022e-01
   4.5657022e-01   4.3078173e-01   4.2602118e-01   4.5495885e-01
   4.5495885e-01   4.2626401e-01   4.2602118e-01   4.5424208e-01
   4.5424208e-01   4.2350043e-01   4.2602118e-01   4.5412006e-01
   4.5412006e-01   4.2199552e-01   4.2602118e-01   4.5436871e-01
   4.5436871e-01   4.2135974e-01   4.2602118e-01   4.5482586e-01
   4.5482586e-01   4.2129613e-01   4.2602118e-01   4.5537828e-01
   4.5537828e-01   4.2158478e-01   4.2602118e-01   4.5595046e-01
   4.5595046e-01   4.2206779e-01   4.2602118e-01   4.5649503e-01
   4.5649503e-01   4.2263571e-01   4.2602118e-01   4.5698508e-01
   4.5698508e-01   4.2321610e-01   8.5967760e-01   5.9105574e-01
   5.9105574e-01   4.2376394e-01   8.5967760e-01   6.9256702e-01
   6.9256702e-01   4.5145195e-01   8.5967760e-01   7.6753473e-01
   7.6753473e-01   5.7850158e-01   8.5967760e-01   8.2038696e-01
   8.2038696e-01   6.8910488e-01   8.5967760e-01   8.5594202e-01
   8.5594202e-01   7.6459650e-01   8.5967760e-01   8.7867299e-01
   8.7867299e-01   8.1324366e-01   8.5967760e-01   8.9232198e-01
   8.9232198e-01   8.4302713e-01   8.5967760e-01   8.9996330e-01
   8.9996330e-01   8.5786020e-01   8.5967760e-01   9.0374651e-01
   9.0374651e-01   8.6596120e-01   8.5967760e-01   9.0516527e-01
   9.0516527e-01   8.6949311e-01   8.5967760e-01   9.0519499e-01
   9.0519499e-01   8.7077167e-01   8.5967760e-01   9.0447770e-01
   9.0447770e-01   8.7050471e-01   8.5967760e-01   9.0340467e-01
   9.0340467e-01   8.6968209e-01   8.5967760e-01   9.0221522e-01
   9.0221522e-01   8.6850856e-01   8.5967760e-01   9.0103730e-01
   9.0103730e-01   8.6739202e-01   8.5967760e-01   8.9993742e-01
   8.9993742e-01   8.6633420e-01   8.5967760e-01   8.9893890e-01
   8.9893890e-01   8.6547244e-01   8.5967760e-01   8.9804541e-01
   8.9804541e-01   8.6474670e-01   8.5967760e-01   8.9724776e-01
   8.9724776e-01   8.6418586e-01   8.5967760e-01   8.9653374e-01
   8.9653374e-01   8.6373095e-01   8.5967760e-01   8.9588966e-01
   8.9588966e-01   8.6337849e-01   8.5967760e-01   8.9530377e-01
   8.9530377e-01   8.6308835e-01   8.5967760e-01   8.9476590e-01
   8.9476590e-01   8.6285262e-01   8.5967760e-01   8.9426831e-01
   8.9426831e-01   8.6264850e-01   1.0000000e+00   1.0000000e+00
   1.0000000e+00   8.6247066e-01   1.0000000e+00   1.0000000e+00
   1.0000000e+00   9.1383162e-01   1.0000000e+00   1.0000000e+00
   1.0000000e+00   9.7660962e-01   1.0000000e+00   1.0000000e+00
   1.0000000e+00   9.0328803e-01   1.0000000e+00   1.0000000e+00
   1.0000000e+00   9.6364602e-01   1.0000000e+00   1.0000000e+00
   1.0000000e+00   8.8872351e-01   1.0000000e+00   1.0000000e+00
   1.0000000e+00   9.4509150e-01   1.0000000e+00   1.0000000e+00
   1.0000000e+00   8.6924283e-01   1.0000000e+00   1.0000000e+00
   1.0000000e+00   9.1926366e-01   1.0000000e+00   1.0000000e+00
   1.0000000e+00   8.4515836e-01   1.0000000e+00   1.0000000e+00
   1.0000000e+00   8.8534331e-01   1.0000000e+00   1.0000000e+00
   1.0000000e+00   8.2110198e-01   1.0000000e+00   1.0000000e+00
   1.0000000e+00   8.4683980e-01   1.0000000e+00   1.0000000e+00
   1.0000000e+00   8.0904370e-01   1.0000000e+00   1.0000000e+00
   1.0000000e+00   8.1753657e-01   1.0000000e+00   1.0000000e+00
   1.0000000e+00   8.1112260e-01   1.0000000e+00   1.0000000e+00
   1.0000000e+00   8.1054078e-01   1.0000000e+00   1.0000000e+00
   1.0000000e+00   8.1141135e-01   1.0000000e+00   1.0000000e+00
   1.0000000e+00   8.1144004e-01   1.0000000e+00   1.0000000e+00
   1.0000000e+00   8.1126047e-01   1.0000000e+00   1.0000000e+00
   1.0000000e+00   8.1127346e-01   1.0000000e+00   1.0000000e+00
   1.0000000e+00   8.1130707e-01   1.0000000e+00   1.0000000e+00
   1.0000000e+00   8.1130103e-01   1.0000000e+00   1.0000000e+00
   1.0000000e+00   8.1129507e-01   1.0000000e+00   1.0000000e+00
   1.1436335e-01   0.0000000e+00   3.7010994e-01   2.0119168e-01
   2.0119168e-01   1.8372191e-02   3.7010994e-01   2.6646572e-01
   2.6646572e-01   1.1263414e-01   3.7010994e-01   3.1441097e-01
   3.1441097e-01   1.9315452e-01   3.7010994e-01   3.4779729e-01
   3.4779729e-01   2.6714630e-01   3.7010994e-01   3.7037020e-01
   3.7037020e-01   3.0837947e-01   3.7010994e-01   3.8546595e-01
   3.8546595e-01   3.3082388e-01   3.7010994e-01   3.9543190e-01
   3.9543190e-01   3.4574716e-01   3.7010994e-01   4.0182967e-01
   4.0182967e-01   3.5670556e-01   3.7010994e-01   4.0573302e-01
   4.0573302e-01   3.6451222e-01   3.7010994e-01   4.0790767e-01
   4.0790767e-01   3.6974683e-01   3.7010994e-01   4.0891005e-01
   4.0891005e-01   3.7299462e-01   3.7010994e-01   4.0914534e-01
   4.0914534e-01   3.7478566e-01   3.7010994e-01   4.0890560e-01
   4.0890560e-01   3.7556061e-01   3.7010994e-01   4.0839716e-01
   4.0839716e-01   3.7566446e-01   3.7010994e-01   4.0776167e-01
   4.0776167e-01   3.7535521e-01   3.7010994e-01   4.0709259e-01
   4.0709259e-01   3.7481813e-01   3.7010994e-01   4.0644820e-01
   4.0644820e-01   3.7418074e-01   3.7010994e-01   4.0586174e-01
   4.0586174e-01   3.7352654e-01   3.7010994e-01   4.0534919e-01
   4.0534919e-01   3.7290663e-01   3.7010994e-01   4.0491514e-01
   4.0491514e-01   3.7234913e-01   3.7010994e-01   4.0455703e-01
   4.0455703e-01   3.7186652e-01   3.7010994e-01   4.0426821e-01
   4.0426821e-01   3.7146106e-01   3.7010994e-01   4.0404009e-01
   4.0404009e-01   3.7112886e-01   3.7010994e-01   4.0386342e-01
   4.0386342e-01   3.7086263e-01   3.7010994e-01   4.0372928e-01
   4.0372928e-01   3.7065355e-01   3.7010994e-01   4.0362946e-01
   4.0362946e-01   3.7049254e-01   3.7010994e-01   4.0355680e-01
   4.0355680e-01   3.7037096e-01   3.7010994e-01   4.0350518e-01
   4.0350518e-01   3.7028100e-01   3.7010994e-01   4.0346957e-01
   4.0346957e-01   3.7021590e-01   7.3512193e-01   5.1593826e-01
   5.1593826e-01   3.7016999e-01   7.3512193e-01   6.0080042e-01
   6.0080042e-01   3.9699864e-01   7.3512193e-01   6.6351371e-01
   6.6351371e-01   4.9945399e-01   7.3512193e-01   7.0843790e-01
   7.0843790e-01   5.8193399e-01   7.3512193e-01   7.3916045e-01
   7.3916045e-01   6.4691159e-01   7.3512193e-01   7.5899092e-01
   7.5899092e-01   6.9220972e-01   7.3512193e-01   7.7091490e-01
   7.7091490e-01   7.2035088e-01   7.3512193e-01   7.7729501e-01
   7.7729501e-01   7.3789464e-01   7.3512193e-01   7.7993616e-01
   7.7993616e-01   7.4800746e-01   7.3512193e-01   7.8017569e-01
   7.8017569e-01   7.5305634e-01   7.3512193e-01   7.7897616e-01
   7.7897616e-01   7.5477108e-01   7.3512193e-01   7.7700908e-01
   7.7700908e-01   7.5440042e-01   7.3512193e-01   7.7472618e-01
   7.7472618e-01   7.5282196e-01   7.3512193e-01   7.7241733e-01
   7.7241733e-01   7.5063774e-01   7.3512193e-01   7.7025617e-01
   7.7025617e-01   7.4824717e-01   7.3512193e-01   7.6833526e-01
   7.6833526e-01   7.4590223e-01   7.3512193e-01   7.6669255e-01
   7.6669255e-01   7.4374960e-01   7.3512193e-01   7.6533092e-01
   7.6533092e-01   7.4186300e-01   7.3512193e-01   7.6423223e-01
   7.6423223e-01   7.4026747e-01   7.3512193e-01   7.6336715e-01
   7.6336715e-01   7.3895737e-01   7.3512193e-01   7.6270178e-01
   7.6270178e-01   7.3790920e-01   7.3512193e-01   7.6220188e-01
   7.6220188e-01   7.3709051e-01   7.3512193e-01   7.6183546e-01
   7.6183546e-01   7.3646582e-01   7.3512193e-01   7.6157410e-01
   7.6157410e-01   7.3600036e-01   7.3512193e-01   7.6139353e-01
   7.6139353e-01   7.3566226e-01   7.3512193e-01   7.6127362e-01
   7.6127362e-01   7.3542359e-01   7.3512193e-01   7.6119816e-01
   7.6119816e-01   7.3526077e-01   7.3512193e-01   7.6115440e-01
   7.6115440e-01   7.3515444e-01   7.3512193e-01   7.6113252e-01
   7.6113252e-01   7.3508912e-01   7.3512193e-01   7.6112515e-01
   7.6112515e-01   7.3505273e-01   1.0000000e+00   8.4180358e-01
   8.4180358e-01   7.3503607e-01   1.0000000e+00   9.0014115e-01
   9.0014115e-01   7.7770266e-01   1.0000000e+00   9.4101992e-01
   9.4101992e-01   8.4897469e-01   1.0000000e+00   9.6880865e-01
   9.6880865e-01   8.9196299e-01   1.0000000e+00   9.8693363e-01
   9.8693363e-01   9.0922153e-01   1.0000000e+00   9.9708496e-01
   9.9708496e-01   9.2442658e-01   1.0000000e+00   1.0000000e+00
   1.0000000e+00   9.2317367e-01   1.0000000e+00   1.0000000e+00
   1.0000000e+00   9.2210177e-01   1.0000000e+00   1.0000000e+00
   1.0000000e+00   9.0780302e-01   1.0000000e+00   1.0000000e+00
   1.0000000e+00   8.9980595e-01   1.0000000e+00   1.0000000e+00
   1.0000000e+00   8.8216545e-01   1.0000000e+00   1.0000000e+00
   1.0000000e+00   8.7039511e-01   1.0000000e+00   1.0000000e+00
   1.0000000e+00   8.5045020e-01   1.0000000e+00   1.0000000e+00
   1.0000000e+00   8.3699485e-01   1.0000000e+00   1.0000000e+00
   1.0000000e+00   8.2079918e-01   1.0000000e+00   1.0000000e+00
   1.0000000e+00   8.1346627e-01   1.0000000e+00   1.0000000e+00
   1.0000000e+00   8.1033546e-01   1.0000000e+00   1.0000000e+00
   1.0000000e+00   8.1101979e-01   1.0000000e+00   1.0000000e+00
   1.0000000e+00   8.1152650e-01   1.0000000e+00   1.0000000e+00
   1.0000000e+00   8.1132861e-01   1.0000000e+00   1.0000000e+00
   1.0000000e+00   8.1124990e-01   1.0000000e+00   1.0000000e+00
   1.0000000e+00   8.1129616e-01   1.0000000e+00   1.0000000e+00
   1.0000000e+00   8.1130679e-01   1.0000000e+00   1.0000000e+00
   1.0000000e+00   8.1129661e-01   1.0000000e+00   1.0000000e+00
   1.0000000e+00   8.1129558e-01   1.0000000e+00   1.0000000e+00
   1.0000000e+00   8.1129768e-01   1.0000000e+00   1.0000000e+00
   1.0000000e+00   8.1129766e-01   1.0000000e+00   1.0000000e+00
   1.0000000e+00   8.1129726e-01   1.0000000e+00   1.0000000e+00
   1.0000000e+00   8.1129730e-01   3.0459687e-01   8.4342050e-01
   8.4342050e-01   8.1129738e-01   3.0459687e-01   7.2416922e-01
   7.2416922e-01   7.9165176e-01   3.0459687e-01   6.3142037e-01
   6.3142037e-01   7.0397406e-01   3.0459687e-01   5.5728172e-01
   5.5728172e-01   6.4476568e-01   3.0459687e-01   4.9802501e-01
   4.9802501e-01   5.7642320e-01   3.0459687e-01   4.5096335e-01
   4.5096335e-01   5.1742625e-01   3.0459687e-01   4.1457639e-01
   4.1457639e-01   4.5902488e-01   3.0459687e-01   3.8725154e-01
   3.8725154e-01   4.1206275e-01   3.0459687e-01   3.6739930e-01
   3.6739930e-01   3.7544932e-01   3.0459687e-01   3.5349990e-01
   3.5349990e-01   3.4834348e-01   3.0459687e-01   3.4410984e-01
   3.4410984e-01   3.3018581e-01   3.0459687e-01   3.3797127e-01
   3.3797127e-01   3.1885721e-01   3.0459687e-01   3.3410034e-01
   3.3410034e-01   3.1182330e-01   3.0459687e-01   3.3177488e-01
   3.3177488e-01   3.0744907e-01   3.0459687e-01   3.3048052e-01
   3.3048052e-01   3.0479518e-01   3.0459687e-01   3.2985740e-01
   3.2985740e-01   3.0327111e-01   3.0459687e-01   3.2965745e-01
   3.2965745e-01   3.0248243e-01   3.0459687e-01   3.2971232e-01
   3.2971232e-01   3.0216165e-01   3.0459687e-01   3.2990985e-01
   3.2990985e-01   3.0212795e-01   3.0459687e-01   3.3017697e-01
   3.3017697e-01   3.0226050e-01   3.0459687e-01   3.3046755e-01
   3.3046755e-01   3.0248003e-01   3.0459687e-01   3.3075371e-01
   3.3075371e-01   3.0273584e-01   3.0459687e-01   3.3101977e-01
   3.3101977e-01   3.0299672e-01   3.0459687e-01   3.3125795e-01
   3.3125795e-01   3.0324448e-01   3.0459687e-01   3.3146555e-01
   3.3146555e-01   3.0346950e-01   3.0459687e-01   3.3164286e-01
   3.3164286e-01   3.0366768e-01   3.0459687e-01   3.3179193e-01
   3.3179193e-01   3.0383831e-01   3.0459687e-01   3.3191565e-01
   3.3191565e-01   3.0398268e-01   3.0459687e-01   3.3201726e-01
   3.3201726e-01   3.0410313e-01   3.0459687e-01   3.3209996e-01
   3.3209996e-01   3.0420249e-01   3.0459687e-01   3.3216673e-01
   5.0528023e-01   0.0000000e+00   1.0000000e+00   8.2764649e-01
   8.2764649e-01   9.7488356e-02   1.0000000e+00   9.8697286e-01
   9.8697286e-01   6.3769579e-01   1.0000000e+00   1.0000000e+00
   1.0000000e+00   8.5093645e-01   1.0000000e+00   1.0000000e+00
   1.0000000e+00   9.6814834e-01   1.0000000e+00   1.0000000e+00
   1.0000000e+00   8.5330603e-01   1.0000000e+00   1.0000000e+00
   1.0000000e+00   9.4347505e-01   1.0000000e+00   1.0000000e+00
   1.0000000e+00   8.3414694e-01   1.0000000e+00   1.0000000e+00
   1.0000000e+00   9.1080260e-01   1.0000000e+00   1.0000000e+00
   1.0000000e+00   8.1641102e-01   1.0000000e+00   1.0000000e+00
   1.0000000e+00   8.7149766e-01   1.0000000e+00   1.0000000e+00
   1.0000000e+00   8.0803757e-01   1.0000000e+00   1.0000000e+00
   1.0000000e+00   8.3352996e-01   1.0000000e+00   1.0000000e+00
   1.0000000e+00   8.0981822e-01   1.0000000e+00   1.0000000e+00
   1.0000000e+00   8.1242210e-01   1.0000000e+00   1.0000000e+00
   1.0000000e+00   8.1149022e-01   1.0000000e+00   1.0000000e+00
   1.0000000e+00   8.1107292e-01   1.0000000e+00   1.0000000e+00
   1.0000000e+00   8.1128317e-01   1.0000000e+00   1.0000000e+00
   1.0000000e+00   8.1134336e-01   1.0000000e+00   1.0000000e+00
   1.0000000e+00   8.1129536e-01   9.2968965e-01   1.0000000e+00
   1.0000000e+00   8.1128858e-01   9.2968965e-01   1.0000000e+00
   1.0000000e+00   8.1129865e-01   9.2968965e-01   1.0000000e+00
   1.0000000e+00   8.1129894e-01   9.2968965e-01   1.0000000e+00
   1.0000000e+00   8.1129693e-01   9.2968965e-01   1.0000000e+00
   1.0000000e+00   8.1129709e-01   9.2968965e-01   1.0000000e+00
   1.0000000e+00   8.1129746e-01   9.2968965e-01   1.0000000e+00
   1.0000000e+00   8.1129739e-01   9.2968965e-01   1.0000000e+00
   1.0000000e+00   8.1129733e-01   9.2968965e-01   1.0000000e+00
   1.0000000e+00   8.1129735e-01   9.2968965e-01   1.0000000e+00
   1.0000000e+00   8.1129736e-01   9.2968965e-01   1.0000000e+00
   1.0000000e+00   8.1129735e-01   9.2968965e-01   1.0000000e+00
   1.0000000e+00   8.1129735e-01   9.2968965e-01   1.0000000e+00
   1.0000000e+00   8.1129735e-01   9.2968965e-01   1.0000000e+00
   1.0000000e+00   8.1129735e-01   9.2968965e-01   1.0000000e+00
   1.0000000e+00   8.1129735e-01   9.2968965e-01   1.0000000e+00
   1.0000000e+00   8.1129735e-01   9.2968965e-01   1.0000000e+00
   1.0000000e+00   8.1129735e-01   9.2968965e-01   1.0000000e+00
   1.0000000e+00   8.1129735e-01   9.2968965e-01   1.0000000e+00
   1.0000000e+00   8.1129735e-01   9.2968965e-01   1.0000000e+00
   1.0000000e+00   8.1129735e-01   2.3797744e-02   7.5729011e-01
   7.5729011e-01   8.1129735e-01   2.3797744e-02   5.7406998e-01
   5.7406998e-01   7.5474045e-01   2.3797744e-02   4.3484645e-01
   4.3484645e-01   5.8903792e-01   2.3797744e-02   3.2464208e-01
   3.2464208e-01   5.1842538e-01   2.3797744e-02   2.3955992e-01
   2.3955992e-01   3.8357378e-01   2.3797744e-02   1.7688450e-01
   1.7688450e-01   2.5711842e-01   2.3797744e-02   1.3181669e-01
   1.3181669e-01   1.7941308e-01   2.3797744e-02   9.9590980e-02
   9.9590980e-02   1.3302355e-01   2.3797744e-02   7.6728295e-02
   7.6728295e-02   9.9239005e-02   2.3797744e-02   6.0697717e-02
   6.0697717e-02   7.4523869e-02   2.3797744e-02   4.9628894e-02
   4.9628894e-02   5.6837300e-02   2.3797744e-02   4.2133696e-02
   4.2133696e-02   4.4432411e-02   2.3797744e-02   3.7185507e-02
   3.7185507e-02   3.5894014e-02   2.3797744e-02   3.4030069e-02
   3.4030069e-02   3.0141512e-02   2.3797744e-02   3.2117643e-02
   3.2117643e-02   2.6370592e-02   2.3797744e-02   3.1051198e-02
   3.1051198e-02   2.3990158e-02   2.3797744e-02   3.0546969e-02
   3.0546969e-02   2.2570032e-02   2.3797744e-02   3.0404586e-02
   3.0404586e-02   2.1800208e-02   2.3797744e-02   3.0484589e-02
   3.0484589e-02   2.1459701e-02   2.3797744e-02   3.0691610e-02
   3.0691610e-02   2.1392957e-02   6.0334216e-01   2.0957061e-01
   2.0957061e-01   2.1492114e-02   6.0334216e-01   3.4507911e-01
   3.4507911e-01   5.7638298e-02   6.0334216e-01   4.4617504e-01
   4.4617504e-01   2.1293403e-01   6.0334216e-01   5.1730035e-01
   5.1730035e-01   3.7549420e-01   6.0334216e-01   5.6800716e-01
   5.6800716e-01   4.3319650e-01   6.0334216e-01   6.0330973e-01
   6.0330973e-01   4.9454759e-01   6.0334216e-01   6.2679068e-01
   6.2679068e-01   5.4378796e-01   6.0334216e-01   6.4142481e-01
   6.4142481e-01   5.7824976e-01   6.0334216e-01   6.4966276e-01
   6.4966276e-01   6.0072793e-01   6.0334216e-01   6.5349145e-01
   6.5349145e-01   6.1380454e-01   6.0334216e-01   6.5444052e-01
   6.5444052e-01   6.2045874e-01   6.0334216e-01   6.5362243e-01
   6.5362243e-01   6.2313004e-01   6.0334216e-01   6.5181483e-01
   6.5181483e-01   6.2336764e-01   6.0334216e-01   6.4954232e-01
   6.4954232e-01   6.2218533e-01   6.0334216e-01   6.4714416e-01
   6.4714416e-01   6.2026028e-01   6.0334216e-01   6.4482769e-01
   6.4482769e-01   6.1803343e-01   6.0334216e-01   6.4270905e-01
   6.4270905e-01   6.1577792e-01   6.0334216e-01   6.4084347e-01
   6.4084347e-01   6.1365165e-01   6.0334216e-01   6.3924704e-01
   6.3924704e-01   6.1173668e-01   8.5893682e-01   7.1668324e-01
   7.1668324e-01   6.1006708e-01   8.5893682e-01   7.7386060e-01
   7.7386060e-01   6.4460158e-01   8.5893682e-01   8.1505640e-01
   8.1505640e-01   7.1577050e-01   8.5893682e-01   8.4395051e-01
   8.4395051e-01   7.6740240e-01   8.5893682e-01   8.6352076e-01
   8.6352076e-01   8.0500201e-01   8.5893682e-01   8.7627007e-01
   8.7627007e-01   8.2987056e-01   8.5893682e-01   8.8425712e-01
   8.8425712e-01   8.4470389e-01   8.5893682e-01   8.8902264e-01
   8.8902264e-01   8.5353454e-01   8.5893682e-01   8.9166624e-01
   8.9166624e-01   8.5866156e-01   8.5893682e-01   8.9295143e-01
   8.9295143e-01   8.6145977e-01   8.5893682e-01   8.9339603e-01
   8.9339603e-01   8.6282270e-01   8.5893682e-01   8.9334385e-01
   8.9334385e-01   8.6332086e-01   8.5893682e-01   8.9301755e-01
   8.9301755e-01   8.6332807e-01   8.5893682e-01   8.9255733e-01
   8.9255733e-01   8.6307612e-01   8.5893682e-01   8.9204819e-01
   8.9204819e-01   8.6270937e-01   8.5893682e-01   8.9153919e-01
   8.9153919e-01   8.6230975e-01   8.5893682e-01   8.9105649e-01
   8.9105649e-01   8.6192284e-01   8.5893682e-01   8.9061221e-01
   8.9061221e-01   8.6156945e-01   8.5893682e-01   8.9021024e-01
   8.9021024e-01   8.6125751e-01   8.5893682e-01   8.8984991e-01
   8.8984991e-01   8.6098684e-01   7.9260193e-01   8.6908466e-01
   8.6908466e-01   8.6075404e-01   7.9260193e-01   8.5373981e-01
   8.5373981e-01   8.5025798e-01   7.9260193e-01   8.4262304e-01
   8.4262304e-01   8.3192330e-01   7.9260193e-01   8.3434190e-01
   8.3434190e-01   8.2444520e-01   7.9260193e-01   8.2826897e-01
   8.2826897e-01   8.1490800e-01   7.9260193e-01   8.2384143e-01
   8.2384143e-01   8.0857593e-01   7.9260193e-01   8.2068815e-01
   8.2068815e-01   8.0314610e-01   7.9260193e-01   8.1850061e-01
   8.1850061e-01   7.9925227e-01   7.9260193e-01   8.1703700e-01
   8.1703700e-01   7.9641928e-01   7.9260193e-01   8.1610368e-01
   8.1610368e-01   7.9447803e-01   7.9260193e-01   8.1554951e-01
   8.1554951e-01   7.9319326e-01   7.9260193e-01   8.1525854e-01
   8.1525854e-01   7.9239124e-01   7.9260193e-01   8.1514378e-01
   8.1514378e-01   7.9193033e-01   7.9260193e-01   8.1514144e-01
   8.1514144e-01   7.9170358e-01   7.9260193e-01   8.1520593e-01
   8.1520593e-01   7.9163115e-01   7.9260193e-01   8.1530562e-01
   8.1530562e-01   7.9165512e-01   7.9260193e-01   8.1541930e-01
   8.1541930e-01   7.9173454e-01   7.9260193e-01   8.1553346e-01
   8.1553346e-01   7.9184132e-01   7.9260193e-01   8.1564004e-01
   8.1564004e-01   7.9195695e-01   7.9260193e-01   8.1573481e-01
   8.1573481e-01   7.9206986e-01   7.9260193e-01   8.1581604e-01
   3.0807555e-01   0.0000000e+00   1.0000000e+00   5.3958243e-01
   5.3958243e-01   5.6982733e-02   1.0000000e+00   7.0843922e-01
   7.0843922e-01   3.4062534e-01   1.0000000e+00   8.2712485e-01
   8.2712485e-01   5.5843107e-01   1.0000000e+00   9.0698254e-01
   9.0698254e-01   7.1468848e-01   1.0000000e+00   9.5717300e-01
   9.5717300e-01   8.3884502e-01   1.0000000e+00   9.8591788e-01
   9.8591788e-01   9.0671110e-01   1.0000000e+00   9.9925774e-01
   9.9925774e-01   9.1117660e-01   1.0000000e+00   1.0000000e+00
   1.0000000e+00   9.3430875e-01   1.0000000e+00   1.0000000e+00
   1.0000000e+00   9.1145683e-01   1.0000000e+00   1.0000000e+00
   1.0000000e+00   9.1572656e-01   1.0000000e+00   1.0000000e+00
   1.0000000e+00   8.8912567e-01   1.0000000e+00   1.0000000e+00
   1.0000000e+00   8.8912343e-01   1.0000000e+00   1.0000000e+00
   1.0000000e+00   8.6029061e-01   1.0000000e+00   1.0000000e+00
   1.0000000e+00   8.5584545e-01   1.0000000e+00   1.0000000e+00
   1.0000000e+00   8.2928392e-01   1.0000000e+00   1.0000000e+00
   1.0000000e+00   8.2377032e-01   1.0000000e+00   1.0000000e+00
   1.0000000e+00   8.1108744e-01   1.0000000e+00   1.0000000e+00
   1.0000000e+00   8.1063795e-01   1.0000000e+00   1.0000000e+00
   1.0000000e+00   8.1140824e-01   9.8424582e-01   1.0000000e+00
   1.0000000e+00   8.1141977e-01   9.8424582e-01   1.0000000e+00
   1.0000000e+00   8.1126316e-01   9.8424582e-01   1.0000000e+00
   1.0000000e+00   8.1127709e-01   9.8424582e-01   1.0000000e+00
   1.0000000e+00   8.1130616e-01   9.8424582e-01   1.0000000e+00
   1.0000000e+00   8.1130041e-01   9.8424582e-01   1.0000000e+00
   1.0000000e+00   8.1129531e-01   9.8424582e-01   1.0000000e+00
   1.0000000e+00   8.1129697e-01   9.8424582e-01   1.0000000e+00
   1.0000000e+00   8.1129779e-01   9.8424582e-01   1.0000000e+00
   1.0000000e+00   8.1129738e-01   9.8424582e-01   1.0000000e+00
   1.0000000e+00   8.1129726e-01   9.8424582e-01   1.0000000e+00
   1.0000000e+00   8.1129736e-01   9.8424582e-01   1.0000000e+00
   1.0000000e+00   8.1129737e-01   9.8424582e-01   1.0000000e+00
   1.0000000e+00   8.1129735e-01   9.8424582e-01   1.0000000e+00
   1.0000000e+00   8.1129735e-01   9.8424582e-01   1.0000000e+00
   1.0000000e+00   8.1129735e-01   9.8424582e-01   1.0000000e+00
   1.0000000e+00   8.1129735e-01   9.8424582e-01   1.0000000e+00
   1.0000000e+00   8.1129735e-01   9.8424582e-01   1.0000000e+00
   1.0000000e+00   8.1129735e-01   9.8424582e-01   1.0000000e+00
   1.0000000e+00   8.1129735e-01   9.8424582e-01   1.0000000e+00
   1.0000000e+00   8.1129735e-01   1.0000000e+00   1.0000000e+00
   1.0000000e+00   8.1129735e-01   1.0000000e+00   1.0000000e+00
   1.0000000e+00   8.1129735e-01   1.0000000e+00   1.0000000e+00
   1.0000000e+00   8.1129735e-01   1.0000000e+00   1.0000000e+00
   1.0000000e+00   8.1129735e-01   1.0000000e+00   1.0000000e+00
   1.0000000e+00   8.1129735e-01   1.0000000e+00   1.0000000e+00
   1.0000000e+00   8.1129735e-01   1.0000000e+00   1.0000000e+00
   1.0000000e+00   8.1129735e-01   1.0000000e+00   1.0000000e+00
   1.0000000e+00   8.1129735e-01   1.0000000e+00   1.0000000e+00
   1.0000000e+00   8.1129735e-01   1.0000000e+00   1.0000000e+00
   1.0000000e+00   8.1129735e-01   1.0000000e+00   1.0000000e+00
   1.0000000e+00   8.1129735e-01   1.0000000e+00   1.0000000e+00
   1.0000000e+00   8.1129735e-01   1.0000000e+00   1.0000000e+00
   1.0000000e+00   8.1129735e-01   1.0000000e+00   1.0000000e+00
   1.0000000e+00   8.1129735e-01   1.0000000e+00   1.0000000e+00
   1.0000000e+00   8.1129735e-01   1.0000000e+00   1.0000000e+00
   1.0000000e+00   8.1129735e-01   1.0000000e+00   1.0000000e+00
   1.0000000e+00   8.1129735e-01   1.0000000e+00   1.0000000e+00
   1.0000000e+00   8.1129735e-01   1.0000000e+00   1.0000000e+00
   1.0000000e+00   8.1129735e-01   1.0000000e+00   1.0000000e+00
   1.0000000e+00   8.1129735e-01   1.0000000e+00   1.0000000e+00
   1.0000000e+00   8.1129735e-01   1.0000000e+00   1.0000000e+00
   1.0000000e+00   8.1129735e-01   1.0000000e+00   1.0000000e+00
   1.0000000e+00   8.1129735e-01   1.0000000e+00   1.0000000e+00
   1.0000000e+00   8.1129735e-01   1.0000000e+00   1.0000000e+00
   1.0000000e+00   8.1129735e-01   1.0000000e+00   1.0000000e+00
   1.0000000e+00   8.1129735e-01   1.0000000e+00   1.0000000e+00
   1.0000000e+00   8.1129735e-01   1.0000000e+00   1.0000000e+00
   1.0000000e+00   8.1129735e-01   1.0000000e+00   1.0000000e+00
   1.0000000e+00   8.1129735e-01   1.0000000e+00   1.0000000e+00
   1.0000000e+00   8.1129735e-01   1.0000000e+00   1.0000000e+00
   1.0000000e+00   8.1129735e-01   1.0000000e+00   1.0000000e+00
   1.0000000e+00   8.1129735e-01   1.0000000e+00   1.0000000e+00
   1.0000000e+00   8.1129735e-01   1.0000000e+00   1.0000000e+00
   1.0000000e+00   8.1129735e-01   1.0000000e+00   1.0000000e+00
   1.0000000e+00   8.1129735e-01   1.0000000e+00   1.0000000e+00
   1.0000000e+00   8.1129735e-01   1.0000000e+00   1.0000000e+00
   1.0000000e+00   8.1129735e-01   1.0000000e+00   1.0000000e+00
   1.0000000e+00   8.1129735e-01   1.0000000e+00   1.0000000e+00
   1.0000000e+00   8.1129735e-01   0.0000000e+00   7.4996775e-01
   7.4996775e-01   8.1129735e-01   0.0000000e+00   5.6137144e-01
   5.6137144e-01   7.5075999e-01   0.0000000e+00   4.1830676e-01
   4.1830676e-01   5.7822449e-01   0.0000000e+00   3.0525060e-01
   3.0525060e-01   5.0548902e-01   0.0000000e+00   2.1819933e-01
   2.1819933e-01   3.6565373e-01   0.0000000e+00   1.5454889e-01
   1.5454889e-01   2.3170327e-01   0.0000000e+00   1.0870644e-01
   1.0870644e-01   1.5915420e-01   0.0000000e+00   7.5811222e-02
   7.5811222e-02   1.1303230e-01   0.0000000e+00   5.2350576e-02
   5.2350576e-02   7.9174829e-02   0.0000000e+00   3.5786470e-02
   3.5786470e-02   5.4102909e-02   0.0000000e+00   2.4242773e-02
   2.4242773e-02   3.5998368e-02   0.0000000e+00   1.6318959e-02
   1.6318959e-02   2.3188788e-02   0.0000000e+00   1.0981761e-02
   1.0981761e-02   1.4276009e-02   0.0000000e+00   7.4739373e-03
   7.4739373e-03   8.1787832e-03   0.0000000e+00   5.2530101e-03
   5.2530101e-03   4.0918343e-03   0.0000000e+00   3.9329572e-03
   3.9329572e-03   1.4254677e-03   0.0000000e+00   3.2222728e-03
   3.2222728e-03   0.0000000e+00   0.0000000e+00   2.9121461e-03
   2.9121461e-03   0.0000000e+00   0.0000000e+00   2.8528471e-03
   2.8528471e-03   0.0000000e+00   0.0000000e+00   3.1591062e-03
   3.1591062e-03   0.0000000e+00   1.0000000e+00   3.1101643e-01
   3.1101643e-01   0.0000000e+00   1.0000000e+00   5.4216721e-01
   5.4216721e-01   5.9555728e-02   1.0000000e+00   7.1048049e-01
   7.1048049e-01   3.4508168e-01   1.0000000e+00   8.2872167e-01
   8.2872167e-01   5.5956641e-01   1.0000000e+00   9.0810511e-01
   9.0810511e-01   7.1785809e-01   1.0000000e+00   9.5788079e-01
   9.5788079e-01   8.4035214e-01   1.0000000e+00   9.8637061e-01
   9.8637061e-01   9.0729556e-01   1.0000000e+00   9.9948135e-01
   9.9948135e-01   9.1158042e-01   1.0000000e+00   1.0000000e+00
   1.0000000e+00   9.3442888e-01   1.0000000e+00   1.0000000e+00
   1.0000000e+00   9.1142881e-01   1.0000000e+00   1.0000000e+00
   1.0000000e+00   9.1554922e-01   1.0000000e+00   1.0000000e+00
   1.0000000e+00   8.8906163e-01   1.0000000e+00   1.0000000e+00
   1.0000000e+00   8.8891227e-01   1.0000000e+00   1.0000000e+00
   1.0000000e+00   8.6019089e-01   1.0000000e+00   1.0000000e+00
   1.0000000e+00   8.5561937e-01   1.0000000e+00   1.0000000e+00
   1.0000000e+00   8.2918357e-01   1.0000000e+00   1.0000000e+00
   1.0000000e+00   8.2361227e-01   1.0000000e+00   1.0000000e+00
   1.0000000e+00   8.1106614e-01   1.0000000e+00   1.0000000e+00
   1.0000000e+00   8.1062641e-01   1.0000000e+00   1.0000000e+00
   1.0000000e+00   8.1141380e-01   1.0000000e+00   1.0000000e+00
   5.2750358e-02   0.0000000e+00   1.7018990e-01   9.2916043e-02
   9.2916043e-02   6.2393592e-03   1.7018990e-01   1.2322972e-01
   1.2322972e-01   4.9332646e-02   1.7018990e-01   1.4591225e-01
   1.4591225e-01   8.1864889e-02   1.7018990e-01   1.6268445e-01
   1.6268445e-01   1.0705475e-01   1.7018990e-01   1.7485710e-01
   1.7485710e-01   1.2688920e-01   1.7018990e-01   1.8345488e-01
   1.8345488e-01   1.4225656e-01   1.7018990e-01   1.8930999e-01
   1.8930999e-01   1.5367227e-01   1.7018990e-01   1.9310879e-01
   1.9310879e-01   1.6172396e-01   1.7018990e-01   1.9540999e-01
   1.9540999e-01   1.6710930e-01   1.7018990e-01   1.9665606e-01
   1.9665606e-01   1.7050703e-01   1.7018990e-01   1.9718665e-01
   1.9718665e-01   1.7248862e-01   1.7018990e-01   1.9725475e-01
   1.9725475e-01   1.7349801e-01   1.7018990e-01   1.9704322e-01
   1.9704322e-01   1.7386510e-01   1.7018990e-01   1.9668017e-01
   1.9668017e-01   1.7382817e-01   1.7018990e-01   1.9625216e-01
   1.9625216e-01   1.7355512e-01   1.7018990e-01   1.9581506e-01
   1.9581506e-01   1.7316113e-01   1.7018990e-01   1.9540268e-01
   1.9540268e-01   1.7272254e-01   1.7018990e-01   1.9503339e-01
   1.9503339e-01   1.7228760e-01   1.7018990e-01   1.9471513e-01
   1.9471513e-01   1.7188470e-01   1.7018990e-01   1.9444912e-01
   1.9444912e-01   1.7152851e-01   1.7018990e-01   1.9423249e-01
   1.9423249e-01   1.7122456e-01   1.7018990e-01   1.9406013e-01
   1.9406013e-01   1.7097256e-01   1.7018990e-01   1.9392596e-01
   1.9392596e-01   1.7076879e-01   1.0000000e+00   4.4875471e-01
   4.4875471e-01   1.7060773e-01   1.0000000e+00   6.3496192e-01
   6.3496192e-01   3.0016316e-01   1.0000000e+00   7.6909985e-01
   7.6909985e-01   4.9701698e-01   1.0000000e+00   8.6416841e-01
   8.6416841e-01   6.2996197e-01   1.0000000e+00   9.2740144e-01
   9.2740144e-01   7.8431037e-01   1.0000000e+00   9.6698244e-01
   9.6698244e-01   8.7122274e-01   1.0000000e+00   9.8978589e-01
   9.8978589e-01   9.0640326e-01   1.0000000e+00   1.0000000e+00
   1.0000000e+00   9.2073695e-01   1.0000000e+00   1.0000000e+00
   1.0000000e+00   9.2471849e-01   1.0000000e+00   1.0000000e+00
   1.0000000e+00   9.1565932e-01   1.0000000e+00   1.0000000e+00
   1.0000000e+00   9.0430214e-01   1.0000000e+00   1.0000000e+00
   1.0000000e+00   8.9179806e-01   1.0000000e+00   1.0000000e+00
   1.0000000e+00   8.7690216e-01   1.0000000e+00   1.0000000e+00
   1.0000000e+00   8.6111166e-01   1.0000000e+00   1.0000000e+00
   1.0000000e+00   8.4415337e-01   1.0000000e+00   1.0000000e+00
   1.0000000e+00   8.2877506e-01   1.0000000e+00   1.0000000e+00
   1.0000000e+00   8.1680930e-01   1.0000000e+00   1.0000000e+00
   1.0000000e+00   8.1112773e-01   1.0000000e+00   1.0000000e+00
   1.0000000e+00   8.1058489e-01   1.0000000e+00   1.0000000e+00
   1.0000000e+00   8.1140566e-01   1.0000000e+00   1.0000000e+00
   1.0000000e+00   8.1143127e-01   1.0000000e+00   1.0000000e+00
   1.0000000e+00   8.1126247e-01   1.0000000e+00   1.0000000e+00
   1.0000000e+00   8.1127495e-01   1.0000000e+00   1.0000000e+00
   1.0000000e+00   8.1130652e-01   4.2844986e-01   8.8001090e-01
   8.8001090e-01   8.1130079e-01   4.2844986e-01   7.8863723e-01
   7.8863723e-01   8.0153518e-01   4.2844986e-01   7.1693566e-01
   7.1693566e-01   7.4383210e-01   4.2844986e-01   6.5783238e-01
   6.5783238e-01   7.1782215e-01   4.2844986e-01   6.0972403e-01
   6.0972403e-01   6.5797319e-01   4.2844986e-01   5.7120818e-01
   5.7120818e-01   6.0578657e-01   4.2844986e-01   5.4031400e-01
   5.4031400e-01   5.7128499e-01   4.2844986e-01   5.1597603e-01
   5.1597603e-01   5.3648648e-01   4.2844986e-01   4.9730723e-01
   4.9730723e-01   5.0611727e-01   4.2844986e-01   4.8339558e-01
   4.8339558e-01   4.8199703e-01   4.2844986e-01   4.7335674e-01
   4.7335674e-01   4.6351361e-01   4.2844986e-01   4.6638176e-01
   4.6638176e-01   4.4977991e-01   4.2844986e-01   4.6176297e-01
   4.6176297e-01   4.3991377e-01   4.2844986e-01   4.5890352e-01
   4.5890352e-01   4.3310322e-01   4.2844986e-01   4.5731599e-01
   4.5731599e-01   4.2863401e-01   4.2844986e-01   4.5661415e-01
   4.5661415e-01   4.2590273e-01   4.2844986e-01   4.5650073e-01
   4.5650073e-01   4.2441853e-01   4.2844986e-01   4.5675364e-01
   4.5675364e-01   4.2379545e-01   4.2844986e-01   4.5721217e-01
   4.5721217e-01   4.2373906e-01   4.2844986e-01   4.5776415e-01
   4.5776415e-01   4.2403127e-01   4.2844986e-01   4.5833480e-01
   4.5833480e-01   4.2451544e-01   4.2844986e-01   4.5887727e-01
   4.5887727e-01   4.2508299e-01   4.2844986e-01   4.5936498e-01
   4.5936498e-01   4.2566207e-01   1.1994974e-01   3.6470944e-01
   3.6470944e-01   4.2620812e-01   1.1994974e-01   2.9324241e-01
   2.9324241e-01   4.0519309e-01   1.1994974e-01   2.4104214e-01
   2.4104214e-01   3.0935737e-01   1.1994974e-01   2.0435013e-01
   2.0435013e-01   2.3710907e-01   1.1994974e-01   1.7891027e-01
   1.7891027e-01   1.9711817e-01   1.1994974e-01   1.6158047e-01
   1.6158047e-01   1.6889991e-01   1.1994974e-01   1.5010358e-01
   1.5010358e-01   1.4845033e-01   1.1994974e-01   1.4282027e-01
   1.4282027e-01   1.3414032e-01   1.1994974e-01   1.3849258e-01
   1.3849258e-01   1.2461152e-01   1.1994974e-01   1.3619871e-01
   1.3619871e-01   1.1862272e-01   1.1994974e-01   1.3526120e-01
   1.3526120e-01   1.1513871e-01   1.1994974e-01   1.3519095e-01
   1.3519095e-01   1.1336571e-01   1.1994974e-01   1.3564203e-01
   1.3564203e-01   1.1272188e-01   1.1994974e-01   1.3637556e-01
   1.3637556e-01   1.1279134e-01   1.1994974e-01   1.3723138e-01
   1.3723138e-01   1.1328258e-01   1.1994974e-01   1.3810625e-01
   1.3810625e-01   1.1399563e-01   1.1994974e-01   1.3893731e-01
   1.3893731e-01   1.1479711e-01   1.1994974e-01   1.3968971e-01
   1.3968971e-01   1.1560156e-01   1.1994974e-01   1.4034757e-01
   1.4034757e-01   1.1635745e-01   1.1994974e-01   1.4090732e-01
   1.4090732e-01   1.1703681e-01   1.1994974e-01   1.4137300e-01
   1.4137300e-01   1.1762760e-01   1.1994974e-01   1.4175294e-01
   1.4175294e-01   1.1812808e-01   1.1994974e-01   1.4205756e-01
   1.4205756e-01   1.1854290e-01   1.1994974e-01   1.4229782e-01
   1.4229782e-01   1.1888019e-01   6.9898459e-01   3.2093606e-01
   3.2093606e-01   1.1914973e-01   6.9898459e-01   4.5443695e-01
   4.5443695e-01   1.8095109e-01   6.9898459e-01   5.5055255e-01
   5.5055255e-01   3.6575433e-01   6.9898459e-01   6.2035242e-01
   6.2035242e-01   4.5021284e-01   6.9898459e-01   6.7013030e-01
   6.7013030e-01   5.3177338e-01   6.9898459e-01   7.0424291e-01
   7.0424291e-01   6.0019989e-01   6.9898459e-01   7.2624878e-01
   7.2624878e-01   6.5152595e-01   6.9898459e-01   7.3938077e-01
   7.3938077e-01   6.8406952e-01   6.9898459e-01   7.4629537e-01
   7.4629537e-01   7.0368915e-01   6.9898459e-01   7.4902770e-01
   7.4902770e-01   7.1486937e-01   6.9898459e-01   7.4908594e-01
   7.4908594e-01   7.2033551e-01   6.9898459e-01   7.4755489e-01
   7.4755489e-01   7.2205256e-01   6.9898459e-01   7.4519046e-01
   7.4519046e-01   7.2143218e-01   6.9898459e-01   7.4249981e-01
   7.4249981e-01   7.1947194e-01   6.9898459e-01   7.3980671e-01
   7.3980671e-01   7.1685642e-01   6.9898459e-01   7.3730326e-01
   7.3730326e-01   7.1403769e-01   6.9898459e-01   7.3508990e-01
   7.3508990e-01   7.1129828e-01   6.9898459e-01   7.3320561e-01
   7.3320561e-01   7.0880019e-01   6.9898459e-01   7.3165015e-01
   7.3165015e-01   7.0662245e-01   6.9898459e-01   7.3040003e-01
   7.3040003e-01   7.0478919e-01   6.9898459e-01   7.2941967e-01
   7.2941967e-01   7.0329029e-01   6.9898459e-01   7.2866884e-01
   7.2866884e-01   7.0209602e-01   6.9898459e-01   7.2810736e-01
   7.2810736e-01   7.0116712e-01   6.9898459e-01   7.2769802e-01
   7.2769802e-01   7.0046150e-01   6.9898459e-01   7.2740791e-01
   3.0807555e-01   0.0000000e+00   1.0000000e+00   5.3958243e-01
   5.3958243e-01   5.6982733e-02   1.0000000e+00   7.0843922e-01
   7.0843922e-01   3.4062534e-01   1.0000000e+00   8.2712485e-01
   8.2712485e-01   5.5843107e-01   1.0000000e+00   9.0698254e-01
   9.0698254e-01   7.1468848e-01   1.0000000e+00   9.5717300e-01
   9.5717300e-01   8.3884502e-01   1.0000000e+00   9.8591788e-01
   9.8591788e-01   9.0671110e-01   1.0000000e+00   9.9925774e-01
   9.9925774e-01   9.1117660e-01   1.0000000e+00   1.0000000e+00
   1.0000000e+00   9.3430875e-01   1.0000000e+00   1.0000000e+00
   1.0000000e+00   9.1145683e-01   1.0000000e+00   1.0000000e+00
   1.0000000e+00   9.1572656e-01   1.0000000e+00   1.0000000e+00
   1.0000000e+00   8.8912567e-01   1.0000000e+00   1.0000000e+00
   1.0000000e+00   8.8912343e-01   1.0000000e+00   1.0000000e+00
   1.0000000e+00   8.6029061e-01   1.0000000e+00   1.0000000e+00
   1.0000000e+00   8.5584545e-01   1.0000000e+00   1.0000000e+00
   1.0000000e+00   8.2928392e-01   1.0000000e+00   1.0000000e+00
   1.0000000e+00   8.2377032e-01   1.0000000e+00   1.0000000e+00
   1.0000000e+00   8.1108744e-01   1.0000000e+00   1.0000000e+00
   1.0000000e+00   8.1063795e-01   1.0000000e+00   1.0000000e+00
   1.0000000e+00   8.1140824e-01   1.0000000e+00   1.0000000e+00
   1.0000000e+00   8.1141977e-01   1.0000000e+00   1.0000000e+00
   1.0000000e+00   8.1126316e-01   1.0000000e+00   1.0000000e+00
   1.0000000e+00   8.1127709e-01   1.0000000e+00   1.0000000e+00
   1.0000000e+00   8.1130616e-01   1.0000000e+00   1.0000000e+00
   1.0000000e+00   8.1130041e-01   1.0000000e+00   1.0000000e+00
   1.0000000e+00   8.1129531e-01   1.0000000e+00   1.0000000e+00
   1.0000000e+00   8.1129697e-01   1.0000000e+00   1.0000000e+00
   1.0000000e+00   8.1129779e-01   1.0000000e+00   1.0000000e+00
   1.0000000e+00   8.1129738e-01   1.0000000e+00   1.0000000e+00
   1.0000000e+00   8.1129726e-01   9.1375672e-01   1.0000000e+00
   1.0000000e+00   8.1129736e-01   9.1375672e-01   1.0000000e+00
   1.0000000e+00   8.1129737e-01   9.1375672e-01   1.0000000e+00
   1.0000000e+00   8.1129735e-01   9.1375672e-01   1.0000000e+00
   1.0000000e+00   8.1129735e-01   9.1375672e-01   1.0000000e+00
   1.0000000e+00   8.1129735e-01   9.1375672e-01   1.0000000e+00
   1.0000000e+00   8.1129735e-01   9.1375672e-01   1.0000000e+00
   1.0000000e+00   8.1129735e-01   9.1375672e-01   1.0000000e+00
   1.0000000e+00   8.1129735e-01   9.1375672e-01   1.0000000e+00
   1.0000000e+00   8.1129735e-01   9.1375672e-01   1.0000000e+00
   1.0000000e+00   8.1129735e-01   9.1375672e-01   1.0000000e+00
   1.0000000e+00   8.1129735e-01   9.1375672e-01   1.0000000e+00
   1.0000000e+00   8.1129735e-01   9.1375672e-01   1.0000000e+00
   1.0000000e+00   8.1129735e-01   9.1375672e-01   1.0000000e+00
   1.0000000e+00   8.1129735e-01   9.1375672e-01   1.0000000e+00
   1.0000000e+00   8.1129735e-01   9.1375672e-01   1.0000000e+00
   1.0000000e+00   8.1129735e-01   9.1375672e-01   1.0000000e+00
   1.0000000e+00   8.1129735e-01   9.1375672e-01   1.0000000e+00
   1.0000000e+00   8.1129735e-01   9.1375672e-01   1.0000000e+00
   1.0000000e+00   8.1129735e-01   9.1375672e-01   1.0000000e+00
   1.0000000e+00   8.1129735e-01   9.1375672e-01   1.0000000e+00
   1.0000000e+00   8.1129735e-01   9.1375672e-01   1.0000000e+00
   1.0000000e+00   8.1129735e-01   9.1375672e-01   1.0000000e+00
   1.0000000e+00   8.1129735e-01   9.1375672e-01   1.0000000e+00
   1.0000000e+00   8.1129735e-01   9.1375672e-01   1.0000000e+00
   1.0000000e+00   8.1129735e-01   9.1375672e-01   1.0000000e+00
   1.0000000e+00   8.1129735e-01   9.1375672e-01   1.0000000e+00
   1.0000000e+00   8.1129735e-01   9.1375672e-01   1.0000000e+00
   1.0000000e+00   8.1129735e-01   9.1375672e-01   1.0000000e+00
   1.0000000e+00   8.1129735e-01   9.1375672e-01   1.0000000e+00
   1.0000000e+00   8.1129735e-01   1.0000000e+00   1.0000000e+00
   1.0000000e+00   8.1129735e-01   1.0000000e+00   1.0000000e+00
   1.0000000e+00   8.1129735e-01   1.0000000e+00   1.0000000e+00
   1.0000000e+00   8.1129735e-01   1.0000000e+00   1.0000000e+00
   1.0000000e+00   8.1129735e-01   1.0000000e+00   1.0000000e+00
   1.0000000e+00   8.1129735e-01   1.0000000e+00   1.0000000e+00
   1.0000000e+00   8.1129735e-01   1.0000000e+00   1.0000000e+00
   1.0000000e+00   8.1129735e-01   1.0000000e+00   1.0000000e+00
   1.0000000e+00   8.1129735e-01   1.0000000e+00   1.0000000e+00
   1.0000000e+00   8.1129735e-01   1.0000000e+00   1.0000000e+00
   1.0000000e+00   8.1129735e-01   1.0000000e+00   1.0000000e+00
   1.0000000e+00   8.1129735e-01   1.0000000e+00   1.0000000e+00
   1.0000000e+00   8.1129735e-01   1.0000000e+00   1.0000000e+00
   1.0000000e+00   8.1129735e-01   1.0000000e+00   1.0000000e+00
   1.0000000e+00   8.1129735e-01   1.0000000e+00   1.0000000e+00
   1.0000000e+00   8.1129735e-01   1.0000000e+00   1.0000000e+00
   1.0000000e+00   8.1129735e-01   1.0000000e+00   1.0000000e+00
   1.0000000e+00   8.1129735e-01   1.0000000e+00   1.0000000e+00
   1.0000000e+00   8.1129735e-01   1.0000000e+00   1.0000000e+00
   1.0000000e+00   8.1129735e-01   1.0000000e+00   1.0000000e+00
   1.0000000e+00   8.1129735e-01   1.0000000e+00   1.0000000e+00
   1.0000000e+00   8.1129735e-01   1.0000000e+00   1.0000000e+00
   1.0000000e+00   8.1129735e-01   1.0000000e+00   1.0000000e+00
   1.0000000e+00   8.1129735e-01   1.0000000e+00   1.0000000e+00
   1.0000000e+00   8.1129735e-01   1.0000000e+00   1.0000000e+00
   1.0000000e+00   8.1129735e-01   1.0000000e+00   1.0000000e+00
   1.0000000e+00   8.1129735e-01   1.0000000e+00   1.0000000e+00
   1.0000000e+00   8.1129735e-01   1.0000000e+00   1.0000000e+00
   1.0000000e+00   8.1129735e-01   1.0000000e+00   1.0000000e+00
   1.0000000e+00   8.1129735e-01   7.8972237e-01   9.9335084e-01
   9.9335084e-01   8.1129735e-01   7.8972237e-01   9.8822313e-01
   9.8822313e-01   8.1134531e-01   7.8972237e-01   9.8408032e-01
   9.8408032e-01   8.0917797e-01   7.8972237e-01   9.8005676e-01
   9.8005676e-01   8.1542409e-01   7.8972237e-01   9.7580562e-01
   9.7580562e-01   8.1975224e-01   7.8972237e-01   9.7135955e-01
   9.7135955e-01   8.2077867e-01   7.8972237e-01   9.6667300e-01
   9.6667300e-01   8.2274318e-01   7.8972237e-01   9.6168684e-01
   9.6168684e-01   8.2520988e-01   7.8972237e-01   9.5637957e-01
   9.5637957e-01   8.2751309e-01   7.8972237e-01   9.5074072e-01
   9.5074072e-01   8.2979630e-01   7.8972237e-01   9.4476227e-01
   9.4476227e-01   8.3211255e-01   7.8972237e-01   9.3844095e-01
   9.3844095e-01   8.3441201e-01   7.8972237e-01   9.3177929e-01
   9.3177929e-01   8.3664729e-01   7.8972237e-01   9.2478710e-01
   9.2478710e-01   8.3875868e-01   7.8972237e-01   9.1748330e-01
   9.1748330e-01   8.4067048e-01   7.8972237e-01   9.0989813e-01
   9.0989813e-01   8.4228984e-01   7.8972237e-01   9.0207552e-01
   9.0207552e-01   8.4350649e-01   7.8972237e-01   8.9407549e-01
   8.9407549e-01   8.4419487e-01   7.8972237e-01   8.8597601e-01
   8.8597601e-01   8.4422014e-01   7.8972237e-01   8.7787394e-01
   8.7787394e-01   8.4345008e-01   7.8972237e-01   8.6988398e-01
   8.6988398e-01   8.4177452e-01   7.8972237e-01   8.6213482e-01
   8.6213482e-01   8.3913225e-01   7.8972237e-01   8.5476161e-01
   8.5476161e-01   8.3554160e-01   7.8972237e-01   8.4789475e-01
   8.4789475e-01   8.3112504e-01   7.8972237e-01   8.4164642e-01
   8.4164642e-01   8.2611310e-01   7.8972237e-01   8.3609774e-01
   8.3609774e-01   8.2081590e-01   7.8972237e-01   8.3129028e-01
   8.3129028e-01   8.1556467e-01   7.8972237e-01   8.2722442e-01
   8.2722442e-01   8.1064559e-01   7.8972237e-01   8.2386458e-01
   8.2386458e-01   8.0625490e-01   7.8972237e-01   8.2114879e-01
   8.2114879e-01   8.0248930e-01   7.8972237e-01   8.1899955e-01
   2.1816641e-01   0.0000000e+00   7.0692710e-01   3.8360034e-01
   3.8360034e-01   3.8956570e-02   7.0692710e-01   5.0736591e-01
   5.0736591e-01   2.2522803e-01   7.0692710e-01   5.9466301e-01
   5.9466301e-01   4.2469981e-01   7.0692710e-01   6.5724125e-01
   6.5724125e-01   4.9304521e-01   7.0692710e-01   7.0060781e-01
   7.0060781e-01   5.7562822e-01   7.0692710e-01   7.2908983e-01
   7.2908983e-01   6.3911972e-01   7.0692710e-01   7.4641930e-01
   7.4641930e-01   6.8271078e-01   7.0692710e-01   7.5586231e-01
   7.5586231e-01   7.0843891e-01   7.0692710e-01   7.5994823e-01
   7.5994823e-01   7.2338921e-01   7.0692710e-01   7.6056710e-01
   7.6056710e-01   7.3100742e-01   7.0692710e-01   7.5908719e-01
   7.5908719e-01   7.3379773e-01   7.0692710e-01   7.5646845e-01
   7.5646845e-01   7.3354326e-01   7.0692710e-01   7.5336043e-01
   7.5336043e-01   7.3150662e-01   7.0692710e-01   7.5018273e-01
   7.5018273e-01   7.2855772e-01   7.0692710e-01   7.4718902e-01
   7.4718902e-01   7.2527606e-01   7.0692710e-01   7.4451668e-01
   7.4451668e-01   7.2202910e-01   7.0692710e-01   7.4222440e-01
   7.4222440e-01   7.1903264e-01   7.0692710e-01   7.4032005e-01
   7.4032005e-01   7.1639712e-01   7.0692710e-01   7.3878081e-01
   7.3878081e-01   7.1416253e-01   7.0692710e-01   7.3756724e-01
   7.3756724e-01   7.1232420e-01   7.0692710e-01   7.3663287e-01
   7.3663287e-01   7.1085125e-01   7.0692710e-01   7.3593034e-01
   7.3593034e-01   7.0969946e-01   7.0692710e-01   7.3541512e-01
   7.3541512e-01   7.0881983e-01   7.0692710e-01   7.3504750e-01
   7.3504750e-01   7.0816400e-01   7.0692710e-01   7.3479350e-01
   7.3479350e-01   7.0768739e-01   7.0692710e-01   7.3462487e-01
   7.3462487e-01   7.0735086e-01   7.0692710e-01   7.3451883e-01
   7.3451883e-01   7.0712128e-01   7.0692710e-01   7.3445742e-01
   7.3445742e-01   7.0697139e-01   7.0692710e-01   7.3442683e-01
   7.3442683e-01   7.0687939e-01   1.0000000e+00   9.7144938e-01
   9.7144938e-01   7.0682823e-01   1.0000000e+00   1.0000000e+00
   1.0000000e+00   8.3217419e-01   1.0000000e+00   1.0000000e+00
   1.0000000e+00   9.6649852e-01   1.0000000e+00   1.0000000e+00
   1.0000000e+00   8.5872863e-01   1.0000000e+00   1.0000000e+00
   1.0000000e+00   9.4257321e-01   1.0000000e+00   1.0000000e+00
   1.0000000e+00   8.3881106e-01   1.0000000e+00   1.0000000e+00
   1.0000000e+00   9.1062046e-01   1.0000000e+00   1.0000000e+00
   1.0000000e+00   8.1925322e-01   1.0000000e+00   1.0000000e+00
   1.0000000e+00   8.7174591e-01   1.0000000e+00   1.0000000e+00
   1.0000000e+00   8.0854709e-01   1.0000000e+00   1.0000000e+00
   1.0000000e+00   8.3377151e-01   1.0000000e+00   1.0000000e+00
   1.0000000e+00   8.0970773e-01   1.0000000e+00   1.0000000e+00
   1.0000000e+00   8.1248993e-01   1.0000000e+00   1.0000000e+00
   1.0000000e+00   8.1150800e-01   1.0000000e+00   1.0000000e+00
   1.0000000e+00   8.1105979e-01   1.0000000e+00   1.0000000e+00
   1.0000000e+00   8.1128112e-01   1.0000000e+00   1.0000000e+00
   1.0000000e+00   8.1134622e-01   1.0000000e+00   1.0000000e+00
   1.0000000e+00   8.1129546e-01   1.0000000e+00   1.0000000e+00
   1.0000000e+00   8.1128801e-01   1.0000000e+00   1.0000000e+00
   1.0000000e+00   8.1129869e-01   1.0000000e+00   1.0000000e+00
   1.0000000e+00   8.1129904e-01   1.0000000e+00   1.0000000e+00
   1.0000000e+00   8.1129692e-01   1.0000000e+00   1.0000000e+00
   1.0000000e+00   8.1129707e-01   1.0000000e+00   1.0000000e+00
   1.0000000e+00   8.1129747e-01   1.0000000e+00   1.0000000e+00
   1.0000000e+00   8.1129740e-01   1.0000000e+00   1.0000000e+00
   1.0000000e+00   8.1129733e-01   1.0000000e+00   1.0000000e+00
   1.0000000e+00   8.1129735e-01   1.0000000e+00   1.0000000e+00
   1.0000000e+00   8.1129736e-01   1.0000000e+00   1.0000000e+00
   1.0000000e+00   8.1129735e-01   1.0000000e+00   1.0000000e+00
   1.0000000e+00   8.1129735e-01   1.0000000e+00   1.0000000e+00
   1.0000000e+00   8.1129735e-01   1.0000000e+00   1.0000000e+00
   1.0000000e+00   8.1129735e-01   1.0000000e+00   1.0000000e+00
   1.0000000e+00   8.1129735e-01   1.0000000e+00   1.0000000e+00
   1.0000000e+00   8.1129735e-01   1.0000000e+00   1.0000000e+00
   1.0000000e+00   8.1129735e-01   1.0000000e+00   1.0000000e+00
   1.0000000e+00   8.1129735e-01   1.0000000e+00   1.0000000e+00
   1.0000000e+00   8.1129735e-01   1.0000000e+00   1.0000000e+00
   1.0000000e+00   8.1129735e-01   1.0000000e+00   1.0000000e+00
   1.0000000e+00   8.1129735e-01   1.0000000e+00   1.0000000e+00
   1.0000000e+00   8.1129735e-01   1.0000000e+00   1.0000000e+00
   1.0000000e+00   8.1129735e-01   1.0000000e+00   1.0000000e+00
   1.0000000e+00   8.1129735e-01   1.0000000e+00   1.0000000e+00
   1.0000000e+00   8.1129735e-01   1.0000000e+00   1.0000000e+00
   1.0000000e+00   8.1129735e-01   1.0000000e+00   1.0000000e+00
   1.0000000e+00   8.1129735e-01   1.0000000e+00   1.0000000e+00
   1.0000000e+00   8.1129735e-01   1.0000000e+00   1.0000000e+00
   1.0000000e+00   8.1129735e-01   1.0000000e+00   1.0000000e+00
   1.0000000e+00   8.1129735e-01   1.0000000e+00   1.0000000e+00
   1.0000000e+00   8.1129735e-01   1.0000000e+00   1.0000000e+00
   1.0000000e+00   8.1129735e-01   1.0000000e+00   1.0000000e+00
   1.0000000e+00   8.1129735e-01   1.0000000e+00   1.0000000e+00
   1.0000000e+00   8.1129735e-01   1.0000000e+00   1.0000000e+00
   1.0000000e+00   8.1129735e-01   1.0000000e+00   1.0000000e+00
   1.0000000e+00   8.1129735e-01   1.0000000e+00   1.0000000e+00
   1.0000000e+00   8.1129735e-01   1.0000000e+00   1.0000000e+00
   1.0000000e+00   8.1129735e-01   1.0000000e+00   1.0000000e+00
   1.0000000e+00   8.1129735e-01   1.0000000e+00   1.0000000e+00
   1.0000000e+00   8.1129735e-01   1.0000000e+00   1.0000000e+00
   1.0000000e+00   8.1129735e-01   7.5484761e-01   9.8260278e-01
   9.8260278e-01   8.1129735e-01   7.5484761e-01   9.6918953e-01
   9.6918953e-01   8.1137588e-01   7.5484761e-01   9.5834076e-01
   9.5834076e-01   8.0591547e-01   7.5484761e-01   9.4789151e-01
   9.4789151e-01   8.2086537e-01   7.5484761e-01   9.3701932e-01
   9.3701932e-01   8.3035469e-01   7.5484761e-01   9.2590674e-01
   9.2590674e-01   8.3046433e-01   7.5484761e-01   9.1445306e-01
   9.1445306e-01   8.3354387e-01   7.5484761e-01   9.0263095e-01
   9.0263095e-01   8.3620838e-01   7.5484761e-01   8.9050770e-01
   8.9050770e-01   8.3765753e-01   7.5484761e-01   8.7820821e-01
   8.7820821e-01   8.3781037e-01   7.5484761e-01   8.6591135e-01
   8.6591135e-01   8.3633924e-01   7.5484761e-01   8.5384204e-01
   8.5384204e-01   8.3300226e-01   7.5484761e-01   8.4225858e-01
   8.4225858e-01   8.2768218e-01   7.5484761e-01   8.3142715e-01
   8.3142715e-01   8.2053338e-01   7.5484761e-01   8.2158583e-01
   8.2158583e-01   8.1203489e-01   7.5484761e-01   8.1290727e-01
   8.1290727e-01   8.0292390e-01   7.5484761e-01   8.0547514e-01
   8.0547514e-01   7.9398142e-01   7.5484761e-01   7.9928348e-01
   7.9928348e-01   7.8580711e-01   7.5484761e-01   7.9425506e-01
   7.9425506e-01   7.7872404e-01   7.5484761e-01   7.9026727e-01
   7.9026727e-01   7.7282266e-01   7.5484761e-01   7.8717596e-01
   7.8717596e-01   7.6805186e-01   7.5484761e-01   7.8483324e-01
   7.8483324e-01   7.6429182e-01   7.5484761e-01   7.8309901e-01
   7.8309901e-01   7.6139703e-01   7.5484761e-01   7.8184752e-01
   7.8184752e-01   7.5921942e-01   7.5484761e-01   7.8097028e-01
   7.8097028e-01   7.5762050e-01   7.5484761e-01   7.8037664e-01
   7.8037664e-01   7.5647736e-01   7.5484761e-01   7.7999290e-01
   7.7999290e-01   7.5568499e-01   7.5484761e-01   7.7976061e-01
   7.7976061e-01   7.5515640e-01   7.5484761e-01   7.7963443e-01
   7.7963443e-01   7.5482142e-01   7.5484761e-01   7.7958003e-01
   7.7958003e-01   7.5462481e-01   7.5484761e-01   7.7957198e-01
   1.0164992e-01   0.0000000e+00   3.2885776e-01   1.7885002e-01
   1.7885002e-01   1.5864202e-02   3.2885776e-01   2.3691705e-01
   2.3691705e-01   9.9473911e-02   3.2885776e-01   2.7981522e-01
   2.7981522e-01   1.6780065e-01   3.2885776e-01   3.1003982e-01
   3.1003982e-01   2.3152678e-01   3.2885776e-01   3.3046015e-01
   3.3046015e-01   2.7319312e-01   3.2885776e-01   3.4390099e-01
   3.4390099e-01   2.9649636e-01   3.2885776e-01   3.5254198e-01
   3.5254198e-01   3.1059559e-01   3.2885776e-01   3.5792640e-01
   3.5792640e-01   3.1963776e-01   3.2885776e-01   3.6112147e-01
   3.6112147e-01   3.2547500e-01   3.2885776e-01   3.6286307e-01
   3.6286307e-01   3.2912811e-01   3.2885776e-01   3.6365892e-01
   3.6365892e-01   3.3127002e-01   3.2885776e-01   3.6385840e-01
   3.6385840e-01   3.3238327e-01   3.2885776e-01   3.6369985e-01
   3.6369985e-01   3.3281907e-01   3.2885776e-01   3.6334340e-01
   3.6334340e-01   3.3282923e-01   3.2885776e-01   3.6289418e-01
   3.6289418e-01   3.3258967e-01   3.2885776e-01   3.6241894e-01
   3.6241894e-01   3.3221955e-01   3.2885776e-01   3.6195801e-01
   3.6195801e-01   3.3179674e-01   3.2885776e-01   3.6153390e-01
   3.6153390e-01   3.3136981e-01   3.2885776e-01   3.6115736e-01
   3.6115736e-01   3.3096715e-01   1.2581859e-01   2.9825738e-01
   2.9825738e-01   3.3060364e-01   1.2581859e-01   2.5179739e-01
   2.5179739e-01   3.0015353e-01   1.2581859e-01   2.1807192e-01
   2.1807192e-01   2.4586043e-01   1.2581859e-01   1.9384698e-01
   1.9384698e-01   2.0917211e-01   1.2581859e-01   1.7664968e-01
   1.7664968e-01   1.8268934e-01   1.2581859e-01   1.6466070e-01
   1.6466070e-01   1.6295335e-01   1.2581859e-01   1.5651926e-01
   1.5651926e-01   1.4851038e-01   1.2581859e-01   1.5118927e-01
   1.5118927e-01   1.3829609e-01   1.2581859e-01   1.4787812e-01
   1.4787812e-01   1.3135679e-01   1.2581859e-01   1.4598418e-01
   1.4598418e-01   1.2685287e-01   1.2581859e-01   1.4505749e-01
   1.4505749e-01   1.2409892e-01   1.2581859e-01   1.4476746e-01
   1.4476746e-01   1.2256580e-01   1.2581859e-01   1.4487603e-01
   1.4487603e-01   1.2185870e-01   1.2581859e-01   1.4521562e-01
   1.4521562e-01   1.2168976e-01   1.2581859e-01   1.4567137e-01
   1.4567137e-01   1.2185321e-01   1.2581859e-01   1.4616727e-01
   1.4616727e-01   1.2220511e-01   1.2581859e-01   1.4665531e-01
   1.4665531e-01   1.2264739e-01   1.2581859e-01   1.4710729e-01
   1.4710729e-01   1.2311557e-01   1.2581859e-01   1.4750867e-01
   1.4750867e-01   1.2356934e-01   1.2581859e-01   1.4785397e-01
   1.4785397e-01   1.2398544e-01   7.6979489e-01   3.4660941e-01
   3.4660941e-01   1.2435230e-01   7.6979489e-01   4.9486422e-01
   4.9486422e-01   1.9755813e-01   7.6979489e-01   6.0152652e-01
   6.0152652e-01   4.0085261e-01   7.6979489e-01   6.7945356e-01
   6.7945356e-01   4.8681801e-01   7.6979489e-01   7.3488157e-01
   7.3488157e-01   5.8526567e-01   7.6979489e-01   7.7230324e-01
   7.7230324e-01   6.6810527e-01   7.6979489e-01   7.9607833e-01
   7.9607833e-01   7.2312543e-01   7.6979489e-01   8.1003346e-01
   8.1003346e-01   7.5711400e-01   7.6979489e-01   8.1717490e-01
   8.1717490e-01   7.7784295e-01   7.6979489e-01   8.1978962e-01
   8.1978962e-01   7.8925920e-01   7.6979489e-01   8.1955430e-01
   8.1955430e-01   7.9452204e-01   7.6979489e-01   8.1765414e-01
   8.1765414e-01   7.9592377e-01   7.6979489e-01   8.1490040e-01
   8.1490040e-01   7.9498718e-01   7.6979489e-01   8.1182999e-01
   8.1182999e-01   7.9272212e-01   7.6979489e-01   8.0878263e-01
   8.0878263e-01   7.8980758e-01   7.6979489e-01   8.0595885e-01
   8.0595885e-01   7.8669566e-01   7.6979489e-01   8.0346290e-01
   8.0346290e-01   7.8367516e-01   7.6979489e-01   8.0133449e-01
   8.0133449e-01   7.8091581e-01   7.6979489e-01   7.9957207e-01
   7.9957207e-01   7.7850257e-01   7.6979489e-01   7.9814946e-01
   7.9814946e-01   7.7646274e-01   6.5598673e-01   7.6195327e-01
   7.6195327e-01   7.7478682e-01   6.5598673e-01   7.3531321e-01
   7.3531321e-01   7.5489754e-01   6.5598673e-01   7.1612088e-01
   7.1612088e-01   7.2266695e-01   6.5598673e-01   7.0263860e-01
   7.0263860e-01   6.9894187e-01   6.5598673e-01   6.9349249e-01
   6.9349249e-01   6.8136629e-01   6.5598673e-01   6.8756208e-01
   6.8756208e-01   6.6915834e-01   6.5598673e-01   6.8395516e-01
   6.8395516e-01   6.6100903e-01   6.5598673e-01   6.8197787e-01
   6.8197787e-01   6.5584665e-01   6.5598673e-01   6.8110408e-01
   6.8110408e-01   6.5280895e-01   6.5598673e-01   6.8094468e-01
   6.8094468e-01   6.5123620e-01   6.5598673e-01   6.8121934e-01
   6.8121934e-01   6.5063765e-01   6.5598673e-01   6.8173180e-01
   6.8173180e-01   6.5065671e-01   6.5598673e-01   6.8234927e-01
   6.8234927e-01   6.5104011e-01   6.5598673e-01   6.8298578e-01
   6.8298578e-01   6.5161274e-01   6.5598673e-01   6.8358907e-01
   6.8358907e-01   6.5225771e-01   6.5598673e-01   6.8413049e-01
   6.8413049e-01   6.5290064e-01   6.5598673e-01   6.8459739e-01
   6.8459739e-01   6.5349751e-01   6.5598673e-01   6.8498748e-01
   6.8498748e-01   6.5402540e-01   6.5598673e-01   6.8530475e-01
   6.8530475e-01   6.5447551e-01   8.2925327e-02   5.0894592e-01
   5.0894592e-01   6.5484804e-01   8.2925327e-02   3.7581634e-01
   3.7581634e-01   6.1400805e-01   8.2925327e-02   2.7716957e-01
   2.7716957e-01   4.5652761e-01   8.2925327e-02   2.0662113e-01
   2.0662113e-01   3.2216886e-01   8.2925327e-02   1.5914564e-01
   1.5914564e-01   2.1007391e-01   8.2925327e-02   1.2788733e-01
   1.2788733e-01   1.5830338e-01   8.2925327e-02   1.0790288e-01
   1.0790288e-01   1.2375466e-01   8.2925327e-02   9.5736134e-02
   9.5736134e-02   1.0002746e-01   8.2925327e-02   8.8912464e-02
   8.8912464e-02   8.4725110e-02   8.2925327e-02   8.5655390e-02
   8.5655390e-02   7.5523644e-02   8.2925327e-02   8.4702781e-02
   8.4702781e-02   7.0507483e-02   8.2925327e-02   8.5171512e-02
   8.5171512e-02   6.8264483e-02   8.2925327e-02   8.6454975e-02
   8.6454975e-02   6.7794814e-02   8.2925327e-02   8.8145924e-02
   8.8145924e-02   6.8404083e-02   8.2925327e-02   8.9979033e-02
   8.9979033e-02   6.9618509e-02   8.2925327e-02   9.1788572e-02
   9.1788572e-02   7.1121941e-02   8.2925327e-02   9.3477536e-02
   9.3477536e-02   7.2709727e-02   8.2925327e-02   9.4995365e-02
   9.4995365e-02   7.4255128e-02   8.2925327e-02   9.6322036e-02
   9.6322036e-02   7.5685032e-02   8.2925327e-02   9.7456850e-02
   9.7456850e-02   7.6962487e-02   0.0000000e+00   7.2854044e-02
   7.2854044e-02   7.8074266e-02   0.0000000e+00   5.4335242e-02
   5.4335242e-02   7.3301117e-02   0.0000000e+00   4.0535462e-02
   4.0535462e-02   5.3115499e-02   0.0000000e+00   3.0331751e-02
   3.0331751e-02   3.8406281e-02   0.0000000e+00   2.2843590e-02
   2.2843590e-02   2.7563106e-02   0.0000000e+00   1.7393529e-02
   1.7393529e-02   1.9559857e-02   0.0000000e+00   1.3463454e-02
   1.3463454e-02   1.3695891e-02   0.0000000e+00   1.0659261e-02
   1.0659261e-02   9.4362761e-03   0.0000000e+00   8.6828925e-03
   8.6828925e-03   6.3716625e-03   0.0000000e+00   7.3102847e-03
   7.3102847e-03   4.1908499e-03   0.0000000e+00   6.3740611e-03
   6.3740611e-03   2.6587293e-03   0.0000000e+00   5.7500317e-03
   5.7500317e-03   1.5987843e-03   0.0000000e+00   5.3467161e-03
   5.3467161e-03   8.7934772e-04   0.0000000e+00   5.0972610e-03
   5.0972610e-03   4.0288037e-04   0.0000000e+00   4.9532380e-03
   4.9532380e-03   9.7659877e-05   0.0000000e+00   4.8799125e-03
   4.8799125e-03   0.0000000e+00   0.0000000e+00   4.8522731e-03
   4.8522731e-03   0.0000000e+00   0.0000000e+00   4.8541905e-03
   4.8541905e-03   0.0000000e+00   0.0000000e+00   4.9106343e-03
   4.9106343e-03   0.0000000e+00   0.0000000e+00   4.9642062e-03
   4.9642062e-03   0.0000000e+00   0.0000000e+00   5.0068782e-03
   6.9319992e-02   0.0000000e+00   2.2395457e-01   1.2203505e-01
   1.2203505e-01   9.4971203e-03   2.2395457e-01   1.6175740e-01
   1.6175740e-01   6.6259613e-02   2.2395457e-01   1.9138205e-01
   1.9138205e-01   1.0966181e-01   2.2395457e-01   2.1303495e-01
   2.1303495e-01   1.4522346e-01   2.2395457e-01   2.2831131e-01
   2.2831131e-01   1.7452467e-01   2.2395457e-01   2.3861045e-01
   2.3861045e-01   1.9614285e-01   2.2395457e-01   2.4520235e-01
   2.4520235e-01   2.1039375e-01   2.2395457e-01   2.4915264e-01
   2.4915264e-01   2.1924198e-01   2.2395457e-01   2.5129056e-01
   2.5129056e-01   2.2451534e-01   2.2395457e-01   2.5223026e-01
   2.5223026e-01   2.2746541e-01   2.2395457e-01   2.5241167e-01
   2.5241167e-01   2.2891606e-01   2.2395457e-01   2.5214135e-01
   2.5214135e-01   2.2941845e-01   2.2395457e-01   2.5162723e-01
   2.5162723e-01   2.2934437e-01   2.2395457e-01   2.5100600e-01
   2.5100600e-01   2.2894322e-01   2.2395457e-01   2.5036396e-01
   2.5036396e-01   2.2837952e-01   2.2395457e-01   2.4975254e-01
   2.4975254e-01   2.2775882e-01   2.2395457e-01   2.4919949e-01
   2.4919949e-01   2.2714599e-01   2.2395457e-01   2.4871708e-01
   2.4871708e-01   2.2657816e-01   2.2395457e-01   2.4830774e-01
   2.4830774e-01   2.2607400e-01   5.9046348e-02   1.9714529e-01
   1.9714529e-01   2.2564018e-01   5.9046348e-02   1.5960402e-01
   1.5960402e-01   1.9717472e-01   5.9046348e-02   1.3236504e-01
   1.3236504e-01   1.5586184e-01   5.9046348e-02   1.1282085e-01
   1.1282085e-01   1.2605088e-01   5.9046348e-02   9.8991930e-02
   9.8991930e-02   1.0425672e-01   5.9046348e-02   8.9369142e-02
   8.9369142e-02   8.8642773e-02   5.9046348e-02   8.2805989e-02
   8.2805989e-02   7.7680819e-02   5.9046348e-02   7.8440663e-02
   7.8440663e-02   7.0117387e-02   5.9046348e-02   7.5632641e-02
   7.5632641e-02   6.5001085e-02   5.9046348e-02   7.3910991e-02
   7.3910991e-02   6.1627870e-02   5.9046348e-02   7.2933192e-02
   7.2933192e-02   5.9481352e-02   5.9046348e-02   7.2452939e-02
   7.2452939e-02   5.8185388e-02   5.9046348e-02   7.2295342e-02
   7.2295342e-02   5.7468224e-02   5.9046348e-02   7.2338019e-02
   7.2338019e-02   5.7135464e-02   5.9046348e-02   7.2496824e-02
   7.2496824e-02   5.7049705e-02   5.9046348e-02   7.2715153e-02
   7.2715153e-02   5.7115232e-02   5.9046348e-02   7.2956016e-02
   7.2956016e-02   5.7266560e-02   5.9046348e-02   7.3196189e-02
   7.3196189e-02   5.7459906e-02   5.9046348e-02   7.3421957e-02
   7.3421957e-02   5.7666889e-02   5.9046348e-02   7.3626033e-02
   7.3626033e-02   5.7869896e-02   4.3690015e-01   1.9025544e-01
   1.9025544e-01   5.8058724e-02   4.3690015e-01   2.7844874e-01
   2.7844874e-01   8.3439024e-02   4.3690015e-01   3.4400269e-01
   3.4400269e-01   1.8638917e-01   4.3690015e-01   3.9025154e-01
   3.9025154e-01   2.8725460e-01   4.3690015e-01   4.2213207e-01
   4.2213207e-01   3.4236867e-01   4.3690015e-01   4.4421060e-01
   4.4421060e-01   3.7022520e-01   4.3690015e-01   4.5924984e-01
   4.5924984e-01   3.9442952e-01   4.3690015e-01   4.6907939e-01
   4.6907939e-01   4.1409086e-01   4.3690015e-01   4.7508336e-01
   4.7508336e-01   4.2819860e-01   4.3690015e-01   4.7834598e-01
   4.7834598e-01   4.3755677e-01   4.3690015e-01   4.7971202e-01
   4.7971202e-01   4.4326189e-01   4.3690015e-01   4.7982663e-01
   4.7982663e-01   4.4631298e-01   4.3690015e-01   4.7916985e-01
   4.7916985e-01   4.4752426e-01   4.3690015e-01   4.7808805e-01
   4.7808805e-01   4.4752603e-01   4.3690015e-01   4.7682210e-01
   4.7682210e-01   4.4678876e-01   4.3690015e-01   4.7553177e-01
   4.7553177e-01   4.4565154e-01   4.3690015e-01   4.7431626e-01
   4.7431626e-01   4.4434936e-01   4.3690015e-01   4.7323087e-01
   4.7323087e-01   4.4303716e-01   4.3690015e-01   4.7230030e-01
   4.7230030e-01   4.4181019e-01   4.3690015e-01   4.7152884e-01
   4.7152884e-01   4.4072060e-01   1.0000000e+00   6.4338838e-01
   6.4338838e-01   4.3979060e-01   1.0000000e+00   7.7138362e-01
   7.7138362e-01   4.7358390e-01   1.0000000e+00   8.6298948e-01
   8.6298948e-01   6.4087571e-01   1.0000000e+00   9.2484069e-01
   9.2484069e-01   7.8455509e-01   1.0000000e+00   9.6435196e-01
   9.6435196e-01   8.6950640e-01   1.0000000e+00   9.8769853e-01
   9.8769853e-01   9.0490813e-01   1.0000000e+00   9.9894601e-01
   9.9894601e-01   9.1977147e-01   1.0000000e+00   1.0000000e+00
   1.0000000e+00   9.2485151e-01   1.0000000e+00   1.0000000e+00
   1.0000000e+00   9.1692366e-01   1.0000000e+00   1.0000000e+00
   1.0000000e+00   9.0616822e-01   1.0000000e+00   1.0000000e+00
   1.0000000e+00   8.9357675e-01   1.0000000e+00   1.0000000e+00
   1.0000000e+00   8.7926071e-01   1.0000000e+00   1.0000000e+00
   1.0000000e+00   8.6333273e-01   1.0000000e+00   1.0000000e+00
   1.0000000e+00   8.4666439e-01   1.0000000e+00   1.0000000e+00
   1.0000000e+00   8.3074480e-01   1.0000000e+00   1.0000000e+00
   1.0000000e+00   8.1822865e-01   1.0000000e+00   1.0000000e+00
   1.0000000e+00   8.1154201e-01   1.0000000e+00   1.0000000e+00
   1.0000000e+00   8.1047769e-01   1.0000000e+00   1.0000000e+00
   1.0000000e+00   8.1133485e-01   6.6651647e-01   9.4970503e-01
   9.4970503e-01   8.1146172e-01   6.6651647e-01   9.1223772e-01
   9.1223772e-01   8.1060501e-01   6.6651647e-01   8.8295119e-01
   8.8295119e-01   7.9414998e-01   6.6651647e-01   8.5648931e-01
   8.5648931e-01   8.1896491e-01   6.6651647e-01   8.3144254e-01
   8.3144254e-01   8.2104214e-01   6.6651647e-01   8.0806067e-01
   8.0806067e-01   8.0797551e-01   6.6651647e-01   7.8664749e-01
   7.8664749e-01   7.9245611e-01   6.6651647e-01   7.6765699e-01
   7.6765699e-01   7.7270651e-01   6.6651647e-01   7.5136104e-01
   7.5136104e-01   7.5263483e-01   6.6651647e-01   7.3779902e-01
   7.3779902e-01   7.3419234e-01   6.6651647e-01   7.2681624e-01
   7.2681624e-01   7.1835256e-01   6.6651647e-01   7.1814135e-01
   7.1814135e-01   7.0525988e-01   6.6651647e-01   7.1145017e-01
   7.1145017e-01   6.9474555e-01   6.6651647e-01   7.0640959e-01
   7.0640959e-01   6.8651179e-01   6.6651647e-01   7.0270478e-01
   7.0270478e-01   6.8021670e-01   6.6651647e-01   7.0005411e-01
   7.0005411e-01   6.7551811e-01   6.6651647e-01   6.9821581e-01
   6.9821581e-01   6.7209869e-01   6.6651647e-01   6.9698893e-01
   6.9698893e-01   6.6967902e-01   6.6651647e-01   6.9621109e-01
   6.9621109e-01   6.6802249e-01   6.6651647e-01   6.9575428e-01
   6.9575428e-01   6.6693492e-01   1.0000000e+00   9.4273425e-01
   9.4273425e-01   6.6626108e-01   1.0000000e+00   1.0000000e+00
   1.0000000e+00   7.9655183e-01   1.0000000e+00   1.0000000e+00
   1.0000000e+00   9.5064265e-01   1.0000000e+00   1.0000000e+00
   1.0000000e+00   8.7694347e-01   1.0000000e+00   1.0000000e+00
   1.0000000e+00   9.2728316e-01   1.0000000e+00   1.0000000e+00
   1.0000000e+00   8.5395397e-01   1.0000000e+00   1.0000000e+00
   1.0000000e+00   8.9587048e-01   1.0000000e+00   1.0000000e+00
   1.0000000e+00   8.2863148e-01   1.0000000e+00   1.0000000e+00
   1.0000000e+00   8.5798330e-01   1.0000000e+00   1.0000000e+00
   1.0000000e+00   8.1097897e-01   1.0000000e+00   1.0000000e+00
   1.0000000e+00   8.2399857e-01   1.0000000e+00   1.0000000e+00
   1.0000000e+00   8.1014377e-01   1.0000000e+00   1.0000000e+00
   1.0000000e+00   8.1070800e-01   1.0000000e+00   1.0000000e+00
   1.0000000e+00   8.1160303e-01   1.0000000e+00   1.0000000e+00
   1.0000000e+00   8.1138444e-01   1.0000000e+00   1.0000000e+00
   1.0000000e+00   8.1122969e-01   1.0000000e+00   1.0000000e+00
   1.0000000e+00   8.1128739e-01   1.0000000e+00   1.0000000e+00
   1.0000000e+00   8.1131169e-01   1.0000000e+00   1.0000000e+00
   1.0000000e+00   8.1129782e-01   1.0000000e+00   1.0000000e+00
   1.0000000e+00   8.1129450e-01   1.0000000e+00   1.0000000e+00
   2.8325102e-01   0.0000000e+00   9.1811173e-01   4.9791779e-01
   4.9791779e-01   5.1983713e-02   9.1811173e-01   6.5709123e-01
   6.5709123e-01   3.0653392e-01   9.1811173e-01   7.7074206e-01
   7.7074206e-01   5.2606165e-01   9.1811173e-01   8.5083938e-01
   8.5083938e-01   6.4937697e-01   9.1811173e-01   9.0424332e-01
   9.0424332e-01   7.7938082e-01   9.1811173e-01   9.3831197e-01
   9.3831197e-01   8.5285255e-01   9.1811173e-01   9.5933191e-01
   9.5933191e-01   8.8970883e-01   9.1811173e-01   9.7218901e-01
   9.7218901e-01   9.0183085e-01   9.1811173e-01   9.7969632e-01
   9.7969632e-01   9.1230367e-01   9.1811173e-01   9.8441640e-01
   9.8441640e-01   9.0948038e-01   9.1811173e-01   9.8761547e-01
   9.8761547e-01   9.0926965e-01   9.1811173e-01   9.9061653e-01
   9.9061653e-01   8.9982807e-01   9.1811173e-01   9.9382374e-01
   9.9382374e-01   8.9451872e-01   9.1811173e-01   9.9716290e-01
   9.9716290e-01   8.8196095e-01   9.1811173e-01   9.9959599e-01
   9.9959599e-01   8.7326905e-01   9.1811173e-01   1.0000000e+00
   1.0000000e+00   8.5752449e-01   9.1811173e-01   1.0000000e+00
   1.0000000e+00   8.4401728e-01   9.1811173e-01   1.0000000e+00
   1.0000000e+00   8.2663230e-01   9.1811173e-01   1.0000000e+00
   1.0000000e+00   8.1666232e-01   9.1811173e-01   1.0000000e+00
   1.0000000e+00   8.1073857e-01   9.1811173e-01   1.0000000e+00
   1.0000000e+00   8.1062742e-01   9.1811173e-01   1.0000000e+00
   1.0000000e+00   8.1148176e-01   9.1811173e-01   1.0000000e+00
   1.0000000e+00   8.1141418e-01   9.1811173e-01   1.0000000e+00
   1.0000000e+00   8.1124963e-01   9.1811173e-01   1.0000000e+00
   1.0000000e+00   8.1127957e-01   9.1811173e-01   1.0000000e+00
   1.0000000e+00   8.1130857e-01   9.1811173e-01   1.0000000e+00
   1.0000000e+00   8.1129967e-01   9.1811173e-01   1.0000000e+00
   1.0000000e+00   8.1129492e-01   9.1811173e-01   1.0000000e+00
   1.0000000e+00   8.1129715e-01   2.4806158e-01   8.2548158e-01
   8.2548158e-01   8.1129785e-01   2.4806158e-01   6.9293468e-01
   6.9293468e-01   7.8550554e-01   2.4806158e-01   5.9050345e-01
   5.9050345e-01   6.8224977e-01   2.4806158e-01   5.0961364e-01
   5.0961364e-01   6.0915490e-01   2.4806158e-01   4.4490940e-01
   4.4490940e-01   5.4540119e-01   2.4806158e-01   3.9435846e-01
   3.9435846e-01   4.6810249e-01   2.4806158e-01   3.5597785e-01
   3.5597785e-01   4.0354731e-01   2.4806158e-01   3.2780657e-01
   3.2780657e-01   3.5181282e-01   2.4806158e-01   3.0787613e-01
   3.0787613e-01   3.1318774e-01   2.4806158e-01   2.9411176e-01
   2.9411176e-01   2.8917964e-01   2.4806158e-01   2.8476810e-01
   2.8476810e-01   2.7406344e-01   2.4806158e-01   2.7855123e-01
   2.7855123e-01   2.6385465e-01   2.4806158e-01   2.7452515e-01
   2.7452515e-01   2.5694111e-01   2.4806158e-01   2.7201620e-01
   2.7201620e-01   2.5236041e-01   2.4806158e-01   2.7054178e-01
   2.7054178e-01   2.4942560e-01   2.4806158e-01   2.6975846e-01
   2.6975846e-01   2.4763634e-01   2.4806158e-01   2.6942410e-01
   2.6942410e-01   2.4662834e-01   2.4806158e-01   2.6937022e-01
   2.6937022e-01   2.4613895e-01   2.4806158e-01   2.6948147e-01
   2.6948147e-01   2.4598167e-01   2.4806158e-01   2.6968065e-01
   2.6968065e-01   2.4602661e-01   2.4806158e-01   2.6991750e-01
   2.6991750e-01   2.4618534e-01   2.4806158e-01   2.7016060e-01
   2.7016060e-01   2.4639929e-01   2.4806158e-01   2.7039144e-01
   2.7039144e-01   2.4663107e-01   2.4806158e-01   2.7060015e-01
   2.7060015e-01   2.4685795e-01   2.4806158e-01   2.7078249e-01
   2.7078249e-01   2.4706718e-01   2.4806158e-01   2.7093775e-01
   2.7093775e-01   2.4725256e-01   2.4806158e-01   2.7106728e-01
   2.7106728e-01   2.4741209e-01   2.4806158e-01   2.7117355e-01
   2.7117355e-01   2.4754633e-01   2.4806158e-01   2.7125948e-01
   2.7125948e-01   2.4765724e-01   2.4806158e-01   2.7132809e-01
   2.7132809e-01   2.4774747e-01   1.0000000e+00   5.0232865e-01
   5.0232865e-01   2.4781992e-01   1.0000000e+00   6.7107414e-01
   6.7107414e-01   3.6562964e-01   1.0000000e+00   7.9405088e-01
   7.9405088e-01   5.1339507e-01   1.0000000e+00   8.8046511e-01
   8.8046511e-01   6.6893945e-01   1.0000000e+00   9.3743447e-01
   9.3743447e-01   8.0644577e-01   1.0000000e+00   9.7254883e-01
   9.7254883e-01   8.8529357e-01   1.0000000e+00   9.9228169e-01
   9.9228169e-01   9.0543666e-01   1.0000000e+00   1.0000000e+00
   1.0000000e+00   9.2592263e-01   1.0000000e+00   1.0000000e+00
   1.0000000e+00   9.1823532e-01   1.0000000e+00   1.0000000e+00
   1.0000000e+00   9.1696817e-01   1.0000000e+00   1.0000000e+00
   1.0000000e+00   8.9707288e-01   1.0000000e+00   1.0000000e+00
   1.0000000e+00   8.9196404e-01   1.0000000e+00   1.0000000e+00
   1.0000000e+00   8.6910791e-01   1.0000000e+00   1.0000000e+00
   1.0000000e+00   8.6006314e-01   1.0000000e+00   1.0000000e+00
   1.0000000e+00   8.3701892e-01   1.0000000e+00   1.0000000e+00
   1.0000000e+00   8.2734409e-01   1.0000000e+00   1.0000000e+00
   1.0000000e+00   8.1354232e-01   1.0000000e+00   1.0000000e+00
   1.0000000e+00   8.1096826e-01   1.0000000e+00   1.0000000e+00
   1.0000000e+00   8.1094808e-01   1.0000000e+00   1.0000000e+00
   1.0000000e+00   8.1139984e-01   1.0000000e+00   1.0000000e+00
   1.0000000e+00   8.1135639e-01   1.0000000e+00   1.0000000e+00
   1.0000000e+00   8.1127132e-01   1.0000000e+00   1.0000000e+00
   1.0000000e+00   8.1128853e-01   1.0000000e+00   1.0000000e+00
   1.0000000e+00   8.1130337e-01   1.0000000e+00   1.0000000e+00
   1.0000000e+00   8.1129846e-01   1.0000000e+00   1.0000000e+00
   1.0000000e+00   8.1129606e-01   1.0000000e+00   1.0000000e+00
   1.0000000e+00   8.1129727e-01   1.0000000e+00   1.0000000e+00
   1.0000000e+00   8.1129761e-01   1.0000000e+00   1.0000000e+00
   1.0000000e+00   8.1129734e-01   0.0000000e+00   7.4942484e-01
   7.4942484e-01   8.1129730e-01   0.0000000e+00   5.6054983e-01
   5.6054983e-01   7.5045969e-01   0.0000000e+00   4.1737963e-01
   4.1737963e-01   5.7751621e-01   0.0000000e+00   3.0432146e-01
   3.0432146e-01   5.0466104e-01   0.0000000e+00   2.1733598e-01
   2.1733598e-01   3.6466641e-01   0.0000000e+00   1.5379547e-01
   1.5379547e-01   2.3061565e-01   0.0000000e+00   1.0806387e-01
   1.0806387e-01   1.5843347e-01   0.0000000e+00   7.5272409e-02
   7.5272409e-02   1.1243473e-01   0.0000000e+00   5.1905940e-02
   5.1905940e-02   7.8662661e-02   0.0000000e+00   3.5424997e-02
   3.5424997e-02   5.3670715e-02   0.0000000e+00   2.3951336e-02
   2.3951336e-02   3.5641584e-02   0.0000000e+00   1.6087296e-02
   1.6087296e-02   2.2898993e-02   0.0000000e+00   1.0798710e-02
   1.0798710e-02   1.4042993e-02   0.0000000e+00   7.3291567e-03
   7.3291567e-03   7.9938381e-03   0.0000000e+00   5.1378576e-03
   5.1378576e-03   3.9457023e-03   0.0000000e+00   3.8417924e-03
   3.8417924e-03   1.3097578e-03   0.0000000e+00   3.1505530e-03
   3.1505530e-03   0.0000000e+00   0.0000000e+00   2.8556685e-03
   2.8556685e-03   0.0000000e+00   0.0000000e+00   2.8083575e-03
   2.8083575e-03   0.0000000e+00   0.0000000e+00   3.1464681e-03
   3.1464681e-03   0.0000000e+00   0.0000000e+00   3.5625890e-03
   3.5625890e-03   0.0000000e+00   0.0000000e+00   3.9089202e-03
   3.9089202e-03   0.0000000e+00   0.0000000e+00   4.1810955e-03
   4.1810955e-03   0.0000000e+00   0.0000000e+00   4.3939675e-03
   4.3939675e-03   0.0000000e+00   0.0000000e+00   4.5605301e-03
   4.5605301e-03   0.0000000e+00   0.0000000e+00   4.6908878e-03
   4.6908878e-03   0.0000000e+00   0.0000000e+00   4.7929143e-03
   4.7929143e-03   0.0000000e+00   0.0000000e+00   4.8727669e-03
   4.8727669e-03   0.0000000e+00   0.0000000e+00   4.9352649e-03
   4.9352649e-03   0.0000000e+00   0.0000000e+00   4.9841798e-03
   4.9841798e-03   0.0000000e+00   0.0000000e+00   5.0224637e-03
   2.0460691e-01   0.0000000e+00   6.6292961e-01   3.5977363e-01
   3.5977363e-01   3.6255448e-02   6.6292961e-01   4.7595608e-01
   4.7595608e-01   2.0967889e-01   6.6292961e-01   5.5791352e-01
   5.5791352e-01   3.9786105e-01   6.6292961e-01   6.1663750e-01
   6.1663750e-01   4.6252220e-01   6.6292961e-01   6.5749797e-01
   6.5749797e-01   5.3728396e-01   6.6292961e-01   6.8461869e-01
   6.8461869e-01   5.9484019e-01   6.6292961e-01   7.0140583e-01
   7.0140583e-01   6.3565119e-01   6.6292961e-01   7.1077809e-01
   7.1077809e-01   6.6107689e-01   6.6292961e-01   7.1507191e-01
   7.1507191e-01   6.7574840e-01   6.6292961e-01   7.1604655e-01
   7.1604655e-01   6.8344984e-01   6.6292961e-01   7.1498362e-01
   7.1498362e-01   6.8653840e-01   6.6292961e-01   7.1278804e-01
   7.1278804e-01   6.8669061e-01   6.6292961e-01   7.1007670e-01
   7.1007670e-01   6.8509492e-01   6.6292961e-01   7.0725184e-01
   7.0725184e-01   6.8257772e-01   6.6292961e-01   7.0455987e-01
   7.0455987e-01   6.7969378e-01   6.6292961e-01   7.0213734e-01
   7.0213734e-01   6.7679779e-01   6.6292961e-01   7.0004598e-01
   7.0004598e-01   6.7410059e-01   6.6292961e-01   6.9829885e-01
   6.9829885e-01   6.7171275e-01   6.6292961e-01   6.9687924e-01
   6.9687924e-01   6.6967756e-01   6.6292961e-01   6.9575402e-01
   6.9575402e-01   6.6799544e-01   6.6292961e-01   6.9488270e-01
   6.9488270e-01   6.6664147e-01   6.6292961e-01   6.9422332e-01
   6.9422332e-01   6.6557755e-01   6.6292961e-01   6.9373606e-01
   6.9373606e-01   6.6476056e-01   6.6292961e-01   6.9338513e-01
   6.9338513e-01   6.6414749e-01   6.6292961e-01   6.9313974e-01
   6.9313974e-01   6.6369844e-01   6.6292961e-01   6.9297417e-01
   6.9297417e-01   6.6337823e-01   6.6292961e-01   6.9286757e-01
   6.9286757e-01   6.6315689e-01   6.6292961e-01   6.9280342e-01
   6.9280342e-01   6.6300975e-01   6.6292961e-01   6.9276895e-01
   6.9276895e-01   6.6291692e-01   1.0000000e+00   7.9556504e-01
   7.9556504e-01   6.6286281e-01   1.0000000e+00   8.7005579e-01
   8.7005579e-01   7.1700456e-01   1.0000000e+00   9.2238251e-01
   9.2238251e-01   8.0799360e-01   1.0000000e+00   9.5777695e-01
   9.5777695e-01   8.7315649e-01   1.0000000e+00   9.8090613e-01
   9.8090613e-01   9.0055932e-01   1.0000000e+00   9.9450818e-01
   9.9450818e-01   9.1916081e-01   1.0000000e+00   1.0000000e+00
   1.0000000e+00   9.2313108e-01   1.0000000e+00   1.0000000e+00
   1.0000000e+00   9.2301388e-01   1.0000000e+00   1.0000000e+00
   1.0000000e+00   9.1152523e-01   1.0000000e+00   1.0000000e+00
   1.0000000e+00   9.0155291e-01   1.0000000e+00   1.0000000e+00
   1.0000000e+00   8.8663416e-01   1.0000000e+00   1.0000000e+00
   1.0000000e+00   8.7302676e-01   1.0000000e+00   1.0000000e+00
   1.0000000e+00   8.5525703e-01   1.0000000e+00   1.0000000e+00
   1.0000000e+00   8.3987749e-01   1.0000000e+00   1.0000000e+00
   1.0000000e+00   8.2415394e-01   1.0000000e+00   1.0000000e+00
   1.0000000e+00   8.1466375e-01   1.0000000e+00   1.0000000e+00
   1.0000000e+00   8.1049171e-01   1.0000000e+00   1.0000000e+00
   1.0000000e+00   8.1084364e-01   1.0000000e+00   1.0000000e+00
   1.0000000e+00   8.1151142e-01   1.0000000e+00   1.0000000e+00
   1.0000000e+00   8.1136603e-01   1.0000000e+00   1.0000000e+00
   1.0000000e+00   8.1124893e-01   1.0000000e+00   1.0000000e+00
   1.0000000e+00   8.1128897e-01   1.0000000e+00   1.0000000e+00
   1.0000000e+00   8.1130773e-01   1.0000000e+00   1.0000000e+00
   1.0000000e+00   8.1129792e-01   1.0000000e+00   1.0000000e+00
   1.0000000e+00   8.1129526e-01   1.0000000e+00   1.0000000e+00
   1.0000000e+00   8.1129746e-01   1.0000000e+00   1.0000000e+00
   1.0000000e+00   8.1129775e-01   1.0000000e+00   1.0000000e+00
   1.0000000e+00   8.1129729e-01   1.0000000e+00   1.0000000e+00
   1.0000000e+00   8.1129728e-01   1.0000000e+00   1.0000000e+00
   1.0000000e+00   8.1129737e-01   1.0000000e+00   1.0000000e+00
   1.0000000e+00   8.1129736e-01   1.0000000e+00   1.0000000e+00
   1.0000000e+00   8.1129735e-01   1.0000000e+00   1.0000000e+00
   1.0000000e+00   8.1129735e-01   1.0000000e+00   1.0000000e+00
   1.0000000e+00   8.1129735e-01   1.0000000e+00   1.0000000e+00
   1.0000000e+00   8.1129735e-01   1.0000000e+00   1.0000000e+00
   1.0000000e+00   8.1129735e-01   1.0000000e+00   1.0000000e+00
   1.0000000e+00   8.1129735e-01   1.0000000e+00   1.0000000e+00
   1.0000000e+00   8.1129735e-01   1.0000000e+00   1.0000000e+00
   1.0000000e+00   8.1129735e-01   1.0000000e+00   1.0000000e+00
   1.0000000e+00   8.1129735e-01   1.0000000e+00   1.0000000e+00
   1.0000000e+00   8.1129735e-01   1.0000000e+00   1.0000000e+00
   1.0000000e+00   8.1129735e-01   1.0000000e+00   1.0000000e+00
   1.0000000e+00   8.1129735e-01   1.0000000e+00   1.0000000e+00
   1.0000000e+00   8.1129735e-01   1.0000000e+00   1.0000000e+00
   1.0000000e+00   8.1129735e-01   1.0000000e+00   1.0000000e+00
   1.0000000e+00   8.1129735e-01   1.0000000e+00   1.0000000e+00
   1.0000000e+00   8.1129735e-01   1.0000000e+00   1.0000000e+00
   1.0000000e+00   8.1129735e-01   1.0000000e+00   1.0000000e+00
   1.0000000e+00   8.1129735e-01   1.0000000e+00   1.0000000e+00
   1.0000000e+00   8.1129735e-01   1.0000000e+00   1.0000000e+00
   1.0000000e+00   8.1129735e-01   1.0000000e+00   1.0000000e+00
   1.0000000e+00   8.1129735e-01   1.0000000e+00   1.0000000e+00
   1.0000000e+00   8.1129735e-01   1.0000000e+00   1.0000000e+00
   1.0000000e+00   8.1129735e-01   1.0000000e+00   1.0000000e+00
   1.0000000e+00   8.1129735e-01   1.0000000e+00   1.0000000e+00
   1.0000000e+00   8.1129735e-01   1.0000000e+00   1.0000000e+00
   1.0000000e+00   8.1129735e-01   1.0000000e+00   1.0000000e+00
   1.0000000e+00   8.1129735e-01   1.0000000e+00   1.0000000e+00
   1.0000000e+00   8.1129735e-01   1.3282610e-01   7.9090293e-01
   7.9090293e-01   8.1129735e-01   1.3282610e-01   6.3246062e-01
   6.3246062e-01   7.7134031e-01   1.3282610e-01   5.1104100e-01
   5.1104100e-01   6.3673797e-01   1.3282610e-01   4.1523542e-01
   4.1523542e-01   5.5968705e-01   1.3282610e-01   3.4001625e-01
   3.4001625e-01   4.6409339e-01   1.3282610e-01   2.8262124e-01
   2.8262124e-01   3.6839485e-01   1.3282610e-01   2.4068294e-01
   2.4068294e-01   2.8518084e-01   1.3282610e-01   2.1079017e-01
   2.1079017e-01   2.3306259e-01   1.3282610e-01   1.8970965e-01
   1.8970965e-01   2.0093095e-01   1.3282610e-01   1.7507824e-01
   1.7507824e-01   1.7739080e-01   1.3282610e-01   1.6516922e-01
   1.6516922e-01   1.6012331e-01   1.3282610e-01   1.5869584e-01
   1.5869584e-01   1.4780893e-01   1.3282610e-01   1.5468612e-01
   1.5468612e-01   1.3937922e-01   1.3282610e-01   1.5240559e-01
   1.5240559e-01   1.3388686e-01   1.3282610e-01   1.5130507e-01
   1.5130507e-01   1.3052919e-01   1.3282610e-01   1.5098051e-01
   1.5098051e-01   1.2866989e-01   1.3282610e-01   1.5114047e-01
   1.5114047e-01   1.2782717e-01   1.3282610e-01   1.5157953e-01
   1.5157953e-01   1.2764699e-01   1.3282610e-01   1.5215686e-01
   1.5215686e-01   1.2787517e-01   1.3282610e-01   1.5277930e-01
   1.5277930e-01   1.2833339e-01   1.3282610e-01   1.5338819e-01
   1.5338819e-01   1.2890001e-01   1.3282610e-01   1.5394930e-01
   1.5394930e-01   1.2949501e-01   1.3282610e-01   1.5444524e-01
   1.5444524e-01   1.3006850e-01   1.3282610e-01   1.5486981e-01
   1.5486981e-01   1.3059186e-01   1.3282610e-01   1.5522394e-01
   1.5522394e-01   1.3105114e-01   1.3282610e-01   1.5551279e-01
   1.5551279e-01   1.3144209e-01   1.3282610e-01   1.5574369e-01
   1.5574369e-01   1.3176661e-01   1.3282610e-01   1.5592481e-01
   1.5592481e-01   1.3203014e-01   1.3282610e-01   1.5606429e-01
   1.5606429e-01   1.3223994e-01   1.3282610e-01   1.5616973e-01
   1.5616973e-01   1.3240384e-01   1.3282610e-01   1.5624791e-01
   1.0125232e-03   0.0000000e+00   0.0000000e+00   1.9135363e-03
   1.9135363e-03   0.0000000e+00   0.0000000e+00   2.6209176e-03
   2.6209176e-03   0.0000000e+00   0.0000000e+00   3.1731215e-03
   3.1731215e-03   0.0000000e+00   0.0000000e+00   3.6050261e-03
   3.6050261e-03   0.0000000e+00   0.0000000e+00   3.9430405e-03
   3.9430405e-03   0.0000000e+00   0.0000000e+00   4.2075961e-03
   4.2075961e-03   0.0000000e+00   0.0000000e+00   4.4146569e-03
   4.4146569e-03   0.0000000e+00   0.0000000e+00   4.5767173e-03
   4.5767173e-03   0.0000000e+00   0.0000000e+00   4.7035568e-03
   4.7035568e-03   0.0000000e+00   0.0000000e+00   4.8028300e-03
   4.8028300e-03   0.0000000e+00   0.0000000e+00   4.8805276e-03
   4.8805276e-03   0.0000000e+00   0.0000000e+00   4.9413389e-03
   4.9413389e-03   0.0000000e+00   0.0000000e+00   4.9889337e-03
   4.9889337e-03   0.0000000e+00   0.0000000e+00   5.0261844e-03
   5.0261844e-03   0.0000000e+00   0.0000000e+00   5.0553392e-03
   5.0553392e-03   0.0000000e+00   0.0000000e+00   5.0781575e-03
   5.0781575e-03   0.0000000e+00   0.0000000e+00   5.0960166e-03
   5.0960166e-03   0.0000000e+00   0.0000000e+00   5.1099942e-03
   5.1099942e-03   0.0000000e+00   0.0000000e+00   5.1209340e-03
   5.1209340e-03   0.0000000e+00   1.0000000e+00   3.1283534e-01
   3.1283534e-01   0.0000000e+00   1.0000000e+00   5.4376274e-01
   5.4376274e-01   6.1133126e-02   1.0000000e+00   7.1173700e-01
   7.1173700e-01   3.4786940e-01   1.0000000e+00   8.2970129e-01
   8.2970129e-01   5.6029319e-01   1.0000000e+00   9.0879151e-01
   9.0879151e-01   7.1981526e-01   1.0000000e+00   9.5831230e-01
   9.5831230e-01   8.4127697e-01   1.0000000e+00   9.8664614e-01
   9.8664614e-01   9.0763275e-01   1.0000000e+00   9.9961713e-01
   9.9961713e-01   9.1183565e-01   1.0000000e+00   1.0000000e+00
   1.0000000e+00   9.3448180e-01   1.0000000e+00   1.0000000e+00
   1.0000000e+00   9.1141872e-01   1.0000000e+00   1.0000000e+00
   1.0000000e+00   9.1541936e-01   1.0000000e+00   1.0000000e+00
   1.0000000e+00   8.8902654e-01   1.0000000e+00   1.0000000e+00
   1.0000000e+00   8.8875982e-01   1.0000000e+00   1.0000000e+00
   1.0000000e+00   8.6013043e-01   1.0000000e+00   1.0000000e+00
   1.0000000e+00   8.5545805e-01   1.0000000e+00   1.0000000e+00
   1.0000000e+00   8.2912041e-01   1.0000000e+00   1.0000000e+00
   1.0000000e+00   8.2350052e-01   1.0000000e+00   1.0000000e+00
   1.0000000e+00   8.1105312e-01   1.0000000e+00   1.0000000e+00
   1.0000000e+00   8.1061848e-01   1.0000000e+00   1.0000000e+00
   1.0000000e+00   8.1141729e-01   1.0000000e+00   1.0000000e+00
   1.0000000e+00   8.1142292e-01   1.0000000e+00   1.0000000e+00
   1.0000000e+00   8.1126109e-01   1.0000000e+00   1.0000000e+00
   1.0000000e+00   8.1127670e-01   1.0000000e+00   1.0000000e+00
   1.0000000e+00   8.1130661e-01   1.0000000e+00   1.0000000e+00
   1.0000000e+00   8.1130044e-01   1.0000000e+00   1.0000000e+00
   1.0000000e+00   8.1129522e-01   1.0000000e+00   1.0000000e+00
   1.0000000e+00   8.1129697e-01   1.0000000e+00   1.0000000e+00
   1.0000000e+00   8.1129781e-01   1.0000000e+00   1.0000000e+00
   1.0000000e+00   8.1129738e-01   1.0000000e+00   1.0000000e+00
   1.0000000e+00   8.1129726e-01   1.0000000e+00   1.0000000e+00
   1.0000000e+00   8.1129736e-01   1.0000000e+00   1.0000000e+00
   1.0000000e+00   8.1129737e-01   1.0000000e+00   1.0000000e+00
   1.0000000e+00   8.1129735e-01   1.0000000e+00   1.0000000e+00
   1.0000000e+00   8.1129735e-01   1.0000000e+00   1.0000000e+00
   1.0000000e+00   8.1129735e-01   1.0000000e+00   1.0000000e+00
   1.0000000e+00   8.1129735e-01   1.0000000e+00   1.0000000e+00
   1.0000000e+00   8.1129735e-01   1.0000000e+00   1.0000000e+00
   1.0000000e+00   8.1129735e-01   1.0000000e+00   1.0000000e+00
   1.0000000e+00   8.1129735e-01   1.0000000e+00   1.0000000e+00
   1.0000000e+00   8.1129735e-01   1.0000000e+00   1.0000000e+00
   1.0000000e+00   8.1129735e-01   1.0000000e+00   1.0000000e+00
   1.0000000e+00   8.1129735e-01   1.0000000e+00   1.0000000e+00
   1.0000000e+00   8.1129735e-01   1.0000000e+00   1.0000000e+00
   1.0000000e+00   8.1129735e-01   1.0000000e+00   1.0000000e+00
   1.0000000e+00   8.1129735e-01   1.0000000e+00   1.0000000e+00
   1.0000000e+00   8.1129735e-01   1.0000000e+00   1.0000000e+00
   1.0000000e+00   8.1129735e-01   1.0000000e+00   1.0000000e+00
   1.0000000e+00   8.1129735e-01   1.0000000e+00   1.0000000e+00
   1.0000000e+00   8.1129735e-01   1.0000000e+00   1.0000000e+00
   1.0000000e+00   8.1129735e-01   1.0000000e+00   1.0000000e+00
   1.0000000e+00   8.1129735e-01   1.0000000e+00   1.0000000e+00
   1.0000000e+00   8.1129735e-01   1.0000000e+00   1.0000000e+00
   1.0000000e+00   8.1129735e-01   1.0000000e+00   1.0000000e+00
   1.0000000e+00   8.1129735e-01   1.0000000e+00   1.0000000e+00
   1.0000000e+00   8.1129735e-01   1.0000000e+00   1.0000000e+00
   1.0000000e+00   8.1129735e-01   1.0000000e+00   1.0000000e+00
   1.0000000e+00   8.1129735e-01   1.0000000e+00   1.0000000e+00
   1.0000000e+00   8.1129735e-01   1.0000000e+00   1.0000000e+00
   1.0000000e+00   8.1129735e-01   0.0000000e+00   7.4996740e-01
   7.4996740e-01   8.1129735e-01   0.0000000e+00   5.6137091e-01
   5.6137091e-01   7.5075979e-01   0.0000000e+00   4.1830615e-01
   4.1830615e-01   5.7822403e-01   0.0000000e+00   3.0525000e-01
   3.0525000e-01   5.0548847e-01   0.0000000e+00   2.1819877e-01
   2.1819877e-01   3.6565309e-01   0.0000000e+00   1.5454839e-01
   1.5454839e-01   2.3170255e-01   0.0000000e+00   1.0870602e-01
   1.0870602e-01   1.5915373e-01   0.0000000e+00   7.5810870e-02
   7.5810870e-02   1.1303191e-01   0.0000000e+00   5.2350284e-02
   5.2350284e-02   7.9174494e-02   0.0000000e+00   3.5786232e-02
   3.5786232e-02   5.4102627e-02   0.0000000e+00   2.4242581e-02
   2.4242581e-02   3.5998134e-02   0.0000000e+00   1.6318807e-02
   1.6318807e-02   2.3188597e-02   0.0000000e+00   1.0981641e-02
   1.0981641e-02   1.4275855e-02   0.0000000e+00   7.4738422e-03
   7.4738422e-03   8.1786616e-03   0.0000000e+00   5.2529345e-03
   5.2529345e-03   4.0917383e-03   0.0000000e+00   3.9328974e-03
   3.9328974e-03   1.4253917e-03   0.0000000e+00   3.2222257e-03
   3.2222257e-03   0.0000000e+00   0.0000000e+00   2.9121090e-03
   2.9121090e-03   0.0000000e+00   0.0000000e+00   2.8528179e-03
   2.8528179e-03   0.0000000e+00   0.0000000e+00   3.1590979e-03
   3.1590979e-03   0.0000000e+00   2.5953124e-01   8.3264798e-02
   8.3264798e-02   0.0000000e+00   2.5953124e-01   1.4401531e-01
   1.4401531e-01   1.4164830e-02   2.5953124e-01   1.8964333e-01
   1.8964333e-01   8.0001698e-02   2.5953124e-01   2.2347947e-01
   2.2347947e-01   1.3109325e-01   2.5953124e-01   2.4782294e-01
   2.4782294e-01   1.7532805e-01   2.5953124e-01   2.6454575e-01
   2.6454575e-01   2.1062644e-01   2.5953124e-01   2.7551137e-01
   2.7551137e-01   2.3364159e-01   2.5953124e-01   2.8236434e-01
   2.8236434e-01   2.4753549e-01   2.5953124e-01   2.8638657e-01
   2.8638657e-01   2.5587926e-01   2.5953124e-01   2.8851759e-01
   2.8851759e-01   2.6077835e-01   2.5953124e-01   2.8942439e-01
   2.8942439e-01   2.6347177e-01   2.5953124e-01   2.8957000e-01
   2.8957000e-01   2.6475350e-01   2.5953124e-01   2.8926935e-01
   2.8926935e-01   2.6515178e-01   2.5953124e-01   2.8873180e-01
   2.8873180e-01   2.6502023e-01   2.5953124e-01   2.8809267e-01
   2.8809267e-01   2.6459357e-01   2.5953124e-01   2.8743613e-01
   2.8743613e-01   2.6402469e-01   2.5953124e-01   2.8681165e-01
   2.8681165e-01   2.6341032e-01   2.5953124e-01   2.8624556e-01
   2.8624556e-01   2.6280891e-01   2.5953124e-01   2.8574930e-01
   2.8574930e-01   2.6225329e-01   2.5953124e-01   2.8532496e-01
   2.8532496e-01   2.6175945e-01   2.5953124e-01   2.8496915e-01
   8.0924729e-02   0.0000000e+00   2.6160928e-01   1.4242874e-01
   1.4242874e-01   1.1780880e-02   2.6160928e-01   1.8873821e-01
   1.8873821e-01   7.8148121e-02   2.6160928e-01   2.2318204e-01
   2.2318204e-01   1.2974266e-01   2.6160928e-01   2.4805892e-01
   2.4805892e-01   1.7447401e-01   2.6160928e-01   2.6522595e-01
   2.6522595e-01   2.1048493e-01   2.6160928e-01   2.7654584e-01
   2.7654584e-01   2.3410242e-01   2.6160928e-01   2.8367595e-01
   2.8367595e-01   2.4840343e-01   2.6160928e-01   2.8791327e-01
   2.8791327e-01   2.5703594e-01   2.6160928e-01   2.9021048e-01
   2.9021048e-01   2.6215218e-01   2.6160928e-01   2.9124522e-01
   2.9124522e-01   2.6501276e-01   2.6160928e-01   2.9148891e-01
   2.9148891e-01   2.6642409e-01   2.6160928e-01   2.9126307e-01
   2.9126307e-01   2.6692292e-01   2.6160928e-01   2.9078226e-01
   2.9078226e-01   2.6686919e-01   2.6160928e-01   2.9018584e-01
   2.9018584e-01   2.6650251e-01   2.6160928e-01   2.8956117e-01
   2.8956117e-01   2.6597959e-01   2.6160928e-01   2.8896022e-01
   2.8896022e-01   2.6540019e-01   2.6160928e-01   2.8841128e-01
   2.8841128e-01   2.6482515e-01   2.6160928e-01   2.8792732e-01
   2.8792732e-01   2.6428922e-01   2.6160928e-01   2.8751162e-01
   2.8751162e-01   2.6380988e-01   5.9294263e-01   3.8927475e-01
   3.8927475e-01   2.6339365e-01   5.9294263e-01   4.6399156e-01
   4.6399156e-01   3.1751671e-01   5.9294263e-01   5.1895068e-01
   5.1895068e-01   3.8923775e-01   5.9294263e-01   5.5939794e-01
   5.5939794e-01   4.4279129e-01   5.9294263e-01   5.8835396e-01
   5.8835396e-01   4.9440980e-01   5.9294263e-01   6.0829816e-01
   6.0829816e-01   5.3399259e-01   5.9294263e-01   6.2135655e-01
   6.2135655e-01   5.6235491e-01   5.9294263e-01   6.2931404e-01
   6.2931404e-01   5.8165828e-01   5.9294263e-01   6.3363489e-01
   6.3363489e-01   5.9386238e-01   5.9294263e-01   6.3547896e-01
   6.3547896e-01   6.0085179e-01   5.9294263e-01   6.3572233e-01
   6.3572233e-01   6.0434114e-01   5.9294263e-01   6.3499777e-01
   6.3499777e-01   6.0561356e-01   5.9294263e-01   6.3374541e-01
   6.3374541e-01   6.0553461e-01   5.9294263e-01   6.3226045e-01
   6.3226045e-01   6.0467693e-01   5.9294263e-01   6.3073273e-01
   6.3073273e-01   6.0341698e-01   5.9294263e-01   6.2927762e-01
   6.2927762e-01   6.0199809e-01   5.9294263e-01   6.2795906e-01
   6.2795906e-01   6.0057290e-01   5.9294263e-01   6.2680656e-01
   6.2680656e-01   5.9923251e-01   5.9294263e-01   6.2582724e-01
   6.2582724e-01   5.9802652e-01   5.9294263e-01   6.2501445e-01
   6.2501445e-01   5.9697683e-01   2.3354861e-01   5.1359267e-01
   5.1359267e-01   5.9608731e-01   2.3354861e-01   4.2911673e-01
   4.2911673e-01   5.7448232e-01   2.3354861e-01   3.6661890e-01
   3.6661890e-01   4.6917631e-01   2.3354861e-01   3.2190361e-01
   3.2190361e-01   3.8540513e-01   2.3354861e-01   2.9141074e-01
   2.9141074e-01   3.2006764e-01   2.3354861e-01   2.7162546e-01
   2.7162546e-01   2.7766081e-01   2.3354861e-01   2.5927933e-01
   2.5927933e-01   2.5491683e-01   2.3354861e-01   2.5198801e-01
   2.5198801e-01   2.4079177e-01   2.3354861e-01   2.4807779e-01
   2.4807779e-01   2.3198416e-01   2.3354861e-01   2.4637612e-01
   2.4637612e-01   2.2687596e-01   2.3354861e-01   2.4606559e-01
   2.4606559e-01   2.2429869e-01   2.3354861e-01   2.4658255e-01
   2.4658255e-01   2.2339527e-01   2.3354861e-01   2.4754539e-01
   2.4754539e-01   2.2354173e-01   2.3354861e-01   2.4870280e-01
   2.4870280e-01   2.2429490e-01   2.3354861e-01   2.4989579e-01
   2.4989579e-01   2.2535126e-01   2.3354861e-01   2.5102973e-01
   2.5102973e-01   2.2651213e-01   2.3354861e-01   2.5205370e-01
   2.5205370e-01   2.2765479e-01   2.3354861e-01   2.5294563e-01
   2.5294563e-01   2.2870956e-01   2.3354861e-01   2.5370162e-01
   2.5370162e-01   2.2964232e-01   2.3354861e-01   2.5432856e-01
   2.5432856e-01   2.3044184e-01   1.0000000e+00   5.5506736e-01
   5.5506736e-01   2.3111077e-01   1.0000000e+00   7.6380512e-01
   7.6380512e-01   3.8800369e-01   1.0000000e+00   9.0066764e-01
   9.0066764e-01   5.7493114e-01   1.0000000e+00   9.7629584e-01
   9.7629584e-01   7.9585253e-01   1.0000000e+00   1.0000000e+00
   1.0000000e+00   9.1367562e-01   1.0000000e+00   1.0000000e+00
   1.0000000e+00   9.1116080e-01   1.0000000e+00   1.0000000e+00
   1.0000000e+00   9.2368760e-01   1.0000000e+00   1.0000000e+00
   1.0000000e+00   8.9024901e-01   1.0000000e+00   1.0000000e+00
   1.0000000e+00   8.9837142e-01   1.0000000e+00   1.0000000e+00
   1.0000000e+00   8.6295063e-01   1.0000000e+00   1.0000000e+00
   1.0000000e+00   8.6573942e-01   1.0000000e+00   1.0000000e+00
   1.0000000e+00   8.3247289e-01   1.0000000e+00   1.0000000e+00
   1.0000000e+00   8.3124933e-01   1.0000000e+00   1.0000000e+00
   1.0000000e+00   8.1194231e-01   1.0000000e+00   1.0000000e+00
   1.0000000e+00   8.1179933e-01   1.0000000e+00   1.0000000e+00
   1.0000000e+00   8.1112542e-01   1.0000000e+00   1.0000000e+00
   1.0000000e+00   8.1121955e-01   1.0000000e+00   1.0000000e+00
   1.0000000e+00   8.1133949e-01   1.0000000e+00   1.0000000e+00
   1.0000000e+00   8.1130827e-01   0.0000000e+00   7.4700602e-01
   7.4700602e-01   8.1128799e-01   0.0000000e+00   5.5689031e-01
   5.5689031e-01   7.4910737e-01   0.0000000e+00   4.1325048e-01
   4.1325048e-01   5.7436132e-01   0.0000000e+00   3.0018466e-01
   3.0018466e-01   5.0095654e-01   0.0000000e+00   2.1349413e-01
   2.1349413e-01   3.6025139e-01   0.0000000e+00   1.5043972e-01
   1.5043972e-01   2.2585249e-01   0.0000000e+00   1.0520284e-01
   1.0520284e-01   1.5522878e-01   0.0000000e+00   7.2874608e-02
   7.2874608e-02   1.0977589e-01   0.0000000e+00   4.9927166e-02
   4.9927166e-02   7.6382396e-02   0.0000000e+00   3.3815503e-02
   3.3815503e-02   5.1747155e-02   0.0000000e+00   2.2658233e-02
   2.2658233e-02   3.4053526e-02   0.0000000e+00   1.5058376e-02
   1.5058376e-02   2.1609521e-02   0.0000000e+00   9.9849243e-03
   9.9849243e-03   1.3009013e-02   0.0000000e+00   6.6867512e-03
   6.6867512e-03   7.1722542e-03   0.0000000e+00   4.6276909e-03
   4.6276909e-03   3.2962663e-03   0.0000000e+00   3.4374302e-03
   3.4374302e-03   7.9652418e-04   0.0000000e+00   2.8320848e-03
   2.8320848e-03   0.0000000e+00   0.0000000e+00   2.6046190e-03
   2.6046190e-03   0.0000000e+00   0.0000000e+00   2.6241391e-03
   2.6241391e-03   0.0000000e+00   0.0000000e+00   3.0922268e-03
   3.0922268e-03   0.0000000e+00   5.7171993e-01   1.7942095e-01
   1.7942095e-01   0.0000000e+00   5.7171993e-01   3.1304087e-01
   3.1304087e-01   3.3156366e-02   5.7171993e-01   4.1310243e-01
   4.1310243e-01   1.8122462e-01   5.7171993e-01   4.8397702e-01
   4.8397702e-01   3.3916374e-01   5.7171993e-01   5.3404463e-01
   5.3404463e-01   4.0896932e-01   5.7171993e-01   5.6911821e-01
   5.6911821e-01   4.6110868e-01   5.7171993e-01   5.9269464e-01
   5.9269464e-01   5.0889531e-01   5.7171993e-01   6.0762075e-01
   6.0762075e-01   5.4309472e-01   5.7171993e-01   6.1623197e-01
   6.1623197e-01   5.6597063e-01   5.7171993e-01   6.2040406e-01
   6.2040406e-01   5.8014881e-01   5.7171993e-01   6.2160297e-01
   6.2160297e-01   5.8794090e-01   5.7171993e-01   6.2093058e-01
   6.2093058e-01   5.9138843e-01   5.7171993e-01   6.1917955e-01
   6.1917955e-01   5.9209505e-01   5.7171993e-01   6.1689693e-01
   6.1689693e-01   5.9117201e-01   5.7171993e-01   6.1444500e-01
   6.1444500e-01   5.8934946e-01   5.7171993e-01   6.1205211e-01
   6.1205211e-01   5.8710190e-01   5.7171993e-01   6.0985207e-01
   6.0985207e-01   5.8473583e-01   5.7171993e-01   6.0791349e-01
   6.0791349e-01   5.8244486e-01   5.7171993e-01   6.0626127e-01
   6.0626127e-01   5.8034441e-01   5.7171993e-01   6.0489210e-01
   6.0489210e-01   5.7849498e-01   5.7171993e-01   6.0378563e-01
